,text,label_gold,segment_id,label_bert,label_parlbert,label_svm,speech_id
0,Sehr geehrter Herr Präsident!,*,0,Environment,Agriculture,Environment,19014_Tagesordnungspunkt_9_fraktionslos_Petry_ID191407000_22.02.2018.csv
1,Meine sehr geehrten Damen und Herren!,*,0,Environment,Agriculture,Environment,19014_Tagesordnungspunkt_9_fraktionslos_Petry_ID191407000_22.02.2018.csv
2,Eine Reduktion von Pflanzenschutzmitteln oder – im Grünensprech – Pestiziden um 40 Prozent klingt toll.,Agriculture,0,Environment,Agriculture,Environment,19014_Tagesordnungspunkt_9_fraktionslos_Petry_ID191407000_22.02.2018.csv
3,"Das ist ungefähr so, als würden Sie den Bauern erklären, dass wir die Behandlung beispielsweise mit Antibiotika um ein paar Tage reduzieren, um die gleiche Wirkung zu erreichen.",Agriculture,0,Environment,Agriculture,Environment,19014_Tagesordnungspunkt_9_fraktionslos_Petry_ID191407000_22.02.2018.csv
4,"Das ist unwissenschaftlich par excellence, liebe Grüne, und eines Antrags in diesem Hohen Haus unwürdig.",Agriculture,0,Environment,Agriculture,Environment,19014_Tagesordnungspunkt_9_fraktionslos_Petry_ID191407000_22.02.2018.csv
5,"Anstelle einer ernsthaften und niveauvollen Auseinandersetzung mit Pflanzenschutzmitteln, die wie jedes Medikament auch Nebenwirkungen haben, setzen Sie darauf, dass die Bürger auf Angst- und Panikmache hereinfallen und genauso wenig von chemischen Formeln verstehen wie Sie.",Agriculture,0,Environment,Agriculture,Environment,19014_Tagesordnungspunkt_9_fraktionslos_Petry_ID191407000_22.02.2018.csv
6,Das ist schade.,Agriculture,0,Environment,Agriculture,Environment,19014_Tagesordnungspunkt_9_fraktionslos_Petry_ID191407000_22.02.2018.csv
7,"In der Landwirtschaft kommt insbesondere Ihre Klientel, liebe Linke, die wenig Geld hat und billige Produkte einkaufen muss, ohne Pflanzenschutzmittel einfach nicht aus.",*,0,Environment,Agriculture,Environment,19014_Tagesordnungspunkt_9_fraktionslos_Petry_ID191407000_22.02.2018.csv
8,"Es wäre schön, es wäre anders, aber wir leben nun einmal in der Realität.",*,0,Environment,Agriculture,Environment,19014_Tagesordnungspunkt_9_fraktionslos_Petry_ID191407000_22.02.2018.csv
9,"Deswegen sollten Sie zur Kenntnis nehmen, dass große Teile der Bürger kein Problem damit haben, konventionell erzeugte Produkte zu kaufen.",*,0,Environment,Agriculture,Environment,19014_Tagesordnungspunkt_9_fraktionslos_Petry_ID191407000_22.02.2018.csv
10,"Leider haben die allermeisten Bürger nicht die Wahl, ob sie billig oder teuer kaufen.",*,0,Environment,Agriculture,Environment,19014_Tagesordnungspunkt_9_fraktionslos_Petry_ID191407000_22.02.2018.csv
11,Insofern sollten Sie Ihren Antrag eher umformulieren.,*,0,Environment,Agriculture,Environment,19014_Tagesordnungspunkt_9_fraktionslos_Petry_ID191407000_22.02.2018.csv
12,Es geht per se nicht um die Menge.,*,0,Environment,Agriculture,Environment,19014_Tagesordnungspunkt_9_fraktionslos_Petry_ID191407000_22.02.2018.csv
13,Weniger wäre immer schön; da bin ich ganz ehrlich.,*,0,Environment,Agriculture,Environment,19014_Tagesordnungspunkt_9_fraktionslos_Petry_ID191407000_22.02.2018.csv
14,Die Bauern sind an dieser Stelle eher die Experten als wir.,Agriculture,0,Environment,Agriculture,Environment,19014_Tagesordnungspunkt_9_fraktionslos_Petry_ID191407000_22.02.2018.csv
15,Es geht aber mehr um die Art der Anwendung.,Agriculture,0,Environment,Agriculture,Environment,19014_Tagesordnungspunkt_9_fraktionslos_Petry_ID191407000_22.02.2018.csv
16,So müsste Ihr Antrag viel besser folgendermaßen lauten: Überprüfung der Zulassungsverfahren und Entwicklung der Anwendungsbestimmungen für Pflanzenschutzmittel.,Agriculture,0,Environment,Agriculture,Environment,19014_Tagesordnungspunkt_9_fraktionslos_Petry_ID191407000_22.02.2018.csv
17,"Sie wollen aber gar nicht überprüfen, Sie wollen einfach pauschal reduzieren.",Agriculture,0,Environment,Agriculture,Environment,19014_Tagesordnungspunkt_9_fraktionslos_Petry_ID191407000_22.02.2018.csv
18,"Meine Damen und Herren von den Grünen, vielleicht sind Sie im Ausschuss bereit, Ihren Antrag professionell nachzurüsten, den Bauern und der Umwelt zuliebe.",Agriculture,0,Environment,Agriculture,Environment,19014_Tagesordnungspunkt_9_fraktionslos_Petry_ID191407000_22.02.2018.csv
19,Vielen Dank. – Jetzt spricht Carsten Träger für die Fraktion der SPD.,*,0,Environment,Agriculture,Environment,19014_Tagesordnungspunkt_9_fraktionslos_Petry_ID191407000_22.02.2018.csv
