,text,label_gold,segment_id,label_bert,label_parlbert,label_svm,speech_id
0,Sehr geehrter Herr Präsident!,*,0,Environment,Agriculture,Environment,19014_Tagesordnungspunkt_9_SPD_Traeger_ID191407100_22.02.2018.csv
1,Liebe Kolleginnen und Kollegen!,*,0,Environment,Agriculture,Environment,19014_Tagesordnungspunkt_9_SPD_Traeger_ID191407100_22.02.2018.csv
2,"Was uns eint, ist das Ziel: Pestizide reduzieren, weniger Pflanzenschutzmittel auf Äckern und in Tellern.",Agriculture,0,Environment,Agriculture,Environment,19014_Tagesordnungspunkt_9_SPD_Traeger_ID191407100_22.02.2018.csv
3,"Das wollen wir alle, vielleicht abgesehen von den Unternehmen, die das Zeug herstellen, und den entsprechenden Lobbyisten, von denen vielleicht einige hier sitzen, und – wie ich gerade feststelle – abgesehen von Frauke Petry.",Agriculture,0,Environment,Agriculture,Environment,19014_Tagesordnungspunkt_9_SPD_Traeger_ID191407100_22.02.2018.csv
4,Ein Weniger an Pestiziden in der Fläche und die Schaffung pestizidfreier Räume wollen wir doch alle.,Agriculture,0,Environment,Agriculture,Environment,19014_Tagesordnungspunkt_9_SPD_Traeger_ID191407100_22.02.2018.csv
5,"Liebe Kolleginnen und Kollegen, Sie wollen sicherstellen, dass Auswirkungen auf die biologische Vielfalt im Zulassungsverfahren für Pflanzenschutzmittel in Europa entscheidungsrelevant berücksichtigt werden.",Agriculture,0,Environment,Agriculture,Environment,19014_Tagesordnungspunkt_9_SPD_Traeger_ID191407100_22.02.2018.csv
6,Auch hier meine Zustimmung.,Agriculture,0,Environment,Agriculture,Environment,19014_Tagesordnungspunkt_9_SPD_Traeger_ID191407100_22.02.2018.csv
7,Ich erlaube mir aber den Hinweis: Das ist bereits geltendes EU-Recht.,Agriculture,0,Environment,Agriculture,Environment,19014_Tagesordnungspunkt_9_SPD_Traeger_ID191407100_22.02.2018.csv
8,Das wird bereits so praktiziert.,Agriculture,0,Environment,Agriculture,Environment,19014_Tagesordnungspunkt_9_SPD_Traeger_ID191407100_22.02.2018.csv
9,Dennoch geht der Antrag der Grünen in die richtige Richtung; denn selbstverständlich haben Pestizide gravierende Auswirkungen auf die Umwelt.,Environment,0,Environment,Agriculture,Environment,19014_Tagesordnungspunkt_9_SPD_Traeger_ID191407100_22.02.2018.csv
10,"Die Debatte über Glyphosat hat sich fast immer um das Thema „Krebserregend ja oder nein“ gedreht, auch zu Recht.",Environment,0,Environment,Agriculture,Environment,19014_Tagesordnungspunkt_9_SPD_Traeger_ID191407100_22.02.2018.csv
11,Aber leider ist dabei ein genauso wichtiger Punkt untergegangen.,Environment,0,Environment,Agriculture,Environment,19014_Tagesordnungspunkt_9_SPD_Traeger_ID191407100_22.02.2018.csv
12,"Das ist die Tatsache, dass Glyphosat als ein Totalherbizid flächendeckend alle Gräser, alle Kräuter tötet, alles, bis auf die resistente Nutzpflanze.",Environment,0,Environment,Agriculture,Environment,19014_Tagesordnungspunkt_9_SPD_Traeger_ID191407100_22.02.2018.csv
13,"So wird nicht nur die Pflanzenvielfalt stark reduziert, auch Insekten und Vögeln wird die Nahrungsgrundlage entzogen.",Environment,0,Environment,Agriculture,Environment,19014_Tagesordnungspunkt_9_SPD_Traeger_ID191407100_22.02.2018.csv
14,So können an diesen Stellen ganze Nahrungsketten zusammenbrechen.,Environment,0,Environment,Agriculture,Environment,19014_Tagesordnungspunkt_9_SPD_Traeger_ID191407100_22.02.2018.csv
15,Das Bundesamt für Naturschutz hat gerade wieder auf die gravierenden Risiken für die biologische Vielfalt hingewiesen.,Environment,0,Environment,Agriculture,Environment,19014_Tagesordnungspunkt_9_SPD_Traeger_ID191407100_22.02.2018.csv
16,"Es hat empfohlen, die Anwendung so schnell wie möglich zu beenden.",Environment,0,Environment,Agriculture,Environment,19014_Tagesordnungspunkt_9_SPD_Traeger_ID191407100_22.02.2018.csv
17,"Dem kann ich mich nur anschließen
Glyphosat muss von Äckern und Tellern verschwinden.",Environment,0,Environment,Agriculture,Environment,19014_Tagesordnungspunkt_9_SPD_Traeger_ID191407100_22.02.2018.csv
18,"Ich freue mich, dass wir hier auf einem guten Weg zu einem Verbot sind, und bedanke mich ausdrücklich bei Barbara Hendricks dafür, dass sie das im Koalitionsvertrag hervorragend verhandelt hat.",Environment,0,Environment,Agriculture,Environment,19014_Tagesordnungspunkt_9_SPD_Traeger_ID191407100_22.02.2018.csv
19,Vielen Dank.,Environment,0,Environment,Agriculture,Environment,19014_Tagesordnungspunkt_9_SPD_Traeger_ID191407100_22.02.2018.csv
20,Überhaupt ist das Thema „Pflanzenschutzmittel reduzieren und Artenvielfalt bewahren“ bei der SPD gut aufgehoben.,Environment,0,Environment,Agriculture,Environment,19014_Tagesordnungspunkt_9_SPD_Traeger_ID191407100_22.02.2018.csv
21,Wir haben den Schutz der biologischen Vielfalt zur Querschnittsaufgabe gemacht.,Environment,0,Environment,Agriculture,Environment,19014_Tagesordnungspunkt_9_SPD_Traeger_ID191407100_22.02.2018.csv
22,Wir werden die Umsetzung der nationalen Strategie zur biologischen Vielfalt vorantreiben.,Environment,0,Environment,Agriculture,Environment,19014_Tagesordnungspunkt_9_SPD_Traeger_ID191407100_22.02.2018.csv
23,"Wir haben viel vor, und wir haben viel Konkretes im Koalitionsvertrag formuliert.",Environment,0,Environment,Agriculture,Environment,19014_Tagesordnungspunkt_9_SPD_Traeger_ID191407100_22.02.2018.csv
24,Zu Recht gab es ein Lob der Umweltverbände für unsere Vorhaben.,Environment,0,Environment,Agriculture,Environment,19014_Tagesordnungspunkt_9_SPD_Traeger_ID191407100_22.02.2018.csv
25,"Ich nenne die Fortführung der Bundesprogramme „Biologische Vielfalt“, „Nationales Naturerbe“, „Blaues Band Deutschland“ und das neue Aktionsprogramm Insektenschutz.",Environment,0,Environment,Agriculture,Environment,19014_Tagesordnungspunkt_9_SPD_Traeger_ID191407100_22.02.2018.csv
26,"Liebe Kolleginnen und Kollegen, natürlich muss man für den Schutz der Natur auch Geld in die Hand nehmen.",Environment,0,Environment,Agriculture,Environment,19014_Tagesordnungspunkt_9_SPD_Traeger_ID191407100_22.02.2018.csv
27,"Ich möchte mehr Mittel für den Naturschutz im Bundeshaushalt, auch mehr Mittel in der EU und einen eigenständigen EU-Naturschutzfonds.",Environment,0,Environment,Agriculture,Environment,19014_Tagesordnungspunkt_9_SPD_Traeger_ID191407100_22.02.2018.csv
28,Lassen Sie uns gemeinsam an dem Ziel der Reduktion von Pestiziden und Pflanzenschutzmitteln arbeiten.,Environment,0,Environment,Agriculture,Environment,19014_Tagesordnungspunkt_9_SPD_Traeger_ID191407100_22.02.2018.csv
29,Vielen Dank.,*,0,Environment,Agriculture,Environment,19014_Tagesordnungspunkt_9_SPD_Traeger_ID191407100_22.02.2018.csv
30,Vielen Dank. – Letzter Redner in dieser Debatte ist Dr.,*,0,Environment,Agriculture,Environment,19014_Tagesordnungspunkt_9_SPD_Traeger_ID191407100_22.02.2018.csv
31,Klaus-Peter Schulze von der CDU/CSU.,*,0,Environment,Agriculture,Environment,19014_Tagesordnungspunkt_9_SPD_Traeger_ID191407100_22.02.2018.csv
