,text,label_gold,segment_id,label_bert,label_parlbert,label_svm,speech_id
0,Herr Präsident!,*,0,Environment,Environment,Environment,19014_Tagesordnungspunkt_9_SPD_Hagl-Kehl_ID191406500_22.02.2018.csv
1,Liebe Kolleginnen und Kollegen!,*,0,Environment,Environment,Environment,19014_Tagesordnungspunkt_9_SPD_Hagl-Kehl_ID191406500_22.02.2018.csv
2,Vieles im Antrag der Grünen ist richtig und wichtig.,Agriculture,0,Environment,Environment,Environment,19014_Tagesordnungspunkt_9_SPD_Hagl-Kehl_ID191406500_22.02.2018.csv
3,Genau deshalb haben wir diese Punkte auch bereits in den Koalitionsverhandlungen festgeschrieben.,Agriculture,0,Environment,Environment,Environment,19014_Tagesordnungspunkt_9_SPD_Hagl-Kehl_ID191406500_22.02.2018.csv
4,"Gerade wenn es um Glyphosat geht – das kommt mir manchmal vor wie unser Lieblingsthema in den letzten zwei Jahren –
– das weiß ich nicht, dafür bin ich nicht verantwortlich –, haben wir festgeschrieben, dass wir eine systematische Minderungsstrategie entwickeln müssen und dass wir den Einsatz einschränken wollen, mit dem Ziel des schnellstmöglichen Ausstiegs; „schnellstmöglich“ heißt für uns: Noch in dieser Legislaturperiode muss der Ausstieg vonstattengehen.",Agriculture,0,Environment,Environment,Environment,19014_Tagesordnungspunkt_9_SPD_Hagl-Kehl_ID191406500_22.02.2018.csv
5,"Wir sehen es leider nicht so, wie es der Kollege Ebner vorhin formuliert hat: Machen Sie sofort den Cut!",Agriculture,0,Environment,Environment,Environment,19014_Tagesordnungspunkt_9_SPD_Hagl-Kehl_ID191406500_22.02.2018.csv
6,"– Ich kann nur darauf verweisen, dass auch die Grünen immer sehr gerne mit der Bahn fahren und sie als ökologisches Fortbewegungsmittel sehen.",Agriculture,0,Environment,Environment,Environment,19014_Tagesordnungspunkt_9_SPD_Hagl-Kehl_ID191406500_22.02.2018.csv
7,"Aber dann fragen Sie doch einmal bei der Deutschen Bahn nach, was sie dort dazu sagen, wenn wir auf der Stelle den Einsatz von Glyphosat auf den ICE-Trassen verbieten.",Agriculture,0,Environment,Environment,Environment,19014_Tagesordnungspunkt_9_SPD_Hagl-Kehl_ID191406500_22.02.2018.csv
8,"Mal sehen, wie es dann weiterläuft.",Agriculture,0,Environment,Environment,Environment,19014_Tagesordnungspunkt_9_SPD_Hagl-Kehl_ID191406500_22.02.2018.csv
9,"Den Weg hin zum Ausstieg haben wir im Rahmen einer Ackerbaustrategie festgelegt, die wir bis zur Mitte der Legislaturperiode – bis dahin ist es nicht mehr lange hin – entwickeln werden.",Agriculture,0,Environment,Environment,Environment,19014_Tagesordnungspunkt_9_SPD_Hagl-Kehl_ID191406500_22.02.2018.csv
10,Im Rahmen dieser Ackerbau­strategie muss die Reduktion aller chemisch-synthetischen Pflanzenschutzmittel erfolgen.,Agriculture,0,Environment,Environment,Environment,19014_Tagesordnungspunkt_9_SPD_Hagl-Kehl_ID191406500_22.02.2018.csv
11,Gleichzeitig brauchen wir aber auch Innovationsprogramme für digital-mechanische Methoden; denn wir müssen die chemischen Mittel ersetzen.,Agriculture,0,Environment,Environment,Environment,19014_Tagesordnungspunkt_9_SPD_Hagl-Kehl_ID191406500_22.02.2018.csv
12,Dafür wollen wir Fördermittel bereitstellen.,Agriculture,0,Environment,Environment,Environment,19014_Tagesordnungspunkt_9_SPD_Hagl-Kehl_ID191406500_22.02.2018.csv
13,Ohne Geld bekommen wir natürlich keine alternativen Methoden.,Agriculture,0,Environment,Environment,Environment,19014_Tagesordnungspunkt_9_SPD_Hagl-Kehl_ID191406500_22.02.2018.csv
14,Des Weiteren müssen die Zulassungsverfahren für Wirkstoffe und Pflanzenschutzmittel – darauf wird im Antrag der Grünen ebenfalls verwiesen – überdacht und verändert werden.,Agriculture,0,Environment,Environment,Environment,19014_Tagesordnungspunkt_9_SPD_Hagl-Kehl_ID191406500_22.02.2018.csv
15,Wir wurden diesbezüglich bereits von der EU ermahnt.,Agriculture,0,Environment,Environment,Environment,19014_Tagesordnungspunkt_9_SPD_Hagl-Kehl_ID191406500_22.02.2018.csv
16,"Es stimmt, wir brauchen mehr Transparenz im Zulassungsverfahren.",Agriculture,0,Environment,Environment,Environment,19014_Tagesordnungspunkt_9_SPD_Hagl-Kehl_ID191406500_22.02.2018.csv
17,Insbesondere die Behörden brauchen mehr Personal.,Agriculture,0,Environment,Environment,Environment,19014_Tagesordnungspunkt_9_SPD_Hagl-Kehl_ID191406500_22.02.2018.csv
18,Ich spreche hier explizit vom UBA.,Agriculture,0,Environment,Environment,Environment,19014_Tagesordnungspunkt_9_SPD_Hagl-Kehl_ID191406500_22.02.2018.csv
19,Wir brauchen viel mehr Forschung; der Kollege hat das bereits angesprochen.,Agriculture,0,Environment,Environment,Environment,19014_Tagesordnungspunkt_9_SPD_Hagl-Kehl_ID191406500_22.02.2018.csv
20,Dafür werden wir die notwendigen Mittel bereitstellen.,Agriculture,0,Environment,Environment,Environment,19014_Tagesordnungspunkt_9_SPD_Hagl-Kehl_ID191406500_22.02.2018.csv
21,"Insbesondere wollen wir die Forschung im ökologischen Bereich fördern, damit entsprechende Mittel im Pflanzenschutzbereich vorhanden sind.",Agriculture,0,Environment,Environment,Environment,19014_Tagesordnungspunkt_9_SPD_Hagl-Kehl_ID191406500_22.02.2018.csv
22,Wir werden das BÖLN mithilfe von Geldmitteln sehr stark aufwerten.,Agriculture,0,Environment,Environment,Environment,19014_Tagesordnungspunkt_9_SPD_Hagl-Kehl_ID191406500_22.02.2018.csv
23,"Das ist der richtige Weg; denn die zu entwickelnden ökologischen Mittel sind nicht nur für die ökologische, sondern auch für die konventionelle Landwirtschaft gedacht; auch hier können sie eingesetzt werden.",Agriculture,0,Environment,Environment,Environment,19014_Tagesordnungspunkt_9_SPD_Hagl-Kehl_ID191406500_22.02.2018.csv
24,"Die Anstrengungen im Rahmen des Nationalen Aktionsplans, der bislang leider nur wenige Ergebnisse gezeitigt hat, müssen wir verstärken.",Agriculture,0,Environment,Environment,Environment,19014_Tagesordnungspunkt_9_SPD_Hagl-Kehl_ID191406500_22.02.2018.csv
25,Auch die Neonicotinoide spielen eine große Rolle.,Environment,0,Environment,Environment,Environment,19014_Tagesordnungspunkt_9_SPD_Hagl-Kehl_ID191406500_22.02.2018.csv
26,"Die Grünen mahnen an, dass hier keine Ergebnisse gezeitigt wurden, weil die Menge durch das Verbot bestimmter Stoffe nicht verringert wurde.",Environment,0,Environment,Environment,Environment,19014_Tagesordnungspunkt_9_SPD_Hagl-Kehl_ID191406500_22.02.2018.csv
27,"Wenn man aber mit den Imkern spricht, dann weiß man, dass sehr wohl Ergebnisse erzielt wurden und dass es den Bienen um einiges besser geht.",Environment,0,Environment,Environment,Environment,19014_Tagesordnungspunkt_9_SPD_Hagl-Kehl_ID191406500_22.02.2018.csv
28,"Ich glaube, das zeigt auch die Praxis.
– Auf der Grünen Woche waren diese Imker zuletzt vertreten.",Environment,0,Environment,Environment,Environment,19014_Tagesordnungspunkt_9_SPD_Hagl-Kehl_ID191406500_22.02.2018.csv
29,Vielleicht hätten Sie sie dort treffen können.,Environment,0,Environment,Environment,Environment,19014_Tagesordnungspunkt_9_SPD_Hagl-Kehl_ID191406500_22.02.2018.csv
30,Auf die Biodiversität wird mein Kollege Carsten Träger noch genauer eingehen.,Environment,0,Environment,Environment,Environment,19014_Tagesordnungspunkt_9_SPD_Hagl-Kehl_ID191406500_22.02.2018.csv
31,"Lassen Sie mich kurz noch auf eine Aussage eingehen, die in den letzten Tagen in der Presse kursierte.",Agriculture,0,Environment,Environment,Environment,19014_Tagesordnungspunkt_9_SPD_Hagl-Kehl_ID191406500_22.02.2018.csv
32,"Frau Klöckner, die als potenzielle Landwirtschaftsministerin gehandelt wird, hat gesagt, dass sie nun konventionelle Pflanzenschutzmittel für den Ökolandbau freigeben will.",Agriculture,0,Environment,Environment,Environment,19014_Tagesordnungspunkt_9_SPD_Hagl-Kehl_ID191406500_22.02.2018.csv
33,Ich muss ehrlich sagen: Damit würde man den Ökolandbau ad absurdum führen.,Agriculture,0,Environment,Environment,Environment,19014_Tagesordnungspunkt_9_SPD_Hagl-Kehl_ID191406500_22.02.2018.csv
34,"Ich kann mir beim besten Willen nicht vorstellen, was sie sich bei dieser Aussage gedacht hat.
– Nein, vermengen kann man das nicht.",Agriculture,0,Environment,Environment,Environment,19014_Tagesordnungspunkt_9_SPD_Hagl-Kehl_ID191406500_22.02.2018.csv
35,"Der Verbraucher kauft Bioprodukte, weil er die Behandlung mit Pflanzenschutzmitteln nicht möchte.",Agriculture,1,Environment,Environment,Environment,19014_Tagesordnungspunkt_9_SPD_Hagl-Kehl_ID191406500_22.02.2018.csv
36,"Vor diesem Hintergrund ist es absoluter Blödsinn, konventionelle Pflanzenschutzmittel für den Ökolandbau freizugeben.",Agriculture,1,Environment,Environment,Environment,19014_Tagesordnungspunkt_9_SPD_Hagl-Kehl_ID191406500_22.02.2018.csv
37,"Stattdessen ist es notwendig, dass die konventionelle Landwirtschaft ökologischer wird.",Agriculture,1,Environment,Environment,Environment,19014_Tagesordnungspunkt_9_SPD_Hagl-Kehl_ID191406500_22.02.2018.csv
38,"Wir machen die ökologische Landwirtschaft mit solchen Maßnahmen kaputt, weil sie dann für ihre Produkte keinen Absatz mehr findet.",Agriculture,1,Environment,Environment,Environment,19014_Tagesordnungspunkt_9_SPD_Hagl-Kehl_ID191406500_22.02.2018.csv
39,"Wir wollen, dass alles nachhaltiger und ökologischer im Sinn unserer Natur und der Menschen wird.",Agriculture,1,Environment,Environment,Environment,19014_Tagesordnungspunkt_9_SPD_Hagl-Kehl_ID191406500_22.02.2018.csv
40,Herzlichen Dank für Ihre Aufmerksamkeit.,*,1,Environment,Environment,Environment,19014_Tagesordnungspunkt_9_SPD_Hagl-Kehl_ID191406500_22.02.2018.csv
41,Danke. – Jetzt spricht für die AfD der Kollege Stephan Protschka.,*,1,Environment,Environment,Environment,19014_Tagesordnungspunkt_9_SPD_Hagl-Kehl_ID191406500_22.02.2018.csv
