,text,label_gold,segment_id,label_bert,label_parlbert,label_svm,speech_id
0,Herr Präsident!,*,0,Environment,Environment,Environment,19014_Tagesordnungspunkt_9_CDU_CSU_Schulze_ID191407200_22.02.2018.csv
1,Liebe Kolleginnen und Kollegen!,*,0,Environment,Environment,Environment,19014_Tagesordnungspunkt_9_CDU_CSU_Schulze_ID191407200_22.02.2018.csv
2,Meine sehr verehrten Damen und Herren!,*,0,Environment,Environment,Environment,19014_Tagesordnungspunkt_9_CDU_CSU_Schulze_ID191407200_22.02.2018.csv
3,"Ich bin ja dafür bekannt, dass ich versuche, sachlich in die Diskussion einzusteigen.",Environment,0,Environment,Environment,Environment,19014_Tagesordnungspunkt_9_CDU_CSU_Schulze_ID191407200_22.02.2018.csv
4,"Deshalb, lieber Kollege Ebner, muss ich das, was Sie beim Diskussionseinstieg behauptet haben, als Sie sagten, dass wir in Deutschland 50 Prozent weniger Vögel haben, korrigieren.",Environment,0,Environment,Environment,Environment,19014_Tagesordnungspunkt_9_CDU_CSU_Schulze_ID191407200_22.02.2018.csv
5,"Richtig ist, dass die Gruppe der Agrarvögel deutlich zurückgegangen ist; aber andere Gruppen haben zugenommen.",Environment,0,Environment,Environment,Environment,19014_Tagesordnungspunkt_9_CDU_CSU_Schulze_ID191407200_22.02.2018.csv
6,Das ist nicht nur auf den Pflanzenschutzmitteleinsatz zurückzuführen.,Environment,0,Environment,Environment,Environment,19014_Tagesordnungspunkt_9_CDU_CSU_Schulze_ID191407200_22.02.2018.csv
7,"Da müssen wir zu unseren südeuropäischen EU-Partnern schauen, die jedes Jahr Hunderttausende, ja Millionen Vögel abschießen, obwohl sie unter Schutz stehen.",Environment,0,Environment,Environment,Environment,19014_Tagesordnungspunkt_9_CDU_CSU_Schulze_ID191407200_22.02.2018.csv
8,Über die Netzanlagen in Nordafrika und unsere veränderte Landnutzung möchte ich auch nicht reden.,Environment,0,Environment,Environment,Environment,19014_Tagesordnungspunkt_9_CDU_CSU_Schulze_ID191407200_22.02.2018.csv
9,"Das alles sind Faktoren, die eine Rolle spielen.",Environment,0,Environment,Environment,Environment,19014_Tagesordnungspunkt_9_CDU_CSU_Schulze_ID191407200_22.02.2018.csv
10,Wie hat sich denn der Herbizideinsatz beispielsweise in den letzten Jahrzehnten entwickelt?,Agriculture,0,Environment,Environment,Environment,19014_Tagesordnungspunkt_9_CDU_CSU_Schulze_ID191407200_22.02.2018.csv
11,"Im Jahr 1950 sind pro Hektar landwirtschaftlicher Nutzfläche 1,5 Kilogramm Herbizide eingesetzt worden, im vergangenen Jahr waren es 10 Gramm je Hektar.",Agriculture,0,Environment,Environment,Environment,19014_Tagesordnungspunkt_9_CDU_CSU_Schulze_ID191407200_22.02.2018.csv
12,"Das ist eine positive Entwicklung, reicht aber noch nicht aus; darüber sind wir uns alle im Klaren.",Agriculture,0,Environment,Environment,Environment,19014_Tagesordnungspunkt_9_CDU_CSU_Schulze_ID191407200_22.02.2018.csv
13,"Zum Thema Wald: In den letzten zwei Jahren sind etwa 0,15 Prozent der Gesamtwaldfläche in Deutschland mit Pflanzenschutzmitteln behandelt worden. – Das sind Zahlen, die man in der Diskussion auf jeden Fall berücksichtigen sollte.",Agriculture,0,Environment,Environment,Environment,19014_Tagesordnungspunkt_9_CDU_CSU_Schulze_ID191407200_22.02.2018.csv
14,Die Kollegin Konrad von der FDP hat das Thema der Zulassung von Pflanzenschutzmitteln angesprochen.,Agriculture,0,Environment,Environment,Environment,19014_Tagesordnungspunkt_9_CDU_CSU_Schulze_ID191407200_22.02.2018.csv
15,Das ist für mich ein ganz entscheidender Punkt.,Agriculture,0,Environment,Environment,Environment,19014_Tagesordnungspunkt_9_CDU_CSU_Schulze_ID191407200_22.02.2018.csv
16,"Die Zahlen, die mir zur Verfügung stehen, sind andere.",Agriculture,0,Environment,Environment,Environment,19014_Tagesordnungspunkt_9_CDU_CSU_Schulze_ID191407200_22.02.2018.csv
17,"Ich habe gehört, die durchschnittliche Bearbeitungszeit betrage 639 Tage; der Spitzenreiter sei eine Bearbeitungszeit von 1 667 Tagen – bei einer EU-Vorgabe von 120 Tagen –, und es liege nach wie vor keine Zulassung vor.",Agriculture,0,Environment,Environment,Environment,19014_Tagesordnungspunkt_9_CDU_CSU_Schulze_ID191407200_22.02.2018.csv
18,"Herr Schulze, gestatten Sie eine Zwischenfrage des Kollegen Ebner?",*,0,Environment,Environment,Environment,19014_Tagesordnungspunkt_9_CDU_CSU_Schulze_ID191407200_22.02.2018.csv
19,Gern.,*,1,Environment,Environment,Environment,19014_Tagesordnungspunkt_9_CDU_CSU_Schulze_ID191407200_22.02.2018.csv
20,Bitte sehr.,*,1,Environment,Environment,Environment,19014_Tagesordnungspunkt_9_CDU_CSU_Schulze_ID191407200_22.02.2018.csv
21,"Danke, Herr Kollege, dass Sie die Frage zulassen. – Sie haben gerade von x Gramm Wirkstoff pro Hektar und davon gesprochen, dass die Anwendungsmenge zurückgegangen ist.",Agriculture,1,Environment,Environment,Environment,19014_Tagesordnungspunkt_9_CDU_CSU_Schulze_ID191407200_22.02.2018.csv
22,Da möchte ich Sie zwei Dinge fragen.,Agriculture,1,Environment,Environment,Environment,19014_Tagesordnungspunkt_9_CDU_CSU_Schulze_ID191407200_22.02.2018.csv
23,Erstens.,Agriculture,1,Environment,Environment,Environment,19014_Tagesordnungspunkt_9_CDU_CSU_Schulze_ID191407200_22.02.2018.csv
24,"Wie erklären Sie sich dann, dass die absoluten Absatzzahlen, die verkauften Wirkstoffmengen in Tonnen, sich seit 1970 verdoppelt haben und seit 1995 um 50 Prozent angestiegen sind?",Agriculture,1,Environment,Environment,Environment,19014_Tagesordnungspunkt_9_CDU_CSU_Schulze_ID191407200_22.02.2018.csv
25,"Wie erklären Sie, dass wir damals 20 000 Tonnen hatten, 1995  35 000 Tonnen und 2015  48 000 Tonnen?",Agriculture,1,Environment,Environment,Environment,19014_Tagesordnungspunkt_9_CDU_CSU_Schulze_ID191407200_22.02.2018.csv
26,"Die Ackerfläche, Herr Kollege, ist in dieser Zeit ganz bestimmt nicht gewachsen, und es kauft auch keiner, um es nur im Keller im Regal zu lagern. – Das müssen Sie erst einmal auflösen; darum möchte ich Sie bitten.",Agriculture,1,Environment,Environment,Environment,19014_Tagesordnungspunkt_9_CDU_CSU_Schulze_ID191407200_22.02.2018.csv
27,"Zweitens möchte ich Sie fragen, ob Sie anerkennen, dass Wirkstoffe wie beispielsweise Neonicotinoide eine mehrhundertfache Toxizität im Vergleich zum damals eingesetzten DDT oder zu Lindan haben.",Agriculture,1,Environment,Environment,Environment,19014_Tagesordnungspunkt_9_CDU_CSU_Schulze_ID191407200_22.02.2018.csv
28,"Wenn die neueren Wirkstoffe in der gleichen Menge ausgebracht würden wie die damals eingesetzten, wäre dies eine richtige Katastrophe.",Agriculture,1,Environment,Environment,Environment,19014_Tagesordnungspunkt_9_CDU_CSU_Schulze_ID191407200_22.02.2018.csv
29,"Wir können nicht damit zufrieden sein, dass die Wirkstoffmenge gleich bleibt, wenn die Toxizität mehrhundertfach höher ist.",Agriculture,1,Environment,Environment,Environment,19014_Tagesordnungspunkt_9_CDU_CSU_Schulze_ID191407200_22.02.2018.csv
30,"Wenn Sie jetzt die Neos mit dem DDT vergleichen, dann muss ich sagen: Die Entscheidung, DDT nicht mehr als Pflanzenschutzmittel zu verwenden, war richtig.",Agriculture,1,Environment,Environment,Environment,19014_Tagesordnungspunkt_9_CDU_CSU_Schulze_ID191407200_22.02.2018.csv
31,"Dass wir auch bei den Neos Handlungsbedarf haben, streitet gar keiner ab.",Agriculture,1,Environment,Environment,Environment,19014_Tagesordnungspunkt_9_CDU_CSU_Schulze_ID191407200_22.02.2018.csv
32,"Die Zahlen zu den Wirkstoffen, die ich genannt habe – mir sind Zahlen bekannt, dass wir in den letzten fünf Jahren etwa 32 000 Tonnen Wirkstoffe in Deutschland eingesetzt haben –, sind die Zahlen, die mir zur Verfügung stehen.",Agriculture,1,Environment,Environment,Environment,19014_Tagesordnungspunkt_9_CDU_CSU_Schulze_ID191407200_22.02.2018.csv
33,"Wir können uns gerne hinterher darüber austauschen, woher Sie Ihre Zahlen haben, und dann vergleiche ich das.",Agriculture,1,Environment,Environment,Environment,19014_Tagesordnungspunkt_9_CDU_CSU_Schulze_ID191407200_22.02.2018.csv
34,Danke.,Agriculture,1,Environment,Environment,Environment,19014_Tagesordnungspunkt_9_CDU_CSU_Schulze_ID191407200_22.02.2018.csv
35,"Ich setze wieder an der Stelle ein, an der ich stehen geblieben bin, nämlich beim Thema Zulassung.",Agriculture,1,Environment,Environment,Environment,19014_Tagesordnungspunkt_9_CDU_CSU_Schulze_ID191407200_22.02.2018.csv
36,Hier bekommen wir mit dem Brexit das nächste Problem.,Agriculture,1,Environment,Environment,Environment,19014_Tagesordnungspunkt_9_CDU_CSU_Schulze_ID191407200_22.02.2018.csv
37,In Großbritannien wird eine ganze Reihe von Pflanzenschutzmitteln zugelassen.,Agriculture,1,Environment,Environment,Environment,19014_Tagesordnungspunkt_9_CDU_CSU_Schulze_ID191407200_22.02.2018.csv
38,"Wenn Großbritannien nicht mehr Mitglied der EU ist, werden die Zulassungsanträge auf andere Länder und wahrscheinlich vornehmlich auf Deutschland übertragen.",Agriculture,1,Environment,Environment,Environment,19014_Tagesordnungspunkt_9_CDU_CSU_Schulze_ID191407200_22.02.2018.csv
39,Deshalb müssen wir in dieser Hinsicht unbedingt etwas tun.,Agriculture,1,Environment,Environment,Environment,19014_Tagesordnungspunkt_9_CDU_CSU_Schulze_ID191407200_22.02.2018.csv
40,"Ich bin für folgende konkrete Maßnahmen: erstens eine externe Bewertung der Verfahrensabläufe und deren Optimierung mit den beteiligten Behörden, zweitens eine entsprechende Aufstockung des Personals – darüber haben wir uns auch im Koalitionsvertrag geeinigt – und drittens eine höhere Harmonisierung der Antragsbearbeitung zwischen den einzelnen europäischen Ländern.",Agriculture,1,Environment,Environment,Environment,19014_Tagesordnungspunkt_9_CDU_CSU_Schulze_ID191407200_22.02.2018.csv
41,"Die Grünen fordern in einem Antrag, dass das Thema „neue Sorten, bessere Sorten“ vorangebracht werden soll.",Agriculture,1,Environment,Environment,Environment,19014_Tagesordnungspunkt_9_CDU_CSU_Schulze_ID191407200_22.02.2018.csv
42,Damit bin ich sehr einverstanden.,Agriculture,1,Environment,Environment,Environment,19014_Tagesordnungspunkt_9_CDU_CSU_Schulze_ID191407200_22.02.2018.csv
43,Wir werden uns nach der Entscheidung des Europäischen Gerichtshofes zum Thema Crispr/Cas sicherlich unterhalten müssen.,Agriculture,1,Environment,Environment,Environment,19014_Tagesordnungspunkt_9_CDU_CSU_Schulze_ID191407200_22.02.2018.csv
44,"Wenn wir diese neue Züchtungsform einsetzen können, dann – da bin ich mir ganz sicher – werden wir schnell effiziente Sorten züchten, um später den Einsatz von Pflanzenschutzmitteln zu reduzieren.",Agriculture,1,Environment,Environment,Environment,19014_Tagesordnungspunkt_9_CDU_CSU_Schulze_ID191407200_22.02.2018.csv
45,Ich bedanke mich für die Aufmerksamkeit.,*,1,Environment,Environment,Environment,19014_Tagesordnungspunkt_9_CDU_CSU_Schulze_ID191407200_22.02.2018.csv
46,"Vielen Dank, Herr Kollege. – Ich schließe die Aussprache.",*,1,Environment,Environment,Environment,19014_Tagesordnungspunkt_9_CDU_CSU_Schulze_ID191407200_22.02.2018.csv
47,Interfraktionell wird Überweisung der Vorlage auf Drucksache 19/835 an die in der Tagesordnung aufgeführten Ausschüsse vorgeschlagen.,*,1,Environment,Environment,Environment,19014_Tagesordnungspunkt_9_CDU_CSU_Schulze_ID191407200_22.02.2018.csv
48,Sind Sie damit einverstanden?,*,1,Environment,Environment,Environment,19014_Tagesordnungspunkt_9_CDU_CSU_Schulze_ID191407200_22.02.2018.csv
49,– Ich sehe keinen Widerspruch.,*,1,Environment,Environment,Environment,19014_Tagesordnungspunkt_9_CDU_CSU_Schulze_ID191407200_22.02.2018.csv
50,Dann ist das so beschlossen.,*,1,Environment,Environment,Environment,19014_Tagesordnungspunkt_9_CDU_CSU_Schulze_ID191407200_22.02.2018.csv
51,Wir kommen jetzt zu einer ganzen Reihe von Abstimmungen ohne Aussprache.,*,1,Environment,Environment,Environment,19014_Tagesordnungspunkt_9_CDU_CSU_Schulze_ID191407200_22.02.2018.csv
52,Deshalb bitte ich um Ihre Aufmerksamkeit.,*,1,Environment,Environment,Environment,19014_Tagesordnungspunkt_9_CDU_CSU_Schulze_ID191407200_22.02.2018.csv
