,text,label_gold,segment_id,label_bert,label_parlbert,label_svm,speech_id
0,Vielen Dank. – Herr Präsident!,*,0,Labor,Immigration,Labor,19018_Tagesordnungspunkt_17_LINKE_Zimmermann_ID191804700_02.03.2018.csv
1,Meine Damen und Herren!,*,0,Labor,Immigration,Labor,19018_Tagesordnungspunkt_17_LINKE_Zimmermann_ID191804700_02.03.2018.csv
2,"Kollegin Tack, Sie haben eben mit voller Leidenschaft aus dem Koalitionspapier zitiert.",Social Welfare,0,Labor,Immigration,Labor,19018_Tagesordnungspunkt_17_LINKE_Zimmermann_ID191804700_02.03.2018.csv
3,Ich muss Ihnen ehrlich sagen: Beim Kollegen Whittaker habe ich diese Leidenschaft überhaupt nicht gespürt.,Social Welfare,0,Labor,Immigration,Labor,19018_Tagesordnungspunkt_17_LINKE_Zimmermann_ID191804700_02.03.2018.csv
4,"Ich finde, da werden sie noch ganz schön dicke Bretter zu bohren haben;
denn diese Leidenschaft ist bei der CDU/CSU überhaupt nicht vorhanden.",Social Welfare,0,Labor,Immigration,Labor,19018_Tagesordnungspunkt_17_LINKE_Zimmermann_ID191804700_02.03.2018.csv
5,Frau Merkel sagt: Deutschland geht es gut.,Social Welfare,0,Labor,Immigration,Labor,19018_Tagesordnungspunkt_17_LINKE_Zimmermann_ID191804700_02.03.2018.csv
6,Der Arbeitsmarkt boomt.,Social Welfare,0,Labor,Immigration,Labor,19018_Tagesordnungspunkt_17_LINKE_Zimmermann_ID191804700_02.03.2018.csv
7,Es gibt so wenig Erwerbslose wie seit 25 Jahren nicht mehr. – Das – dieses sonnige Bild vom Arbeitsmarkt – wollen gerade Sie von der CDU/CSU uns jeden Monat weismachen.,Social Welfare,0,Labor,Immigration,Labor,19018_Tagesordnungspunkt_17_LINKE_Zimmermann_ID191804700_02.03.2018.csv
8,"Aber Sie vergessen die Schattenseite, Sie weigern sich sogar, diese Schattenseite zu sehen: 3,5 Millionen Menschen in Deutschland sind erwerbslos. 900 000 Menschen sind langzeiterwerbslos.",Social Welfare,0,Labor,Immigration,Labor,19018_Tagesordnungspunkt_17_LINKE_Zimmermann_ID191804700_02.03.2018.csv
9,"Das heißt, sie sind seit mindestens zwölf Monaten ohne Job.",Social Welfare,0,Labor,Immigration,Labor,19018_Tagesordnungspunkt_17_LINKE_Zimmermann_ID191804700_02.03.2018.csv
10,"Wenn Sie einmal richtig zählen würden – Sie zählen nämlich gar nicht richtig –,
dann würden Sie bemerken, dass 945 000 Menschen von Ihnen einfach unter den Tisch gekehrt werden.",Social Welfare,0,Labor,Immigration,Labor,19018_Tagesordnungspunkt_17_LINKE_Zimmermann_ID191804700_02.03.2018.csv
11,"Das sind diejenigen Menschen, die sich in Maßnahmen befinden, oder auch über 58-Jährige, die sozusagen kein Jobangebot bekommen.",Social Welfare,0,Labor,Immigration,Labor,19018_Tagesordnungspunkt_17_LINKE_Zimmermann_ID191804700_02.03.2018.csv
12,"Von Ihnen werden Menschen einfach in das Hartz-IV-System mit einem Regelsatz, von dem man nicht leben kann, abgeschoben.",Social Welfare,0,Labor,Immigration,Labor,19018_Tagesordnungspunkt_17_LINKE_Zimmermann_ID191804700_02.03.2018.csv
13,"Sie unterliegen Sanktionssystemen, die menschenunwürdig sind.",Social Welfare,0,Labor,Immigration,Labor,19018_Tagesordnungspunkt_17_LINKE_Zimmermann_ID191804700_02.03.2018.csv
14,Das ist aus meiner Sicht unchristlich und auch unsozial.,Social Welfare,0,Labor,Immigration,Labor,19018_Tagesordnungspunkt_17_LINKE_Zimmermann_ID191804700_02.03.2018.csv
15,Das kann so nicht weitergehen.,Social Welfare,0,Labor,Immigration,Labor,19018_Tagesordnungspunkt_17_LINKE_Zimmermann_ID191804700_02.03.2018.csv
16,Sie haben in den letzten zehn Jahren – ich beziehe mich nur auf diesen Zeitraum – Milliarden Euro in der Arbeitsmarktpolitik eingespart.,Labor,0,Labor,Immigration,Labor,19018_Tagesordnungspunkt_17_LINKE_Zimmermann_ID191804700_02.03.2018.csv
17,Immer mehr Maßnahmen wurden gestrichen.,Labor,0,Labor,Immigration,Labor,19018_Tagesordnungspunkt_17_LINKE_Zimmermann_ID191804700_02.03.2018.csv
18,Haushaltssanierungen fanden auf dem Rücken von Erwerbslosen statt.,Labor,0,Labor,Immigration,Labor,19018_Tagesordnungspunkt_17_LINKE_Zimmermann_ID191804700_02.03.2018.csv
19,Das war Ihre Politik der letzten Jahre.,Labor,0,Labor,Immigration,Labor,19018_Tagesordnungspunkt_17_LINKE_Zimmermann_ID191804700_02.03.2018.csv
20,Die Senkung der Arbeitslosigkeit beruht doch zum großen Teil auf dem Übergang in die Rente.,Labor,0,Labor,Immigration,Labor,19018_Tagesordnungspunkt_17_LINKE_Zimmermann_ID191804700_02.03.2018.csv
21,Schauen Sie sich die Zahlen doch einmal an: Nur wenige Langzeiterwerbslose bekommen einen Job auf dem regulären Arbeitsmarkt.,Labor,0,Labor,Immigration,Labor,19018_Tagesordnungspunkt_17_LINKE_Zimmermann_ID191804700_02.03.2018.csv
22,Deswegen haben wir als Linke schon im Jahre 2006 die Einrichtung eines öffentlich geförderten Beschäftigungssektors gefordert.,Labor,0,Labor,Immigration,Labor,19018_Tagesordnungspunkt_17_LINKE_Zimmermann_ID191804700_02.03.2018.csv
23,Dazu kann man auch „sozialer Arbeitsmarkt“ sagen.,Labor,0,Labor,Immigration,Labor,19018_Tagesordnungspunkt_17_LINKE_Zimmermann_ID191804700_02.03.2018.csv
24,"Was man genau sagt, ist, glaube ich, erst einmal unwichtig.",Labor,0,Labor,Immigration,Labor,19018_Tagesordnungspunkt_17_LINKE_Zimmermann_ID191804700_02.03.2018.csv
25,"Gerade die Einrichtung eines öffentlich geförderten Beschäftigungssektors ist ein wichtiges Instrument, um Langzeiterwerbslosen endlich eine wirkliche Chance zu geben.",Labor,0,Labor,Immigration,Labor,19018_Tagesordnungspunkt_17_LINKE_Zimmermann_ID191804700_02.03.2018.csv
26,"Nur, meine Damen und Herren der geschäftsführenden Bundesregierung, Sie haben das ja immer abgelehnt.",Labor,0,Labor,Immigration,Labor,19018_Tagesordnungspunkt_17_LINKE_Zimmermann_ID191804700_02.03.2018.csv
27,"Aber nun sind Sie, wie sich in Ihrem Koalitionspapier zeigt, schlauer geworden – das muss man erst einmal festhalten –: Sie möchten gern einen sozialen Arbeitsmarkt einrichten.",Labor,0,Labor,Immigration,Labor,19018_Tagesordnungspunkt_17_LINKE_Zimmermann_ID191804700_02.03.2018.csv
28,"Aber wie der genau funktionieren soll, das schreiben Sie eben nicht in diesem Koalitionspapier.",Labor,0,Labor,Immigration,Labor,19018_Tagesordnungspunkt_17_LINKE_Zimmermann_ID191804700_02.03.2018.csv
29,"Da kann ich Ihnen versichern: Die Linke wird ganz genau hinschauen, wie Sie diesen Arbeitsmarkt einrichten wollen.",Labor,0,Labor,Immigration,Labor,19018_Tagesordnungspunkt_17_LINKE_Zimmermann_ID191804700_02.03.2018.csv
30,"Die Linke fordert einen öffentlich geförderten Beschäftigungssektor mit 200 000 Arbeitsplätzen, voll versicherungspflichtig und nicht unter dem Mindestlohn.",Labor,0,Labor,Immigration,Labor,19018_Tagesordnungspunkt_17_LINKE_Zimmermann_ID191804700_02.03.2018.csv
31,"Damit meine ich nicht Ihren Mindestlohn von 8,84 Euro die Stunde, von dem man nicht leben kann, sondern einen ordentlichen Mindestlohn von 12 Euro die Stunde.",Labor,0,Labor,Immigration,Labor,19018_Tagesordnungspunkt_17_LINKE_Zimmermann_ID191804700_02.03.2018.csv
32,"Es ist doch gerade der Sinn von öffentlich geförderter Beschäftigung, dass Menschen nicht länger auf Transferleistungen angewiesen sind; das ist doch das Wichtigste.",Labor,0,Labor,Immigration,Labor,19018_Tagesordnungspunkt_17_LINKE_Zimmermann_ID191804700_02.03.2018.csv
33,Von Arbeit muss man leben können und natürlich auch von geförderter Arbeit; das ist doch selbstverständlich.,Labor,0,Labor,Immigration,Labor,19018_Tagesordnungspunkt_17_LINKE_Zimmermann_ID191804700_02.03.2018.csv
34,"Wir wollen Angebote finanzieren, für die sonst das Geld fehlt: Stadtteilzentren, kulturelle Projekte, soziale Unterstützungsdienste – alles Angebote, die in dieser Gesellschaft dringend notwendig sind.",Labor,0,Labor,Immigration,Labor,19018_Tagesordnungspunkt_17_LINKE_Zimmermann_ID191804700_02.03.2018.csv
35,Schauen Sie nach Thüringen!,Labor,0,Labor,Immigration,Labor,19018_Tagesordnungspunkt_17_LINKE_Zimmermann_ID191804700_02.03.2018.csv
36,Dort machen wir es Ihnen vor.,Labor,0,Labor,Immigration,Labor,19018_Tagesordnungspunkt_17_LINKE_Zimmermann_ID191804700_02.03.2018.csv
37,"Aber wir brauchen natürlich entsprechende Bedingungen – den Passiv-Aktiv-Transfer will ich an dieser Stelle nur nennen –; dann wird das auch so funktionieren, meine Damen und Herren.",Labor,0,Labor,Immigration,Labor,19018_Tagesordnungspunkt_17_LINKE_Zimmermann_ID191804700_02.03.2018.csv
38,Denken Sie an Ihre Redezeit?,Labor,1,Labor,Labor,Civil,19018_Tagesordnungspunkt_17_LINKE_Zimmermann_ID191804700_02.03.2018.csv
39,"Ich komme jetzt zum Schluss, liebe Frau Präsidentin.",Labor,1,Labor,Labor,Civil,19018_Tagesordnungspunkt_17_LINKE_Zimmermann_ID191804700_02.03.2018.csv
40,"Wir werden genau darauf gucken, was die Große Koalition in ihrem Vertrag versprochen hat.",Labor,1,Labor,Labor,Civil,19018_Tagesordnungspunkt_17_LINKE_Zimmermann_ID191804700_02.03.2018.csv
41,Wir werden das genau prüfen.,Labor,1,Labor,Labor,Civil,19018_Tagesordnungspunkt_17_LINKE_Zimmermann_ID191804700_02.03.2018.csv
42,"Ein sozialer Arbeitsmarkt muss endlich her, damit die Erwerbslosen eine Chance bekommen.",Labor,1,Labor,Labor,Civil,19018_Tagesordnungspunkt_17_LINKE_Zimmermann_ID191804700_02.03.2018.csv
43,Danke schön.,*,1,Labor,Labor,Civil,19018_Tagesordnungspunkt_17_LINKE_Zimmermann_ID191804700_02.03.2018.csv
44,Schönes Wochenende!,*,1,Labor,Labor,Civil,19018_Tagesordnungspunkt_17_LINKE_Zimmermann_ID191804700_02.03.2018.csv
45,"Noch nicht, Frau Kollegin; denn es kommen noch einige wichtige Rednerinnen und Redner. – Vielen Dank, Sabine Zimmermann.",*,1,Labor,Labor,Civil,19018_Tagesordnungspunkt_17_LINKE_Zimmermann_ID191804700_02.03.2018.csv
46,Von mir aus erst einmal einen schönen sonnigen Tag!,*,1,Labor,Labor,Civil,19018_Tagesordnungspunkt_17_LINKE_Zimmermann_ID191804700_02.03.2018.csv
47,Der nächste Redner in der Debatte: Peter Aumer für die CDU/CSU-Fraktion.,*,1,Labor,Labor,Civil,19018_Tagesordnungspunkt_17_LINKE_Zimmermann_ID191804700_02.03.2018.csv
