,text,label_gold,segment_id,label_bert,label_parlbert,label_svm,speech_id
0,Sehr geehrter Herr Präsident!,*,0,Environment,Environment,Environment,19014_Tagesordnungspunkt_9_CDU_CSU_Faerber_ID191406400_22.02.2018.csv
1,Liebe Kolleginnen und Kollegen!,*,0,Environment,Environment,Environment,19014_Tagesordnungspunkt_9_CDU_CSU_Faerber_ID191406400_22.02.2018.csv
2,"Wenn man den Antrag der Grünen zur Reduktion von Pestiziden liest, bekommt man den Eindruck, dass man einfach nur Pflanzenschutzmittel weglassen müsste oder am bestem auf ökologische Landwirtschaft umstellen sollte, und dann wäre alles gut.",Agriculture,0,Environment,Environment,Environment,19014_Tagesordnungspunkt_9_CDU_CSU_Faerber_ID191406400_22.02.2018.csv
3,In Wirklichkeit aber stehen traditionelle und ökologische Landwirtschaft im Bereich des Pflanzenschutzes vor gewissermaßen gleich großen Herausforderungen; denn auch die ökologische Landwirtschaft kommt eben nicht ohne Gift aus.,Agriculture,0,Environment,Environment,Environment,19014_Tagesordnungspunkt_9_CDU_CSU_Faerber_ID191406400_22.02.2018.csv
4,"Zwar werden im Biolandbau keine synthetischen Stoffe eingesetzt, aber die Zulassung der Pestizidanwendungen im ökologischen Landbau in Deutschland umfasst immerhin 99 DIN‑A4-Seiten.",Agriculture,0,Environment,Environment,Environment,19014_Tagesordnungspunkt_9_CDU_CSU_Faerber_ID191406400_22.02.2018.csv
5,"Diese Liste enthält Stoffe wie Mineralöle, Bakterienstämme, Viren, Mikroorganismen, Pflanzenextrakte, aber natürlich auch Chemikalien wie Kupfer.",Agriculture,0,Environment,Environment,Environment,19014_Tagesordnungspunkt_9_CDU_CSU_Faerber_ID191406400_22.02.2018.csv
6,"Daran sieht man schon, dass die Begriffe „natürlich“ oder „natürliche Gifte“ nicht automatisch auch „harmlos“ und „gesund“ bedeuten.",Agriculture,0,Environment,Environment,Environment,19014_Tagesordnungspunkt_9_CDU_CSU_Faerber_ID191406400_22.02.2018.csv
7,"Um beispielsweise den Pilzbefall auf den Reben zu vermeiden, müssen die Winzer, die Weinbauern im Ökolandbau Chemikalien, prophylaktische Lösungen mit Kupfersalzen, spritzen.",Agriculture,0,Environment,Environment,Environment,19014_Tagesordnungspunkt_9_CDU_CSU_Faerber_ID191406400_22.02.2018.csv
8,"Kupfer aber ist ein Schwermetall, das sich im Boden sehr schnell anreichert und bereits in geringen Dosen höchst toxisch auf Mikroorganismen, auf Weichtiere und auch auf Kleinstlebewesen auswirkt.",Agriculture,0,Environment,Environment,Environment,19014_Tagesordnungspunkt_9_CDU_CSU_Faerber_ID191406400_22.02.2018.csv
9,Die EU-Kommission würde deswegen Kupfer am liebsten verbieten.,Agriculture,0,Environment,Environment,Environment,19014_Tagesordnungspunkt_9_CDU_CSU_Faerber_ID191406400_22.02.2018.csv
10,Das hätte jedoch verheerende Folgen; denn für den Ökolandbau gibt es keinen möglichen Ersatz.,Agriculture,0,Environment,Environment,Environment,19014_Tagesordnungspunkt_9_CDU_CSU_Faerber_ID191406400_22.02.2018.csv
11,"Herr Kollege, gestatten Sie eine Zwischenfrage der Grünen?",*,0,Environment,Environment,Environment,19014_Tagesordnungspunkt_9_CDU_CSU_Faerber_ID191406400_22.02.2018.csv
12,"Ja, gerne.",*,1,Agriculture,Agriculture,Environment,19014_Tagesordnungspunkt_9_CDU_CSU_Faerber_ID191406400_22.02.2018.csv
13,Bitte sehr.,*,1,Agriculture,Agriculture,Environment,19014_Tagesordnungspunkt_9_CDU_CSU_Faerber_ID191406400_22.02.2018.csv
14,"Danke, Herr Präsident. – Danke, Herr Kollege Färber, dass Sie die Frage zulassen – Sie haben jetzt sehr auf den Ökolandbau abgezielt.",Agriculture,1,Agriculture,Agriculture,Environment,19014_Tagesordnungspunkt_9_CDU_CSU_Faerber_ID191406400_22.02.2018.csv
15,"Ich möchte Sie deshalb fragen, ob Sie mir zustimmen, dass wir eigentlich jetzt an einem Zeitpunkt angekommen sind, an dem es nicht mehr um gegenseitige Schuldzuweisungen geht und um die Frage, welche Landwirtschaft besser oder schlechter arbeitet, sondern darum, dass wir Lösungen brauchen.",Agriculture,1,Agriculture,Agriculture,Environment,19014_Tagesordnungspunkt_9_CDU_CSU_Faerber_ID191406400_22.02.2018.csv
16,Deshalb haben wir sie aufgeschrieben.,Agriculture,1,Agriculture,Agriculture,Environment,19014_Tagesordnungspunkt_9_CDU_CSU_Faerber_ID191406400_22.02.2018.csv
17,"Das haben wir aus genau dem Grund gemacht, den Sie gerade benannt haben, weil wir im Weinbau durchaus ein Problem haben, weil wir mehr Investitionsmittel in die Forschung stecken müssen und dass es unsere gesamtgesellschaftliche Aufgabe ist, das zu tun, dass wir nämlich genau hier die Alternativen anbieten möchten.",Agriculture,1,Agriculture,Agriculture,Environment,19014_Tagesordnungspunkt_9_CDU_CSU_Faerber_ID191406400_22.02.2018.csv
18,"Deshalb frage ich Sie nochmals: Stimmen Sie mir zu, dass es jetzt darum geht, Lösungen zu erarbeiten, und dass wir uns darum gemeinsam bemühen müssen?",Agriculture,1,Agriculture,Agriculture,Environment,19014_Tagesordnungspunkt_9_CDU_CSU_Faerber_ID191406400_22.02.2018.csv
19,"Vielen Dank, lieber Herr Kollege Ebner.",Agriculture,1,Agriculture,Agriculture,Environment,19014_Tagesordnungspunkt_9_CDU_CSU_Faerber_ID191406400_22.02.2018.csv
20,"Wenn Sie mir noch ein bisschen zugehört hätten, dann wäre ich auf diesen Bereich noch zu sprechen gekommen; denn es geht in der Tat um eine Lösung für die Landwirtschaft insgesamt.",Agriculture,1,Agriculture,Agriculture,Environment,19014_Tagesordnungspunkt_9_CDU_CSU_Faerber_ID191406400_22.02.2018.csv
21,Aber vielleicht lassen Sie mich meine Rede zu Ende bringen.,Agriculture,1,Agriculture,Agriculture,Environment,19014_Tagesordnungspunkt_9_CDU_CSU_Faerber_ID191406400_22.02.2018.csv
22,Ich gehe gerade auf Ihren Antrag ein.,Agriculture,1,Agriculture,Agriculture,Environment,19014_Tagesordnungspunkt_9_CDU_CSU_Faerber_ID191406400_22.02.2018.csv
23,"Ich weiß ja, dass Sie persönlich viele Dinge besser wissen, als es manchmal aus den Anträgen ersichtlich wird.",Agriculture,1,Agriculture,Agriculture,Environment,19014_Tagesordnungspunkt_9_CDU_CSU_Faerber_ID191406400_22.02.2018.csv
24,"Mir liegt eben nur der Antrag vor, auf den ich jetzt eingehe und den Sie hier im Hause eingebracht haben.",Agriculture,1,Agriculture,Agriculture,Environment,19014_Tagesordnungspunkt_9_CDU_CSU_Faerber_ID191406400_22.02.2018.csv
25,"Aber ich möchte, ohne auf der Ökolandwirtschaft herumtrampeln zu wollen, einfach ein paar Dinge sagen.",Agriculture,1,Agriculture,Agriculture,Environment,19014_Tagesordnungspunkt_9_CDU_CSU_Faerber_ID191406400_22.02.2018.csv
26,Ein Beispiel ist die Verwendung von Pyrethrinen.,Agriculture,1,Agriculture,Agriculture,Environment,19014_Tagesordnungspunkt_9_CDU_CSU_Faerber_ID191406400_22.02.2018.csv
27,"Diese werden aus Chrysanthemenarten gewonnen, und sie werden auch im Bioanbau als Insektizide zur Schädlingsbekämpfung eingesetzt.",Agriculture,1,Agriculture,Agriculture,Environment,19014_Tagesordnungspunkt_9_CDU_CSU_Faerber_ID191406400_22.02.2018.csv
28,"Doch sie wirken auf alle Insektenarten neurotoxisch, auch auf Nützlinge.",Agriculture,1,Agriculture,Agriculture,Environment,19014_Tagesordnungspunkt_9_CDU_CSU_Faerber_ID191406400_22.02.2018.csv
29,"Was mich an diesen Dingen besonders stört, ist, dass diese Chrysanthemen, die in Kenia und in Südamerika angebaut werden, eben nicht ökologisch angebaut werden, sondern dass Pestizide und Organophosphate für ihren Schutz eingesetzt werden.",Agriculture,1,Agriculture,Agriculture,Environment,19014_Tagesordnungspunkt_9_CDU_CSU_Faerber_ID191406400_22.02.2018.csv
30,"Das ist ein klassisches Beispiel dafür, wie man ein Problem nur ins Ausland verlagert.",Agriculture,1,Agriculture,Agriculture,Environment,19014_Tagesordnungspunkt_9_CDU_CSU_Faerber_ID191406400_22.02.2018.csv
31,"Wir können doch nicht hier sagen, wir arbeiten ökologisch, und dann die Produktionsmittel für diesen ökologischen Landbau in anderen Ländern erzeugen.",Agriculture,1,Agriculture,Agriculture,Environment,19014_Tagesordnungspunkt_9_CDU_CSU_Faerber_ID191406400_22.02.2018.csv
32,Das ist alles andere als ökologisch.,Agriculture,2,Environment,Agriculture,Environment,19014_Tagesordnungspunkt_9_CDU_CSU_Faerber_ID191406400_22.02.2018.csv
33,"Ein weiteres Insektizid ist Spinosad, das in die höchste Kategorie für Bienengifte einsortiert ist.",Agriculture,2,Environment,Agriculture,Environment,19014_Tagesordnungspunkt_9_CDU_CSU_Faerber_ID191406400_22.02.2018.csv
34,"Es wirkt toxisch auf Schmetterlinge, ist giftig für Algen und Fische und sehr giftig für Wasserorganismen, wird aber in der ökologischen Landwirtschaft eingesetzt.",Agriculture,2,Environment,Agriculture,Environment,19014_Tagesordnungspunkt_9_CDU_CSU_Faerber_ID191406400_22.02.2018.csv
35,"Diese Beispiele zeigen, lieber Herr Ebner, dass wir eben keinen Keil zwischen die ökologische und die konventionelle Landwirtschaft treiben dürfen.",Agriculture,2,Environment,Agriculture,Environment,19014_Tagesordnungspunkt_9_CDU_CSU_Faerber_ID191406400_22.02.2018.csv
36,Beide stehen vor den gleichen Herausforderungen.,Agriculture,2,Environment,Agriculture,Environment,19014_Tagesordnungspunkt_9_CDU_CSU_Faerber_ID191406400_22.02.2018.csv
37,"Ich bitte Sie alle hier im Hause – insbesondere natürlich auch Sie von den Grünen –, dass wir wieder zu einer lösungsorientierten, aber insbesondere zu einer sachlichen Debatte zurückkehren.",Agriculture,2,Environment,Agriculture,Environment,19014_Tagesordnungspunkt_9_CDU_CSU_Faerber_ID191406400_22.02.2018.csv
38,"Es ist wichtig und richtig, dass wir Pflanzenschutzmittel so sparsam wie möglich anwenden und dass wir bei der Ausbringung darauf achten, dass sie für Mensch und Natur möglichst unbedenklich sind.",Agriculture,2,Environment,Agriculture,Environment,19014_Tagesordnungspunkt_9_CDU_CSU_Faerber_ID191406400_22.02.2018.csv
39,"Was wir brauchen, ist mehr Forschung: Forschung für den integrierten Pflanzenschutz, Resistenzforschung, Forschung für den vorbeugenden, nichtchemischen Pflanzenschutz und insbesondere eine Ursachenforschung zum Rückgang des Insektenbestandes.",Agriculture,2,Environment,Agriculture,Environment,19014_Tagesordnungspunkt_9_CDU_CSU_Faerber_ID191406400_22.02.2018.csv
40,"Denn, meine sehr geehrten Damen und Herren, die vielzitierte Krefelder Studie – die einzige Studie, die es zum Rückgang des Insektenbestands gibt –, sagt nämlich über die Ursache dieses angeblichen Rückgangs überhaupt nichts aus.",Agriculture,2,Environment,Agriculture,Environment,19014_Tagesordnungspunkt_9_CDU_CSU_Faerber_ID191406400_22.02.2018.csv
41,"Deshalb muss die Ursache, die definitiv nicht nur monokausal ist, noch erforscht werden.",Agriculture,3,Environment,Agriculture,Environment,19014_Tagesordnungspunkt_9_CDU_CSU_Faerber_ID191406400_22.02.2018.csv
42,Diese Maßnahmen sind im Koalitionsvertrag vereinbart.,Agriculture,3,Environment,Agriculture,Environment,19014_Tagesordnungspunkt_9_CDU_CSU_Faerber_ID191406400_22.02.2018.csv
43,"Darin werden unter anderem folgende Punkte genannt: die Umsetzung einer Ackerbaustrategie für umwelt- und naturverträgliche Anwendungen, die Ergänzung dieser Ackerbaustrategie durch ein Innovationsprogramm für digital-mechanische Methoden zur Reduzierung des Einsatzes von Pflanzenschutzmitteln, aber auch die Intensivierung der Forschung, um die Bandbreite innovativer, aber auch verfügbarer Pflanzenschutzmittel zu sichern.",Agriculture,3,Environment,Agriculture,Environment,19014_Tagesordnungspunkt_9_CDU_CSU_Faerber_ID191406400_22.02.2018.csv
44,"Denn die Resistenzen, die Sie vorhin angesprochen haben, Herr Ebner, werden ja nicht draußen auf den Äckern produziert.",Agriculture,3,Environment,Agriculture,Environment,19014_Tagesordnungspunkt_9_CDU_CSU_Faerber_ID191406400_22.02.2018.csv
45,Da entstehen sie.,Agriculture,3,Environment,Agriculture,Environment,19014_Tagesordnungspunkt_9_CDU_CSU_Faerber_ID191406400_22.02.2018.csv
46,"Produziert werden sie in der Politik, weil immer weniger Wirkstoffe für die entsprechenden Problemfelder zur Verfügung stehen.",Agriculture,3,Environment,Agriculture,Environment,19014_Tagesordnungspunkt_9_CDU_CSU_Faerber_ID191406400_22.02.2018.csv
47,Ein „Aktionsprogramm Insektenschutz“ und der Aufbau eines Monitoringzentrums unter Einbeziehung des Bundesumwelt- und des Bundeslandwirtschaftsministeriums werden die Biodiversität stärken.,Environment,3,Environment,Agriculture,Environment,19014_Tagesordnungspunkt_9_CDU_CSU_Faerber_ID191406400_22.02.2018.csv
48,"Der Antrag der Grünen ist daher nicht nur unsachlich und unvollständig, sondern er ist obendrein auch völlig überflüssig.",Environment,3,Environment,Agriculture,Environment,19014_Tagesordnungspunkt_9_CDU_CSU_Faerber_ID191406400_22.02.2018.csv
49,Herzlichen Dank.,*,3,Environment,Agriculture,Environment,19014_Tagesordnungspunkt_9_CDU_CSU_Faerber_ID191406400_22.02.2018.csv
50,Nächste Rednerin ist Rita Hagl-Kehl für die SPD-Fraktion.,*,3,Environment,Agriculture,Environment,19014_Tagesordnungspunkt_9_CDU_CSU_Faerber_ID191406400_22.02.2018.csv
