,text,label_gold,segment_id,label_bert,label_parlbert,label_svm,speech_id
0,Sehr geehrte Frau Präsidentin!,*,0,Labor,Labor,Labor,19018_Tagesordnungspunkt_17_SPD_Schmidt_ID191804900_02.03.2018.csv
1,Liebe Kolleginnen und Kollegen!,*,0,Labor,Labor,Labor,19018_Tagesordnungspunkt_17_SPD_Schmidt_ID191804900_02.03.2018.csv
2,Meine Damen und Herren!,*,0,Labor,Labor,Labor,19018_Tagesordnungspunkt_17_SPD_Schmidt_ID191804900_02.03.2018.csv
3,"Die Grünen haben ein Thema auf die Tagesordnung gesetzt, das uns – es ist schon erwähnt worden –, sollten wir am Sonntag die Mehrheit der Mitglieder für eine Große Koalition gewonnen haben, ganz sicher in der nächsten Legislatur sehr intensiv beschäftigen wird.",Labor,0,Labor,Labor,Labor,19018_Tagesordnungspunkt_17_SPD_Schmidt_ID191804900_02.03.2018.csv
4,"Das ist auch gut so; denn wir sind sehr stolz auf das, was wir dort erreicht haben.",Labor,0,Labor,Labor,Labor,19018_Tagesordnungspunkt_17_SPD_Schmidt_ID191804900_02.03.2018.csv
5,"Während wir in der letzten Legislatur über Modellvorhaben nicht hinauskamen, schaffen wir jetzt ein Regelinstrument im SGB II.",Labor,0,Labor,Labor,Labor,19018_Tagesordnungspunkt_17_SPD_Schmidt_ID191804900_02.03.2018.csv
6,"Wir erhöhen den Eingliederungstitel, wir erhöhen die Restmittelübertragung, und wir schaffen den sogenannten Passiv-Aktiv-Transfer – in Hessen hieß das früher „Arbeit statt Sozialhilfe“.",Labor,0,Labor,Labor,Labor,19018_Tagesordnungspunkt_17_SPD_Schmidt_ID191804900_02.03.2018.csv
7,"In der letzten Legislatur sind wir noch an den ideologischen Schranken, vor allem im Finanzministerium, gescheitert.",Labor,0,Labor,Labor,Labor,19018_Tagesordnungspunkt_17_SPD_Schmidt_ID191804900_02.03.2018.csv
8,"Jetzt ist anerkannt worden, dass eben nicht alle Menschen den Weg in den ersten Arbeitsmarkt gehen, aber trotzdem sinnvolle und produktive Arbeit leisten können.",Labor,0,Labor,Labor,Labor,19018_Tagesordnungspunkt_17_SPD_Schmidt_ID191804900_02.03.2018.csv
9,Wie sieht es aus in weiten Teilen des ersten Arbeitsmarktes?,Labor,0,Labor,Labor,Labor,19018_Tagesordnungspunkt_17_SPD_Schmidt_ID191804900_02.03.2018.csv
10,"Früher war es doch so: Der Sohn, der den Eltern viele Sorgen gemacht hat, und auch die Mitarbeiterin, die gesundheitliche Probleme hatte, hatten trotzdem ihren Platz im Betrieb.",Labor,0,Labor,Labor,Labor,19018_Tagesordnungspunkt_17_SPD_Schmidt_ID191804900_02.03.2018.csv
11,Heute müssen die Mitarbeiterinnen und Mitarbeiter oft 150 Prozent geben.,Labor,0,Labor,Labor,Labor,19018_Tagesordnungspunkt_17_SPD_Schmidt_ID191804900_02.03.2018.csv
12,Viele davon schaffen das nicht.,Labor,0,Labor,Labor,Labor,19018_Tagesordnungspunkt_17_SPD_Schmidt_ID191804900_02.03.2018.csv
13,"Psychische und körperliche Erkrankungen resultieren aus Arbeitsverdichtung, zunehmendem Termin- und Zeitdruck, Entgrenzung der Arbeit.",Labor,0,Labor,Labor,Labor,19018_Tagesordnungspunkt_17_SPD_Schmidt_ID191804900_02.03.2018.csv
14,"Das alles sind Phänomene, die wir kennen und die wir hier auch schon diskutiert haben.",Labor,0,Labor,Labor,Labor,19018_Tagesordnungspunkt_17_SPD_Schmidt_ID191804900_02.03.2018.csv
15,"Ich bin froh, dass wir das Thema heute mit dem Antrag der Grünen, aber zukünftig sicher im Rahmen eines umfassenden Gesetzesvorhabens diskutieren werden; denn über den Koalitionsvertrag und über den Antrag der Grünen hinaus werden uns viele Frage im Zusammenhang mit dem sozialen Arbeitsmarkt im Detail noch beschäftigen.",Labor,0,Labor,Labor,Labor,19018_Tagesordnungspunkt_17_SPD_Schmidt_ID191804900_02.03.2018.csv
16,Welchen Personenkreis wollen wir wie lange im sozialen Arbeitsmarkt fördern und mit welchem Ziel?,Labor,0,Labor,Labor,Labor,19018_Tagesordnungspunkt_17_SPD_Schmidt_ID191804900_02.03.2018.csv
17,"Immer gleich in den ersten Arbeitsmarkt, oder müssen wir nicht viel stärker als bisher auch das Ziel der sozialen Integration und der gesellschaftlichen Teilhabe in den Blick nehmen?",Labor,0,Labor,Labor,Labor,19018_Tagesordnungspunkt_17_SPD_Schmidt_ID191804900_02.03.2018.csv
18,Das gilt für das gesamte SGB II.,Labor,0,Labor,Labor,Labor,19018_Tagesordnungspunkt_17_SPD_Schmidt_ID191804900_02.03.2018.csv
19,Welche gesellschaftliche Bedeutung kann ein sozialer Arbeitsmarkt noch haben?,Labor,0,Labor,Labor,Labor,19018_Tagesordnungspunkt_17_SPD_Schmidt_ID191804900_02.03.2018.csv
20,"Es gibt immer mehr Arbeit, die aber oftmals nicht bezahlt wird: sei es bei mir vor Ort die Essensversorgung in den Schulen, die kein privater Caterer mehr übernimmt, weil es sich für ihn nicht rentiert, oder seien es haushaltsnahe Dienstleistungen in einer immer älter werdenden Gesellschaft, seien es Aufgaben im Umweltbereich oder an vielen anderen Stellen.",Labor,0,Labor,Labor,Labor,19018_Tagesordnungspunkt_17_SPD_Schmidt_ID191804900_02.03.2018.csv
21,"Da fallen Ihnen sicher selbst gute Beispiele von Arbeiten ein, die gesellschaftlich sinnvoll und notwendig sind.",Labor,0,Labor,Labor,Labor,19018_Tagesordnungspunkt_17_SPD_Schmidt_ID191804900_02.03.2018.csv
22,Aber der Markt regelt diesen Bedarf nicht.,Labor,0,Labor,Labor,Labor,19018_Tagesordnungspunkt_17_SPD_Schmidt_ID191804900_02.03.2018.csv
23,Deshalb ist der Hinweis der Grünen auf das „Budget für Arbeit“ für Menschen mit Behinderungen ganz richtig; denn es geht auch um einen inklusiven Arbeitsmarkt.,Labor,0,Labor,Labor,Labor,19018_Tagesordnungspunkt_17_SPD_Schmidt_ID191804900_02.03.2018.csv
24,"Ich würde noch weitergehen: Warum muss man erst den Rechtskreis wechseln, um die vielleicht passende Unterstützung zu bekommen?",Labor,0,Labor,Labor,Labor,19018_Tagesordnungspunkt_17_SPD_Schmidt_ID191804900_02.03.2018.csv
25,Wir haben so viele Akteure mit viel Erfahrung und viel Kompetenz.,Labor,0,Labor,Labor,Labor,19018_Tagesordnungspunkt_17_SPD_Schmidt_ID191804900_02.03.2018.csv
26,"Aber in unseren Betrieben geht die Fähigkeit, Menschen, die nicht auf der Sonnenseite des Lebens stehen, zu integrieren, immer mehr verloren.",Labor,0,Labor,Labor,Labor,19018_Tagesordnungspunkt_17_SPD_Schmidt_ID191804900_02.03.2018.csv
27,"Wer sich in den privaten Betrieben im Rahmen unserer Programme auf den Weg macht, der muss besser und einfacher unterstützt werden, als das bisher der Fall ist.",Labor,0,Labor,Labor,Labor,19018_Tagesordnungspunkt_17_SPD_Schmidt_ID191804900_02.03.2018.csv
28,Wir haben aber auch Integrationsbetriebe.,Labor,0,Labor,Labor,Labor,19018_Tagesordnungspunkt_17_SPD_Schmidt_ID191804900_02.03.2018.csv
29,"Wir haben Werkstätten, soziale Beschäftigungsträger und Ausbildungsträger.",Labor,0,Labor,Labor,Labor,19018_Tagesordnungspunkt_17_SPD_Schmidt_ID191804900_02.03.2018.csv
30,"Wir haben viele, die vieles können und dem Leben vieler Menschen einen Sinn und Halt geben.",Labor,0,Labor,Labor,Labor,19018_Tagesordnungspunkt_17_SPD_Schmidt_ID191804900_02.03.2018.csv
31,"Wie können wir das System öffnen und durchlässig machen, und wie können wir es schaffen, unsere Ressourcen effizienter zu nutzen und keinen mehr im Gewirr der Zuständigkeiten und der Maßnahmen zurückzulassen?",Labor,0,Labor,Labor,Labor,19018_Tagesordnungspunkt_17_SPD_Schmidt_ID191804900_02.03.2018.csv
32,"Wie finden wir für jeden und jede einen guten Platz, um teilzuhaben?",Labor,0,Labor,Labor,Labor,19018_Tagesordnungspunkt_17_SPD_Schmidt_ID191804900_02.03.2018.csv
33,Das wird die große Aufgabe sein.,Labor,0,Labor,Labor,Labor,19018_Tagesordnungspunkt_17_SPD_Schmidt_ID191804900_02.03.2018.csv
34,Mit dem Koalitionsvertrag werden wir erste Schritte gehen können.,Labor,0,Labor,Labor,Labor,19018_Tagesordnungspunkt_17_SPD_Schmidt_ID191804900_02.03.2018.csv
35,In diesem Sinne: Los geht’s!,Labor,0,Labor,Labor,Labor,19018_Tagesordnungspunkt_17_SPD_Schmidt_ID191804900_02.03.2018.csv
36,Glück auf!,*,0,Labor,Labor,Labor,19018_Tagesordnungspunkt_17_SPD_Schmidt_ID191804900_02.03.2018.csv
37,"Vielen Dank, Dagmar Schmidt.",*,0,Labor,Labor,Labor,19018_Tagesordnungspunkt_17_SPD_Schmidt_ID191804900_02.03.2018.csv
38,"Sie haben sich auf die Sekunde an die Redezeit gehalten; damit legen Sie natürlich eine große Hürde für den letzten Redner in dieser Debatte, dem ich das Wort zu seiner ersten Rede im Deutschen Bundestag gebe: Thomas Heilmann für die CDU/CSU-Fraktion.",*,0,Labor,Labor,Labor,19018_Tagesordnungspunkt_17_SPD_Schmidt_ID191804900_02.03.2018.csv
