,text,label_gold,segment_id,label_bert,label_parlbert,label_svm,speech_id
0,Sehr geehrter Herr Präsident!,*,0,Government,Environment,Environment,19014_Tagesordnungspunkt_9_FDP_Konrad_ID191406700_22.02.2018.csv
1,Liebe Kolleginnen und Kollegen!,*,0,Government,Environment,Environment,19014_Tagesordnungspunkt_9_FDP_Konrad_ID191406700_22.02.2018.csv
2,"Liebe Kollegen von den Grünen, meine Meinung: Die Überschrift Ihres Antrages ist falsch.",Agriculture,0,Government,Environment,Environment,19014_Tagesordnungspunkt_9_FDP_Konrad_ID191406700_22.02.2018.csv
3,"Ich meine das aus zweierlei Gründen:
Erstens.",Agriculture,0,Government,Environment,Environment,19014_Tagesordnungspunkt_9_FDP_Konrad_ID191406700_22.02.2018.csv
4,"Sie schreiben „reduzieren“; am Ende Ihres Antrages zeigt sich aber, dass sie doch wieder nur das Verbot von Pflanzenschutzmitteln meinen.",Agriculture,0,Government,Environment,Environment,19014_Tagesordnungspunkt_9_FDP_Konrad_ID191406700_22.02.2018.csv
5,"Sie merken schon – das ist der zweite Grund, den ich meine –: Ich rede nicht von Pestiziden, ich rede von Pflanzenschutzmitteln – und sie heißen auch so.",Agriculture,0,Government,Environment,Environment,19014_Tagesordnungspunkt_9_FDP_Konrad_ID191406700_22.02.2018.csv
6,"Pflanzenschutzmittel dienen, wie der Name schon sagt, dem Schutz unserer Kulturpflanzen.",Agriculture,0,Government,Environment,Environment,19014_Tagesordnungspunkt_9_FDP_Konrad_ID191406700_22.02.2018.csv
7,Sie sollen ihre Gesundheit erhalten und ihre Vernichtung durch Krankheiten und Schädlinge verhindern.,Agriculture,0,Government,Environment,Environment,19014_Tagesordnungspunkt_9_FDP_Konrad_ID191406700_22.02.2018.csv
8,"Das gilt im Übrigen sowohl für den konventionellen wie auch für den ökologischen Landbau.
– Ja, Sie sprechen es gerade an.",Agriculture,0,Government,Environment,Environment,19014_Tagesordnungspunkt_9_FDP_Konrad_ID191406700_22.02.2018.csv
9,"Vielen Dank, dass Sie mir den Hinweis „Mottenkiste“ geben.",Agriculture,0,Government,Environment,Environment,19014_Tagesordnungspunkt_9_FDP_Konrad_ID191406700_22.02.2018.csv
10,"Auch das zeigt, dass Ihr Antrag in regelmäßigen Abständen im Plenum vorgeführt wird.",Agriculture,0,Government,Environment,Environment,19014_Tagesordnungspunkt_9_FDP_Konrad_ID191406700_22.02.2018.csv
11,"Das wird dem Anspruch, das wird diesem Thema nicht gerecht.",Agriculture,0,Government,Environment,Environment,19014_Tagesordnungspunkt_9_FDP_Konrad_ID191406700_22.02.2018.csv
12,Ich möchte Sie da um ein bisschen mehr Fairness bitten.,Agriculture,0,Government,Environment,Environment,19014_Tagesordnungspunkt_9_FDP_Konrad_ID191406700_22.02.2018.csv
13,"Das Interesse an nachhaltiger Produktion, Biodiversität, Gewässer- und Umweltschutz auf der einen Seite ist genauso berechtigt wie das Interesse der Landwirte auf der anderen Seite, die schließlich von ihrer Hände Arbeit leben müssen.",Agriculture,0,Government,Environment,Environment,19014_Tagesordnungspunkt_9_FDP_Konrad_ID191406700_22.02.2018.csv
14,"Meine sehr geehrten Damen und Herren, im Jahr 2016 ist die Weltbevölkerung um 83 Millionen Menschen gewachsen.",Agriculture,0,Government,Environment,Environment,19014_Tagesordnungspunkt_9_FDP_Konrad_ID191406700_22.02.2018.csv
15,"Frau Kollegin, gestatten Sie eine Zwischenfrage der Abgeordneten Künast?",*,0,Government,Environment,Environment,19014_Tagesordnungspunkt_9_FDP_Konrad_ID191406700_22.02.2018.csv
16,Sehr gern.,*,1,Agriculture,Agriculture,Agriculture,19014_Tagesordnungspunkt_9_FDP_Konrad_ID191406700_22.02.2018.csv
17,Bitte sehr.,*,1,Agriculture,Agriculture,Agriculture,19014_Tagesordnungspunkt_9_FDP_Konrad_ID191406700_22.02.2018.csv
18,"Danke, Frau Kollegin. – Sie haben gerade über die berechtigten Interessen geredet.",*,1,Agriculture,Agriculture,Agriculture,19014_Tagesordnungspunkt_9_FDP_Konrad_ID191406700_22.02.2018.csv
19,Deshalb muss ich Sie einmal fragen: Wie gehen Sie eigentlich mit dem Recht auf Gesundheit um?,Health,1,Agriculture,Agriculture,Agriculture,19014_Tagesordnungspunkt_9_FDP_Konrad_ID191406700_22.02.2018.csv
20,Wir alle sind da in der Pflicht.,Health,1,Agriculture,Agriculture,Agriculture,19014_Tagesordnungspunkt_9_FDP_Konrad_ID191406700_22.02.2018.csv
21,Die Politik hat da eine Verpflichtung.,Health,1,Agriculture,Agriculture,Agriculture,19014_Tagesordnungspunkt_9_FDP_Konrad_ID191406700_22.02.2018.csv
22,"Wir haben international unterschrieben, zum Beispiel in der Kinderrechtskonvention, dass wir uns darum bemühen werden, eine Lebenssituation zu schaffen, die Kinder bestmöglich gesund hält.",Health,1,Agriculture,Agriculture,Agriculture,19014_Tagesordnungspunkt_9_FDP_Konrad_ID191406700_22.02.2018.csv
23,"Das ist rechtlich gesehen kein Recht, das man abwägen kann.",Health,1,Agriculture,Agriculture,Agriculture,19014_Tagesordnungspunkt_9_FDP_Konrad_ID191406700_22.02.2018.csv
24,"Wie passt das in Ihr System, bei dem Sie – jetzt allgemein formuliert – berechtigte Interessen der Konsumenten berechtigten Interessen der Landwirte gegenüberstellen?",Health,1,Agriculture,Agriculture,Agriculture,19014_Tagesordnungspunkt_9_FDP_Konrad_ID191406700_22.02.2018.csv
25,"Zweiter Teil meiner Frage: Ist Ihnen aufgefallen, dass es auch das berechtigte Interesse von Landwirten auf Gesundheit gibt?",Health,1,Agriculture,Agriculture,Agriculture,19014_Tagesordnungspunkt_9_FDP_Konrad_ID191406700_22.02.2018.csv
26,"Wir haben immer mehr Hinweise darauf, dass die Anwendung von Glyphosat Krebs auslöst.",Health,1,Agriculture,Agriculture,Agriculture,19014_Tagesordnungspunkt_9_FDP_Konrad_ID191406700_22.02.2018.csv
27,"Zum Beispiel gibt es in Kalifornien eine große Gruppe von Landwirten, die das Non-Hodgkin-Syndrom haben.",Health,1,Agriculture,Agriculture,Agriculture,19014_Tagesordnungspunkt_9_FDP_Konrad_ID191406700_22.02.2018.csv
28,"Sie sagen, dass es durch Glyphosat ausgelöst wurde, und klagen.",Health,1,Agriculture,Agriculture,Agriculture,19014_Tagesordnungspunkt_9_FDP_Konrad_ID191406700_22.02.2018.csv
29,"Es ist ein großes Gerichtsverfahren, das da läuft.",Health,1,Agriculture,Agriculture,Agriculture,19014_Tagesordnungspunkt_9_FDP_Konrad_ID191406700_22.02.2018.csv
30,An der Stelle wird Monsanto – davon gehe ich einmal aus – wahrscheinlich verlieren.,Health,1,Agriculture,Agriculture,Agriculture,19014_Tagesordnungspunkt_9_FDP_Konrad_ID191406700_22.02.2018.csv
31,Also: Wo bleibt bei Ihrer These die Gesundheit der Landwirte?,Health,1,Agriculture,Agriculture,Agriculture,19014_Tagesordnungspunkt_9_FDP_Konrad_ID191406700_22.02.2018.csv
32,"Frau Künast, zu Ihrer ersten These stelle ich einmal die Gegenfrage: Sind Sie der Meinung, dass wir in Deutschland keine hochwertigen Nahrungsmittel erzeugen?",Health,1,Agriculture,Agriculture,Agriculture,19014_Tagesordnungspunkt_9_FDP_Konrad_ID191406700_22.02.2018.csv
33,Ich behaupte: Wir erzeugen hier in Deutschland die hochwertigsten Nahrungsmittel weltweit.,Health,1,Agriculture,Agriculture,Agriculture,19014_Tagesordnungspunkt_9_FDP_Konrad_ID191406700_22.02.2018.csv
34,Zu Ihrer zweiten These sage ich Ihnen: Ich kenne Ihre Referenzstudie nicht.,Health,1,Agriculture,Agriculture,Agriculture,19014_Tagesordnungspunkt_9_FDP_Konrad_ID191406700_22.02.2018.csv
35,Wir können gern einmal über Ihre Referenzstudie reden.,Health,1,Agriculture,Agriculture,Agriculture,19014_Tagesordnungspunkt_9_FDP_Konrad_ID191406700_22.02.2018.csv
36,"Aber wenn man den Verlauf der Studien sieht, die Sie und Ihre Kollegen immer für sich in Anspruch nehmen, dann muss man feststellen, dass Sie sich immer nur die Peaks der Kurven herausgreifen und nie die Kurven insgesamt begutachten und fachlich korrekt bewerten. – Ich hoffe, ich konnte damit Ihre Frage beantworten.",Health,1,Agriculture,Agriculture,Agriculture,19014_Tagesordnungspunkt_9_FDP_Konrad_ID191406700_22.02.2018.csv
37,"Meine sehr geehrten Damen und Herren, Verantwortung zu übernehmen heißt, dass auch die Ressource Boden so effizient wie möglich genutzt werden muss.",Health,1,Agriculture,Agriculture,Agriculture,19014_Tagesordnungspunkt_9_FDP_Konrad_ID191406700_22.02.2018.csv
38,"Wir können es uns schlicht nicht leisten, in Zeiten einer wachsenden Weltbevölkerung Ressourcen zu verschwenden, indem wir unsere Kulturpflanzen nicht vor dem schützen, was sie bedroht.",Health,1,Agriculture,Agriculture,Agriculture,19014_Tagesordnungspunkt_9_FDP_Konrad_ID191406700_22.02.2018.csv
39,Das gewährleistet flächendeckend eine Versorgung mit gesunden Nahrungsmitteln.,Health,1,Agriculture,Agriculture,Agriculture,19014_Tagesordnungspunkt_9_FDP_Konrad_ID191406700_22.02.2018.csv
40,Ich möchte sachlich und fachlich mit Ihnen debattieren.,Health,1,Agriculture,Agriculture,Agriculture,19014_Tagesordnungspunkt_9_FDP_Konrad_ID191406700_22.02.2018.csv
41,Die Reduktion des Einsatzes von Pflanzenschutzmitteln und der Einsatz von alternativen Pflanzenschutzmitteln liegen im ureigenen Interesse der Landwirte und werden bereits praktiziert.,Agriculture,1,Agriculture,Agriculture,Agriculture,19014_Tagesordnungspunkt_9_FDP_Konrad_ID191406700_22.02.2018.csv
42,"Herr Ebner, ich erinnere nur an das Beispiel des Einsatzes der Schlupfwespe gegen den Maiszünsler.",Agriculture,1,Agriculture,Agriculture,Agriculture,19014_Tagesordnungspunkt_9_FDP_Konrad_ID191406700_22.02.2018.csv
43,"Liebe Kolleginnen und Kollegen, seien Sie sich bewusst: Mit jedem Verbot, jedem Gesetz, jeder Verordnung, die Sie sich hier aus diesem warmen, trockenen Parlament heraus wünschen, schließen sich da draußen in Deutschland Hoftore für immer.",Agriculture,1,Agriculture,Agriculture,Agriculture,19014_Tagesordnungspunkt_9_FDP_Konrad_ID191406700_22.02.2018.csv
44,Landwirte hören auf und fangen nie wieder an.,Agriculture,1,Agriculture,Agriculture,Agriculture,19014_Tagesordnungspunkt_9_FDP_Konrad_ID191406700_22.02.2018.csv
45,Abgeordnete in diesem Parlament sind keine Landwirte.,Agriculture,1,Agriculture,Agriculture,Agriculture,19014_Tagesordnungspunkt_9_FDP_Konrad_ID191406700_22.02.2018.csv
46,"Die Aufgabe von Abgeordneten ist es nicht, Ackerbau zu betreiben, sondern unsere Aufgabe hier ist es, vernünftige Rahmenbedingungen zu schaffen.",Agriculture,1,Agriculture,Agriculture,Agriculture,19014_Tagesordnungspunkt_9_FDP_Konrad_ID191406700_22.02.2018.csv
47,"Dazu gehören für mich Förderung, Forschung und Entwicklung.",Agriculture,1,Agriculture,Agriculture,Agriculture,19014_Tagesordnungspunkt_9_FDP_Konrad_ID191406700_22.02.2018.csv
48,Zum Beispiel können moderne Pflanzenschutzspritzen in Zukunft mit Sensortechnik punktgenau applizieren.,Agriculture,1,Agriculture,Agriculture,Agriculture,19014_Tagesordnungspunkt_9_FDP_Konrad_ID191406700_22.02.2018.csv
49,Dadurch werden enorme Mitteleinsparungen möglich.,Agriculture,1,Agriculture,Agriculture,Agriculture,19014_Tagesordnungspunkt_9_FDP_Konrad_ID191406700_22.02.2018.csv
50,"Das setzt aber voraus, dass man hier tätig wird und flächendeckend den Breitbandausbau und den Netzausbau vorantreibt.",Agriculture,1,Agriculture,Agriculture,Agriculture,19014_Tagesordnungspunkt_9_FDP_Konrad_ID191406700_22.02.2018.csv
51,Aber vor allem – da geht mein Appell an die Bundesregierung – muss der Knoten bei der Zulassung von Pflanzenschutzmitteln gelöst werden.,Agriculture,1,Agriculture,Agriculture,Agriculture,19014_Tagesordnungspunkt_9_FDP_Konrad_ID191406700_22.02.2018.csv
52,Die EU-Kommission gibt eine Frist von 120 Tagen vor.,Agriculture,1,Agriculture,Agriculture,Agriculture,19014_Tagesordnungspunkt_9_FDP_Konrad_ID191406700_22.02.2018.csv
53,Hier in Deutschland braucht es im Schnitt – jetzt halten Sie sich fest!,Agriculture,1,Agriculture,Agriculture,Agriculture,19014_Tagesordnungspunkt_9_FDP_Konrad_ID191406700_22.02.2018.csv
54,– mehr als 732 Tage bis zur Zulassung.,Agriculture,1,Agriculture,Agriculture,Agriculture,19014_Tagesordnungspunkt_9_FDP_Konrad_ID191406700_22.02.2018.csv
55,"Die Zahl der Mittel, die fristgerecht zugelassen werden, liegt bei null.",Agriculture,1,Agriculture,Agriculture,Agriculture,19014_Tagesordnungspunkt_9_FDP_Konrad_ID191406700_22.02.2018.csv
56,"Das ist ein Skandal, und das gefährdet die Wettbewerbsfähigkeit unserer Betriebe in Deutschland.",Agriculture,1,Agriculture,Agriculture,Agriculture,19014_Tagesordnungspunkt_9_FDP_Konrad_ID191406700_22.02.2018.csv
57,Deshalb mein Appell zum Schluss: Beschleunigen Sie die Zulassungsverfahren!,Agriculture,1,Agriculture,Agriculture,Agriculture,19014_Tagesordnungspunkt_9_FDP_Konrad_ID191406700_22.02.2018.csv
58,"Verzichten Sie auf nationale Zusatzkriterien, und erkennen Sie die Zulassungen der Mitgliedstaaten der sogenannten mittleren Zone ohne Vorbehalt an!",Agriculture,1,Agriculture,Agriculture,Agriculture,19014_Tagesordnungspunkt_9_FDP_Konrad_ID191406700_22.02.2018.csv
59,"Denn, Herr Ebner, mir liegt die Zukunft der Landwirtschaft am Herzen.",Agriculture,1,Agriculture,Agriculture,Agriculture,19014_Tagesordnungspunkt_9_FDP_Konrad_ID191406700_22.02.2018.csv
60,"Ich möchte, dass auch in Zukunft in Deutschland Landwirtschaft betrieben wird – und das nachhaltig.",Agriculture,1,Agriculture,Agriculture,Agriculture,19014_Tagesordnungspunkt_9_FDP_Konrad_ID191406700_22.02.2018.csv
61,Vielen Dank.,*,1,Agriculture,Agriculture,Agriculture,19014_Tagesordnungspunkt_9_FDP_Konrad_ID191406700_22.02.2018.csv
62,Nächste Rednerin ist die Abgeordnete Amira Mohamed Ali.,*,1,Agriculture,Agriculture,Agriculture,19014_Tagesordnungspunkt_9_FDP_Konrad_ID191406700_22.02.2018.csv
