,text,label_gold,segment_id,label_bert,label_parlbert,label_svm,speech_id
0,"Vielen Dank, Frau Präsidentin. – Meine Damen und Herren!",*,0,Labor,Labor,International,19018_Tagesordnungspunkt_17_CDU_CSU_Heilmann_ID191805000_02.03.2018.csv
1,Liebe Kolleginnen und Kollegen!,*,0,Labor,Labor,International,19018_Tagesordnungspunkt_17_CDU_CSU_Heilmann_ID191805000_02.03.2018.csv
2,"Wir sprechen seit 35 Minuten über Ihren Antrag, der aus meiner Sicht schon in der Überschrift eine kleine Mogelpackung enthält.",Labor,0,Labor,Labor,International,19018_Tagesordnungspunkt_17_CDU_CSU_Heilmann_ID191805000_02.03.2018.csv
3,Der Antrag heißt: Neue Perspektiven für langzeitarbeitslose Menschen. – Der Antrag ist aber nicht neu.,Labor,0,Labor,Labor,International,19018_Tagesordnungspunkt_17_CDU_CSU_Heilmann_ID191805000_02.03.2018.csv
4,"Sie haben ihn so oft gestellt und zu einer Bundestagsdrucksache gemacht, dass es selbst mir als neuem Bundestagsabgeordneten aufgefallen ist, wie oft Sie sich wiederholen.",Labor,0,Labor,Labor,International,19018_Tagesordnungspunkt_17_CDU_CSU_Heilmann_ID191805000_02.03.2018.csv
5,"Besonders schal ist Ihr Ritual – meine Vorredner haben es gesagt –, da Sie weder die Koalitionsverhandlungen noch die Sondierungsvereinbarung mit irgendeinem Wort erwähnen.",Labor,0,Labor,Labor,International,19018_Tagesordnungspunkt_17_CDU_CSU_Heilmann_ID191805000_02.03.2018.csv
6,Die Sondierungsvereinbarung ist sieben Wochen alt.,Labor,0,Labor,Labor,International,19018_Tagesordnungspunkt_17_CDU_CSU_Heilmann_ID191805000_02.03.2018.csv
7,"Darin heißt es wörtlich:
Dazu schaffen wir … ein neues … Regelinstrument im Sozialgesetzbuch II „Teilhabe am Arbeitsmarkt für alle“.",Labor,0,Labor,Labor,International,19018_Tagesordnungspunkt_17_CDU_CSU_Heilmann_ID191805000_02.03.2018.csv
8,"Des Weiteren steht darin, dass wir 4 Milliarden Euro dafür ausgeben wollen.",Labor,0,Labor,Labor,International,19018_Tagesordnungspunkt_17_CDU_CSU_Heilmann_ID191805000_02.03.2018.csv
9,"Ich frage mich: Wieso wiederholen Sie eigentlich alte Anträge, ohne den aktuellen Stand zu berücksichtigen?",Labor,0,Labor,Labor,International,19018_Tagesordnungspunkt_17_CDU_CSU_Heilmann_ID191805000_02.03.2018.csv
10,Wem soll das eigentlich dienen?,Labor,0,Labor,Labor,International,19018_Tagesordnungspunkt_17_CDU_CSU_Heilmann_ID191805000_02.03.2018.csv
11,Sie alle wissen – das haben auch alle Vorredner gesagt –: Wir wollen im Kern dasselbe.,Labor,0,Labor,Labor,International,19018_Tagesordnungspunkt_17_CDU_CSU_Heilmann_ID191805000_02.03.2018.csv
12,Wir wollen Langzeitarbeitslose aus ihrem Kreislauf herausholen.,Labor,0,Labor,Labor,International,19018_Tagesordnungspunkt_17_CDU_CSU_Heilmann_ID191805000_02.03.2018.csv
13,Dabei müssen wir uns insbesondere um die schwierigen Zielgruppen kümmern.,Labor,0,Labor,Labor,International,19018_Tagesordnungspunkt_17_CDU_CSU_Heilmann_ID191805000_02.03.2018.csv
14,Das ist wichtig.,Labor,0,Labor,Labor,International,19018_Tagesordnungspunkt_17_CDU_CSU_Heilmann_ID191805000_02.03.2018.csv
15,"Frau Zimmermann, Sie sagen, wir würden nicht über die Schattenseiten reden.",Labor,0,Labor,Labor,International,19018_Tagesordnungspunkt_17_CDU_CSU_Heilmann_ID191805000_02.03.2018.csv
16,"Doch, die kennen wir.",Labor,0,Labor,Labor,International,19018_Tagesordnungspunkt_17_CDU_CSU_Heilmann_ID191805000_02.03.2018.csv
17,Aber Sie reden nicht über die Erfolge.,Labor,0,Labor,Labor,International,19018_Tagesordnungspunkt_17_CDU_CSU_Heilmann_ID191805000_02.03.2018.csv
18,"In den zehn Jahren vor 2006 pendelte die Zahl der Langzeitarbeitslosen zwischen 1,5 Millionen und 1,8 Millionen.",Labor,0,Labor,Labor,International,19018_Tagesordnungspunkt_17_CDU_CSU_Heilmann_ID191805000_02.03.2018.csv
19,Erst seit 2006 sinkt ihre Zahl signifikant.,Labor,0,Labor,Labor,International,19018_Tagesordnungspunkt_17_CDU_CSU_Heilmann_ID191805000_02.03.2018.csv
20,Im Antrag der Grünen steht die korrekte Zahl: 850 000.,Labor,0,Labor,Labor,International,19018_Tagesordnungspunkt_17_CDU_CSU_Heilmann_ID191805000_02.03.2018.csv
21,"Die Zahl der Langzeitarbeitslosen ist also von 1,6 Millionen auf 850 000 zurückgegangen.",Labor,0,Labor,Labor,International,19018_Tagesordnungspunkt_17_CDU_CSU_Heilmann_ID191805000_02.03.2018.csv
22,Das sind immer noch zu viele.,Labor,0,Labor,Labor,International,19018_Tagesordnungspunkt_17_CDU_CSU_Heilmann_ID191805000_02.03.2018.csv
23,Die Zahl der Langzeitarbeitslosen ist aber unter der Regierung Merkel besonders stark gesunken; auch das sollte man nicht verschweigen.,Labor,0,Labor,Labor,International,19018_Tagesordnungspunkt_17_CDU_CSU_Heilmann_ID191805000_02.03.2018.csv
24,"Wir verhehlen nicht, dass Zusätzliches getan werden muss.",Labor,0,Labor,Labor,International,19018_Tagesordnungspunkt_17_CDU_CSU_Heilmann_ID191805000_02.03.2018.csv
25,Das haben wir auch vereinbart.,Labor,0,Labor,Labor,International,19018_Tagesordnungspunkt_17_CDU_CSU_Heilmann_ID191805000_02.03.2018.csv
26,Ich kann Sie von den Grünen also beruhigen: Eine Weiterentwicklung der Instrumente im SGB II wird kommen.,Labor,0,Labor,Labor,International,19018_Tagesordnungspunkt_17_CDU_CSU_Heilmann_ID191805000_02.03.2018.csv
27,"Deswegen brauchen wir weder Ihren Antrag noch Ihre Belehrungen darüber, dass dieses Thema wichtig ist.",Labor,0,Labor,Labor,International,19018_Tagesordnungspunkt_17_CDU_CSU_Heilmann_ID191805000_02.03.2018.csv
28,"Ihr Antrag ist im Kern doppelt so lang wie die entsprechende Passage im Koalitionsvertrag, aber irgendwie nur halb so wirksam, um Langzeitarbeitslosigkeit zu reduzieren.",Labor,0,Labor,Labor,International,19018_Tagesordnungspunkt_17_CDU_CSU_Heilmann_ID191805000_02.03.2018.csv
29,Kai Whittaker hat es gesagt: Ihnen fehlt die Zielgruppenspezifizierung. – Insofern bringt Ihr Antrag leider nicht viel.,Labor,0,Labor,Labor,International,19018_Tagesordnungspunkt_17_CDU_CSU_Heilmann_ID191805000_02.03.2018.csv
30,"Das gilt erst recht, Herr Springer, für Ihre Äußerungen.",Labor,0,Labor,Labor,International,19018_Tagesordnungspunkt_17_CDU_CSU_Heilmann_ID191805000_02.03.2018.csv
31,"Herr Springer, Sie haben sich in den „Potsdamer Neueste Nachrichten“ offen dazu bekannt, dass Sie Populismus richtig finden.",Labor,0,Labor,Labor,International,19018_Tagesordnungspunkt_17_CDU_CSU_Heilmann_ID191805000_02.03.2018.csv
32,"Sie sprechen davon, er sei eine hohe Kunst.",Labor,0,Labor,Labor,International,19018_Tagesordnungspunkt_17_CDU_CSU_Heilmann_ID191805000_02.03.2018.csv
33,Das finde ich schon bedenklich.,Labor,0,Labor,Labor,International,19018_Tagesordnungspunkt_17_CDU_CSU_Heilmann_ID191805000_02.03.2018.csv
34,"Schaut man in Ihr Wahlprogramm, wird es besonders erstaunlich.",Labor,0,Labor,Labor,International,19018_Tagesordnungspunkt_17_CDU_CSU_Heilmann_ID191805000_02.03.2018.csv
35,Sie schreiben dazu eine Viertelseite.,Labor,0,Labor,Labor,International,19018_Tagesordnungspunkt_17_CDU_CSU_Heilmann_ID191805000_02.03.2018.csv
36,"Darin versprechen Sie allen Langzeitarbeitslosen gemeinnützige Bürgerarbeit, die sozialversicherungspflichtig entlohnt werden soll.",Labor,0,Labor,Labor,International,19018_Tagesordnungspunkt_17_CDU_CSU_Heilmann_ID191805000_02.03.2018.csv
37,Zwei Spalten weiter sprechen Sie von Eigenverantwortung.,Labor,0,Labor,Labor,International,19018_Tagesordnungspunkt_17_CDU_CSU_Heilmann_ID191805000_02.03.2018.csv
38,"Und noch eine Spalte weiter – es steht alles auf derselben Seite – steht, dass die Ausgaben des Staates stark sinken sollen. – Das ist nicht nur extrem kurz, sondern auch extrem sinnfrei.",Labor,0,Labor,Labor,International,19018_Tagesordnungspunkt_17_CDU_CSU_Heilmann_ID191805000_02.03.2018.csv
39,"Sie versprechen nämlich einfach allen alles, obwohl es sich eindeutig widerspricht.",Labor,0,Labor,Labor,International,19018_Tagesordnungspunkt_17_CDU_CSU_Heilmann_ID191805000_02.03.2018.csv
40,"Ich nenne das Pippi-­Langstrumpf-Politik nach dem Motto: Ich mache mir die Welt, wie sie mir gefällt.
– Singen kann ich leider nicht. – Herr Springer, das ist keine Kunst.",Labor,0,Labor,Labor,International,19018_Tagesordnungspunkt_17_CDU_CSU_Heilmann_ID191805000_02.03.2018.csv
41,"Ich finde, das ist ziemlich verantwortungslos.",Labor,0,Labor,Labor,International,19018_Tagesordnungspunkt_17_CDU_CSU_Heilmann_ID191805000_02.03.2018.csv
42,"Sie versprechen Langzeitarbeitslosen Dinge, die Sie nicht halten können und beschimpfen uns, die wir etwas gegen die Langzeitarbeitslosigkeit tun, weil wir uns angeblich nur um Migration kümmern.",Labor,0,Labor,Labor,International,19018_Tagesordnungspunkt_17_CDU_CSU_Heilmann_ID191805000_02.03.2018.csv
43,"Meine Damen und Herren, meine Rede ist nicht nur der Abschluss dieses Tagesordnungspunktes, sondern auch – wenn man die letzte Debatte außen vor lässt – der Schlusspunkt in einer bisher einmaligen Debattenzeit in diesem Parlament ohne eine stabile Koalition.",Labor,0,Labor,Labor,International,19018_Tagesordnungspunkt_17_CDU_CSU_Heilmann_ID191805000_02.03.2018.csv
44,"Am Wochenende werden wir wissen, wie es weitergeht.",Labor,0,Labor,Labor,International,19018_Tagesordnungspunkt_17_CDU_CSU_Heilmann_ID191805000_02.03.2018.csv
45,"Ihnen allen wünsche ich, mit Erlaubnis der Präsidentin, schon jetzt ein schönes Wochenende
und den Sozialdemokraten das richtige Ergebnis.",Labor,0,Labor,Labor,International,19018_Tagesordnungspunkt_17_CDU_CSU_Heilmann_ID191805000_02.03.2018.csv
46,Vielen Dank.,*,1,Government,Government,International,19018_Tagesordnungspunkt_17_CDU_CSU_Heilmann_ID191805000_02.03.2018.csv
47,"Franz Beckenbauer hätte jetzt gesagt: Schaun mer mal. – Vielen Dank, Thomas Heilmann. – Damit schließe ich die Aussprache.",*,1,Government,Government,International,19018_Tagesordnungspunkt_17_CDU_CSU_Heilmann_ID191805000_02.03.2018.csv
48,Interfraktionell wird Überweisung der Vorlage auf Drucksache 19/591 an den Ausschuss für Arbeit und Soziales vorgeschlagen.,*,1,Government,Government,International,19018_Tagesordnungspunkt_17_CDU_CSU_Heilmann_ID191805000_02.03.2018.csv
49,Sie sind damit einverstanden?,*,1,Government,Government,International,19018_Tagesordnungspunkt_17_CDU_CSU_Heilmann_ID191805000_02.03.2018.csv
50,– Dann ist die Überweisung so beschlossen.,*,1,Government,Government,International,19018_Tagesordnungspunkt_17_CDU_CSU_Heilmann_ID191805000_02.03.2018.csv
