,text,label_gold,segment_id,label_bert,label_parlbert,label_svm,speech_id
0,Herr Präsident!,*,0,Agriculture,Agriculture,Agriculture,19014_Tagesordnungspunkt_9_CDU_CSU_Auernhammer_ID191406900_22.02.2018.csv
1,Meine sehr verehrten Damen und Herren!,*,0,Agriculture,Agriculture,Agriculture,19014_Tagesordnungspunkt_9_CDU_CSU_Auernhammer_ID191406900_22.02.2018.csv
2,Viele Reden hier im deutschen Haus sind nicht umsonst.,*,0,Agriculture,Agriculture,Agriculture,19014_Tagesordnungspunkt_9_CDU_CSU_Auernhammer_ID191406900_22.02.2018.csv
3,"Ob es kostspielig wird für unsere Nation, das zeigt sich immer hinterher.",*,0,Agriculture,Agriculture,Agriculture,19014_Tagesordnungspunkt_9_CDU_CSU_Auernhammer_ID191406900_22.02.2018.csv
4,"Meine sehr verehrten Damen und Herren, Diskussionen um die Landwirtschaft hier im Bundestag sind immer von starken Emotionen begleitet.",Agriculture,0,Agriculture,Agriculture,Agriculture,19014_Tagesordnungspunkt_9_CDU_CSU_Auernhammer_ID191406900_22.02.2018.csv
5,"Das war in der letzten Legislaturperiode so, und das ist auch in dieser Legislaturperiode so, merke ich.",Agriculture,0,Agriculture,Agriculture,Agriculture,19014_Tagesordnungspunkt_9_CDU_CSU_Auernhammer_ID191406900_22.02.2018.csv
6,Im Deutschen Bundestag wurde oft über die Rolle des Einsatzes von Pflanzenschutzmitteln diskutiert.,Agriculture,0,Agriculture,Agriculture,Agriculture,19014_Tagesordnungspunkt_9_CDU_CSU_Auernhammer_ID191406900_22.02.2018.csv
7,"Mit Ihrer Erlaubnis, Herr Präsident, zitiere ich den Kollegen Ebner aus dem Protokoll der Plenarsitzung vom 23.",Agriculture,0,Agriculture,Agriculture,Agriculture,19014_Tagesordnungspunkt_9_CDU_CSU_Auernhammer_ID191406900_22.02.2018.csv
8,"März 2017:
Solange es keine Alternativen gibt, fordern wir die Bundesregierung auf, sich bei der EU konsequent für die Prüfung einer zeitlich und mengenmäßig begrenzten Zulassung von Kaliumphosphonat im Ökoweinbau einzusetzen.",Agriculture,0,Agriculture,Agriculture,Agriculture,19014_Tagesordnungspunkt_9_CDU_CSU_Auernhammer_ID191406900_22.02.2018.csv
9,"Jetzt muss man natürlich wissen: Dieses Präparat ist ein Pflanzenschutzmittel, in Ihrer Sprechweise eigentlich ein Pestizid.",Agriculture,0,Agriculture,Agriculture,Agriculture,19014_Tagesordnungspunkt_9_CDU_CSU_Auernhammer_ID191406900_22.02.2018.csv
10,"Meine sehr verehrten Damen und Herren, lassen Sie uns etwas mehr abrüsten und hier im Deutschen Bundestag näher an der Sache orientiert diskutieren.",Agriculture,0,Agriculture,Agriculture,Agriculture,19014_Tagesordnungspunkt_9_CDU_CSU_Auernhammer_ID191406900_22.02.2018.csv
11,"So muss es auch in unser alle Interesse sein, dass wir die Leistungen der deutschen Landwirtschaft sehen.",Agriculture,0,Agriculture,Agriculture,Agriculture,19014_Tagesordnungspunkt_9_CDU_CSU_Auernhammer_ID191406900_22.02.2018.csv
12,Die deutsche Landwirtschaft diskutiert längst nicht mehr die Frage: Soll ich konventionell oder ökologisch produzieren?,Agriculture,0,Agriculture,Agriculture,Agriculture,19014_Tagesordnungspunkt_9_CDU_CSU_Auernhammer_ID191406900_22.02.2018.csv
13,"Diese Entscheidung trifft jeder Betriebsleiter für sich, für seine persönlichen Rahmenbedingungen, das geht nicht über politische Diskussionen.",Agriculture,0,Agriculture,Agriculture,Agriculture,19014_Tagesordnungspunkt_9_CDU_CSU_Auernhammer_ID191406900_22.02.2018.csv
14,"Lassen Sie uns darüber diskutieren, wie wir die Rahmenbedingungen der gesamten Landwirtschaft verbessern.",Agriculture,0,Agriculture,Agriculture,Agriculture,19014_Tagesordnungspunkt_9_CDU_CSU_Auernhammer_ID191406900_22.02.2018.csv
15,Dazu gehört auch der Einsatz von Pflanzenschutzmitteln.,Agriculture,0,Agriculture,Agriculture,Agriculture,19014_Tagesordnungspunkt_9_CDU_CSU_Auernhammer_ID191406900_22.02.2018.csv
16,Die deutsche Landwirtschaft und die Weltlandwirtschaft haben eine große Herausforderung vor sich.,Agriculture,0,Agriculture,Agriculture,Agriculture,19014_Tagesordnungspunkt_9_CDU_CSU_Auernhammer_ID191406900_22.02.2018.csv
17,"Die Weltbevölkerung hat sich seit 1950 verdreifacht, und sie wird sich weiterhin rasant entwickeln.",Agriculture,0,Agriculture,Agriculture,Agriculture,19014_Tagesordnungspunkt_9_CDU_CSU_Auernhammer_ID191406900_22.02.2018.csv
18,Die landwirtschaftliche Nutzfläche auf der Welt wird ständig kleiner.,Agriculture,0,Agriculture,Agriculture,Agriculture,19014_Tagesordnungspunkt_9_CDU_CSU_Auernhammer_ID191406900_22.02.2018.csv
19,"Es ist unsere Aufgabe, die Landwirtschaft mit modernen Methoden, mit modernen Technologien in die Lage zu versetzen, die Weltbevölkerung zu ernähren, und das auch im Einklang mit der Umwelt.",Agriculture,0,Agriculture,Agriculture,Agriculture,19014_Tagesordnungspunkt_9_CDU_CSU_Auernhammer_ID191406900_22.02.2018.csv
20,"Gerade wenn es um die Zukunftsperspektiven der Landwirtschaft – wir reden hier in erster Linie von der deutschen Landwirtschaft – geht, müssen wir immer auch im Fokus haben: Wie stehen wir im internationalen Vergleich da?",Agriculture,0,Agriculture,Agriculture,Agriculture,19014_Tagesordnungspunkt_9_CDU_CSU_Auernhammer_ID191406900_22.02.2018.csv
21,"Welche Auflagen machen wir unserer deutschen Landwirtschaft im internationalen Vergleich, und welche Rahmenbedingungen setzen wir ihr?",Agriculture,0,Agriculture,Agriculture,Agriculture,19014_Tagesordnungspunkt_9_CDU_CSU_Auernhammer_ID191406900_22.02.2018.csv
22,"Da hilft es wenig, wenn wir hier im Deutschen Bundestag einseitig gegen eine konventionelle Landwirtschaft wettern.",Agriculture,0,Agriculture,Agriculture,Agriculture,19014_Tagesordnungspunkt_9_CDU_CSU_Auernhammer_ID191406900_22.02.2018.csv
23,"Vielmehr hilft es, wenn wir gemeinsam um die beste Lösung ringen und hier diskutieren.",Agriculture,0,Agriculture,Agriculture,Agriculture,19014_Tagesordnungspunkt_9_CDU_CSU_Auernhammer_ID191406900_22.02.2018.csv
24,"Meine sehr verehrten Damen und Herren, eine große Herausforderung für unsere Landwirtschaft ist das gesamte Thema der Digitalisierung.",Agriculture,0,Agriculture,Agriculture,Agriculture,19014_Tagesordnungspunkt_9_CDU_CSU_Auernhammer_ID191406900_22.02.2018.csv
25,Die Digitalisierung ist eine Herausforderung und eine Chance.,Agriculture,0,Agriculture,Agriculture,Agriculture,19014_Tagesordnungspunkt_9_CDU_CSU_Auernhammer_ID191406900_22.02.2018.csv
26,"Sie wird uns auch in der Pflanzenproduktion, in der Tierproduktion ermöglichen, effektiver, effizienter, moderner, ziel­orientierter und vor allem auch umweltfreundlicher zu produzieren.",Agriculture,0,Agriculture,Agriculture,Agriculture,19014_Tagesordnungspunkt_9_CDU_CSU_Auernhammer_ID191406900_22.02.2018.csv
27,Wir haben hier schon viel über das Thema Glyphosat diskutiert.,Agriculture,0,Agriculture,Agriculture,Agriculture,19014_Tagesordnungspunkt_9_CDU_CSU_Auernhammer_ID191406900_22.02.2018.csv
28,Warum ist Glyphosat so in Verruf gekommen?,Agriculture,0,Agriculture,Agriculture,Agriculture,19014_Tagesordnungspunkt_9_CDU_CSU_Auernhammer_ID191406900_22.02.2018.csv
29,Weil es flächenweise eingesetzt worden ist.,Agriculture,0,Agriculture,Agriculture,Agriculture,19014_Tagesordnungspunkt_9_CDU_CSU_Auernhammer_ID191406900_22.02.2018.csv
30,"Heute gibt es moderne Technologien, bei denen mir der Satellit sagt, an welcher Stelle auf dem Feld zum Beispiel die sogenannte Gemeine Quecke steht.",Agriculture,0,Agriculture,Agriculture,Agriculture,19014_Tagesordnungspunkt_9_CDU_CSU_Auernhammer_ID191406900_22.02.2018.csv
31,"So kann ich mit dem Pflanzenschutzgerät hinfahren und muss die Pflanze nur so bekämpfen, wie es eigentlich notwendig ist.",Agriculture,0,Agriculture,Agriculture,Agriculture,19014_Tagesordnungspunkt_9_CDU_CSU_Auernhammer_ID191406900_22.02.2018.csv
32,"Das ist die große Chance, die wir durch die Digitalisierung in der Landwirtschaft haben.",Agriculture,0,Agriculture,Agriculture,Agriculture,19014_Tagesordnungspunkt_9_CDU_CSU_Auernhammer_ID191406900_22.02.2018.csv
33,"Dieses gemeinsam auf den Weg zu bringen, dieses gemeinsam hier im Deutschen Bundestag zu begleiten, ist, glaube ich, unser aller Aufgabe.",Agriculture,0,Agriculture,Agriculture,Agriculture,19014_Tagesordnungspunkt_9_CDU_CSU_Auernhammer_ID191406900_22.02.2018.csv
34,Ich bedanke mich für die Aufmerksamkeit.,*,0,Agriculture,Agriculture,Agriculture,19014_Tagesordnungspunkt_9_CDU_CSU_Auernhammer_ID191406900_22.02.2018.csv
35,Vielen Dank. – Jetzt spricht Dr.,*,0,Agriculture,Agriculture,Agriculture,19014_Tagesordnungspunkt_9_CDU_CSU_Auernhammer_ID191406900_22.02.2018.csv
36,"Frauke Petry, fraktionslose Abgeordnete.",*,0,Agriculture,Agriculture,Agriculture,19014_Tagesordnungspunkt_9_CDU_CSU_Auernhammer_ID191406900_22.02.2018.csv
