,text,label_gold,segment_id,label_bert,label_parlbert,label_svm,speech_id
0,Herr Präsident!,*,0,Labor,Labor,Labor,19018_Tagesordnungspunkt_17_CDU_CSU_Whittaker_ID191804100_02.03.2018.csv
1,Werte Kollegen!,*,0,Labor,Labor,Labor,19018_Tagesordnungspunkt_17_CDU_CSU_Whittaker_ID191804100_02.03.2018.csv
2,"Wenn ein Mensch arbeitslos wird, dann ist das immer eine persönliche Tragödie; da gebe ich der grünen Fraktion recht.",Labor,0,Labor,Labor,Labor,19018_Tagesordnungspunkt_17_CDU_CSU_Whittaker_ID191804100_02.03.2018.csv
3,"Wer arbeitslos ist, der fühlt sich ausgegrenzt.",Labor,0,Labor,Labor,Labor,19018_Tagesordnungspunkt_17_CDU_CSU_Whittaker_ID191804100_02.03.2018.csv
4,"Wer arbeitslos bleibt, der fühlt sich aufgegeben.",Labor,0,Labor,Labor,Labor,19018_Tagesordnungspunkt_17_CDU_CSU_Whittaker_ID191804100_02.03.2018.csv
5,"Ob jemand arbeitslos bleibt, hängt meistens von den persönlichen Umständen des Betroffenen ab.",Labor,0,Labor,Labor,Labor,19018_Tagesordnungspunkt_17_CDU_CSU_Whittaker_ID191804100_02.03.2018.csv
6,"Fortgeschrittenes Alter, mangelnde Sprachkenntnisse, fehlende Berufsausbildung, gesundheitliche Probleme: Die Liste ist lang, und die Gründe sind immer individuell.",Labor,0,Labor,Labor,Labor,19018_Tagesordnungspunkt_17_CDU_CSU_Whittaker_ID191804100_02.03.2018.csv
7,"Bei der Problembeschreibung sind wir uns also einig, Frau Müller-Gemmeke.",Labor,1,Labor,Labor,Labor,19018_Tagesordnungspunkt_17_CDU_CSU_Whittaker_ID191804100_02.03.2018.csv
8,"Wenn die Probleme individuell sind, dann verstehe ich aber nicht, warum Sie diese ausgerechnet mit einer Einheitslösung beheben wollen.",Labor,1,Labor,Labor,Labor,19018_Tagesordnungspunkt_17_CDU_CSU_Whittaker_ID191804100_02.03.2018.csv
9,"Ich finde, Sie machen mit Ihrem Vorschlag eines sozialen Arbeitsmarktes drei kapitale Fehler:
Erstens.",Macroeconomics,1,Labor,Labor,Labor,19018_Tagesordnungspunkt_17_CDU_CSU_Whittaker_ID191804100_02.03.2018.csv
10,Sie sind mit Ihrer Forderung völlig maßlos.,Macroeconomics,1,Labor,Labor,Labor,19018_Tagesordnungspunkt_17_CDU_CSU_Whittaker_ID191804100_02.03.2018.csv
11,"Sie fordern einen sozialen Arbeitsmarkt für Menschen, die älter als 25 Jahre sind und seit mehr als zwei Jahren keine Arbeit haben.",Macroeconomics,1,Labor,Labor,Labor,19018_Tagesordnungspunkt_17_CDU_CSU_Whittaker_ID191804100_02.03.2018.csv
12,Laut Bundesagentur für Arbeit sind das 479 000 Menschen.,Macroeconomics,1,Labor,Labor,Labor,19018_Tagesordnungspunkt_17_CDU_CSU_Whittaker_ID191804100_02.03.2018.csv
13,"Das ist mehr als die Hälfte aller Langzeitarbeitslosen und weit mehr als die Anzahl langzeitarbeitsloser Menschen, die in einen sozialen Arbeitsmarkt aufzunehmen uns alle Experten bisher angeraten haben.",Macroeconomics,1,Labor,Labor,Labor,19018_Tagesordnungspunkt_17_CDU_CSU_Whittaker_ID191804100_02.03.2018.csv
14,"Das Institut für Arbeitsmarkt- und Berufsforschung kommt in seinen Analysen zu folgendem Schluss: Maximal 300 000 Menschen, wenn überhaupt, kommen für einen sozialen Arbeitsmarkt infrage.",Macroeconomics,1,Labor,Labor,Labor,19018_Tagesordnungspunkt_17_CDU_CSU_Whittaker_ID191804100_02.03.2018.csv
15,Diese Einschätzung ist eine Maximalforderung.,Macroeconomics,1,Labor,Labor,Labor,19018_Tagesordnungspunkt_17_CDU_CSU_Whittaker_ID191804100_02.03.2018.csv
16,In der Vergangenheit hat das IAB diese Zahl eher bei 100 000 bis 200 000 Menschen eingegrenzt.,Macroeconomics,1,Labor,Labor,Labor,19018_Tagesordnungspunkt_17_CDU_CSU_Whittaker_ID191804100_02.03.2018.csv
17,"Damit ist für mich und für uns als Union klar: Mit Ihrer Forderung lassen Sie Menschen fallen, die einen Job finden könnten.",Labor,1,Labor,Labor,Labor,19018_Tagesordnungspunkt_17_CDU_CSU_Whittaker_ID191804100_02.03.2018.csv
18,"Stattdessen werden sie in ein System gesperrt, aus dem sie nur schwer wieder herauskommen.",Labor,1,Labor,Labor,Labor,19018_Tagesordnungspunkt_17_CDU_CSU_Whittaker_ID191804100_02.03.2018.csv
19,"Das ist nicht meine Einzelmeinung, sondern das sehen auch andere so, zum Beispiel der Volkswirt Karl ­Brenke vom Deutschen Institut für Wirtschaftsforschung.",Labor,1,Labor,Labor,Labor,19018_Tagesordnungspunkt_17_CDU_CSU_Whittaker_ID191804100_02.03.2018.csv
20,"Er sagt – ich zitiere –: Viele würden sich dann wie bei den Arbeitsbeschaffungsmaßnahmen in „einer trügerischen Sicherheit wiegen, erst einmal untergekommen zu sein, und sich nicht mehr eine richtige Arbeit suchen“.",Labor,1,Labor,Labor,Labor,19018_Tagesordnungspunkt_17_CDU_CSU_Whittaker_ID191804100_02.03.2018.csv
21,"Herr Whittaker, erlauben Sie eine Zwischenfrage des Kollegen Kurth aus der Fraktion Bündnis 90/Die Grünen?",*,1,Labor,Labor,Labor,19018_Tagesordnungspunkt_17_CDU_CSU_Whittaker_ID191804100_02.03.2018.csv
22,Das sorgt immer für Erhellung.,*,2,Labor,Labor,Labor,19018_Tagesordnungspunkt_17_CDU_CSU_Whittaker_ID191804100_02.03.2018.csv
23,"Das ist aber nett, Herr Whittaker. – Ich möchte klarstellen, dass wir nicht alle Personen im Auge haben, die länger als zwei Jahre arbeitslos sind, sondern dass die fehlende Perspektive auf dem Arbeitsmarkt, also das Vorhandensein von sogenannten Vermittlungshemmnissen und Einschränkungen, ein zentrales Kriterium für das Konzept ist, das wir an dieser Stelle vorschlagen.",Labor,2,Labor,Labor,Labor,19018_Tagesordnungspunkt_17_CDU_CSU_Whittaker_ID191804100_02.03.2018.csv
24,"Insofern kann auch das zuletzt von Ihnen genannte Argument, das Sie zitiert haben, gar nicht greifen; denn der sogenannte Lock-in-Effekt, dieses Sich-Einrichten in der geförderten Beschäftigung, anstatt eine – in Anführungszeichen – richtige Stelle zu suchen, träfe ja nur auf diejenigen Personen zu, die auch eine Perspektive auf dem ersten Arbeitsmarkt haben.",Labor,2,Labor,Labor,Labor,19018_Tagesordnungspunkt_17_CDU_CSU_Whittaker_ID191804100_02.03.2018.csv
25,"Das, was wir als sozialen Arbeitsmarkt bezeichnen, richtet sich aber gezielt und erkennbar genau an die Personengruppe, die auf absehbare Zeit gar keine Chance hat, in den ersten Arbeitsmarkt zu kommen.",Labor,2,Labor,Labor,Labor,19018_Tagesordnungspunkt_17_CDU_CSU_Whittaker_ID191804100_02.03.2018.csv
26,"Daher rechtfertigen wir auch den sogenannten Passiv-Aktiv-Transfer, also das Auszahlen des Arbeitslosengeldes II und der Kosten der Unterkunft als Lohnkostenzuschuss.",Labor,2,Labor,Labor,Labor,19018_Tagesordnungspunkt_17_CDU_CSU_Whittaker_ID191804100_02.03.2018.csv
27,"Mich würde viel mehr interessieren, wie die Formulierung im Koalitionsvertrag zu verstehen ist, die Sie dort gewählt haben.",Labor,2,Labor,Labor,Labor,19018_Tagesordnungspunkt_17_CDU_CSU_Whittaker_ID191804100_02.03.2018.csv
28,Sie wollen den Ländern den Passiv-Aktiv-Transfer ermöglichen.,Labor,2,Labor,Labor,Labor,19018_Tagesordnungspunkt_17_CDU_CSU_Whittaker_ID191804100_02.03.2018.csv
29,"Warum steht denn dort nicht, dass der Bund den Passiv-Aktiv-Transfer mit den Leistungen übernimmt?",Labor,2,Labor,Labor,Labor,19018_Tagesordnungspunkt_17_CDU_CSU_Whittaker_ID191804100_02.03.2018.csv
30,Das steht da nämlich nicht.,Labor,2,Labor,Labor,Labor,19018_Tagesordnungspunkt_17_CDU_CSU_Whittaker_ID191804100_02.03.2018.csv
31,"Also, was darunter zu verstehen ist und was wir den Ländern ermöglichen werden, wird der Gesetzgeber in diesem Plenum in seiner Weisheit genauer entscheiden.",Labor,2,Labor,Labor,Labor,19018_Tagesordnungspunkt_17_CDU_CSU_Whittaker_ID191804100_02.03.2018.csv
32,Darum können wir im Ausschuss gerne miteinander ringen.,Labor,2,Labor,Labor,Labor,19018_Tagesordnungspunkt_17_CDU_CSU_Whittaker_ID191804100_02.03.2018.csv
33,"Ein weiterer Punkt ist: Wissen Sie, Herr Kurth, Sie schreiben in Ihrem Antrag, dass Sie all jenen, die über 25 Jahre alt und länger als 24 Monate arbeitslos sind, einen Zugang zum sozialen Arbeitsmarkt eröffnen wollen.",Labor,2,Labor,Labor,Labor,19018_Tagesordnungspunkt_17_CDU_CSU_Whittaker_ID191804100_02.03.2018.csv
34,Dann schreiben Sie etwas nebulös: „ohne absehbare Perspektive“.,Labor,2,Labor,Labor,Labor,19018_Tagesordnungspunkt_17_CDU_CSU_Whittaker_ID191804100_02.03.2018.csv
35,"Aber Sie haben in keiner Weise definiert, was denn diese Perspektive genau bedeutet.",Labor,2,Labor,Labor,Labor,19018_Tagesordnungspunkt_17_CDU_CSU_Whittaker_ID191804100_02.03.2018.csv
36,"Da waren die Experten, die ich gerade zitiert habe, schon wesentlich weiter als Sie.",Labor,2,Labor,Labor,Labor,19018_Tagesordnungspunkt_17_CDU_CSU_Whittaker_ID191804100_02.03.2018.csv
37,"Gerade von Ihnen, Herr Kurth, der im Ausschuss immer wieder zeigt, wie detailverliebt er ist, hätte ich wenigstens erwartet, dass in diesem Antrag konkret steht, was ich unter „ohne Perspektive“ zu verstehen habe.",Labor,2,Labor,Labor,Labor,19018_Tagesordnungspunkt_17_CDU_CSU_Whittaker_ID191804100_02.03.2018.csv
38,"Das hier ist ein dünnes, sechsziffriges Forderungskatalögchen, das eigentlich die Beratung im Plenum nicht wert ist.",Labor,2,Labor,Labor,Labor,19018_Tagesordnungspunkt_17_CDU_CSU_Whittaker_ID191804100_02.03.2018.csv
39,Aber gut.,Labor,2,Labor,Labor,Labor,19018_Tagesordnungspunkt_17_CDU_CSU_Whittaker_ID191804100_02.03.2018.csv
40,"Wir als Union wollen, dass die Menschen einen Weg in den Arbeitsmarkt finden und ihr Leben wieder selber gestalten können.",Labor,2,Labor,Labor,Labor,19018_Tagesordnungspunkt_17_CDU_CSU_Whittaker_ID191804100_02.03.2018.csv
41,Mit Ihren anvisierten knapp 500 000 Personen schießen Sie leider weit über das Ziel hinaus.,Labor,2,Labor,Labor,Labor,19018_Tagesordnungspunkt_17_CDU_CSU_Whittaker_ID191804100_02.03.2018.csv
42,Zweitens.,Labor,2,Labor,Labor,Labor,19018_Tagesordnungspunkt_17_CDU_CSU_Whittaker_ID191804100_02.03.2018.csv
43,Sie schießen nicht nur über das Ziel hinaus.,Labor,2,Labor,Labor,Labor,19018_Tagesordnungspunkt_17_CDU_CSU_Whittaker_ID191804100_02.03.2018.csv
44,"Sie verfehlen es, finde ich, deutlich.",Labor,2,Labor,Labor,Labor,19018_Tagesordnungspunkt_17_CDU_CSU_Whittaker_ID191804100_02.03.2018.csv
45,Die Grünen haben immer gesagt – das habe ich stets nachvollziehen können –: Qualifizierung vor Arbeitsplatzvermittlung.,Labor,2,Labor,Labor,Labor,19018_Tagesordnungspunkt_17_CDU_CSU_Whittaker_ID191804100_02.03.2018.csv
46,Das ist selbstverständlich.,Labor,2,Labor,Labor,Labor,19018_Tagesordnungspunkt_17_CDU_CSU_Whittaker_ID191804100_02.03.2018.csv
47,"Wer keinen Beruf gelernt hat, hat es schwerer, einen Job zu finden.",Labor,2,Labor,Labor,Labor,19018_Tagesordnungspunkt_17_CDU_CSU_Whittaker_ID191804100_02.03.2018.csv
48,Das betrifft immerhin die Hälfte aller Langzeitarbeitslosen.,Labor,2,Labor,Labor,Labor,19018_Tagesordnungspunkt_17_CDU_CSU_Whittaker_ID191804100_02.03.2018.csv
49,"Aber dann müssen wir doch dafür sorgen, dass ein 25-jähriger Arbeitsloser einen Beruf erlernt.",Labor,2,Labor,Labor,Labor,19018_Tagesordnungspunkt_17_CDU_CSU_Whittaker_ID191804100_02.03.2018.csv
50,Sie hingegen wollen diesen 25-Jährigen auf dem sozialen Arbeitsmarkt beschäftigen.,Labor,2,Labor,Labor,Labor,19018_Tagesordnungspunkt_17_CDU_CSU_Whittaker_ID191804100_02.03.2018.csv
51,"Anstatt diesem Menschen die Tür zum Arbeitsmarkt zu öffnen, schlagen Sie diese Tür zu.",Labor,2,Labor,Labor,Labor,19018_Tagesordnungspunkt_17_CDU_CSU_Whittaker_ID191804100_02.03.2018.csv
52,"Was für ein verheerendes Signal geben Sie damit diesem 25-Jährigen, der dann sein ganzes Berufsleben nur noch Helfertätigkeiten verrichten kann!",Labor,2,Labor,Labor,Labor,19018_Tagesordnungspunkt_17_CDU_CSU_Whittaker_ID191804100_02.03.2018.csv
53,Drittens.,Labor,2,Labor,Labor,Labor,19018_Tagesordnungspunkt_17_CDU_CSU_Whittaker_ID191804100_02.03.2018.csv
54,"Sie schlagen – das, meine werten Kollegen, ist das eigentlich Traurige an diesem ganzen Antrag – nicht nur den 479 000 Langzeitarbeitslosen die Tür zu, die nach Ihrem Programm keine Chance mehr auf dem Arbeitsmarkt haben, sondern Sie schlagen auch den anderen 400 000 Langzeitarbeitslosen die Türe zu.",Labor,2,Labor,Labor,Labor,19018_Tagesordnungspunkt_17_CDU_CSU_Whittaker_ID191804100_02.03.2018.csv
55,Diese Menschen haben Sie nämlich leider nicht im Blick.,Labor,2,Labor,Labor,Labor,19018_Tagesordnungspunkt_17_CDU_CSU_Whittaker_ID191804100_02.03.2018.csv
56,"Sie vergessen gerade die Menschen, die in absehbarer Zeit eine Arbeit finden könnten.",Labor,2,Labor,Labor,Labor,19018_Tagesordnungspunkt_17_CDU_CSU_Whittaker_ID191804100_02.03.2018.csv
57,Für diese Menschen haben Sie kein Geld übrig.,Labor,2,Labor,Labor,Labor,19018_Tagesordnungspunkt_17_CDU_CSU_Whittaker_ID191804100_02.03.2018.csv
58,"Wir als Union wissen, dass wir mehr Geld ausgeben müssen, um Menschen in Arbeit zu bringen.",Labor,2,Labor,Labor,Labor,19018_Tagesordnungspunkt_17_CDU_CSU_Whittaker_ID191804100_02.03.2018.csv
59,Das ist keine Frage.,Labor,2,Labor,Labor,Labor,19018_Tagesordnungspunkt_17_CDU_CSU_Whittaker_ID191804100_02.03.2018.csv
60,Das haben wir übrigens auch mit der SPD verabredet.,Labor,2,Labor,Labor,Labor,19018_Tagesordnungspunkt_17_CDU_CSU_Whittaker_ID191804100_02.03.2018.csv
61,"Aber ich bin der Ansicht, dass wir dieses Geld dazu nutzen sollten, Menschen in Arbeit zu bringen, damit sie finanziell wieder unabhängig werden.",Labor,2,Labor,Labor,Labor,19018_Tagesordnungspunkt_17_CDU_CSU_Whittaker_ID191804100_02.03.2018.csv
62,Ihr sozialer Arbeitsmarkt hingegen macht Menschen dauerhaft zu Sozialfällen.,Labor,2,Labor,Labor,Labor,19018_Tagesordnungspunkt_17_CDU_CSU_Whittaker_ID191804100_02.03.2018.csv
63,Sie manövrieren sie in eine Sackgasse.,Labor,2,Labor,Labor,Labor,19018_Tagesordnungspunkt_17_CDU_CSU_Whittaker_ID191804100_02.03.2018.csv
64,Wir als Union wollen den Menschen Wege aufzeigen.,Labor,2,Labor,Labor,Labor,19018_Tagesordnungspunkt_17_CDU_CSU_Whittaker_ID191804100_02.03.2018.csv
65,"Um das zu schaffen, sollten wir Langzeitarbeitslose darin unterstützen, eine Berufsausbildung zu machen.",Labor,2,Labor,Labor,Labor,19018_Tagesordnungspunkt_17_CDU_CSU_Whittaker_ID191804100_02.03.2018.csv
66,"Ein Land wie Deutschland braucht keine Hilfskräfte, sondern wir brauchen Fachkräfte.",Labor,2,Labor,Labor,Labor,19018_Tagesordnungspunkt_17_CDU_CSU_Whittaker_ID191804100_02.03.2018.csv
67,"Um das zu schaffen, brauchen wir eine intensivere persönliche Betreuung.",Labor,2,Labor,Labor,Labor,19018_Tagesordnungspunkt_17_CDU_CSU_Whittaker_ID191804100_02.03.2018.csv
68,Die Union hat immer von einer Treppe in den ersten Arbeitsmarkt gesprochen.,Labor,2,Labor,Labor,Labor,19018_Tagesordnungspunkt_17_CDU_CSU_Whittaker_ID191804100_02.03.2018.csv
69,"Eine solche Treppe müssen wir auch für die Berufsausbildung bauen, um so die Menschen Schritt für Schritt zu befähigen.",Labor,2,Labor,Labor,Labor,19018_Tagesordnungspunkt_17_CDU_CSU_Whittaker_ID191804100_02.03.2018.csv
70,"Mir ist es wichtig, dass wir uns um jeden Einzelnen kümmern.",Labor,2,Labor,Labor,Labor,19018_Tagesordnungspunkt_17_CDU_CSU_Whittaker_ID191804100_02.03.2018.csv
71,"Dass es sich lohnt, diesen Weg zu gehen, zeigte mir neulich wieder ein Fall aus einem Berliner Jobcenter.",Labor,2,Labor,Labor,Labor,19018_Tagesordnungspunkt_17_CDU_CSU_Whittaker_ID191804100_02.03.2018.csv
72,"Herr Kollege, kommen Sie bitte zum Schluss.",Labor,2,Labor,Labor,Labor,19018_Tagesordnungspunkt_17_CDU_CSU_Whittaker_ID191804100_02.03.2018.csv
73,Dort hat ein älterer Mann nach zwölf Jahren Arbeitslosigkeit wieder einen festen Vollzeitjob als Gärtner gefunden.,Labor,2,Labor,Labor,Labor,19018_Tagesordnungspunkt_17_CDU_CSU_Whittaker_ID191804100_02.03.2018.csv
74,Er arbeitet dort immer noch.,Labor,2,Labor,Labor,Labor,19018_Tagesordnungspunkt_17_CDU_CSU_Whittaker_ID191804100_02.03.2018.csv
75,Herr Kollege Whittaker.,Labor,2,Labor,Labor,Labor,19018_Tagesordnungspunkt_17_CDU_CSU_Whittaker_ID191804100_02.03.2018.csv
76,"Ich weiß, das ist ein Ausnahmefall.",Labor,2,Labor,Labor,Labor,19018_Tagesordnungspunkt_17_CDU_CSU_Whittaker_ID191804100_02.03.2018.csv
77,"Ich möchte, dass es der Regelfall wird.",Labor,2,Labor,Labor,Labor,19018_Tagesordnungspunkt_17_CDU_CSU_Whittaker_ID191804100_02.03.2018.csv
78,"Ich bedanke mich herzlich, Herr Kollege Whittaker. – Als Nächstes die Abgeordnete Kerstin Tack für die Sozialdemokratie.",*,2,Labor,Labor,Labor,19018_Tagesordnungspunkt_17_CDU_CSU_Whittaker_ID191804100_02.03.2018.csv
