,text,label_gold,segment_id,label_bert,label_parlbert,label_svm,speech_id
0,Sehr geehrter Herr Präsident!,*,0,Labor,Labor,Labor,19018_Tagesordnungspunkt_17_GRUENE_Mueller-Gemmeke_ID191804000_02.03.2018.csv
1,Sehr geehrte Kolleginnen und Kollegen!,*,0,Labor,Labor,Labor,19018_Tagesordnungspunkt_17_GRUENE_Mueller-Gemmeke_ID191804000_02.03.2018.csv
2,Sehr geehrte Damen und Herren!,*,0,Labor,Labor,Labor,19018_Tagesordnungspunkt_17_GRUENE_Mueller-Gemmeke_ID191804000_02.03.2018.csv
3,"Erwerbsarbeit sorgt nicht nur für Einkommen, sondern bedeutet mehr für die Menschen: gesellschaftliche Teilhabe, soziale Kontakte, Würde, Anerkennung, Wertschätzung.",Social Welfare,0,Labor,Labor,Labor,19018_Tagesordnungspunkt_17_GRUENE_Mueller-Gemmeke_ID191804000_02.03.2018.csv
4,"Deshalb darf ein Sozialstaat niemanden alleinlassen, niemanden vergessen und auch niemanden aufgeben.",Social Welfare,0,Labor,Labor,Labor,19018_Tagesordnungspunkt_17_GRUENE_Mueller-Gemmeke_ID191804000_02.03.2018.csv
5,Alle Menschen brauchen Chancen und Perspektiven.,Social Welfare,0,Labor,Labor,Labor,19018_Tagesordnungspunkt_17_GRUENE_Mueller-Gemmeke_ID191804000_02.03.2018.csv
6,Die Realität sieht aber anders aus.,Social Welfare,0,Labor,Labor,Labor,19018_Tagesordnungspunkt_17_GRUENE_Mueller-Gemmeke_ID191804000_02.03.2018.csv
7,"Die Beschäftigtenquote ist hoch, und doch hat sich die Langzeitarbeitslosenzahl verfestigt.",Social Welfare,0,Labor,Labor,Labor,19018_Tagesordnungspunkt_17_GRUENE_Mueller-Gemmeke_ID191804000_02.03.2018.csv
8,"Wenn Menschen aber dauerhaft vom Arbeitsmarkt ausgeschlossen sind, dann hat das Folgen.",Social Welfare,0,Labor,Labor,Labor,19018_Tagesordnungspunkt_17_GRUENE_Mueller-Gemmeke_ID191804000_02.03.2018.csv
9,Das macht auch etwas mit den Menschen.,Social Welfare,0,Labor,Labor,Labor,19018_Tagesordnungspunkt_17_GRUENE_Mueller-Gemmeke_ID191804000_02.03.2018.csv
10,"Sie werden immer mehr an den Rand der Gesellschaft gedrängt, und viele empfinden das auch so.",Social Welfare,0,Labor,Labor,Labor,19018_Tagesordnungspunkt_17_GRUENE_Mueller-Gemmeke_ID191804000_02.03.2018.csv
11,Darauf geben die bisherigen arbeitsmarktpolitischen Instrumente keine Antwort.,Social Welfare,0,Labor,Labor,Labor,19018_Tagesordnungspunkt_17_GRUENE_Mueller-Gemmeke_ID191804000_02.03.2018.csv
12,Genau das muss sich ändern.,Social Welfare,0,Labor,Labor,Labor,19018_Tagesordnungspunkt_17_GRUENE_Mueller-Gemmeke_ID191804000_02.03.2018.csv
13,Es muss Schluss sein mit kurzfristigen Programmen.,Social Welfare,0,Labor,Labor,Labor,19018_Tagesordnungspunkt_17_GRUENE_Mueller-Gemmeke_ID191804000_02.03.2018.csv
14,"Auch die Unterscheidung zwischen erstem, zweitem und gar drittem Arbeitsmarkt ist nicht die Lösung.",Social Welfare,0,Labor,Labor,Labor,19018_Tagesordnungspunkt_17_GRUENE_Mueller-Gemmeke_ID191804000_02.03.2018.csv
15,Notwendig ist endlich ein Perspektivwechsel hin zu einem Arbeitsmarkt für alle.,Social Welfare,0,Labor,Labor,Labor,19018_Tagesordnungspunkt_17_GRUENE_Mueller-Gemmeke_ID191804000_02.03.2018.csv
16,"Genau darüber haben wir auch bei den Jamaika-Sondierungen verhandelt, und jetzt steht es im Koalitionsvertrag von Union und SPD.",Social Welfare,0,Labor,Labor,Labor,19018_Tagesordnungspunkt_17_GRUENE_Mueller-Gemmeke_ID191804000_02.03.2018.csv
17,Aber viele Fragen bleiben offen.,Social Welfare,0,Labor,Labor,Labor,19018_Tagesordnungspunkt_17_GRUENE_Mueller-Gemmeke_ID191804000_02.03.2018.csv
18,"Die Idee vom sozialen Arbeitsmarkt funktioniert jedoch nur, wenn auch tatsächlich die Rahmenbedingungen stimmen.",Social Welfare,0,Labor,Labor,Labor,19018_Tagesordnungspunkt_17_GRUENE_Mueller-Gemmeke_ID191804000_02.03.2018.csv
19,Deshalb geben wir Ihnen mit unserem heute vorliegenden Antrag die Anforderungen an einen sozialen Arbeitsmarkt mit auf den Weg.,Social Welfare,0,Labor,Labor,Labor,19018_Tagesordnungspunkt_17_GRUENE_Mueller-Gemmeke_ID191804000_02.03.2018.csv
20,Erstens.,Social Welfare,0,Labor,Labor,Labor,19018_Tagesordnungspunkt_17_GRUENE_Mueller-Gemmeke_ID191804000_02.03.2018.csv
21,"Die geförderte Beschäftigung muss zu den Menschen passen, ihren Interessen, Fähigkeiten und auch Stärken entsprechen.",Social Welfare,0,Labor,Labor,Labor,19018_Tagesordnungspunkt_17_GRUENE_Mueller-Gemmeke_ID191804000_02.03.2018.csv
22,Deshalb muss das freiwillig sein.,Social Welfare,0,Labor,Labor,Labor,19018_Tagesordnungspunkt_17_GRUENE_Mueller-Gemmeke_ID191804000_02.03.2018.csv
23,Zwang und Sanktionen darf es nicht geben.,Social Welfare,0,Labor,Labor,Labor,19018_Tagesordnungspunkt_17_GRUENE_Mueller-Gemmeke_ID191804000_02.03.2018.csv
24,Zweitens.,Social Welfare,0,Labor,Labor,Labor,19018_Tagesordnungspunkt_17_GRUENE_Mueller-Gemmeke_ID191804000_02.03.2018.csv
25,"Im Koalitionsvertrag steht zu Recht, dass der soziale Arbeitsmarkt gemeinnützigen und auch gewerblichen Betrieben offensteht.",Social Welfare,0,Labor,Labor,Labor,19018_Tagesordnungspunkt_17_GRUENE_Mueller-Gemmeke_ID191804000_02.03.2018.csv
26,"Es fehlt jedoch, dass die bisherigen Kriterien „zusätzlich“, „im öffentlichen Interesse“ und „wettbewerbsneutral“ entfallen.",Social Welfare,0,Labor,Labor,Labor,19018_Tagesordnungspunkt_17_GRUENE_Mueller-Gemmeke_ID191804000_02.03.2018.csv
27,"Das ist aber zentral und wichtig, damit sich wirklich alle Betriebe an der sozialen Integration von langzeitarbeitslosen Menschen beteiligen können.",Labor,0,Labor,Labor,Labor,19018_Tagesordnungspunkt_17_GRUENE_Mueller-Gemmeke_ID191804000_02.03.2018.csv
28,Hier müssen Sie unbedingt nachbessern.,Labor,0,Labor,Labor,Labor,19018_Tagesordnungspunkt_17_GRUENE_Mueller-Gemmeke_ID191804000_02.03.2018.csv
29,"Drittens – das ist ganz wichtig –: Damit der Arbeitsmarkt tatsächlich für alle offensteht, muss die geförderte Beschäftigung zu einem dauerhaften Angebot werden.",Labor,0,Labor,Labor,Labor,19018_Tagesordnungspunkt_17_GRUENE_Mueller-Gemmeke_ID191804000_02.03.2018.csv
30,Das geht nur mit einem Passiv-Aktiv-Transfer.,Labor,0,Labor,Labor,Labor,19018_Tagesordnungspunkt_17_GRUENE_Mueller-Gemmeke_ID191804000_02.03.2018.csv
31,"Das heißt, die passiven Leistungen – Arbeitslosengeld II und die Kosten der Unterkunft – werden in einen Lohnkostenzuschuss umgewandelt; denn nur so wird statt Arbeitslosigkeit tatsächlich Erwerbsarbeit finanziert.",Labor,0,Labor,Labor,Labor,19018_Tagesordnungspunkt_17_GRUENE_Mueller-Gemmeke_ID191804000_02.03.2018.csv
32,Aber genau das steht nicht – zumindest nicht klar – im Koalitionsvertrag.,Labor,0,Labor,Labor,Labor,19018_Tagesordnungspunkt_17_GRUENE_Mueller-Gemmeke_ID191804000_02.03.2018.csv
33,"Da steht nur, dass der Eingliederungstitel jährlich um 1 Milliarde Euro aufgestockt wird.",Labor,0,Labor,Labor,Labor,19018_Tagesordnungspunkt_17_GRUENE_Mueller-Gemmeke_ID191804000_02.03.2018.csv
34,"Das ist aber gerade einmal die Summe, die den Jobcentern fehlt, weil der Verwaltungshaushalt chronisch unterfinanziert ist.",Labor,0,Labor,Labor,Labor,19018_Tagesordnungspunkt_17_GRUENE_Mueller-Gemmeke_ID191804000_02.03.2018.csv
35,"Ich kann nur sagen: Wenn ein sozialer Arbeitsmarkt ohne einen konsequenten Passiv-Aktiv-Transfer kommt, dann ist das nichts anderes als eine riesengroße Mogelpackung, und das wäre nicht akzeptabel.",Labor,0,Labor,Labor,Labor,19018_Tagesordnungspunkt_17_GRUENE_Mueller-Gemmeke_ID191804000_02.03.2018.csv
36,Jahrelange und verfestigte Arbeitslosigkeit darf es nicht geben.,Labor,0,Labor,Labor,Labor,19018_Tagesordnungspunkt_17_GRUENE_Mueller-Gemmeke_ID191804000_02.03.2018.csv
37,"Deshalb wollen wir Grünen eine solidarische Arbeitsmarktpolitik, einen Arbeitsmarkt für alle.",Labor,0,Labor,Labor,Labor,19018_Tagesordnungspunkt_17_GRUENE_Mueller-Gemmeke_ID191804000_02.03.2018.csv
38,"Nur das entspricht einer inklusiven Gesellschaft, die nicht mehr ausschließt, sondern die Würde der Menschen in den Mittelpunkt stellt, und genau daran werden wir Sie messen.",Labor,0,Labor,Labor,Labor,19018_Tagesordnungspunkt_17_GRUENE_Mueller-Gemmeke_ID191804000_02.03.2018.csv
39,Vielen Dank.,*,0,Labor,Labor,Labor,19018_Tagesordnungspunkt_17_GRUENE_Mueller-Gemmeke_ID191804000_02.03.2018.csv
40,"Herzlichen Dank, Frau Kollegin. – Als Nächstes erteile ich dem Kollegen Kai Whittaker von der CDU/CSU-Fraktion das Wort.",*,0,Labor,Labor,Labor,19018_Tagesordnungspunkt_17_GRUENE_Mueller-Gemmeke_ID191804000_02.03.2018.csv
