,text,label_gold,segment_id,label_bert,label_parlbert,label_svm,speech_id
0,Herr Präsident!,*,0,Labor,Labor,Labor,19018_Tagesordnungspunkt_17_AfD_Springer_ID191804500_02.03.2018.csv
1,Meine sehr verehrten Damen und Herren!,*,0,Labor,Labor,Labor,19018_Tagesordnungspunkt_17_AfD_Springer_ID191804500_02.03.2018.csv
2,"Der vorliegende Antrag der Grünen erinnert mich ganz stark an die berühmten Arbeitsbeschaffungsmaßnahmen, durch die Arbeit bis 2012 staatlich subventioniert wurde, mit teilweise grotesken Folgen.",Labor,0,Labor,Labor,Labor,19018_Tagesordnungspunkt_17_AfD_Springer_ID191804500_02.03.2018.csv
3,"So hieß es beispielsweise für ABM-Kräfte in Tierheimen: Tiere nicht füttern, nur streicheln!",Labor,0,Labor,Labor,Labor,19018_Tagesordnungspunkt_17_AfD_Springer_ID191804500_02.03.2018.csv
4,"– So sollte verhindert werden, dass durch die staatlich subventionierte Beschäftigung reguläre Jobs verdrängt werden.",Labor,0,Labor,Labor,Labor,19018_Tagesordnungspunkt_17_AfD_Springer_ID191804500_02.03.2018.csv
5,Auch die Grünen wollen in ihrem Antrag staatlich subventionierte Beschäftigungsmöglichkeiten schaffen.,Labor,0,Labor,Labor,Labor,19018_Tagesordnungspunkt_17_AfD_Springer_ID191804500_02.03.2018.csv
6,"Diese sollen Langzeitarbeitslosen offenstehen, die länger als 24 Monate arbeitslos sind.",Labor,0,Labor,Labor,Labor,19018_Tagesordnungspunkt_17_AfD_Springer_ID191804500_02.03.2018.csv
7,Die Grünen nennen das „Sozialer Arbeitsmarkt“.,Labor,0,Labor,Labor,Labor,19018_Tagesordnungspunkt_17_AfD_Springer_ID191804500_02.03.2018.csv
8,Groteske Folgen wie beim ABM-Programm wollen die Grünen jedoch vermeiden.,Labor,0,Labor,Labor,Labor,19018_Tagesordnungspunkt_17_AfD_Springer_ID191804500_02.03.2018.csv
9,"Deshalb sagen sie, ihr sozialer Arbeitsmarkt soll explizit für alle Tätigkeiten in allen Betrieben offenstehen.",Labor,0,Labor,Labor,Labor,19018_Tagesordnungspunkt_17_AfD_Springer_ID191804500_02.03.2018.csv
10,"Ja, ginge es nach den Grünen, hätten wir bald staatlich subventionierte Jobs in direkter Konkurrenz zu bestehenden Arbeitsverhältnissen.",Labor,0,Labor,Labor,Labor,19018_Tagesordnungspunkt_17_AfD_Springer_ID191804500_02.03.2018.csv
11,Da frage ich Sie: Was bitte soll daran sozial sein?,Labor,0,Labor,Labor,Labor,19018_Tagesordnungspunkt_17_AfD_Springer_ID191804500_02.03.2018.csv
12,"Um die Langzeitarbeitslosen für Arbeitgeber besonders attraktiv zu machen, soll der Staat bis zu 100 Prozent der Lohnkosten tragen.",Labor,0,Labor,Labor,Labor,19018_Tagesordnungspunkt_17_AfD_Springer_ID191804500_02.03.2018.csv
13,"Hier müssten sogar die Wirklichkeitsverweigerer der Linken erkennen, dass dieses Programm vor allem Arbeitnehmer im Niedriglohnsektor aus ihren Jobs verdrängen wird.",Labor,0,Labor,Labor,Labor,19018_Tagesordnungspunkt_17_AfD_Springer_ID191804500_02.03.2018.csv
14,Es ist die Reise nach Jerusalem auf dem Arbeitsmarkt: Am Ende steht immer irgendjemand ohne Job da.,Labor,0,Labor,Labor,Labor,19018_Tagesordnungspunkt_17_AfD_Springer_ID191804500_02.03.2018.csv
15,"So stellt sich natürlich die Frage, was die Grünen zu diesem Unsinn bewegt.",Labor,0,Labor,Labor,Labor,19018_Tagesordnungspunkt_17_AfD_Springer_ID191804500_02.03.2018.csv
16,"Wer soll eigentlich gewinnen, wenn am Ende immer irgendjemand ohne Job dasteht?",Labor,0,Labor,Labor,Labor,19018_Tagesordnungspunkt_17_AfD_Springer_ID191804500_02.03.2018.csv
17,"Eine Antwort findet man im Antrag der Grünen nicht, wohl aber in einem Gesetzentwurf der Grünen aus dem Jahr 2012 mit dem Titel „Entwurf eines Gesetzes zur Einrichtung eines Sozialen Arbeitsmarktes“.",Labor,0,Labor,Labor,Labor,19018_Tagesordnungspunkt_17_AfD_Springer_ID191804500_02.03.2018.csv
18,"Darin heißt es – ich zitiere –:
Personen, deren Arbeitsverhältnis mit bis zu 100 Prozent förderfähig ist, müssen eine besonders komplexe Problemlage aufweisen.",Labor,0,Labor,Labor,Labor,19018_Tagesordnungspunkt_17_AfD_Springer_ID191804500_02.03.2018.csv
19,Darunter fallen den Grünen zufolge – auch das kann man dort nachlesen – Menschen mit schweren persönlichen Krisen und mit Migrationshintergrund.,Labor,0,Labor,Labor,Labor,19018_Tagesordnungspunkt_17_AfD_Springer_ID191804500_02.03.2018.csv
20,"Mir fallen dazu mehr als 1,5 Millionen Menschen ein, auf die genau diese Kriterien zutreffen, meine Damen und Herren.",Labor,0,Labor,Labor,Labor,19018_Tagesordnungspunkt_17_AfD_Springer_ID191804500_02.03.2018.csv
21,"Richtig: Es sind die Migranten, die im Zuge der von Merkel verursachten und von Ihnen allen beklatschen Asylkrise zu uns kamen
und die nun zu einer unerträglichen Last für unser Sozialsystem werden.",Labor,0,Labor,Labor,Labor,19018_Tagesordnungspunkt_17_AfD_Springer_ID191804500_02.03.2018.csv
22,"Schon im kommenden Jahr werden die meisten dieser Migranten als Langzeitarbeitslose in den Statistiken auftauchen und den Deutschen vor Augen führen, welches Unheil diese Bundesregierung über unser Land gebracht hat.",Labor,1,Labor,Labor,Labor,19018_Tagesordnungspunkt_17_AfD_Springer_ID191804500_02.03.2018.csv
23,"Um dieses Unheil zu kaschieren und die Arbeitslosenstatistiken zu beschönigen, soll nun ein sozialer Arbeitsmarkt her, der wahrscheinlich unzählige Arbeitnehmer im Niedriglohnsektor aus ihren Jobs drängen wird: Verkäufer, Wachdienstmitarbeiter, Taxifahrer, Reinigungskräfte und Paketboten, herausgedrängt durch Zuwanderer, deren Jobs auch noch mit unseren Steuergeldern staatlich subventioniert werden sollen.",Labor,1,Labor,Labor,Labor,19018_Tagesordnungspunkt_17_AfD_Springer_ID191804500_02.03.2018.csv
24,Das ist kein sozialer Arbeitsmarkt.,Labor,1,Labor,Labor,Labor,19018_Tagesordnungspunkt_17_AfD_Springer_ID191804500_02.03.2018.csv
25,"Das ist sozialer Sprengstoff, der das Potenzial hat, unsere Gesellschaft zu zerreißen.",Labor,1,Labor,Labor,Labor,19018_Tagesordnungspunkt_17_AfD_Springer_ID191804500_02.03.2018.csv
26,Der Verteilungskonflikt an der Essener Tafel ist ein erster Vorbote einer solchen zerrissenen Gesellschaft.,Labor,1,Labor,Labor,Labor,19018_Tagesordnungspunkt_17_AfD_Springer_ID191804500_02.03.2018.csv
27,"Dieses Risiko ist da, und dieses Risiko ist realistisch, selbst wenn der Antrag der Grünen heute nicht durchgeht.",Labor,1,Labor,Labor,Labor,19018_Tagesordnungspunkt_17_AfD_Springer_ID191804500_02.03.2018.csv
28,Denn im Koalitionsvertrag von CDU/CSU und SPD haben sich die Verursacher der Asylkrise bereits auf Folgendes beim Abbau der Langzeitarbeitslosigkeit verständigt: „4 Milliarden Euro zusätzlich für neue Chancen in einem sozialen Arbeitsmarkt“.,Labor,1,Labor,Labor,Labor,19018_Tagesordnungspunkt_17_AfD_Springer_ID191804500_02.03.2018.csv
29,"Meine Damen und Herren, im letzten Bundestag wären Sie damit geräuschlos durchgekommen.",Labor,1,Labor,Labor,Labor,19018_Tagesordnungspunkt_17_AfD_Springer_ID191804500_02.03.2018.csv
30,Diese Zeiten sind vorbei.,Labor,1,Labor,Labor,Labor,19018_Tagesordnungspunkt_17_AfD_Springer_ID191804500_02.03.2018.csv
31,Mit der AfD im Bundestag wird es keine staatlich subventionierten Jobs für Zuwanderer in direkter Konkurrenz zu deutschen Arbeitnehmern geben.,Labor,1,Labor,Labor,Labor,19018_Tagesordnungspunkt_17_AfD_Springer_ID191804500_02.03.2018.csv
32,Eine massenhafte Verdrängung deutscher Arbeiter durch Zuwanderer werden wir nicht zulassen.,Labor,1,Labor,Labor,Labor,19018_Tagesordnungspunkt_17_AfD_Springer_ID191804500_02.03.2018.csv
33,Hier im Deutschen Bundestag werden wir den kleinen Mann mit allen Mitteln gegen solche Pläne verteidigen.,Labor,1,Labor,Labor,Labor,19018_Tagesordnungspunkt_17_AfD_Springer_ID191804500_02.03.2018.csv
34,Die Alternative für Deutschland ist die parlamentarische Bürgerwehr für den kleinen Mann.,Labor,1,Labor,Labor,Labor,19018_Tagesordnungspunkt_17_AfD_Springer_ID191804500_02.03.2018.csv
35,"Herr Kollege Springer, Sie sind zu Ende und können sich setzen.",*,1,Labor,Labor,Labor,19018_Tagesordnungspunkt_17_AfD_Springer_ID191804500_02.03.2018.csv
36,"Ich möchte nur freundlicherweise darauf hinweisen, dass die AfD noch nicht über die absolute Mehrheit im Deutschen Bundestag verfügt.",*,1,Labor,Labor,Labor,19018_Tagesordnungspunkt_17_AfD_Springer_ID191804500_02.03.2018.csv
37,Als Nächster erhält für die Fraktion der Freien Demokraten der Kollege Pascal Kober das Wort.,*,1,Labor,Labor,Labor,19018_Tagesordnungspunkt_17_AfD_Springer_ID191804500_02.03.2018.csv
