,text,label_gold,segment_id,label_bert,label_parlbert,label_svm,speech_id
0,"Vielen Dank, Herr Präsident. – Ich muss zu einem ganz konkreten Sachverhalt nachfragen.",Labor,0,Labor,Labor,International,19018_Tagesordnungspunkt_17_GRUENE_Mueller-Gemmeke_ID191804300_02.03.2018.csv
1,Sie haben eben aus dem Koalitionsvertrag zitiert.,Labor,0,Labor,Labor,International,19018_Tagesordnungspunkt_17_GRUENE_Mueller-Gemmeke_ID191804300_02.03.2018.csv
2,"Vor dem Satz, den Sie gerade zitiert haben, steht, dass es einen ersten und einen sozialen Arbeitsmarkt geben soll, dass der Eingliederungstitel um jährlich 1 Milliarde Euro aufgestockt werden soll, dass eine Beteiligung von bis zu 150 000 Beschäftigten damit erreicht werden soll.",Labor,0,Labor,Labor,International,19018_Tagesordnungspunkt_17_GRUENE_Mueller-Gemmeke_ID191804300_02.03.2018.csv
3,"Der Satz, der vor dem von Ihnen zitierten Satz steht, lautet dann:
Wir ermöglichen außerdem den Passiv-Aktiv-Transfer in den Ländern.",Labor,0,Labor,Labor,International,19018_Tagesordnungspunkt_17_GRUENE_Mueller-Gemmeke_ID191804300_02.03.2018.csv
4,"Wenn Sie an dieser Stelle geschrieben hätten, dass Sie ihn auch in den Ländern ermöglichen wollen, dann könnte ich das verstehen.",Labor,0,Labor,Labor,International,19018_Tagesordnungspunkt_17_GRUENE_Mueller-Gemmeke_ID191804300_02.03.2018.csv
5,"Aber hier steht ganz klar, dass Sie im Bund den Eingliederungstitel erhöhen wollen und in den Ländern den Passiv-Aktiv-Transfer ermöglichen wollen.",Labor,0,Labor,Labor,International,19018_Tagesordnungspunkt_17_GRUENE_Mueller-Gemmeke_ID191804300_02.03.2018.csv
6,Vielleicht können Sie das noch einmal richtigstellen.,Labor,0,Labor,Labor,International,19018_Tagesordnungspunkt_17_GRUENE_Mueller-Gemmeke_ID191804300_02.03.2018.csv
7,"Dann haben wir das auch im Protokoll und wissen, dass wir uns immer wieder darauf berufen können, dass es auch im Bund den Passiv-Aktiv-Transfer geben wird.",Labor,0,Labor,Labor,International,19018_Tagesordnungspunkt_17_GRUENE_Mueller-Gemmeke_ID191804300_02.03.2018.csv
8,"Vielleicht können Sie uns dann noch sagen, ob es beim sozialen Arbeitsmarkt auch eine Übernahme von Overheadkosten geben soll, beispielsweise für die Beschäftigungsträger, und ob es – auch das ist ganz wichtig – eine professionelle Begleitung der Betriebe geben soll, wenn sie langzeitarbeitslose Menschen einstellen.",Labor,0,Labor,Labor,International,19018_Tagesordnungspunkt_17_GRUENE_Mueller-Gemmeke_ID191804300_02.03.2018.csv
9,"Sie wünschen zu antworten, Frau Tack?",*,0,Labor,Labor,International,19018_Tagesordnungspunkt_17_GRUENE_Mueller-Gemmeke_ID191804300_02.03.2018.csv
10,"– Bitte, dann haben Sie das Wort.",*,0,Labor,Labor,International,19018_Tagesordnungspunkt_17_GRUENE_Mueller-Gemmeke_ID191804300_02.03.2018.csv
