,text,label_gold,segment_id,label_bert,label_parlbert,label_svm,speech_id
0,Herr Präsident!,*,0,Labor,Labor,Labor,19018_Tagesordnungspunkt_17_FDP_Kober_ID191804600_02.03.2018.csv
1,Liebe Kolleginnen und Kollegen!,*,0,Labor,Labor,Labor,19018_Tagesordnungspunkt_17_FDP_Kober_ID191804600_02.03.2018.csv
2,So viele Menschen wie noch nie haben in unserem Land Arbeit.,Macroeconomics,0,Labor,Labor,Labor,19018_Tagesordnungspunkt_17_FDP_Kober_ID191804600_02.03.2018.csv
3,"Die Arbeitslosenzahlen sind auf einem historischen Tiefststand, und das ist gut so; darüber können wir uns freuen.",Macroeconomics,0,Labor,Labor,Labor,19018_Tagesordnungspunkt_17_FDP_Kober_ID191804600_02.03.2018.csv
4,"Diese Entwicklung ist nicht zuletzt durch die kluge und weitsichtige Wirtschafts-, Finanz- und Arbeitsmarktpolitik der christlich-liberalen Koalition nach der Finanzkrise 2007/2008 in Gang gesetzt worden.",Macroeconomics,0,Labor,Labor,Labor,19018_Tagesordnungspunkt_17_FDP_Kober_ID191804600_02.03.2018.csv
5,"Gleichzeitig erleben wir aber, dass nicht jeder von dieser positiven Entwicklung erfasst wird und nicht jedem der Sprung in den ersten Arbeitsmarkt gelingt, und das wiederum, obwohl viele Stellen unbesetzt sind, und zwar auch in den Bereichen, in denen es um angelernte, leicht erlernbare und einfache Tätigkeiten geht.",Macroeconomics,0,Labor,Labor,Labor,19018_Tagesordnungspunkt_17_FDP_Kober_ID191804600_02.03.2018.csv
6,Diese Situation kann uns nicht kaltlassen.,Macroeconomics,0,Labor,Labor,Labor,19018_Tagesordnungspunkt_17_FDP_Kober_ID191804600_02.03.2018.csv
7,Diese Situation ist unbefriedigend.,Macroeconomics,0,Labor,Labor,Labor,19018_Tagesordnungspunkt_17_FDP_Kober_ID191804600_02.03.2018.csv
8,Dagegen wollen wir etwas tun.,Macroeconomics,0,Labor,Labor,Labor,19018_Tagesordnungspunkt_17_FDP_Kober_ID191804600_02.03.2018.csv
9,"Die Situation ist unbefriedigend zuerst und vor allem für die Betroffenen, nicht nur weil sie das, was sie für das Leben brauchen, nicht eigenverantwortlich verdienen können, sondern auch weil ihnen durch die Arbeitslosigkeit und den Verbleib im Hartz-IV-System ein hohes Maß an Selbstbestimmung genommen wird, sie weit weniger frei leben können, als wir uns es für alle Menschen wünschen.",Macroeconomics,0,Labor,Labor,Labor,19018_Tagesordnungspunkt_17_FDP_Kober_ID191804600_02.03.2018.csv
10,"Das müssen wir ändern, und das wollen wir auch ändern.",Macroeconomics,0,Labor,Labor,Labor,19018_Tagesordnungspunkt_17_FDP_Kober_ID191804600_02.03.2018.csv
11,"Geradezu tragisch ist Langzeitarbeitslosigkeit dann, wenn Familien mitbetroffen sind und wenn dadurch das Risiko der Kinder steigt, vielleicht selbst den Einstieg in das Berufsleben zu verpassen.",Macroeconomics,0,Labor,Labor,Labor,19018_Tagesordnungspunkt_17_FDP_Kober_ID191804600_02.03.2018.csv
12,"Manche Studien legen nahe, dass Kinder von Eltern, die langzeitarbeitslos sind, ein höheres Risiko haben, den Berufseinstieg zu verpassen oder später selber einmal arbeitslos zu werden.",Labor,0,Labor,Labor,Labor,19018_Tagesordnungspunkt_17_FDP_Kober_ID191804600_02.03.2018.csv
13,Das darf nicht passieren.,Labor,0,Labor,Labor,Labor,19018_Tagesordnungspunkt_17_FDP_Kober_ID191804600_02.03.2018.csv
14,Dagegen müssen wir etwas tun.,Labor,0,Labor,Labor,Labor,19018_Tagesordnungspunkt_17_FDP_Kober_ID191804600_02.03.2018.csv
15,Dort werden wir politisch ansetzen.,Labor,0,Labor,Labor,Labor,19018_Tagesordnungspunkt_17_FDP_Kober_ID191804600_02.03.2018.csv
16,Problematisch ist Arbeitslosigkeit aber auch für die Unternehmen; denn sie können viele Stellen nicht besetzen.,Macroeconomics,0,Labor,Labor,Labor,19018_Tagesordnungspunkt_17_FDP_Kober_ID191804600_02.03.2018.csv
17,Arbeit kann nicht erledigt werden.,Macroeconomics,0,Labor,Labor,Labor,19018_Tagesordnungspunkt_17_FDP_Kober_ID191804600_02.03.2018.csv
18,Aufträge gehen verloren.,Macroeconomics,0,Labor,Labor,Labor,19018_Tagesordnungspunkt_17_FDP_Kober_ID191804600_02.03.2018.csv
19,Unternehmen werden in ihrer Entwicklung gehemmt.,Macroeconomics,0,Labor,Labor,Labor,19018_Tagesordnungspunkt_17_FDP_Kober_ID191804600_02.03.2018.csv
20,"Arbeitslosigkeit ist teuer und bindet sehr viel Geld, das für andere soziale Aufgaben sinnvoll oder vielleicht sogar sinnvoller eingesetzt werden könnte.",Macroeconomics,0,Labor,Labor,Labor,19018_Tagesordnungspunkt_17_FDP_Kober_ID191804600_02.03.2018.csv
21,"Wir Freie Demokraten begrüßen, dass Sie, liebe Kolleginnen und Kollegen von Bündnis 90/Die Grünen, einen Grundgedanken aufgreifen, den die FDP schon vor über 20 Jahren ausgearbeitet und formuliert hat und den ­Guido Westerwelle in seinem Buch „Neuland“ 1998 einer breiteren Öffentlichkeit vorgestellt hat, dass es nämlich besser ist, Arbeit statt Arbeitslosigkeit zu finanzieren.",Labor,0,Labor,Labor,Labor,19018_Tagesordnungspunkt_17_FDP_Kober_ID191804600_02.03.2018.csv
22,"Liebe Kolleginnen und Kollegen von Bündnis 90/Die Grünen, dieser Auffassung sind wir auch.",Labor,0,Labor,Labor,Labor,19018_Tagesordnungspunkt_17_FDP_Kober_ID191804600_02.03.2018.csv
23,"Insofern wäre es richtig, dass wir das Geld, das wir heute für Hartz IV ausgeben, in Zukunft in Lohnzuschüsse umwandeln können, um Arbeit zu finanzieren und Menschen den Schritt zurück in die Arbeitswelt zu erleichtern.",Labor,0,Labor,Labor,Labor,19018_Tagesordnungspunkt_17_FDP_Kober_ID191804600_02.03.2018.csv
24,"Klar ist für uns allerdings auch – so verstehe ich Ihren Antrag –, dass für Sie geförderte Arbeit nahe am ersten Arbeitsmarkt oder am besten im ersten Arbeitsmarkt erfolgen soll.",Labor,0,Labor,Labor,Labor,19018_Tagesordnungspunkt_17_FDP_Kober_ID191804600_02.03.2018.csv
25,"Wenn Sie das unter „sozialem Arbeitsmarkt“ verstehen, dann sind wir da bei Ihnen, dann streiten wir nur noch über Details.",Labor,0,Labor,Labor,Labor,19018_Tagesordnungspunkt_17_FDP_Kober_ID191804600_02.03.2018.csv
26,Frau Müller-Gemmeke hat von einem Arbeitsmarkt für alle gesprochen.,Labor,0,Labor,Labor,Labor,19018_Tagesordnungspunkt_17_FDP_Kober_ID191804600_02.03.2018.csv
27,Genauso wollen auch wir das sehen.,Labor,0,Labor,Labor,Labor,19018_Tagesordnungspunkt_17_FDP_Kober_ID191804600_02.03.2018.csv
28,"Wir werden mit Ihnen beraten, und wir unterstützen das Grundanliegen Ihres Antrages.",Labor,0,Labor,Labor,Labor,19018_Tagesordnungspunkt_17_FDP_Kober_ID191804600_02.03.2018.csv
29,Vielen Dank.,*,0,Labor,Labor,Labor,19018_Tagesordnungspunkt_17_FDP_Kober_ID191804600_02.03.2018.csv
30,"Vielen Dank, lieber Herr Kollege Kober. – Als Nächstes rufe ich für die Fraktion Die Linke die Kollegin Sabine Zimmermann auf.",*,0,Labor,Labor,Labor,19018_Tagesordnungspunkt_17_FDP_Kober_ID191804600_02.03.2018.csv
