,text,label_gold,segment_id,label_bert,label_parlbert,label_svm,speech_id
0,Herr Präsident!,*,0,Labor,Labor,Labor,19018_Tagesordnungspunkt_17_SPD_Tack_ID191806900_02.03.2018.csv
1,Sehr geehrte Kolleginnen und Kollegen!,*,0,Labor,Labor,Labor,19018_Tagesordnungspunkt_17_SPD_Tack_ID191806900_02.03.2018.csv
2,Meine Damen und Herren!,*,0,Labor,Labor,Labor,19018_Tagesordnungspunkt_17_SPD_Tack_ID191806900_02.03.2018.csv
3,"Es ist richtig und gut und es ist überfällig, dass wir die Schaffung eines sozialen Arbeitsmarktes, also die dauerhaft öffentlich geförderte Beschäftigung inklusive des Passiv-Aktiv-Transfers,
in den Koalitionsvertrag für die nächsten vier Jahre, sofern die Koalition ab der nächsten Woche Realität wird, hineinverhandeln konnten.",Labor,0,Labor,Labor,Labor,19018_Tagesordnungspunkt_17_SPD_Tack_ID191806900_02.03.2018.csv
4,Darüber freuen wir uns sehr; denn wir als SPD haben in den letzten Jahren diese Forderung nach einem öffentlichen geförderten Beschäftigungssektor und vor allen Dingen auch die Ermöglichung des Passiv-Aktiv-Transfers in der Koalition mehrfach durchsetzen wollen.,Labor,0,Labor,Labor,Labor,19018_Tagesordnungspunkt_17_SPD_Tack_ID191806900_02.03.2018.csv
5,"Wir freuen uns, dass man bei der CDU/CSU zur Einsicht gekommen ist, dass diese Maßnahme – der soziale Arbeitsmarkt – erforderlich, dass sie notwendig ist.",Labor,0,Labor,Labor,Labor,19018_Tagesordnungspunkt_17_SPD_Tack_ID191806900_02.03.2018.csv
6,Sie soll erst einmal für 150 000 Menschen in Deutschland zur Verfügung stehen.,Labor,0,Labor,Labor,Labor,19018_Tagesordnungspunkt_17_SPD_Tack_ID191806900_02.03.2018.csv
7,"Er soll nicht als befristetes Modellprojekt, sondern als Regelinstrument im SGB II etabliert werden.",Labor,0,Labor,Labor,Labor,19018_Tagesordnungspunkt_17_SPD_Tack_ID191806900_02.03.2018.csv
8,"Und ja, wir wollen den Passiv-Aktiv-Transfer ermöglichen.",Labor,0,Labor,Labor,Labor,19018_Tagesordnungspunkt_17_SPD_Tack_ID191806900_02.03.2018.csv
9,"Mit Erlaubnis des Präsidenten möchte ich einen Satz aus dem Koalitionsvertrag zitieren – da bildet Lesen in der Tat und führt zu mehr Erkenntnissen –:
Der Bund stellt dazu die eingesparten Passiv-Leistungen zusätzlich für die Finanzierung der Maßnahmen zur Verfügung.",Labor,0,Labor,Labor,Labor,19018_Tagesordnungspunkt_17_SPD_Tack_ID191806900_02.03.2018.csv
10,"Ich glaube, dass dieser Satz sehr eindeutig ist und dass man so sehr gut arbeiten kann.",Labor,0,Labor,Labor,Labor,19018_Tagesordnungspunkt_17_SPD_Tack_ID191806900_02.03.2018.csv
11,"Frau Kollegin Tack, lassen Sie eine Zwischenfrage zu?",*,0,Labor,Labor,Labor,19018_Tagesordnungspunkt_17_SPD_Tack_ID191806900_02.03.2018.csv
12,"Nein, im Moment nicht.",*,1,Labor,Labor,Civil,19018_Tagesordnungspunkt_17_SPD_Tack_ID191806900_02.03.2018.csv
13,Für uns ist die Frage der Finanzierung des Passiv-Aktiv-Transfers zentral.,Labor,1,Labor,Labor,Civil,19018_Tagesordnungspunkt_17_SPD_Tack_ID191806900_02.03.2018.csv
14,Wir unterstützen damit diesen längst überfälligen Paradigmenwechsel.,Labor,1,Labor,Labor,Civil,19018_Tagesordnungspunkt_17_SPD_Tack_ID191806900_02.03.2018.csv
15,"Wir möchten, dass sich nicht nur öffentliche Träger oder die Wohlfahrt beteiligen und davon profitieren, sondern wir möchten auch, dass sich die Privatwirtschaft sehr deutlich und einheitlich positioniert und die Möglichkeiten einer solchen Maßnahme aktiv in ihre Überlegungen miteinbezieht und den Lohnkostenzuschuss nutzt.",Labor,1,Labor,Labor,Civil,19018_Tagesordnungspunkt_17_SPD_Tack_ID191806900_02.03.2018.csv
16,Das ist für uns Bezahlung von Arbeit statt Arbeitslosigkeit und überfällig.,Labor,1,Labor,Labor,Civil,19018_Tagesordnungspunkt_17_SPD_Tack_ID191806900_02.03.2018.csv
17,"Dass wir dafür im Koalitionsvertrag die Mittel des Eingliederungstitels bei den priorisierten Ausgaben als größten Einzelposten etablieren konnten, nämlich 4 Milliarden Euro, ist ganz zentrale Klarstellung für die Notwendigkeit, die Wichtigkeit und die klare Priorität für einen sozialen Arbeitsmarkt, der in Deutschland schon seit langem überfällig ist und bisher keine Mehrheit hier in diesem Parlament gefunden hat.",Labor,1,Labor,Labor,Civil,19018_Tagesordnungspunkt_17_SPD_Tack_ID191806900_02.03.2018.csv
18,"Auch deshalb ist es eine der ersten Maßnahmen, die wir, sofern wir in eine Koalition eintreten, für Deutschland, für die Menschen und insbesondere für einen guten öffentlichen Beschäftigungssektor umsetzen werden.",Labor,1,Labor,Labor,Civil,19018_Tagesordnungspunkt_17_SPD_Tack_ID191806900_02.03.2018.csv
19,Darüber freue ich mich ganz besonders.,Labor,1,Labor,Labor,Civil,19018_Tagesordnungspunkt_17_SPD_Tack_ID191806900_02.03.2018.csv
20,Herzlichen Dank.,*,1,Labor,Labor,Civil,19018_Tagesordnungspunkt_17_SPD_Tack_ID191806900_02.03.2018.csv
21,"Vielen Dank, Frau Kollegin Tack. – Ich weiß, dass bei diesem doch wichtigen Thema die Redezeit äußerst knapp bemessen ist.",*,1,Labor,Labor,Civil,19018_Tagesordnungspunkt_17_SPD_Tack_ID191806900_02.03.2018.csv
22,"Weil das so ist, gebe ich Ihnen, Frau Kollegin Müller-Gemmeke, für eine Kurzintervention das Wort.",*,1,Labor,Labor,Civil,19018_Tagesordnungspunkt_17_SPD_Tack_ID191806900_02.03.2018.csv
