,text,label_gold,segment_id,label_bert,label_parlbert,label_svm,speech_id
0,Sehr geehrte Frau Präsidentin!,Government Operations,0,Labor,Labor,Labor,19018_Tagesordnungspunkt_17_CDU_CSU_Aumer_ID191804800_02.03.2018.csv
1,Liebe Kolleginnen und Kollegen!,Government Operations,0,Labor,Labor,Labor,19018_Tagesordnungspunkt_17_CDU_CSU_Aumer_ID191804800_02.03.2018.csv
2,"„Neue Perspektiven für langzeitarbeitslose Menschen“, ich glaube, das ist ein Ziel, das die meisten hier im Hohen Hause verbindet.",Labor,0,Labor,Labor,Labor,19018_Tagesordnungspunkt_17_CDU_CSU_Aumer_ID191804800_02.03.2018.csv
3,"Die Bekämpfung der Langzeitarbeitslosigkeit ist ein wesentliches Ziel, das die meisten hier auch in dieser Wahlperiode angehen wollen.",Labor,0,Labor,Labor,Labor,19018_Tagesordnungspunkt_17_CDU_CSU_Aumer_ID191804800_02.03.2018.csv
4,Es ist vor allem ein zentrales Anliegen von CDU und CSU.,Labor,0,Labor,Labor,Labor,19018_Tagesordnungspunkt_17_CDU_CSU_Aumer_ID191804800_02.03.2018.csv
5,Wir wollen bis 2025 Vollbeschäftigung in unserem Land erreichen.,Labor,0,Labor,Labor,Labor,19018_Tagesordnungspunkt_17_CDU_CSU_Aumer_ID191804800_02.03.2018.csv
6,Wir wollen die Langzeitarbeitslosigkeit weiter abbauen.,Labor,0,Labor,Labor,Labor,19018_Tagesordnungspunkt_17_CDU_CSU_Aumer_ID191804800_02.03.2018.csv
7,"Liebe Frau Zimmermann, ich denke, Sie spüren die Leidenschaft, die die Union bei diesem Thema hat.",Labor,0,Labor,Labor,Labor,19018_Tagesordnungspunkt_17_CDU_CSU_Aumer_ID191804800_02.03.2018.csv
8,"Wir haben in den letzten Jahrzehnten die Arbeitslosigkeit in Deutschland halbiert, und wir wollen das auch in dieser Legislaturperiode fortführen; denn das Wichtigste ist, dass die Menschen auf dem regulären Arbeitsmarkt arbeiten können.",Labor,0,Labor,Labor,Labor,19018_Tagesordnungspunkt_17_CDU_CSU_Aumer_ID191804800_02.03.2018.csv
9,"Das ist unser Ziel, und an dem müssen wir arbeiten.",Labor,0,Labor,Labor,Labor,19018_Tagesordnungspunkt_17_CDU_CSU_Aumer_ID191804800_02.03.2018.csv
10,"Man muss den Menschen, die länger arbeitslos sind, natürlich Instrumente an die Hand geben, damit der Einstieg funktioniert.",Labor,0,Labor,Labor,Labor,19018_Tagesordnungspunkt_17_CDU_CSU_Aumer_ID191804800_02.03.2018.csv
11,"Wir wollen, dass der Einstieg in den ersten Arbeitsmarkt wieder möglich wird.",Labor,0,Labor,Labor,Labor,19018_Tagesordnungspunkt_17_CDU_CSU_Aumer_ID191804800_02.03.2018.csv
12,Deswegen ist die Grundvoraussetzung eine gute Arbeitsmarktpolitik.,Labor,0,Labor,Labor,Labor,19018_Tagesordnungspunkt_17_CDU_CSU_Aumer_ID191804800_02.03.2018.csv
13,"Es geht darum, dass wir weiterhin Arbeitsplätze erhalten und neue Arbeitsplätze in unserem Land schaffen können.",Government Operations,0,Labor,Labor,Labor,19018_Tagesordnungspunkt_17_CDU_CSU_Aumer_ID191804800_02.03.2018.csv
14,"Liebe Frau Kollegin, zurück zu Ihrem Antrag, den Sie heute eingebracht haben: Ich habe ein bisschen verwundert geschaut, als ich gelesen habe, welche Forderungen Sie stellen.",Government Operations,0,Labor,Labor,Labor,19018_Tagesordnungspunkt_17_CDU_CSU_Aumer_ID191804800_02.03.2018.csv
15,"Gemäß Ihrem Antrag soll der Bundestag die Bundesregierung auffordern, ein neues arbeitsmarktpolitisches Instrument zur Integration von langzeitarbeitslosen Menschen vorzulegen.",Government Operations,0,Labor,Labor,Labor,19018_Tagesordnungspunkt_17_CDU_CSU_Aumer_ID191804800_02.03.2018.csv
16,"Dann habe ich mir den Koalitionsvertrag angeschaut und mir gedacht: Haben Sie den Koalitionsvertrag nicht gelesen,
oder haben Sie ihn gelesen und den Antrag trotzdem gestellt?",Government Operations,0,Labor,Labor,Labor,19018_Tagesordnungspunkt_17_CDU_CSU_Aumer_ID191804800_02.03.2018.csv
17,"Wenn Sie ihn gelesen haben – die Interpretationsgeschichte haben wir vorhin schon diskutiert – und den Antrag trotzdem gestellt haben, dann ist das eher Populismus.",Government Operations,0,Labor,Labor,Labor,19018_Tagesordnungspunkt_17_CDU_CSU_Aumer_ID191804800_02.03.2018.csv
18,"Populismus ist bei diesem wichtigen Thema, das wir heute diskutieren, aber wirklich nicht angebracht.",Government Operations,0,Labor,Labor,Labor,19018_Tagesordnungspunkt_17_CDU_CSU_Aumer_ID191804800_02.03.2018.csv
19,Wir müssen an der Sache arbeiten.,Government Operations,0,Labor,Labor,Labor,19018_Tagesordnungspunkt_17_CDU_CSU_Aumer_ID191804800_02.03.2018.csv
20,"Wir müssen verantwortungsvoll mit diesem Thema umgehen und ein gemeinsames Ziel umsetzen, nämlich den Menschen, die lange arbeitslos sind, neue Perspektiven und neue Chancen zu geben.
– Sie haben keine Antwort darauf gegeben, wie wir es denn machen sollen.",Government Operations,0,Labor,Labor,Labor,19018_Tagesordnungspunkt_17_CDU_CSU_Aumer_ID191804800_02.03.2018.csv
21,"Das ist, glaube ich, auch das Problem Ihres Antrags.",Government Operations,0,Labor,Labor,Labor,19018_Tagesordnungspunkt_17_CDU_CSU_Aumer_ID191804800_02.03.2018.csv
22,"Wir, CDU und CSU gemeinsam mit der SPD – hoffentlich, nach diesem Sonntag –, haben als gemeinsames Ziel, in einer gemeinsam getragenen Bundesregierung Perspektiven auf dem Arbeitsmarkt für langzeitarbeitslose Menschen zu schaffen.",Government Operations,0,Labor,Labor,Labor,19018_Tagesordnungspunkt_17_CDU_CSU_Aumer_ID191804800_02.03.2018.csv
23,Wir haben vier Punkte in einem ganzheitlichen Ansatz.,Government Operations,0,Labor,Labor,Labor,19018_Tagesordnungspunkt_17_CDU_CSU_Aumer_ID191804800_02.03.2018.csv
24,"Das geht von der Qualifizierung über die Vermittlung bis zur Reintegration von Menschen, die schon lange arbeitslos sind, und ein weiterer wesentlicher Punkt ist die Betreuung der Familie.",*,0,Labor,Labor,Labor,19018_Tagesordnungspunkt_17_CDU_CSU_Aumer_ID191804800_02.03.2018.csv
25,"Das ist, glaube ich, ein Gesamtpaket, das die Thematik sehr verantwortungsvoll abdeckt.",*,0,Labor,Labor,Labor,19018_Tagesordnungspunkt_17_CDU_CSU_Aumer_ID191804800_02.03.2018.csv
26,"Lieber Kollege der AfD, ich denke, man muss den Blick manchmal weiten, die Zahlen ganz konkret anschauen und vielleicht auch wirklich mal ins konkrete Leben der Menschen gucken, damit man über solche Themen verantwortungsvoll reden kann.",*,0,Labor,Labor,Labor,19018_Tagesordnungspunkt_17_CDU_CSU_Aumer_ID191804800_02.03.2018.csv
27,"Es gibt auch deutsche Menschen, die lange arbeitslos sind, die darauf hoffen, in Arbeit zu kommen, um verantwortungsvoll ihre Familie ernähren zu können.",*,0,Labor,Labor,Labor,19018_Tagesordnungspunkt_17_CDU_CSU_Aumer_ID191804800_02.03.2018.csv
28,"Dass es so kommt, muss Ziel unserer Politik sein.",*,0,Labor,Labor,Labor,19018_Tagesordnungspunkt_17_CDU_CSU_Aumer_ID191804800_02.03.2018.csv
29,Da hilft kein Populismus von Ihrer Seite.,*,0,Labor,Labor,Labor,19018_Tagesordnungspunkt_17_CDU_CSU_Aumer_ID191804800_02.03.2018.csv
30,"Es ist schade und traurig, dass man in diesem Hohen Hause so populistisch diskutieren muss.",*,0,Labor,Labor,Labor,19018_Tagesordnungspunkt_17_CDU_CSU_Aumer_ID191804800_02.03.2018.csv
31,Meine Zeit geht zu Ende.,*,0,Labor,Labor,Labor,19018_Tagesordnungspunkt_17_CDU_CSU_Aumer_ID191804800_02.03.2018.csv
32,"Ich habe noch 27 Sekunden; die werde ich nutzen, meine sehr geehrten Damen und Herren.",*,0,Labor,Labor,Labor,19018_Tagesordnungspunkt_17_CDU_CSU_Aumer_ID191804800_02.03.2018.csv
33,"Ich bitte Sie, gemeinsam einen Antrag auf den Weg zu bringen.",*,0,Labor,Labor,Labor,19018_Tagesordnungspunkt_17_CDU_CSU_Aumer_ID191804800_02.03.2018.csv
34,"Die Bundesregierung hat angekündigt, dieses Thema sehr schnell anzugehen, wenn die Koalition zustande kommen sollte.",*,0,Labor,Labor,Labor,19018_Tagesordnungspunkt_17_CDU_CSU_Aumer_ID191804800_02.03.2018.csv
35,"Es gilt, eine gemeinsame Lösung zu finden, den Menschen, die länger in Arbeitslosigkeit verharren müssen, ganz konkrete Perspektiven zu geben, sodass sie eine Zukunft haben und ihre Familie ernähren können.",*,0,Labor,Labor,Labor,19018_Tagesordnungspunkt_17_CDU_CSU_Aumer_ID191804800_02.03.2018.csv
36,Jetzt ist meine Redezeit zu Ende.,*,0,Labor,Labor,Labor,19018_Tagesordnungspunkt_17_CDU_CSU_Aumer_ID191804800_02.03.2018.csv
37,Deswegen komme ich zum Schluss.,*,0,Labor,Labor,Labor,19018_Tagesordnungspunkt_17_CDU_CSU_Aumer_ID191804800_02.03.2018.csv
38,"Ich würde Sie bitten, dass wir dieses Thema anders diskutieren, als es der Redner der AfD gerade gemacht hat.",*,0,Labor,Labor,Labor,19018_Tagesordnungspunkt_17_CDU_CSU_Aumer_ID191804800_02.03.2018.csv
39,Das war aus meiner Sicht nicht angemessen.,*,0,Labor,Labor,Labor,19018_Tagesordnungspunkt_17_CDU_CSU_Aumer_ID191804800_02.03.2018.csv
40,Manchmal muss man auch den richtigen Ton treffen.,*,0,Labor,Labor,Labor,19018_Tagesordnungspunkt_17_CDU_CSU_Aumer_ID191804800_02.03.2018.csv
41,Ein herzliches Dankeschön für die Aufmerksamkeit.,*,0,Labor,Labor,Labor,19018_Tagesordnungspunkt_17_CDU_CSU_Aumer_ID191804800_02.03.2018.csv
42,"Vielen herzlichen Dank, Peter Aumer. – Nächste Rednerin: Dagmar Schmidt für die SPD-Fraktion.",*,0,Labor,Labor,Labor,19018_Tagesordnungspunkt_17_CDU_CSU_Aumer_ID191804800_02.03.2018.csv
