,text,label_gold,segment_id,label_bert,label_parlbert,label_svm,speech_id
0,"Habe die Ehre, Herr Präsident!",*,0,Environment,Agriculture,Agriculture,19014_Tagesordnungspunkt_9_AfD_Protschka_ID191406600_22.02.2018.csv
1,"Servus, liebe Kolleginnen und Kollegen!",*,0,Environment,Agriculture,Agriculture,19014_Tagesordnungspunkt_9_AfD_Protschka_ID191406600_22.02.2018.csv
2,"Grüß Gott, liebe Gäste hier im Hohen Haus!",*,0,Environment,Agriculture,Agriculture,19014_Tagesordnungspunkt_9_AfD_Protschka_ID191406600_22.02.2018.csv
3,"Nachdem wir bereits im Dezember hitzig über das Breitbandherbizid Glyphosat debattiert haben, bereichern uns die Kollegen der Grünenfraktion mit einem weiteren Ausfluss ihrer Selbstgerechtigkeit.",Agriculture,0,Environment,Agriculture,Agriculture,19014_Tagesordnungspunkt_9_AfD_Protschka_ID191406600_22.02.2018.csv
4,"Wie üblich ist die Angriffsfläche klar: Chemieunternehmen, Landwirte, Agrar­unternehmen.",Agriculture,0,Environment,Agriculture,Agriculture,19014_Tagesordnungspunkt_9_AfD_Protschka_ID191406600_22.02.2018.csv
5,"Alle sind dieselben bösen Truppen, die für 30 Silberlinge alles, vom Singvogel bis zum Wasserfloh, über den ökologischen Jordan gehen lassen.",Agriculture,0,Environment,Agriculture,Agriculture,19014_Tagesordnungspunkt_9_AfD_Protschka_ID191406600_22.02.2018.csv
6,"Was dagegen hilft, sind natürlich Verbote, Strafen, Sanktionen.",Agriculture,0,Environment,Agriculture,Agriculture,19014_Tagesordnungspunkt_9_AfD_Protschka_ID191406600_22.02.2018.csv
7,"Wir sind hier schließlich bei der Verbotspartei schlechthin, die es fertigbringt, im Antragstext die ersten drei Forderungen jeweils mit einer autoritären Wortwahl zu füllen,
die jeden preußischen Hauptmann vor Neid erblassen lassen würde.",Agriculture,0,Environment,Agriculture,Agriculture,19014_Tagesordnungspunkt_9_AfD_Protschka_ID191406600_22.02.2018.csv
8,Bei all dem Spott – Entschuldigung!,Agriculture,0,Environment,Agriculture,Agriculture,19014_Tagesordnungspunkt_9_AfD_Protschka_ID191406600_22.02.2018.csv
9,"– will ich den Kollegen von links außen gar nicht in Abrede stellen, die Krux des Ganzen wenigstens in Grundzügen verstanden zu haben.",Agriculture,0,Environment,Agriculture,Agriculture,19014_Tagesordnungspunkt_9_AfD_Protschka_ID191406600_22.02.2018.csv
10,Das sollte man aber mittlerweile erwarten können; denn in der Regierungszeit von 1998 bis 2005 hat man diese Thematik mehrheitlich verschlafen.,Agriculture,0,Environment,Agriculture,Agriculture,19014_Tagesordnungspunkt_9_AfD_Protschka_ID191406600_22.02.2018.csv
11,Zurück zum Thema.,Agriculture,0,Environment,Agriculture,Agriculture,19014_Tagesordnungspunkt_9_AfD_Protschka_ID191406600_22.02.2018.csv
12,"Wir erkaufen uns die internationale Wettbewerbsfähigkeit der deutschen Landwirtschaft wirklich allzu häufig mit dem Einsatz von Mitteln, deren Langzeitfolgen ungeklärt oder sogar als allgemein schädlich anerkannt sind.",Agriculture,0,Environment,Agriculture,Agriculture,19014_Tagesordnungspunkt_9_AfD_Protschka_ID191406600_22.02.2018.csv
13,"Aber ohne einen bedarfsgerechten Pestizideinsatz, den unsere Landwirte mit Sicherheit leisten, ist im Moment eine gewinnbringende Landwirtschaft, mit der der Landwirt seine Familie ernähren kann, leider nicht möglich.",Agriculture,0,Environment,Agriculture,Agriculture,19014_Tagesordnungspunkt_9_AfD_Protschka_ID191406600_22.02.2018.csv
14,"Glücklicherweise garantiert uns bereits jetzt der Einsatz moderner Maschinen, Stichwort „Digitalisierung“ – da sollte man vielleicht mehr investieren –, die minimale Verwendung von Pestiziden bei gleichzeitiger Ertragssteigung.",Agriculture,0,Environment,Agriculture,Agriculture,19014_Tagesordnungspunkt_9_AfD_Protschka_ID191406600_22.02.2018.csv
15,"Vor diesem Hintergrund erscheint in Ihrem Antrag die steile These, 60 Prozent der eingesetzten Pestizide seien herausgeworfenes Geld, allzu steil.",Agriculture,0,Environment,Agriculture,Agriculture,19014_Tagesordnungspunkt_9_AfD_Protschka_ID191406600_22.02.2018.csv
16,"Wenn das, was Sie behaupten, stimmen würde: Glauben Sie, dass irgendein Landwirt mit dem Einsatz auf dem Feld Geld freiwillig zum Fenster hinauswerfen würde, anstatt auf die Pestizide einfach zu verzichten?",Agriculture,0,Environment,Agriculture,Agriculture,19014_Tagesordnungspunkt_9_AfD_Protschka_ID191406600_22.02.2018.csv
17,"Ganz kann ich der von Ihnen angeführten Studie nicht glauben; denn Sie geben in Ihrem Antrag keine Quelle an.
– Ich brauche nicht nach Dänemark zu schauen.",Agriculture,0,Environment,Agriculture,Agriculture,19014_Tagesordnungspunkt_9_AfD_Protschka_ID191406600_22.02.2018.csv
18,Nennen Sie die Studie in Ihrem Antrag; dann kann man es nachvollziehen.,Agriculture,0,Environment,Agriculture,Agriculture,19014_Tagesordnungspunkt_9_AfD_Protschka_ID191406600_22.02.2018.csv
19,"Aber in einem Antrag einfach irgendwelche plumpen Behauptungen aufzustellen und keine Belege anzuführen nennen, führt dazu, dass man damit nichts anfangen kann.",Agriculture,0,Environment,Agriculture,Agriculture,19014_Tagesordnungspunkt_9_AfD_Protschka_ID191406600_22.02.2018.csv
20,"Ihrem Antrag fehlt es ganz einfach an einem ganzheitlichen Konzept, wie Agrarpolitik neu gedacht werden muss und soll.",Civil Rights,0,Environment,Agriculture,Agriculture,19014_Tagesordnungspunkt_9_AfD_Protschka_ID191406600_22.02.2018.csv
21,"Wer auf der einen Seite die deutschen Bauern dem gigantischen internationalen Marktdruck aussetzt, kann ihnen nicht auf der anderen Seite Fesseln anlegen, die ihnen die Marktteilnahme definitiv unmöglich machen.",Civil Rights,0,Environment,Agriculture,Agriculture,19014_Tagesordnungspunkt_9_AfD_Protschka_ID191406600_22.02.2018.csv
22,Wir werden das Pferd jetzt von der richtigen Seite aufzäumen.,Civil Rights,0,Environment,Agriculture,Agriculture,19014_Tagesordnungspunkt_9_AfD_Protschka_ID191406600_22.02.2018.csv
23,Lasst uns die deutsche Landwirtschaft endlich vor dem globalen Wettbewerbsdruck durch transnationale Freihandelsabkommen schützen!,Civil Rights,0,Environment,Agriculture,Agriculture,19014_Tagesordnungspunkt_9_AfD_Protschka_ID191406600_22.02.2018.csv
24,"Wenn deutsche Bauern nicht mehr mit ihren Kollegen aus dem Ausland konkurrieren müssen, die häufig mit weniger Aufwand viel größere Flächen bewirtschaften können und auch weniger Kontrollen und Bürokratie unterliegen, dann können wir auch hier wieder über weitgehende Einschränkungen des Pestizidgebrauchs diskutieren.",Civil Rights,0,Environment,Agriculture,Agriculture,19014_Tagesordnungspunkt_9_AfD_Protschka_ID191406600_22.02.2018.csv
25,"Aber wie so oft: Am besten für Mensch und Umwelt ist eine kleinräumige, regionale und familiär geprägte Landwirtschaft.",Civil Rights,0,Environment,Agriculture,Agriculture,19014_Tagesordnungspunkt_9_AfD_Protschka_ID191406600_22.02.2018.csv
26,Den aktuell schon vorherrschenden Trend des Höfesterbens und der Flächenkonzentration durch derartige Vorhaben von den Grünen lehnen wir ab.,Civil Rights,0,Environment,Agriculture,Agriculture,19014_Tagesordnungspunkt_9_AfD_Protschka_ID191406600_22.02.2018.csv
27,Deutsche Agrarpolitik sollte sich an der Versorgungssicherheit des deutschen Volkes orientieren und nicht an einer planmäßigen Höfevernichtung durch internationalen Wettbewerbsdruck auf der einen und durch grün-linke Verbotspolitik auf der anderen Seite.,Civil Rights,0,Environment,Agriculture,Agriculture,19014_Tagesordnungspunkt_9_AfD_Protschka_ID191406600_22.02.2018.csv
28,"Wir werden der Überweisung an den Ausschuss natürlich zustimmen, und wir werden im Ausschuss mitarbeiten; denn dann werden wir mit Sicherheit für die Landwirte und die Verbraucher eine vernünftige Lösung finden und keine, die von grün-linker Ideologie geprägt ist.",Civil Rights,0,Environment,Agriculture,Agriculture,19014_Tagesordnungspunkt_9_AfD_Protschka_ID191406600_22.02.2018.csv
29,"Danke, meine Damen und Herren.",*,0,Environment,Agriculture,Agriculture,19014_Tagesordnungspunkt_9_AfD_Protschka_ID191406600_22.02.2018.csv
30,Als nächste Rednerin spricht für die FDP Carina Konrad.,*,0,Environment,Agriculture,Agriculture,19014_Tagesordnungspunkt_9_AfD_Protschka_ID191406600_22.02.2018.csv
