,text,label_gold,segment_id,label_bert,label_parlbert,label_svm,speech_id
0,Sehr geehrter Herr Präsident!,*,0,Government,Agriculture,International,19014_Tagesordnungspunkt_9_GRUENE_Ebner_ID191406300_22.02.2018.csv
1,Danke für die Worte zu den Geschwistern Scholl.,*,0,Government,Agriculture,International,19014_Tagesordnungspunkt_9_GRUENE_Ebner_ID191406300_22.02.2018.csv
2,Beide wurden bei mir im Wahlkreis geboren; ich habe sehr großen Respekt vor deren Handeln.,*,0,Government,Agriculture,International,19014_Tagesordnungspunkt_9_GRUENE_Ebner_ID191406300_22.02.2018.csv
3,"Werte Kolleginnen und Kollegen, heute hat der Frühling kurz vorbeigeguckt.",Environment,0,Government,Agriculture,International,19014_Tagesordnungspunkt_9_GRUENE_Ebner_ID191406300_22.02.2018.csv
4,"Dann denkt man gleich, dass es draußen vor der Tür wieder brummt und summt.",Environment,0,Government,Agriculture,International,19014_Tagesordnungspunkt_9_GRUENE_Ebner_ID191406300_22.02.2018.csv
5,"Doch nach den alarmierenden Zahlen aus den letzten Jahren hoffe ich sehr, dass er nicht noch stummer werden wird, als er es ohnehin schon wurde. 75 Prozent weniger Insekten-Biomasse, 50 Prozent weniger Vögel, die Hälfte der Wildbienenarten ist in Deutschland bestandsgefährdet.",Environment,0,Government,Agriculture,International,19014_Tagesordnungspunkt_9_GRUENE_Ebner_ID191406300_22.02.2018.csv
6,"Liebe Kolleginnen und Kollegen, so kann es wirklich nicht weitergehen.",Environment,0,Government,Agriculture,International,19014_Tagesordnungspunkt_9_GRUENE_Ebner_ID191406300_22.02.2018.csv
7,"Es geht darum, ob wir unsere Lebensgrundlagen nach und nach zerstören oder ob wir sie für unsere Enkelkinder erhalten.",Environment,0,Government,Agriculture,International,19014_Tagesordnungspunkt_9_GRUENE_Ebner_ID191406300_22.02.2018.csv
8,"Wir haben schon jetzt Rückstände von Pestiziden im Wasser, die teuer herausgefiltert werden müssen und als Rückstände ins Grundwasser gehen.",Environment,1,Environment,Environment,Agriculture,19014_Tagesordnungspunkt_9_GRUENE_Ebner_ID191406300_22.02.2018.csv
9,"Wir haben Unkräuter, die resistent geworden sind und gar nicht mehr auf Herbizide reagieren.",Agriculture,1,Environment,Environment,Agriculture,19014_Tagesordnungspunkt_9_GRUENE_Ebner_ID191406300_22.02.2018.csv
10,"Dass wir von den hohen Pestizidmengen herunterkommen müssen, erkennen immer mehr Menschen, auch in der konventionellen Agrarwirtschaft.",Agriculture,1,Environment,Environment,Agriculture,19014_Tagesordnungspunkt_9_GRUENE_Ebner_ID191406300_22.02.2018.csv
11,Ich erinnere an die Deutsche Landwirtschafts-Gesellschaft und ihre zehn Thesen.,Agriculture,1,Environment,Environment,Agriculture,19014_Tagesordnungspunkt_9_GRUENE_Ebner_ID191406300_22.02.2018.csv
12,"Einige von Ihnen werden jetzt sagen: Ja, aber ohne Pflanzenschutz geht es doch gar nicht. – Natürlich, ohne Pflanzenschutz geht es nicht; da haben Sie recht.",Agriculture,1,Environment,Environment,Agriculture,19014_Tagesordnungspunkt_9_GRUENE_Ebner_ID191406300_22.02.2018.csv
13,"Pflanzenschutz ist aber ein System aus vielem: aus der Fruchtfolge, der Sortenwahl, der Züchtung, der Bodenbearbeitung und der Bodenkultur.",Agriculture,1,Environment,Environment,Agriculture,19014_Tagesordnungspunkt_9_GRUENE_Ebner_ID191406300_22.02.2018.csv
14,"Wer Pflanzenschutz auf chemisch-synthetische Helferlein reduziert, der hat ihn einfach nicht verstanden.",Agriculture,1,Environment,Environment,Agriculture,19014_Tagesordnungspunkt_9_GRUENE_Ebner_ID191406300_22.02.2018.csv
15,"Die Bäuerinnen und Bauern wissen selber am besten, dass ein intaktes Ökosystem die Grundlage für ihr Wirtschaften ist, dass sie Bestäuber und Nützlinge brauchen.",Agriculture,1,Environment,Environment,Agriculture,19014_Tagesordnungspunkt_9_GRUENE_Ebner_ID191406300_22.02.2018.csv
16,"Deshalb wollen wir sie beim wichtigen Prozess „Weg von immer mehr Pestiziden, hin zu einem ganzheitlichen Pflanzenschutz“ unterstützen.",Agriculture,1,Environment,Environment,Agriculture,19014_Tagesordnungspunkt_9_GRUENE_Ebner_ID191406300_22.02.2018.csv
17,Da hat die Große Koalition in den letzten vier Jahren aber leider nichts hinbekommen.,Agriculture,1,Environment,Environment,Agriculture,19014_Tagesordnungspunkt_9_GRUENE_Ebner_ID191406300_22.02.2018.csv
18,Das muss man so feststellen.,Agriculture,1,Environment,Environment,Agriculture,19014_Tagesordnungspunkt_9_GRUENE_Ebner_ID191406300_22.02.2018.csv
19,Pestizide können niemals risikolos sein.,Agriculture,1,Environment,Environment,Agriculture,19014_Tagesordnungspunkt_9_GRUENE_Ebner_ID191406300_22.02.2018.csv
20,"Seit Jahrzehnten sehen wir immer wieder, was ich einen Pestizidzyklus nenne: Die Zulassungsverfahren versagen und müssen reformiert werden.",Agriculture,1,Environment,Environment,Agriculture,19014_Tagesordnungspunkt_9_GRUENE_Ebner_ID191406300_22.02.2018.csv
21,"Herstellerstudien erfassen die Risiken nicht umfassend, und die Entscheidungen der Zulassungsbehörden basieren auf diesen Herstellerstudien.",Agriculture,1,Environment,Environment,Agriculture,19014_Tagesordnungspunkt_9_GRUENE_Ebner_ID191406300_22.02.2018.csv
22,"Nach Jahren des Großversuches am Ökosystem stellen wir fest, dass doch etwas passiert ist.",Agriculture,1,Environment,Environment,Agriculture,19014_Tagesordnungspunkt_9_GRUENE_Ebner_ID191406300_22.02.2018.csv
23,"Dann wird ein Wirkstoff vom Markt genommen, aber der nächste steht schon bereit. – Diesen Pestizidzyklus müssen wir endlich beenden.",Agriculture,1,Environment,Environment,Agriculture,19014_Tagesordnungspunkt_9_GRUENE_Ebner_ID191406300_22.02.2018.csv
24,"Liebe Kolleginnen und Kollegen von Union und SPD, in Ihrem Koalitionsvertragsentwurf sprechen Sie davon, den Einsatz chemisch-synthetischer Pestizide wirksam reduzieren zu wollen.",Agriculture,1,Environment,Environment,Agriculture,19014_Tagesordnungspunkt_9_GRUENE_Ebner_ID191406300_22.02.2018.csv
25,"Sie wollen angeblich sogar den Glyphosat-Einsatz schnellstmöglich und grundsätzlich beenden, obwohl der Herr Noch-Minister Schmidt den greifbaren europäischen Glyphosat-Ausstieg ja gerade erst wirksam versenkt hat.",Agriculture,1,Environment,Environment,Agriculture,19014_Tagesordnungspunkt_9_GRUENE_Ebner_ID191406300_22.02.2018.csv
26,"Erst zündeln und sich dann fürs Löschen loben lassen – das lassen wir Ihnen nicht durchgehen, Herr Schmidt.",Agriculture,1,Environment,Environment,Agriculture,19014_Tagesordnungspunkt_9_GRUENE_Ebner_ID191406300_22.02.2018.csv
27,"Es ist trotzdem gut, dass Sie das aufgeschrieben haben.",Agriculture,1,Environment,Environment,Agriculture,19014_Tagesordnungspunkt_9_GRUENE_Ebner_ID191406300_22.02.2018.csv
28,Machen Sie das!,Agriculture,1,Environment,Environment,Agriculture,19014_Tagesordnungspunkt_9_GRUENE_Ebner_ID191406300_22.02.2018.csv
29,Lassen Sie es nicht bei warmen Worten bewenden!,Agriculture,1,Environment,Environment,Agriculture,19014_Tagesordnungspunkt_9_GRUENE_Ebner_ID191406300_22.02.2018.csv
30,Machen Sie Nägel mit Köpfen.,Agriculture,1,Environment,Environment,Agriculture,19014_Tagesordnungspunkt_9_GRUENE_Ebner_ID191406300_22.02.2018.csv
31,"In unserem Antrag haben wir für Sie die wesentlichen Punkte aufgeschrieben, auch dass Glyphosat und Neonicotinoide – die Bienenkiller – sofort vom Markt müssen und dass wir den Pflanzenschutz mit wirksamen Maßnahmen voranbringen müssen.",Agriculture,1,Environment,Environment,Agriculture,19014_Tagesordnungspunkt_9_GRUENE_Ebner_ID191406300_22.02.2018.csv
32,"Wer hier wirksam werden will, der muss Anreize schaffen, der muss Wissen schaffen, der muss auch die Umsetzung des Wissens fördern.",Agriculture,1,Environment,Environment,Agriculture,19014_Tagesordnungspunkt_9_GRUENE_Ebner_ID191406300_22.02.2018.csv
33,Wir nehmen Sie mit Ihrem Koalitionsvertrag beim Wort.,Agriculture,1,Environment,Environment,Agriculture,19014_Tagesordnungspunkt_9_GRUENE_Ebner_ID191406300_22.02.2018.csv
34,Sie haben geschrieben: Uns liegt „der Schutz der Bienen besonders am Herzen“.,Environment,1,Environment,Environment,Agriculture,19014_Tagesordnungspunkt_9_GRUENE_Ebner_ID191406300_22.02.2018.csv
35,Unterstützen Sie unseren Antrag zum Wohl der Bienen.,Environment,1,Environment,Environment,Agriculture,19014_Tagesordnungspunkt_9_GRUENE_Ebner_ID191406300_22.02.2018.csv
36,Danke schön.,Environment,1,Environment,Environment,Agriculture,19014_Tagesordnungspunkt_9_GRUENE_Ebner_ID191406300_22.02.2018.csv
37,Vielen Dank. – Nächster Redner ist der Kollege Hermann Färber für die CDU/CSU.,Environment,1,Environment,Environment,Agriculture,19014_Tagesordnungspunkt_9_GRUENE_Ebner_ID191406300_22.02.2018.csv
