,text,label_gold,segment_id,label_bert,label_parlbert,label_svm,speech_id
0,"Ja, ich wünsche zu antworten. – Wir werden als Bund die Mittel zur Verfügung stellen, die der Bund an eigenen Kosten einspart.",Labor,0,Government,Government,Education,19018_Tagesordnungspunkt_17_SPD_Tack_ID191804400_02.03.2018.csv
1,Das haben Sie in Ihrem Antrag sehr deutlich gemacht.,Labor,0,Government,Government,Education,19018_Tagesordnungspunkt_17_SPD_Tack_ID191804400_02.03.2018.csv
2,"Das ist das Konzept, das auch wir umzusetzen gedenken.",Labor,0,Government,Government,Education,19018_Tagesordnungspunkt_17_SPD_Tack_ID191804400_02.03.2018.csv
3,"So steht es im Koalitionsvertrag, so ist es auch gemeint, und so wird es umgesetzt werden.",Labor,0,Government,Government,Education,19018_Tagesordnungspunkt_17_SPD_Tack_ID191804400_02.03.2018.csv
4,"Da wir das Programm zur sozialen Teilhabe als Regelinstrument verwirklichen, stellt sich damit auch nicht mehr die Frage nach Übernahme der zusätzlichen Kosten für die Unterstützung der Personen in der Privatwirtschaft und in den anderen Stellen, die Sie eben angesprochen haben, weil auch hierfür die notwendigen Mittel zur Verfügung stehen.",Labor,0,Government,Government,Education,19018_Tagesordnungspunkt_17_SPD_Tack_ID191804400_02.03.2018.csv
5,Denn wir betten das Programm in eine Regelförderung.,Labor,0,Government,Government,Education,19018_Tagesordnungspunkt_17_SPD_Tack_ID191804400_02.03.2018.csv
6,"Das Programm hat ein klares Konzept, und sie ist Teil des Programms.",Labor,0,Government,Government,Education,19018_Tagesordnungspunkt_17_SPD_Tack_ID191804400_02.03.2018.csv
7,Das wissen Sie auch.,Labor,0,Government,Government,Education,19018_Tagesordnungspunkt_17_SPD_Tack_ID191804400_02.03.2018.csv
8,"Von daher ist die Frage ganz eindeutig, wie wir den Kostentransfer an die Länder regeln, damit sie einheitlich einen entsprechenden Lohnkostenzuschuss auszahlen können.",Labor,0,Government,Government,Education,19018_Tagesordnungspunkt_17_SPD_Tack_ID191804400_02.03.2018.csv
9,Das werden wir jetzt in der Aushandlung und Konkretisierung des Programms angehen.,Labor,0,Government,Government,Education,19018_Tagesordnungspunkt_17_SPD_Tack_ID191804400_02.03.2018.csv
10,"Aber dass Mittel für den Kostentransfer fließen werden, ist ausgehandeltes Programm und wird dann auch ermöglicht.",Labor,0,Government,Government,Education,19018_Tagesordnungspunkt_17_SPD_Tack_ID191804400_02.03.2018.csv
11,Herzlichen Dank. – Als Nächstes erhält der Abgeordnete René Springer von der AfD-Fraktion das Wort.,*,0,Government,Government,Education,19018_Tagesordnungspunkt_17_SPD_Tack_ID191804400_02.03.2018.csv
