,text,label_gold,segment_id,label_bert,label_parlbert,label_svm,speech_id
0,Sehr geehrter Herr Präsident!,*,0,Environment,Agriculture,Environment,19014_Tagesordnungspunkt_9_LINKE_Ali_ID191406800_22.02.2018.csv
1,Kolleginnen und Kollegen!,*,0,Environment,Agriculture,Environment,19014_Tagesordnungspunkt_9_LINKE_Ali_ID191406800_22.02.2018.csv
2,Liebe Gäste!,*,0,Environment,Agriculture,Environment,19014_Tagesordnungspunkt_9_LINKE_Ali_ID191406800_22.02.2018.csv
3,"Wir sprechen heute über die Forderung, den Gebrauch von Pestiziden zu reduzieren.",Agriculture,0,Environment,Agriculture,Environment,19014_Tagesordnungspunkt_9_LINKE_Ali_ID191406800_22.02.2018.csv
4,"Wir sprechen über eine tickende Zeitbombe, über die Vernichtung der Natur, über Gesundheitsgefährdung.",Agriculture,0,Environment,Agriculture,Environment,19014_Tagesordnungspunkt_9_LINKE_Ali_ID191406800_22.02.2018.csv
5,"Und wir sprechen darüber, dass die Regierungsparteien in den letzten Jahren immer wieder vor der Agrarindustrie eingeknickt sind und nichts gegen die Vergiftung unserer Böden unternommen haben.",Agriculture,0,Environment,Agriculture,Environment,19014_Tagesordnungspunkt_9_LINKE_Ali_ID191406800_22.02.2018.csv
6,Wir als Linke sagen: Damit muss endlich Schluss sein.,Agriculture,0,Environment,Agriculture,Environment,19014_Tagesordnungspunkt_9_LINKE_Ali_ID191406800_22.02.2018.csv
7,Wir brauchen die Agrarwende – und zwar nicht irgendwann.,Agriculture,0,Environment,Agriculture,Environment,19014_Tagesordnungspunkt_9_LINKE_Ali_ID191406800_22.02.2018.csv
8,Wir brauchen sie jetzt!,Agriculture,0,Environment,Agriculture,Environment,19014_Tagesordnungspunkt_9_LINKE_Ali_ID191406800_22.02.2018.csv
9,"Die Linke hält es für dringend geboten, den Einsatz von Pestiziden deutlich zu reduzieren, insbesondere den Gebrauch des Pflanzengiftes Glyphosat und der Neonicotinoide, der sogenannten Bienenkiller; denn Pestizide unterscheiden nicht zwischen Nützlingen und Schädlingen.",Environment,0,Environment,Agriculture,Environment,19014_Tagesordnungspunkt_9_LINKE_Ali_ID191406800_22.02.2018.csv
10,Seit 1989 sind circa 80 Prozent unserer Insekten gestorben.,Environment,0,Environment,Agriculture,Environment,19014_Tagesordnungspunkt_9_LINKE_Ali_ID191406800_22.02.2018.csv
11,An dieser Stelle schreien die Lobbyisten der Agrarindustrie in der Regel entsetzt auf und sagen: Das ist ja gar nicht nachgewiesen.,Environment,0,Environment,Agriculture,Environment,19014_Tagesordnungspunkt_9_LINKE_Ali_ID191406800_22.02.2018.csv
12,Es gibt ganz viele Ursachen.,Environment,0,Environment,Agriculture,Environment,19014_Tagesordnungspunkt_9_LINKE_Ali_ID191406800_22.02.2018.csv
13,"Das muss man erst einmal in Ruhe untersuchen, bevor man handelt. – Ich möchte es einmal in aller Deutlichkeit sagen: Das sind Nebelkerzen, mit denen die Öffentlichkeit für dumm verkauft werden soll.",Environment,0,Environment,Agriculture,Environment,19014_Tagesordnungspunkt_9_LINKE_Ali_ID191406800_22.02.2018.csv
14,"Es gibt keine seriöse Studie, die den Zusammenhang zwischen dem Pestizidgebrauch und dem Insektensterben abstreitet.",Environment,0,Environment,Agriculture,Environment,19014_Tagesordnungspunkt_9_LINKE_Ali_ID191406800_22.02.2018.csv
15,"Natürlich sind es immer mehrere Faktoren, die ein System irgendwann zum Kippen bringen.",Environment,0,Environment,Agriculture,Environment,19014_Tagesordnungspunkt_9_LINKE_Ali_ID191406800_22.02.2018.csv
16,"Aber das ist doch kein Grund, die Ursachen, auf die wir unmittelbar Einfluss nehmen können, nicht abzuschalten.",Environment,0,Environment,Agriculture,Environment,19014_Tagesordnungspunkt_9_LINKE_Ali_ID191406800_22.02.2018.csv
17,"Kolleginnen und Kollegen, es geht übrigens nicht nur um den unmessbaren Schaden am Ökosystem – also für die Welt, in der wir leben – durch den Verlust unserer Bienen, unserer Hummeln, der Schmetterlinge, der Nachtfalter und all der anderen Insekten; mit dem Verlust der Bienen und aller bestäubenden Insekten verlieren wir auch unsere Unabhängigkeit.",Environment,0,Environment,Agriculture,Environment,19014_Tagesordnungspunkt_9_LINKE_Ali_ID191406800_22.02.2018.csv
18,"Ich bin Rechtsanwältin, und es gibt da einen Spruch, der lautet: Ein Anwalt arbeitet so manches Mal vergebens, aber niemals umsonst. – Bei den Bienen ist es genau andersrum; denn die Bienen arbeiten immer nützlich, und sie machen es vor allen Dingen umsonst.",Environment,0,Environment,Agriculture,Environment,19014_Tagesordnungspunkt_9_LINKE_Ali_ID191406800_22.02.2018.csv
19,Es ist kostenlos für alle.,Environment,0,Environment,Agriculture,Environment,19014_Tagesordnungspunkt_9_LINKE_Ali_ID191406800_22.02.2018.csv
20,"Wenn die Bienen weiter sterben, dann müssen wir diese Dienstleistung teuer einkaufen.",Environment,0,Environment,Agriculture,Environment,19014_Tagesordnungspunkt_9_LINKE_Ali_ID191406800_22.02.2018.csv
21,In China werden die Felder bereits manuell bestäubt.,Environment,0,Environment,Agriculture,Environment,19014_Tagesordnungspunkt_9_LINKE_Ali_ID191406800_22.02.2018.csv
22,Heerschaaren von Arbeitern schwärmen aus und bestäuben die Pflanzen per Hand.,Environment,0,Environment,Agriculture,Environment,19014_Tagesordnungspunkt_9_LINKE_Ali_ID191406800_22.02.2018.csv
23,In den USA gibt es sogenannte Wanderimkereien.,Environment,0,Environment,Agriculture,Environment,19014_Tagesordnungspunkt_9_LINKE_Ali_ID191406800_22.02.2018.csv
24,"Das klingt so niedlich, aber ist ein Millionengeschäft.",Environment,0,Environment,Agriculture,Environment,19014_Tagesordnungspunkt_9_LINKE_Ali_ID191406800_22.02.2018.csv
25,"Riesige Trucks voller Bienenstöcke fahren Tausende von Kilometern durch das Land, von Feld zu Feld, gegen Cash – weil es nicht anders geht.",Environment,0,Environment,Agriculture,Environment,19014_Tagesordnungspunkt_9_LINKE_Ali_ID191406800_22.02.2018.csv
26,"Meine Damen und Herren von Union und SPD, von der FDP und auch von der AfD: Wollen Sie das?",Environment,0,Environment,Agriculture,Environment,19014_Tagesordnungspunkt_9_LINKE_Ali_ID191406800_22.02.2018.csv
27,"Ich finde, das ist ein furchtbares Szenario.",Environment,1,Environment,Agriculture,Environment,19014_Tagesordnungspunkt_9_LINKE_Ali_ID191406800_22.02.2018.csv
28,"Die Linke will nicht, dass es in Deutschland so kommt.",Environment,1,Environment,Agriculture,Environment,19014_Tagesordnungspunkt_9_LINKE_Ali_ID191406800_22.02.2018.csv
29,Wir fordern Sie auf: Handeln Sie!,Environment,1,Environment,Agriculture,Environment,19014_Tagesordnungspunkt_9_LINKE_Ali_ID191406800_22.02.2018.csv
30,Ein weiterer Faktor für das Insektensterben ist übrigens die steigende Zahl der Monokulturen.,Environment,1,Environment,Agriculture,Environment,19014_Tagesordnungspunkt_9_LINKE_Ali_ID191406800_22.02.2018.csv
31,Monokulturen zerstören Lebensräume für die Insekten und damit auch die natürlichen Fressfeinde.,Environment,1,Environment,Agriculture,Environment,19014_Tagesordnungspunkt_9_LINKE_Ali_ID191406800_22.02.2018.csv
32,Es treten vermehrt Schädlinge auf.,Environment,1,Environment,Agriculture,Environment,19014_Tagesordnungspunkt_9_LINKE_Ali_ID191406800_22.02.2018.csv
33,Die vielen Pestizide werden also auch wegen der Monokulturen gebraucht.,Agriculture,1,Environment,Agriculture,Environment,19014_Tagesordnungspunkt_9_LINKE_Ali_ID191406800_22.02.2018.csv
34,Es ist ein kranker Kreislauf.,Agriculture,1,Environment,Agriculture,Environment,19014_Tagesordnungspunkt_9_LINKE_Ali_ID191406800_22.02.2018.csv
35,Mit diesem kranken Kreislauf fahren Pestizidgroßhändler wie Monsanto ungestört ihre Milliardengewinne ein.,Agriculture,1,Environment,Agriculture,Environment,19014_Tagesordnungspunkt_9_LINKE_Ali_ID191406800_22.02.2018.csv
36,"Es gibt aktuell sechs Konzerne, die den Markt kontrollieren – den von Pestiziden und vom Saatgut.",Agriculture,1,Environment,Agriculture,Environment,19014_Tagesordnungspunkt_9_LINKE_Ali_ID191406800_22.02.2018.csv
37,"Die Unternehmen verkaufen beides: erst die Pestizide und dann das passende Saatgut, das diese Pestizide überlebt.",Agriculture,1,Environment,Agriculture,Environment,19014_Tagesordnungspunkt_9_LINKE_Ali_ID191406800_22.02.2018.csv
38,Man muss Jahr für Jahr neues Saatgut kaufen.,Agriculture,1,Environment,Agriculture,Environment,19014_Tagesordnungspunkt_9_LINKE_Ali_ID191406800_22.02.2018.csv
39,So werden die Bauern in die totale Abhängigkeit getrieben.,Agriculture,1,Environment,Agriculture,Environment,19014_Tagesordnungspunkt_9_LINKE_Ali_ID191406800_22.02.2018.csv
40,"Es ist ein Milliardengeschäft auf Kosten der Menschen, auf Kosten der Natur, auf Kosten unseres gesamten Ökosystems.",Agriculture,1,Environment,Agriculture,Environment,19014_Tagesordnungspunkt_9_LINKE_Ali_ID191406800_22.02.2018.csv
41,Wir müssen uns aus diesem Würgegriff der Giftmischer endlich befreien.,Agriculture,1,Environment,Agriculture,Environment,19014_Tagesordnungspunkt_9_LINKE_Ali_ID191406800_22.02.2018.csv
42,"Die Linke fordert die Regierung auf, nicht länger vor den Konzerninteressen in die Knie zu gehen.",Agriculture,1,Environment,Agriculture,Environment,19014_Tagesordnungspunkt_9_LINKE_Ali_ID191406800_22.02.2018.csv
43,"Wir brauchen endlich eine Politik für die Bauern, für den Erhalt unserer natürlichen Lebensgrundlagen und für die Gesundheit der Menschen.",Agriculture,1,Environment,Agriculture,Environment,19014_Tagesordnungspunkt_9_LINKE_Ali_ID191406800_22.02.2018.csv
44,Wir brauchen die Agrarwende.,Agriculture,1,Environment,Agriculture,Environment,19014_Tagesordnungspunkt_9_LINKE_Ali_ID191406800_22.02.2018.csv
45,"Die Pestizide einzudämmen, wäre ein Schritt in die richtige Richtung.",Agriculture,1,Environment,Agriculture,Environment,19014_Tagesordnungspunkt_9_LINKE_Ali_ID191406800_22.02.2018.csv
46,Vielen Dank.,*,1,Environment,Agriculture,Environment,19014_Tagesordnungspunkt_9_LINKE_Ali_ID191406800_22.02.2018.csv
47,"Liebe Kollegin, ich bin sicher, dass Ihre Rede weder umsonst noch vergebens war. – Als nächster Redner hat der Kollege Artur Auernhammer von der CDU/CSU das Wort.",*,1,Environment,Agriculture,Environment,19014_Tagesordnungspunkt_9_LINKE_Ali_ID191406800_22.02.2018.csv
