,text,label_gold,segment_id,label_bert,label_parlbert,label_svm,speech_id
0,"Ich glaube, das ist ein bisschen spitzfindig.",Transportation,0,Transportation,Government,International,19053_Tagesordnungspunkt_26_SPD_Stein_ID195307000_28.09.2018.csv
1,"Wenn man sich die damaligen Auseinandersetzungen anschaut, dann muss man sagen: Natürlich ist in der Konsequenz für oder gegen Stuttgart 21 abgestimmt worden.",Transportation,0,Transportation,Government,International,19053_Tagesordnungspunkt_26_SPD_Stein_ID195307000_28.09.2018.csv
2,"Ich glaube, das ist an der Stelle etwas spitzfindig, weil diejenigen, die Stuttgart 21 nicht wollten, was ihr gutes Recht gewesen ist, dann versucht haben, das Projekt durch diese Abstimmung zu verhindern.",Transportation,0,Transportation,Government,International,19053_Tagesordnungspunkt_26_SPD_Stein_ID195307000_28.09.2018.csv
3,"Insofern glaube ich schon, dass es so ist.",Transportation,0,Transportation,Government,International,19053_Tagesordnungspunkt_26_SPD_Stein_ID195307000_28.09.2018.csv
4,"Gut, jetzt haben wir das auch geklärt. – Ich schließe dann die Aussprache zu diesem Tagesordnungspunkt.",*,0,Transportation,Government,International,19053_Tagesordnungspunkt_26_SPD_Stein_ID195307000_28.09.2018.csv
5,Interfraktionell wird Überweisung des Gesetzentwurfs auf Drucksache 19/4459 an die in der Tagesordnung aufgeführten Ausschüsse vorgeschlagen.,*,0,Transportation,Government,International,19053_Tagesordnungspunkt_26_SPD_Stein_ID195307000_28.09.2018.csv
6,Gibt es anderweitige Vorschläge?,*,0,Transportation,Government,International,19053_Tagesordnungspunkt_26_SPD_Stein_ID195307000_28.09.2018.csv
7,– Das ist erkennbar nicht der Fall.,*,0,Transportation,Government,International,19053_Tagesordnungspunkt_26_SPD_Stein_ID195307000_28.09.2018.csv
8,Dann ist die Überweisung so beschlossen.,*,0,Transportation,Government,International,19053_Tagesordnungspunkt_26_SPD_Stein_ID195307000_28.09.2018.csv
