,text,label_gold,segment_id,label_bert,label_parlbert,label_svm,speech_id
0,"Ich möchte die Gelegenheit nutzen, mich bei Ihnen zu bedanken, Kollege Stein, weil Sie so kenntnisreich aus Ihrem Erfahrungshintergrund gesprochen haben.",Civil Rights,0,Government,Transportation,International,19053_Tagesordnungspunkt_26_LINKE_Leidig_ID195306900_28.09.2018.csv
1,"Ich möchte aber auch die Gelegenheit nutzen, Sie bei einem Bereich, den Sie nicht aus eigener Erfahrung kennen, zu korrigieren.",Civil Rights,0,Government,Transportation,International,19053_Tagesordnungspunkt_26_LINKE_Leidig_ID195306900_28.09.2018.csv
2,"Sie haben gesagt, dass bei Stuttgart 21 die Bevölkerung über das Projekt abgestimmt hätte.",Civil Rights,0,Government,Transportation,International,19053_Tagesordnungspunkt_26_LINKE_Leidig_ID195306900_28.09.2018.csv
3,Das ist nicht richtig.,Civil Rights,0,Government,Transportation,International,19053_Tagesordnungspunkt_26_LINKE_Leidig_ID195306900_28.09.2018.csv
4,"Die Volksabstimmung hat über die Frage stattgefunden, ob das Land Baden-Württemberg als Projektpartner aussteigt, zu einem Zeitpunkt, als die 4,5 Milliarden Euro noch als Kostenobergrenze festgestellt waren und in den Raum gestellt wurde, dass ansonsten 2 Milliarden Euro sozusagen für nichts verpulvert worden wären.",Civil Rights,0,Government,Transportation,International,19053_Tagesordnungspunkt_26_LINKE_Leidig_ID195306900_28.09.2018.csv
5,Die Situation ist heute eine völlig andere.,Civil Rights,0,Government,Transportation,International,19053_Tagesordnungspunkt_26_LINKE_Leidig_ID195306900_28.09.2018.csv
6,Ich wollte das nur richtigstellen.,Civil Rights,0,Government,Transportation,International,19053_Tagesordnungspunkt_26_LINKE_Leidig_ID195306900_28.09.2018.csv
7,Also: Es wurde zu keinem Zeitpunkt über das Projekt als solches abgestimmt.,Civil Rights,0,Government,Transportation,International,19053_Tagesordnungspunkt_26_LINKE_Leidig_ID195306900_28.09.2018.csv
8,Danke.,*,0,Government,Transportation,International,19053_Tagesordnungspunkt_26_LINKE_Leidig_ID195306900_28.09.2018.csv
9,Müssen Sie dazu noch etwas sagen?,*,0,Government,Transportation,International,19053_Tagesordnungspunkt_26_LINKE_Leidig_ID195306900_28.09.2018.csv
