,text,label_gold,segment_id,label_bert,label_parlbert,label_svm,speech_id
0,Sehr geehrter Herr Präsident!,*,0,Transportation,Transportation,Transportation,19053_Tagesordnungspunkt_26_SPD_Stein_ID195306800_28.09.2018.csv
1,Liebe Kolleginnen und Kollegen!,*,0,Transportation,Transportation,Transportation,19053_Tagesordnungspunkt_26_SPD_Stein_ID195306800_28.09.2018.csv
2,Liebe Besucherinnen und Besucher!,*,0,Transportation,Transportation,Transportation,19053_Tagesordnungspunkt_26_SPD_Stein_ID195306800_28.09.2018.csv
3,Gerade sind die Emotionen ja ein bisschen hochgekocht.,Transportation,0,Transportation,Transportation,Transportation,19053_Tagesordnungspunkt_26_SPD_Stein_ID195306800_28.09.2018.csv
4,"Ich will einmal den Grundsatz nennen, den wir bisher für Planungen verwandt haben.",Transportation,0,Transportation,Transportation,Transportation,19053_Tagesordnungspunkt_26_SPD_Stein_ID195306800_28.09.2018.csv
5,Wir haben immer gesagt: Gründlichkeit geht vor Schnelligkeit.,Transportation,0,Transportation,Transportation,Transportation,19053_Tagesordnungspunkt_26_SPD_Stein_ID195306800_28.09.2018.csv
6,Ich kenne das aus meiner eigenen Tätigkeit.,Transportation,0,Transportation,Transportation,Transportation,19053_Tagesordnungspunkt_26_SPD_Stein_ID195306800_28.09.2018.csv
7,Ich habe lange bei der Wasserstraßen- und Schifffahrtsverwaltung gearbeitet.,Transportation,0,Transportation,Transportation,Transportation,19053_Tagesordnungspunkt_26_SPD_Stein_ID195306800_28.09.2018.csv
8,Das war immer Maßgabe für unsere Genehmigungs- und Planungsverfahren.,Transportation,0,Transportation,Transportation,Transportation,19053_Tagesordnungspunkt_26_SPD_Stein_ID195306800_28.09.2018.csv
9,"Aber leider dauert es manchmal dann tatsächlich Jahrzehnte, bis überhaupt die ersten Bagger rollen.",Transportation,0,Transportation,Transportation,Transportation,19053_Tagesordnungspunkt_26_SPD_Stein_ID195306800_28.09.2018.csv
10,"Die Verfahren sind kompliziert, sie sind aufwendig.",Transportation,0,Transportation,Transportation,Transportation,19053_Tagesordnungspunkt_26_SPD_Stein_ID195306800_28.09.2018.csv
11,Die Planungsabteilungen bei Bund und Ländern bekommen die Projekte dadurch nicht schnell genug vom Tisch.,Transportation,0,Transportation,Transportation,Transportation,19053_Tagesordnungspunkt_26_SPD_Stein_ID195306800_28.09.2018.csv
12,"Als Wirtschaftsstandort, als Technologieland, als zentrale Verkehrsachse in Europa können wir uns das nicht länger leisten.",Transportation,0,Transportation,Transportation,Transportation,19053_Tagesordnungspunkt_26_SPD_Stein_ID195306800_28.09.2018.csv
13,"Es wäre gut, wenn wir da einen Konsens in diesem Haus herstellen können.",Transportation,0,Transportation,Transportation,Transportation,19053_Tagesordnungspunkt_26_SPD_Stein_ID195306800_28.09.2018.csv
14,Wie haben wir uns in diese Lage hineingeritten?,Transportation,0,Transportation,Transportation,Transportation,19053_Tagesordnungspunkt_26_SPD_Stein_ID195306800_28.09.2018.csv
15,"Es war nicht eine zentrale Entscheidung, es war auch nicht die Konfrontation mit den Umweltverbänden.",Transportation,0,Transportation,Transportation,Transportation,19053_Tagesordnungspunkt_26_SPD_Stein_ID195306800_28.09.2018.csv
16,Vielmehr waren es viele Einzelentscheidungen.,Transportation,0,Transportation,Transportation,Transportation,19053_Tagesordnungspunkt_26_SPD_Stein_ID195306800_28.09.2018.csv
17,Ich will drei davon nennen.,Transportation,0,Transportation,Transportation,Transportation,19053_Tagesordnungspunkt_26_SPD_Stein_ID195306800_28.09.2018.csv
18,Das Erste – es ist schon genannt worden –: Insbesondere seit den 1990er-Jahren sind in den Verwaltungen massiv Stellen eingespart worden.,Transportation,0,Transportation,Transportation,Transportation,19053_Tagesordnungspunkt_26_SPD_Stein_ID195306800_28.09.2018.csv
19,Wir haben die Verfahren komplexer gemacht.,Transportation,0,Transportation,Transportation,Transportation,19053_Tagesordnungspunkt_26_SPD_Stein_ID195306800_28.09.2018.csv
20,"Insofern finde ich es schade – Herr Herbst unterhält sich jetzt gerade –,
dass die FDP diese Frage gar nicht angesprochen hat, weil ich sie für eine sehr zentrale halte.",Transportation,0,Transportation,Transportation,Transportation,19053_Tagesordnungspunkt_26_SPD_Stein_ID195306800_28.09.2018.csv
21,"Da fehlen uns Menschen, da fehlt uns Personal.",Transportation,0,Transportation,Transportation,Transportation,19053_Tagesordnungspunkt_26_SPD_Stein_ID195306800_28.09.2018.csv
22,"Wir müssen aufpassen, dass das nicht auch zukünftig eine Engstelle bleibt.",Transportation,0,Transportation,Transportation,Transportation,19053_Tagesordnungspunkt_26_SPD_Stein_ID195306800_28.09.2018.csv
23,Das Zweite ist: Wir haben zu wenig in den Erhalt der Infrastruktur investiert.,Transportation,0,Transportation,Transportation,Transportation,19053_Tagesordnungspunkt_26_SPD_Stein_ID195306800_28.09.2018.csv
24,"Die Daehre-Kommission, die Bodewig-Kommission haben das gesagt.",Transportation,0,Transportation,Transportation,Transportation,19053_Tagesordnungspunkt_26_SPD_Stein_ID195306800_28.09.2018.csv
25,Das müssen wir Stück für Stück auflösen.,Transportation,0,Transportation,Transportation,Transportation,19053_Tagesordnungspunkt_26_SPD_Stein_ID195306800_28.09.2018.csv
26,"Ein dritter Punkt ist, glaube ich, ganz zentral: die Einstellung der Menschen gegenüber großen Infrastrukturvorhaben.",Transportation,0,Transportation,Transportation,Transportation,19053_Tagesordnungspunkt_26_SPD_Stein_ID195306800_28.09.2018.csv
27,Wir haben Stuttgart 21 angesprochen.,Transportation,0,Transportation,Transportation,Transportation,19053_Tagesordnungspunkt_26_SPD_Stein_ID195306800_28.09.2018.csv
28,"Ich glaube, da müssen wir mehr bei der Bevölkerung werben, damit es eine positive Einstellung zu großen In­frastrukturmaßnahmen gibt.",Transportation,0,Transportation,Transportation,Transportation,19053_Tagesordnungspunkt_26_SPD_Stein_ID195306800_28.09.2018.csv
29,"Die Dänen haben dazu eine sehr positive Einstellung, die Schweden haben dazu eine sehr positive Einstellung.",Transportation,0,Transportation,Transportation,Transportation,19053_Tagesordnungspunkt_26_SPD_Stein_ID195306800_28.09.2018.csv
30,"Man muss auch sehr deutlich sagen, dass am Ende 58 Prozent der Bevölkerung Stuttgart 21 zugestimmt haben.",Transportation,0,Transportation,Transportation,Transportation,19053_Tagesordnungspunkt_26_SPD_Stein_ID195306800_28.09.2018.csv
31,Das müssen auch die Linken einmal zur Kenntnis nehmen.,Transportation,0,Transportation,Transportation,Transportation,19053_Tagesordnungspunkt_26_SPD_Stein_ID195306800_28.09.2018.csv
32,Der vorliegende Gesetzentwurf wird nicht alle Herausforderungen der Planungsprozesse und erst recht nicht der Bauprozesse lösen können.,Transportation,0,Transportation,Transportation,Transportation,19053_Tagesordnungspunkt_26_SPD_Stein_ID195306800_28.09.2018.csv
33,Aber er ist ein erster wichtiger Schritt.,Transportation,0,Transportation,Transportation,Transportation,19053_Tagesordnungspunkt_26_SPD_Stein_ID195306800_28.09.2018.csv
34,"Zentrale Schritte sind aus meiner Sicht zum Beispiel: Wir wollen es ermöglichen, dass bestimmte Maßnahmen auch im Vorwege getroffen werden.",Transportation,0,Transportation,Transportation,Transportation,19053_Tagesordnungspunkt_26_SPD_Stein_ID195306800_28.09.2018.csv
35,"Da sind wir anderer Auffassung als die Grünen; denn ich glaube schon, dass wir dann erfolgreich sein können.",Transportation,0,Transportation,Transportation,Transportation,19053_Tagesordnungspunkt_26_SPD_Stein_ID195306800_28.09.2018.csv
36,"Insbesondere im Zusammenhang mit dem Elbkonzept gibt es zum Beispiel Naturschutzverbände, die sagen: Können wir nicht die naturschutzrechtlichen Maßnahmen vorziehen oder die Kampfmittelbeseitigung?",Transportation,0,Transportation,Transportation,Transportation,19053_Tagesordnungspunkt_26_SPD_Stein_ID195306800_28.09.2018.csv
37,"– Genau, das geht ja auch nur dann, wenn man das in einem angemessenen Verfahren macht.",Transportation,0,Transportation,Transportation,Transportation,19053_Tagesordnungspunkt_26_SPD_Stein_ID195306800_28.09.2018.csv
38,"Ich glaube schon, dass wir uns in dieser Frage einigen können.",Transportation,0,Transportation,Transportation,Transportation,19053_Tagesordnungspunkt_26_SPD_Stein_ID195306800_28.09.2018.csv
39,Das Eisenbahn-Bundesamt ist angesprochen worden.,Transportation,0,Transportation,Transportation,Transportation,19053_Tagesordnungspunkt_26_SPD_Stein_ID195306800_28.09.2018.csv
40,"Da sind wir uns mit den Grünen hundertprozentig einig, dass wir das auch ordentlich mit Personal ausstatten müssen,
dass wir da auch versuchen müssen, an den Schnittstellen das Know-how der Länder aufzugreifen.",Transportation,0,Transportation,Transportation,Transportation,19053_Tagesordnungspunkt_26_SPD_Stein_ID195306800_28.09.2018.csv
41,Letzter Punkt.,Transportation,0,Transportation,Transportation,Transportation,19053_Tagesordnungspunkt_26_SPD_Stein_ID195306800_28.09.2018.csv
42,"Die Frage der Ersatzneubauten ist, glaube ich, eine ganz zentrale.",Transportation,0,Transportation,Transportation,Transportation,19053_Tagesordnungspunkt_26_SPD_Stein_ID195306800_28.09.2018.csv
43,"Angesichts einer bröckelnden Infrastruktur müssen wir, glaube ich, nicht bei jedem Brückenbauprojekt ein extra Planfeststellungsverfahren machen und auch nicht unbedingt eine obligatorisch vorgeschriebene Öffentlichkeitsbeteiligung.",Transportation,0,Transportation,Transportation,Transportation,19053_Tagesordnungspunkt_26_SPD_Stein_ID195306800_28.09.2018.csv
44,"Denn auch die Aarhus-Konvention sagt ausdrücklich, dass man bei diesen Maßnahmen nicht unbedingt eine Planfeststellung braucht, sondern auch eine Plangenehmigung machen kann.",Transportation,0,Transportation,Transportation,Transportation,19053_Tagesordnungspunkt_26_SPD_Stein_ID195306800_28.09.2018.csv
45,"Ich will noch drei Punkte nennen, an denen wir über den Gesetzentwurf hinaus arbeiten müssen.",Transportation,0,Transportation,Transportation,Transportation,19053_Tagesordnungspunkt_26_SPD_Stein_ID195306800_28.09.2018.csv
46,Da ist erstens das Stichwort „Bürgerbeteiligung“.,Civil Rights,0,Transportation,Transportation,Transportation,19053_Tagesordnungspunkt_26_SPD_Stein_ID195306800_28.09.2018.csv
47,"Wir müssen versuchen, Bürgerbeteiligung so zu gestalten, dass wir große Bauvorhaben mit den Menschen planen und nicht gegen sie.",Civil Rights,0,Transportation,Transportation,Transportation,19053_Tagesordnungspunkt_26_SPD_Stein_ID195306800_28.09.2018.csv
48,"Wir müssen zweitens versuchen, bei den Planungsverfahren das Raumordnungs- und das Planfeststellungsverfahren gemeinsam zu gestalten und mit der Bürgerbeteiligung zu koppeln.",Civil Rights,0,Transportation,Transportation,Transportation,19053_Tagesordnungspunkt_26_SPD_Stein_ID195306800_28.09.2018.csv
49,"Drittens wäre es sinnvoll, dass wir mit Blick auf das Baugesetz tatsächlich auch noch einmal über Maßnahmegesetze sprechen, damit wir bei wichtigen großen Verkehrsprojekten von nationaler Bedeutung den Aushandlungsprozess gestalten können.",Transportation,0,Transportation,Transportation,Transportation,19053_Tagesordnungspunkt_26_SPD_Stein_ID195306800_28.09.2018.csv
50,Ich freue mich auf die Diskussion.,Transportation,0,Transportation,Transportation,Transportation,19053_Tagesordnungspunkt_26_SPD_Stein_ID195306800_28.09.2018.csv
51,Ich freue mich auf die Anhörung.,Transportation,0,Transportation,Transportation,Transportation,19053_Tagesordnungspunkt_26_SPD_Stein_ID195306800_28.09.2018.csv
52,"Vielleicht bekommen wir es ja hin, dass wir über die Koalition hinaus für unseren Gesetzesvorschlag Zustimmung bekommen.",Transportation,0,Transportation,Transportation,Transportation,19053_Tagesordnungspunkt_26_SPD_Stein_ID195306800_28.09.2018.csv
53,Danke schön.,*,0,Transportation,Transportation,Transportation,19053_Tagesordnungspunkt_26_SPD_Stein_ID195306800_28.09.2018.csv
54,"Bevor ich die Aussprache schließe, erteile ich der Kollegin Sabine Leidig das Wort zu einer Kurzintervention.",*,0,Transportation,Transportation,Transportation,19053_Tagesordnungspunkt_26_SPD_Stein_ID195306800_28.09.2018.csv
