,text,label_gold,segment_id,label_bert,label_parlbert,label_svm,speech_id
0,Herr Präsident!,*,0,Transportation,Transportation,Transportation,19053_Tagesordnungspunkt_26_LINKE_Leidig_ID195306300_28.09.2018.csv
1,Werte Kolleginnen und Kollegen!,*,0,Transportation,Transportation,Transportation,19053_Tagesordnungspunkt_26_LINKE_Leidig_ID195306300_28.09.2018.csv
2,Liebe Gäste!,*,0,Transportation,Transportation,Transportation,19053_Tagesordnungspunkt_26_LINKE_Leidig_ID195306300_28.09.2018.csv
3,Die Bundesregierung bringt heute einen Gesetzentwurf zur Beschleunigung von Planungs- und Genehmigungsverfahren im Verkehrsbereich ins Parlament ein.,Transportation,0,Transportation,Transportation,Transportation,19053_Tagesordnungspunkt_26_LINKE_Leidig_ID195306300_28.09.2018.csv
4,"Dazu eine Vorbemerkung: Wir setzen uns seit Jahren dafür ein, dass besser geplant wird und dass Bürgerinnen und Bürger besser beteiligt werden an der längst überfälligen Verkehrswende.",Transportation,0,Transportation,Transportation,Transportation,19053_Tagesordnungspunkt_26_LINKE_Leidig_ID195306300_28.09.2018.csv
5,"Es ist widersinnig, heute noch mehr Autobahnen zu bauen; der umweltschädliche Straßenverkehr muss ja reduziert werden.",Transportation,0,Transportation,Transportation,Transportation,19053_Tagesordnungspunkt_26_LINKE_Leidig_ID195306300_28.09.2018.csv
6,"Die Alternative, den sinnvollen Ausbau von Schiene und Wasserstraßen, unterstützen wir natürlich nach Kräften.",Transportation,0,Transportation,Transportation,Transportation,19053_Tagesordnungspunkt_26_LINKE_Leidig_ID195306300_28.09.2018.csv
7,Das aber wird mit diesem Gesetzentwurf genau nicht gelingen.,Transportation,0,Transportation,Transportation,Transportation,19053_Tagesordnungspunkt_26_LINKE_Leidig_ID195306300_28.09.2018.csv
8,Im Gegenteil: Sie wollen die Beteiligung von Bürgerinnen und Bürgern und von Umweltverbänden einschränken; aber das ist genau der falsche Weg.,Civil Rights,0,Transportation,Transportation,Transportation,19053_Tagesordnungspunkt_26_LINKE_Leidig_ID195306300_28.09.2018.csv
9,Seit 1990 sind demokratische Beteiligungsrechte beim Bau von Verkehrsprojekten und Industrieanlagen abgebaut worden – hinter dem Rücken der Öffentlichkeit.,Civil Rights,0,Transportation,Transportation,Transportation,19053_Tagesordnungspunkt_26_LINKE_Leidig_ID195306300_28.09.2018.csv
10,"Aber vor ziemlich genau acht Jahren, am Schwarzen Donnerstag, wurde im Stuttgarter Schlossgarten eine friedliche Demonstration gegen Stuttgart 21 mit Polizeigewalt niedergeschlagen, und damit kam das Thema auf den Tisch.",Civil Rights,0,Transportation,Transportation,Transportation,19053_Tagesordnungspunkt_26_LINKE_Leidig_ID195306300_28.09.2018.csv
11,"Das Grundproblem, das dahintersteckt, ist, dass Vorschläge und Einwände überhaupt erst am Ende vom Planungsverfahren eingebracht werden können, dann, wenn über das Ob einer Maßnahme gar nicht mehr entschieden werden kann.",Civil Rights,0,Transportation,Transportation,Transportation,19053_Tagesordnungspunkt_26_LINKE_Leidig_ID195306300_28.09.2018.csv
12,"Damals war das Problem so offensichtlich, dass selbst die Bundeskanzlerin Frau Merkel gesagt hat, dass es mehr Bürgerbeteiligung geben muss.",Civil Rights,0,Transportation,Transportation,Transportation,19053_Tagesordnungspunkt_26_LINKE_Leidig_ID195306300_28.09.2018.csv
13,"Ein Gesetzentwurf der Regierung aus Union und FDP, der damals vorlag und der weniger Beteiligung vorsah, ist 2011 gestoppt worden.",Civil Rights,0,Transportation,Transportation,Transportation,19053_Tagesordnungspunkt_26_LINKE_Leidig_ID195306300_28.09.2018.csv
14,"Jetzt ein neuer Anlauf, dieses Mal mit Beteiligung der SPD?",Civil Rights,0,Transportation,Transportation,Transportation,19053_Tagesordnungspunkt_26_LINKE_Leidig_ID195306300_28.09.2018.csv
15,"Ich hoffe, nicht.",Civil Rights,0,Transportation,Transportation,Transportation,19053_Tagesordnungspunkt_26_LINKE_Leidig_ID195306300_28.09.2018.csv
16,Was steht denn drin in dem Entwurf?,Civil Rights,0,Transportation,Transportation,Transportation,19053_Tagesordnungspunkt_26_LINKE_Leidig_ID195306300_28.09.2018.csv
17,"Es soll eine vorläufige Anordnung geben für Teilmaßnahmen, ohne ordentliches Planfeststellungsverfahren.",Civil Rights,0,Transportation,Transportation,Transportation,19053_Tagesordnungspunkt_26_LINKE_Leidig_ID195306300_28.09.2018.csv
18,Sogar der Erörterungstermin steht infrage.,Civil Rights,0,Transportation,Transportation,Transportation,19053_Tagesordnungspunkt_26_LINKE_Leidig_ID195306300_28.09.2018.csv
19,"Sie wollen Fakten schaffen, bevor die Öffentlichkeit überhaupt von den Plänen erfährt.",Civil Rights,0,Transportation,Transportation,Transportation,19053_Tagesordnungspunkt_26_LINKE_Leidig_ID195306300_28.09.2018.csv
20,"Sie wollen private Projektmanager einsetzen, bei denen man gar nicht weiß, welche Abhängigkeiten da bestehen.",Civil Rights,0,Transportation,Transportation,Transportation,19053_Tagesordnungspunkt_26_LINKE_Leidig_ID195306300_28.09.2018.csv
21,Sie wollen den Rechtsweg beschneiden und Klagen generell nur vor dem Bundesverwaltungsgericht zulassen.,Civil Rights,0,Transportation,Transportation,Transportation,19053_Tagesordnungspunkt_26_LINKE_Leidig_ID195306300_28.09.2018.csv
22,"Und Sie wollen verhindern, dass die Belastung durch Verkehrslärm erneut überprüft wird, wenn Jahre nach Beginn der Planung der Bau anfängt und in Wirklichkeit längst viel mehr Verkehr rollt.",Civil Rights,0,Transportation,Transportation,Transportation,19053_Tagesordnungspunkt_26_LINKE_Leidig_ID195306300_28.09.2018.csv
23,Das geht überhaupt nicht.,Civil Rights,0,Transportation,Transportation,Transportation,19053_Tagesordnungspunkt_26_LINKE_Leidig_ID195306300_28.09.2018.csv
24,Die Bürgerinnen und Bürger müssen ihre Rechte wahrnehmen können und ihren Schutz bekommen.,Civil Rights,0,Transportation,Transportation,Transportation,19053_Tagesordnungspunkt_26_LINKE_Leidig_ID195306300_28.09.2018.csv
25,Sie haben die Vertreter von Bauherren und Bauunternehmen zusammengeholt und nennen das „Innovationsforum Planungsbeschleunigung“.,Transportation,0,Transportation,Transportation,Transportation,19053_Tagesordnungspunkt_26_LINKE_Leidig_ID195306300_28.09.2018.csv
26,Daran ist überhaupt nichts neu.,Transportation,0,Transportation,Transportation,Transportation,19053_Tagesordnungspunkt_26_LINKE_Leidig_ID195306300_28.09.2018.csv
27,"Die Naturschutzverbände sind ausgestiegen, weil es eine Mogelpackung ist; Bürgerinitiativen wurden überhaupt nicht einbezogen.",Transportation,0,Transportation,Transportation,Transportation,19053_Tagesordnungspunkt_26_LINKE_Leidig_ID195306300_28.09.2018.csv
28,"Sie haben gar keine Analyse vorgelegt, was eigentlich wirklich die konkreten Hindernisse für die gute Fertigstellung von Infrastrukturprojekten sind.",Transportation,0,Transportation,Transportation,Transportation,19053_Tagesordnungspunkt_26_LINKE_Leidig_ID195306300_28.09.2018.csv
29,"Vielleicht klemmt es ja bei den Planungs- und Beratungskapazitäten in den Ämtern und Behörden, vielleicht fehlt es an qualifizierten Planerinnen und Ingenieuren.",Transportation,0,Transportation,Transportation,Transportation,19053_Tagesordnungspunkt_26_LINKE_Leidig_ID195306300_28.09.2018.csv
30,"Wir wissen, dass Projekte – und das gilt nicht nur für den BER – auch an Fehlplanungen scheitern oder am Chaos von Sub- und Sub-Sub- und Sub-Sub-Sub-Unternehmen und letztlich auch an fehlenden Arbeitskräften und an schlechten Arbeitsbedingungen bei Bauunternehmen.",Transportation,0,Transportation,Transportation,Transportation,19053_Tagesordnungspunkt_26_LINKE_Leidig_ID195306300_28.09.2018.csv
31,Daran muss man doch was ändern.,Transportation,0,Transportation,Transportation,Transportation,19053_Tagesordnungspunkt_26_LINKE_Leidig_ID195306300_28.09.2018.csv
32,"Es gibt keine einzige Untersuchung, die belegt, dass weniger Demokratie zu besseren Ergebnissen führt, auch nicht bei Verkehrsinfrastruktur – im Gegenteil.",Civil Rights,0,Transportation,Transportation,Transportation,19053_Tagesordnungspunkt_26_LINKE_Leidig_ID195306300_28.09.2018.csv
33,"Unser Nachbarland Schweiz, um mal ein anderes Land in den Blick zu nehmen, steht bei den Infrastrukturprojekten deutlich besser da als wir: weniger Kostensteigerung, ziemlich genau im Zeitplan; das gilt nicht nur für den Gotthard-Basistunnel.",Civil Rights,0,Transportation,Transportation,Transportation,19053_Tagesordnungspunkt_26_LINKE_Leidig_ID195306300_28.09.2018.csv
34,"Wir alle wissen, dass es in keinem anderen Land Europas so viel Bürgerbeteiligung und direkte Demokratie gibt wie in der Schweiz.",Civil Rights,0,Transportation,Transportation,Transportation,19053_Tagesordnungspunkt_26_LINKE_Leidig_ID195306300_28.09.2018.csv
35,Das müsste doch unser Vorbild sein.,Civil Rights,0,Transportation,Transportation,Transportation,19053_Tagesordnungspunkt_26_LINKE_Leidig_ID195306300_28.09.2018.csv
36,"Der alte Hut, den Sie hier auf 40 Seiten auswälzen, bedeutet keinen Abbau von Bürokratie, sondern einen Abbau von Demokratie.",Civil Rights,0,Transportation,Transportation,Transportation,19053_Tagesordnungspunkt_26_LINKE_Leidig_ID195306300_28.09.2018.csv
37,"Ich finde, das darf dieses Parlament nicht zulassen.",Civil Rights,0,Transportation,Transportation,Transportation,19053_Tagesordnungspunkt_26_LINKE_Leidig_ID195306300_28.09.2018.csv
38,Danke.,Civil Rights,0,Transportation,Transportation,Transportation,19053_Tagesordnungspunkt_26_LINKE_Leidig_ID195306300_28.09.2018.csv
39,"Der nächste Redner: Stephan Kühn, Bündnis 90/Die Grünen.",Civil Rights,0,Transportation,Transportation,Transportation,19053_Tagesordnungspunkt_26_LINKE_Leidig_ID195306300_28.09.2018.csv
