,text,label_gold,segment_id,label_bert,label_parlbert,label_svm,speech_id
0,Herr Präsident!,*,0,Transportation,Transportation,Law,19053_Tagesordnungspunkt_26_SPD_Luehmann_ID195306100_28.09.2018.csv
1,Liebe Kollegen!,*,0,Transportation,Transportation,Law,19053_Tagesordnungspunkt_26_SPD_Luehmann_ID195306100_28.09.2018.csv
2,Liebe Kolleginnen!,*,0,Transportation,Transportation,Law,19053_Tagesordnungspunkt_26_SPD_Luehmann_ID195306100_28.09.2018.csv
3,Sehr verehrte Anwesende!,*,0,Transportation,Transportation,Law,19053_Tagesordnungspunkt_26_SPD_Luehmann_ID195306100_28.09.2018.csv
4,In meinem Wahlkreis soll es in der Weimarer Zeit zum ersten Mal die Überlegung einer Ortsumfahrung um Celle gegeben haben.,Transportation,0,Transportation,Transportation,Law,19053_Tagesordnungspunkt_26_SPD_Luehmann_ID195306100_28.09.2018.csv
5,Das ist nun nicht die durchschnittliche Dauer eines Planungsprozesses.,Transportation,0,Transportation,Transportation,Law,19053_Tagesordnungspunkt_26_SPD_Luehmann_ID195306100_28.09.2018.csv
6,"Aber als wir dann angefangen haben, das Ganze zu verwirklichen, ergab sich nach zwei Bauabschnitten, dass wir den Schwerlastverkehr durch eine historische Innenstadt leiten mussten, die auch noch stark von Familien bewohnt ist, sodass das Ganze hakte.",Transportation,0,Transportation,Transportation,Law,19053_Tagesordnungspunkt_26_SPD_Luehmann_ID195306100_28.09.2018.csv
7,"Wir dachten, es sind wenige Jahre erforderlich, aber wir sind inzwischen bei über zehn Jahren Planung angekommen, ohne dass es eine Ausschreibung gibt.",Transportation,0,Transportation,Transportation,Law,19053_Tagesordnungspunkt_26_SPD_Luehmann_ID195306100_28.09.2018.csv
8,Sie alle kennen diese Beispiele aus Ihren Wahlkreisen.,Transportation,0,Transportation,Transportation,Law,19053_Tagesordnungspunkt_26_SPD_Luehmann_ID195306100_28.09.2018.csv
9,"Wir brauchen dringend eine Beschleunigung der Planungsverfahren, aber mit rechtzeitiger Beteiligung der Bürger und Bürgerinnen und unter Berücksichtigung der Belange der Umwelt.",Transportation,0,Transportation,Transportation,Law,19053_Tagesordnungspunkt_26_SPD_Luehmann_ID195306100_28.09.2018.csv
10,Nur dann wird das Ganze zum Erfolg führen.,Transportation,0,Transportation,Transportation,Law,19053_Tagesordnungspunkt_26_SPD_Luehmann_ID195306100_28.09.2018.csv
11,"Unsere Verfahren sollen nicht schlechter oder ungenauer werden, sondern schneller.",Transportation,0,Transportation,Transportation,Law,19053_Tagesordnungspunkt_26_SPD_Luehmann_ID195306100_28.09.2018.csv
12,"Darum haben wir in diesem Gesetzentwurf die Verkürzung des Rechtsweges auf die Projekte beschränkt, wo das Ganze verhältnismäßig ist; denn nicht umsonst ist die Rechtsweggarantie ein sehr hohes Gut in unserer Verfassung.",Transportation,0,Transportation,Transportation,Law,19053_Tagesordnungspunkt_26_SPD_Luehmann_ID195306100_28.09.2018.csv
13,Auch die Möglichkeit der Verbandsklage haben wir erhalten.,Transportation,0,Transportation,Transportation,Law,19053_Tagesordnungspunkt_26_SPD_Luehmann_ID195306100_28.09.2018.csv
14,"Sie ist sogar sehr wichtig, weil es Belange gibt, die von einem Einzelnen, einer Einzelnen überhaupt nicht vernünftig dargelegt werden können.",Transportation,0,Transportation,Transportation,Law,19053_Tagesordnungspunkt_26_SPD_Luehmann_ID195306100_28.09.2018.csv
15,"Wir brauchen die Verbände, damit sie uns auf einige Dinge aufmerksam machen, die sonst bei der Planung überhaupt keine Berücksichtigung finden würden.",Transportation,0,Transportation,Transportation,Law,19053_Tagesordnungspunkt_26_SPD_Luehmann_ID195306100_28.09.2018.csv
16,"Aber es gibt zwei Dinge, die wir außerhalb dieses Gesetzes noch deutlich verändern sollten.",Transportation,0,Transportation,Transportation,Law,19053_Tagesordnungspunkt_26_SPD_Luehmann_ID195306100_28.09.2018.csv
17,"Zum einen – das geht an die Länder – brauchen wir mehr Kapazitäten an den Gerichten, sodass, wenn Menschen ihr Recht wahrnehmen, die Verfahren nicht mehr jahrelang dauern, sondern deutlich verkürzt werden.",Transportation,0,Transportation,Transportation,Law,19053_Tagesordnungspunkt_26_SPD_Luehmann_ID195306100_28.09.2018.csv
18,Zum anderen müssen wir als Bund bei der Planung besser werden.,Transportation,0,Transportation,Transportation,Law,19053_Tagesordnungspunkt_26_SPD_Luehmann_ID195306100_28.09.2018.csv
19,"Wir haben die Infrastrukturgesellschaft gegründet, um hier deutlich voranzukommen.",Transportation,0,Transportation,Transportation,Law,19053_Tagesordnungspunkt_26_SPD_Luehmann_ID195306100_28.09.2018.csv
20,Wir wollen – das wurde schon angesprochen – eine Anhörung machen.,Transportation,0,Transportation,Transportation,Law,19053_Tagesordnungspunkt_26_SPD_Luehmann_ID195306100_28.09.2018.csv
21,"In dieser Anhörung haben wir die Chance, einige Dinge, die vielleicht das ein oder andere Verfahren noch kürzer, noch besser machen können, mit den Fachleuten zu erörtern.",Transportation,0,Transportation,Transportation,Law,19053_Tagesordnungspunkt_26_SPD_Luehmann_ID195306100_28.09.2018.csv
22,Ich spreche hier nur zwei Fragen an.,Transportation,0,Transportation,Transportation,Law,19053_Tagesordnungspunkt_26_SPD_Luehmann_ID195306100_28.09.2018.csv
23,Die eine lautet: Nach welchen Grundlagen werde ich das Ganze vor Gericht schließlich bewerten?,Transportation,0,Transportation,Transportation,Law,19053_Tagesordnungspunkt_26_SPD_Luehmann_ID195306100_28.09.2018.csv
24,Es geht also um den Stand von Wissenschaft und Technik.,Transportation,0,Transportation,Transportation,Law,19053_Tagesordnungspunkt_26_SPD_Luehmann_ID195306100_28.09.2018.csv
25,Wann legen wir ihn fest?,Transportation,0,Transportation,Transportation,Law,19053_Tagesordnungspunkt_26_SPD_Luehmann_ID195306100_28.09.2018.csv
26,Wonach richten wir uns da?,Transportation,0,Transportation,Transportation,Law,19053_Tagesordnungspunkt_26_SPD_Luehmann_ID195306100_28.09.2018.csv
27,Die zweite Frage lautet: Können wir nicht Raumordnung und Planfeststellung zusammenlegen?,Transportation,0,Transportation,Transportation,Law,19053_Tagesordnungspunkt_26_SPD_Luehmann_ID195306100_28.09.2018.csv
28,Das würde uns einen deutlichen Schritt nach vorne bringen.,Transportation,0,Transportation,Transportation,Law,19053_Tagesordnungspunkt_26_SPD_Luehmann_ID195306100_28.09.2018.csv
29,"Liebe Kollegen, liebe Kolleginnen, lassen Sie uns das mit den Fachleuten diskutieren, damit unsere Infrastruktur schneller besser wird.",Transportation,0,Transportation,Transportation,Law,19053_Tagesordnungspunkt_26_SPD_Luehmann_ID195306100_28.09.2018.csv
30,Herzlichen Dank.,*,0,Transportation,Transportation,Law,19053_Tagesordnungspunkt_26_SPD_Luehmann_ID195306100_28.09.2018.csv
31,"Nächster Redner: der Kollege Torsten Herbst, FDP-Fraktion.",*,0,Transportation,Transportation,Law,19053_Tagesordnungspunkt_26_SPD_Luehmann_ID195306100_28.09.2018.csv
