,text,label_gold,segment_id,label_bert,label_parlbert,label_svm,speech_id
0,Liebe Bürger!,*,0,Transportation,Transportation,Transportation,19053_Tagesordnungspunkt_26_AfD_Holm_ID195306000_28.09.2018.csv
1,Herr Präsident!,*,0,Transportation,Transportation,Transportation,19053_Tagesordnungspunkt_26_AfD_Holm_ID195306000_28.09.2018.csv
2,Meine Damen und Herren!,*,0,Transportation,Transportation,Transportation,19053_Tagesordnungspunkt_26_AfD_Holm_ID195306000_28.09.2018.csv
3,Das Thema Planungsbeschleunigung klingt erst mal tatsächlich nicht besonders sexy.,Transportation,0,Transportation,Transportation,Transportation,19053_Tagesordnungspunkt_26_AfD_Holm_ID195306000_28.09.2018.csv
4,"Aber es ist eben ein wichtiger Baustein dafür, dass wir beim Ausbau unserer Infrastruktur wirklich Fahrt aufnehmen.",Transportation,0,Transportation,Transportation,Transportation,19053_Tagesordnungspunkt_26_AfD_Holm_ID195306000_28.09.2018.csv
5,Im Moment sind wir ja leider im Schneckentempo unterwegs.,Transportation,0,Transportation,Transportation,Transportation,19053_Tagesordnungspunkt_26_AfD_Holm_ID195306000_28.09.2018.csv
6,"Immerhin: Die Bundesregierung hat das jetzt auch erkannt, aber – um im Bild zu bleiben –: Mit Ihrem Gesetzentwurf schalten Sie nicht den Turbo zu, sondern maximal in den zweiten Gang.",Transportation,0,Transportation,Transportation,Transportation,19053_Tagesordnungspunkt_26_AfD_Holm_ID195306000_28.09.2018.csv
7,"Herr Ferlemann, Sie haben das ja im Prinzip angedeutet.",Transportation,0,Transportation,Transportation,Transportation,19053_Tagesordnungspunkt_26_AfD_Holm_ID195306000_28.09.2018.csv
8,"Es ist sinnvoll, klar, wenn zeitraubende Doppelprüfungen vermieden und Planungsverfahren gebündelt werden.",Transportation,0,Transportation,Transportation,Transportation,19053_Tagesordnungspunkt_26_AfD_Holm_ID195306000_28.09.2018.csv
9,"Es ist gut, wenn mit vorbereitenden Baumaßnahmen frühzeitig begonnen werden kann und die Verfahren effizienter werden.",Transportation,0,Transportation,Transportation,Transportation,19053_Tagesordnungspunkt_26_AfD_Holm_ID195306000_28.09.2018.csv
10,"Und es ist zu begrüßen, wenn die Klagewellen zumindest etwas eingedämmt werden.",Transportation,0,Transportation,Transportation,Transportation,19053_Tagesordnungspunkt_26_AfD_Holm_ID195306000_28.09.2018.csv
11,Aber das Problem liegt hier im Wort „etwas“.,Transportation,0,Transportation,Transportation,Transportation,19053_Tagesordnungspunkt_26_AfD_Holm_ID195306000_28.09.2018.csv
12,"Es wird eben nicht ausreichen, um eine entscheidende Beschleunigung der Verfahren zu erreichen.",Transportation,0,Transportation,Transportation,Transportation,19053_Tagesordnungspunkt_26_AfD_Holm_ID195306000_28.09.2018.csv
13,"Aber die brauchen wir, um wirklich voranzukommen.",Transportation,0,Transportation,Transportation,Transportation,19053_Tagesordnungspunkt_26_AfD_Holm_ID195306000_28.09.2018.csv
14,"Es kann nicht sein, dass wir in diesem Land Jahrzehnte für wichtige Verkehrsvorhaben brauchen.",Transportation,0,Transportation,Transportation,Transportation,19053_Tagesordnungspunkt_26_AfD_Holm_ID195306000_28.09.2018.csv
15,"Nehmen wir beispielsweise das Verkehrsprojekt Deutsche Einheit Nummer 1, die Bahnausbaustrecke von Lübeck und Hagenow Land über Rostock nach Stralsund.",Transportation,0,Transportation,Transportation,Transportation,19053_Tagesordnungspunkt_26_AfD_Holm_ID195306000_28.09.2018.csv
16,Daran werkeln wir jetzt seit 28 Jahren.,Transportation,0,Transportation,Transportation,Transportation,19053_Tagesordnungspunkt_26_AfD_Holm_ID195306000_28.09.2018.csv
17,"Es ist toll, dass die Strecke zu den Projekten gehören soll, bei denen das Bundesverwaltungsgericht erstinstanzlich zuständig wäre; aber das kommt ein bisschen spät.",Transportation,0,Transportation,Transportation,Transportation,19053_Tagesordnungspunkt_26_AfD_Holm_ID195306000_28.09.2018.csv
18,"Oder nehmen wir die A 7, unsere längste Nord-Süd-Autobahn.",Transportation,0,Transportation,Transportation,Transportation,19053_Tagesordnungspunkt_26_AfD_Holm_ID195306000_28.09.2018.csv
19,Das letzte Stück bei Füssen hat von der Planung bis zur Vollendung des Baus fast 30 Jahre in Anspruch genommen.,Transportation,0,Transportation,Transportation,Transportation,19053_Tagesordnungspunkt_26_AfD_Holm_ID195306000_28.09.2018.csv
20,"Man könnte sagen: Bis so eine Strecke in Betrieb geht, sind die ersten Planer schon weggestorben.",Transportation,0,Transportation,Transportation,Transportation,19053_Tagesordnungspunkt_26_AfD_Holm_ID195306000_28.09.2018.csv
21,"Das ist, glaube ich, nicht richtig.",Transportation,0,Transportation,Transportation,Transportation,19053_Tagesordnungspunkt_26_AfD_Holm_ID195306000_28.09.2018.csv
22,Die Ausweitung der erstinstanzlichen Zuständigkeit des Bundesverwaltungsgerichts wird nicht ausreichen.,Transportation,0,Transportation,Transportation,Transportation,19053_Tagesordnungspunkt_26_AfD_Holm_ID195306000_28.09.2018.csv
23,"Zwar sollen drei neue Richterstellen geschaffen werden, aber das Problem der Klageflut und der überlangen Prozesse wird damit eben einfach nur verlagert.",Transportation,0,Transportation,Transportation,Transportation,19053_Tagesordnungspunkt_26_AfD_Holm_ID195306000_28.09.2018.csv
24,Der Flaschenhals bleibt.,Transportation,0,Transportation,Transportation,Transportation,19053_Tagesordnungspunkt_26_AfD_Holm_ID195306000_28.09.2018.csv
25,Sie werden das Problem damit nicht lösen können.,Transportation,0,Transportation,Transportation,Transportation,19053_Tagesordnungspunkt_26_AfD_Holm_ID195306000_28.09.2018.csv
26,Es wäre eigentlich gar nicht so schwer.,Transportation,0,Transportation,Transportation,Transportation,19053_Tagesordnungspunkt_26_AfD_Holm_ID195306000_28.09.2018.csv
27,Die Bundesregierung könnte zum Beispiel auf den Rat der Experten hören.,Transportation,0,Transportation,Transportation,Transportation,19053_Tagesordnungspunkt_26_AfD_Holm_ID195306000_28.09.2018.csv
28,Das Innovationsforum Planungsbeschleunigung hat ja gute Vorschläge geliefert.,Transportation,0,Transportation,Transportation,Transportation,19053_Tagesordnungspunkt_26_AfD_Holm_ID195306000_28.09.2018.csv
29,Ich kann die Lektüre des Berichts nur wärmstens empfehlen.,Transportation,0,Transportation,Transportation,Transportation,19053_Tagesordnungspunkt_26_AfD_Holm_ID195306000_28.09.2018.csv
30,Schaffen Sie also endlich wirksame Regelungen zur Präklusion.,Transportation,0,Transportation,Transportation,Transportation,19053_Tagesordnungspunkt_26_AfD_Holm_ID195306000_28.09.2018.csv
31,Vor allem: Schränken Sie das Verbandsklagerecht ein – oder besser noch: Schaffen Sie es ab.,Transportation,0,Transportation,Transportation,Transportation,19053_Tagesordnungspunkt_26_AfD_Holm_ID195306000_28.09.2018.csv
32,"Es sind die Verbandsklagen, die oft missbraucht werden, um Bauvorhaben lahmzulegen.",Transportation,0,Transportation,Transportation,Transportation,19053_Tagesordnungspunkt_26_AfD_Holm_ID195306000_28.09.2018.csv
33,Ein Blick über die Ländergrenzen kann helfen.,Transportation,0,Transportation,Transportation,Transportation,19053_Tagesordnungspunkt_26_AfD_Holm_ID195306000_28.09.2018.csv
34,Andere sind eben deutlich schneller und effizienter.,Transportation,0,Transportation,Transportation,Transportation,19053_Tagesordnungspunkt_26_AfD_Holm_ID195306000_28.09.2018.csv
35,Dänemark ist von Herrn Ferlemann angesprochen worden; das ist genau das richtige Beispiel.,Transportation,0,Transportation,Transportation,Transportation,19053_Tagesordnungspunkt_26_AfD_Holm_ID195306000_28.09.2018.csv
36,Dort läuft es.,Transportation,0,Transportation,Transportation,Transportation,19053_Tagesordnungspunkt_26_AfD_Holm_ID195306000_28.09.2018.csv
37,"Großprojekte wie die Fehmarnbelt-Querung liegen im Zeit- und Kostenrahmen – und das, obwohl Dänemark unter der gleichen Knute der überbordenden EU-Regelungen steht.",Transportation,0,Transportation,Transportation,Transportation,19053_Tagesordnungspunkt_26_AfD_Holm_ID195306000_28.09.2018.csv
38,Wir dagegen bekommen es nach wie vor nicht auf die Reihe.,Transportation,0,Transportation,Transportation,Transportation,19053_Tagesordnungspunkt_26_AfD_Holm_ID195306000_28.09.2018.csv
39,"Wir müssen ja nur die Verkehrsanbindung zu diesem Tunnel bauen, den die Dänen selber finanzieren und bauen.",Transportation,0,Transportation,Transportation,Transportation,19053_Tagesordnungspunkt_26_AfD_Holm_ID195306000_28.09.2018.csv
40,Aber wir hängen schon jetzt meilenweit hinterher.,Transportation,0,Transportation,Transportation,Transportation,19053_Tagesordnungspunkt_26_AfD_Holm_ID195306000_28.09.2018.csv
41,"Das darf nicht sein in einem Land, das früher für seine exzellente Infrastruktur bekannt war.",Transportation,0,Transportation,Transportation,Transportation,19053_Tagesordnungspunkt_26_AfD_Holm_ID195306000_28.09.2018.csv
42,Wir dürfen hier nicht weiter zurückfallen in Europa.,Transportation,0,Transportation,Transportation,Transportation,19053_Tagesordnungspunkt_26_AfD_Holm_ID195306000_28.09.2018.csv
43,Ein paar Zahlen dazu.,Transportation,0,Transportation,Transportation,Transportation,19053_Tagesordnungspunkt_26_AfD_Holm_ID195306000_28.09.2018.csv
44,"In Dänemark liegen zum Bau der Fehmarnbelt-Querung 36 Einsprüche vor, in Deutschland sind es 12 400.",Transportation,0,Transportation,Transportation,Transportation,19053_Tagesordnungspunkt_26_AfD_Holm_ID195306000_28.09.2018.csv
45,Genau da müssen wir ran; da bremst es.,Transportation,0,Transportation,Transportation,Transportation,19053_Tagesordnungspunkt_26_AfD_Holm_ID195306000_28.09.2018.csv
46,Was macht die dänische Regierung besser als die Merkel-Truppe?,Transportation,0,Transportation,Transportation,Transportation,19053_Tagesordnungspunkt_26_AfD_Holm_ID195306000_28.09.2018.csv
47,"Die Bürger werden sehr frühzeitig und unbürokratisch einbezogen, Planungen werden dort gegebenenfalls schon dann angepasst.",Transportation,0,Transportation,Transportation,Transportation,19053_Tagesordnungspunkt_26_AfD_Holm_ID195306000_28.09.2018.csv
48,So wird Akzeptanz geschaffen.,Transportation,0,Transportation,Transportation,Transportation,19053_Tagesordnungspunkt_26_AfD_Holm_ID195306000_28.09.2018.csv
49,"Die Genehmigungs- und Planungsverfahren sind wesentlich schlanker als bei uns, und sie laufen komplett digital – das, was bei uns noch Neuland ist.",Transportation,0,Transportation,Transportation,Transportation,19053_Tagesordnungspunkt_26_AfD_Holm_ID195306000_28.09.2018.csv
50,"Am Ende gießt das Folketing, das Parlament vor Ort, das Ganze in Gesetzesform.",Transportation,0,Transportation,Transportation,Transportation,19053_Tagesordnungspunkt_26_AfD_Holm_ID195306000_28.09.2018.csv
51,Das schafft Verlässlichkeit und sichert eine zügige Abwicklung.,Transportation,0,Transportation,Transportation,Transportation,19053_Tagesordnungspunkt_26_AfD_Holm_ID195306000_28.09.2018.csv
52,"So kann es gehen, und daran sollten wir uns ein Beispiel nehmen.",Transportation,0,Transportation,Transportation,Transportation,19053_Tagesordnungspunkt_26_AfD_Holm_ID195306000_28.09.2018.csv
53,"Meine Damen und Herren, der Gesetzentwurf greift zu kurz.",Transportation,0,Transportation,Transportation,Transportation,19053_Tagesordnungspunkt_26_AfD_Holm_ID195306000_28.09.2018.csv
54,"Er wird die Kardinalfehler in den Planungsverfahren lindern, aber nicht wirklich beheben können.",Transportation,0,Transportation,Transportation,Transportation,19053_Tagesordnungspunkt_26_AfD_Holm_ID195306000_28.09.2018.csv
55,"Wir wünschen uns deutlich mehr Mut, damit unsere Bürger und Unternehmen schneller aus dem Stau kommen.",Transportation,0,Transportation,Transportation,Transportation,19053_Tagesordnungspunkt_26_AfD_Holm_ID195306000_28.09.2018.csv
56,Herzlichen Dank.,*,0,Transportation,Transportation,Transportation,19053_Tagesordnungspunkt_26_AfD_Holm_ID195306000_28.09.2018.csv
57,Für die SPD-Fraktion hat das Wort die Kollegin Kirsten Lühmann.,*,0,Transportation,Transportation,Transportation,19053_Tagesordnungspunkt_26_AfD_Holm_ID195306000_28.09.2018.csv
