,text,label_gold,segment_id,label_bert,label_parlbert,label_svm,speech_id
0,Sehr geehrter Herr Kollege!,*,0,Government,Transportation,Government,19053_Tagesordnungspunkt_26_GRUENE_Gelbhaar_ID195306600_28.09.2018.csv
1,Sehr geehrter Herr Präsident!,*,0,Government,Transportation,Government,19053_Tagesordnungspunkt_26_GRUENE_Gelbhaar_ID195306600_28.09.2018.csv
2,"Ich melde mich zu Wort, um eine Nachfrage zu stellen bzw. eine Anmerkung zu machen.",*,0,Government,Transportation,Government,19053_Tagesordnungspunkt_26_GRUENE_Gelbhaar_ID195306600_28.09.2018.csv
3,"Der Kollege Kühn hatte vorhin ausgeführt, dass in vielen Fällen Klagen von Umweltverbänden eben gerade nicht zu Verzögerungen führen.",Transportation,0,Government,Transportation,Government,19053_Tagesordnungspunkt_26_GRUENE_Gelbhaar_ID195306600_28.09.2018.csv
4,"Sie meinten jetzt, das wäre anders, und führten dazu Beispiele an, zum Beispiel Stuttgart 21 und den Berliner Flughafen.",Transportation,0,Government,Transportation,Government,19053_Tagesordnungspunkt_26_GRUENE_Gelbhaar_ID195306600_28.09.2018.csv
5,"Ich möchte mich auf den Berliner Flughafen konzentrieren und Sie bitten, mir noch mal zu erläutern, wo da durch das Planungsverfahren Verzögerungen entstanden sind, insbesondere vor dem Hintergrund, dass der Flughafen ja schon 2012 baufertig sein sollte und seitdem gar keine Planungsverfahren mehr anhängig sind.",Transportation,0,Government,Transportation,Government,19053_Tagesordnungspunkt_26_GRUENE_Gelbhaar_ID195306600_28.09.2018.csv
6,"Ich würde Sie einfach bitten, hier vor allem noch mal darzustellen, welche Umweltverbände da noch geklagt haben sollen etc. pp.",Transportation,0,Government,Transportation,Government,19053_Tagesordnungspunkt_26_GRUENE_Gelbhaar_ID195306600_28.09.2018.csv
7,Das würde mich interessieren.,Transportation,0,Government,Transportation,Government,19053_Tagesordnungspunkt_26_GRUENE_Gelbhaar_ID195306600_28.09.2018.csv
8,"Nicht, dass wir hier mit Fake News arbeiten!",Transportation,0,Government,Transportation,Government,19053_Tagesordnungspunkt_26_GRUENE_Gelbhaar_ID195306600_28.09.2018.csv
