,text,label_gold,segment_id,label_bert,label_parlbert,label_svm,speech_id
0,Herr Präsident!,*,0,Government,International,Transportation,19053_Tagesordnungspunkt_26_CDU_CSU_Ploss_ID195306500_28.09.2018.csv
1,Verehrte Kolleginnen und Kollegen!,*,0,Government,International,Transportation,19053_Tagesordnungspunkt_26_CDU_CSU_Ploss_ID195306500_28.09.2018.csv
2,"Bei politischen und gesellschaftlichen Debatten merken wir im Moment alle: Wir erleben immer mehr Polarisierung, und wir erleben, dass Menschen hinterfragen, ob unser politisches System noch in der Lage ist, den künftigen Herausforderungen begegnen zu können.",Civil Rights,0,Government,International,Transportation,19053_Tagesordnungspunkt_26_CDU_CSU_Ploss_ID195306500_28.09.2018.csv
3,"Immer häufiger hört man, dass Bürger unseres Landes sogar autoritäre politische Systeme attraktiv finden und Zweifel an demokratischen Strukturen äußern.",Civil Rights,0,Government,International,Transportation,19053_Tagesordnungspunkt_26_CDU_CSU_Ploss_ID195306500_28.09.2018.csv
4,"Besonders häufig hört man das im Zusammenhang mit wichtigen Infrastrukturprojekten, die aus Sicht vieler Bürger viel zu viel Zeit in Anspruch nehmen – sowohl in der Planung als auch in der Umsetzung.",Transportation,0,Government,International,Transportation,19053_Tagesordnungspunkt_26_CDU_CSU_Ploss_ID195306500_28.09.2018.csv
5,"Während in China oder der Türkei in kürzester Zeit geplant und gebaut wird, dauert das bei uns häufig Jahrzehnte.",Transportation,0,Government,International,Transportation,19053_Tagesordnungspunkt_26_CDU_CSU_Ploss_ID195306500_28.09.2018.csv
6,"Für die Unionsfraktion – da will ich gerne gleich auf Ihren Zwischenruf eingehen – ist natürlich nicht nur mit Blick auf die Geschichte unseres Landes vollkommen klar, dass autoritäre Ansätze nicht die Lösung für unsere politischen Probleme sein können und einen Irrweg bedeuten.",Transportation,0,Government,International,Transportation,19053_Tagesordnungspunkt_26_CDU_CSU_Ploss_ID195306500_28.09.2018.csv
7,Natürlich wollen auch wir kein Planungsrecht wie in China oder in anderen autoritären Staaten; das ist doch vollkommen klar.,Transportation,0,Government,International,Transportation,19053_Tagesordnungspunkt_26_CDU_CSU_Ploss_ID195306500_28.09.2018.csv
8,"Aber wir müssen doch selbstkritisch festhalten, liebe Kolleginnen und Kollegen, dass unser derzeitiges Planungsrecht den Ansprüchen einer bedeutenden Wirtschaftsnation wie Deutschland nicht genügen kann; darum geht es doch.
– Wenn Sie da empört reinrufen, nenne ich Ihnen mal drei, vier Beispiele.",Transportation,0,Government,International,Transportation,19053_Tagesordnungspunkt_26_CDU_CSU_Ploss_ID195306500_28.09.2018.csv
9,"Elbvertiefung in meiner Heimatstadt Hamburg: Beginn der Planung 2002, Fertigstellung vermutlich und hoffentlich im Jahr 2020 – vorausgesetzt, die nächste Klage der Umweltverbände hat nicht wieder Erfolg.",Transportation,0,Government,International,Transportation,19053_Tagesordnungspunkt_26_CDU_CSU_Ploss_ID195306500_28.09.2018.csv
10,"Berliner Flughafen: Beginn der Planung 1992, Fertigstellung vermutlich 2020, aber auch das wissen wir nicht; das ist noch offen.",Transportation,0,Government,International,Transportation,19053_Tagesordnungspunkt_26_CDU_CSU_Ploss_ID195306500_28.09.2018.csv
11,"Bahnstrecke Berlin–München: Beginn der Planung 1991, Fertigstellung Ende des letzten Jahres.",Transportation,0,Government,International,Transportation,19053_Tagesordnungspunkt_26_CDU_CSU_Ploss_ID195306500_28.09.2018.csv
12,Man könnte auch Stuttgart 21 nennen; es gibt viele Beispiele in unserem Land.,Transportation,0,Government,International,Transportation,19053_Tagesordnungspunkt_26_CDU_CSU_Ploss_ID195306500_28.09.2018.csv
13,Gestatten Sie eine Zwischenfrage?,*,1,Transportation,Transportation,Transportation,19053_Tagesordnungspunkt_26_CDU_CSU_Ploss_ID195306500_28.09.2018.csv
14,Jetzt nicht.,*,1,Transportation,Transportation,Transportation,19053_Tagesordnungspunkt_26_CDU_CSU_Ploss_ID195306500_28.09.2018.csv
15,"Das geht nachher als Kurzintervention. – Meine Damen und Herren, wir sind das wirtschaftlich stärkste Land Europas.",Transportation,1,Transportation,Transportation,Transportation,19053_Tagesordnungspunkt_26_CDU_CSU_Ploss_ID195306500_28.09.2018.csv
16,"Wir sind die Industrienation; wir sind die Exportnation, das Land der Hidden Champions.",Transportation,1,Transportation,Transportation,Transportation,19053_Tagesordnungspunkt_26_CDU_CSU_Ploss_ID195306500_28.09.2018.csv
17,"Aber wir werden wirtschaftlich nur erfolgreich bleiben und den technologischen Wandel anführen, wenn wir über eine leistungsfähige und gut ausgebaute Verkehrsinfrastruktur verfügen.",Transportation,1,Transportation,Transportation,Transportation,19053_Tagesordnungspunkt_26_CDU_CSU_Ploss_ID195306500_28.09.2018.csv
18,"Meine Damen und Herren, im November dieses Jahres werden wir den größten Investitionshaushalt in der Geschichte der Bundesrepublik Deutschland hier im Deutschen Bundestag beschließen.",Transportation,1,Transportation,Transportation,Transportation,19053_Tagesordnungspunkt_26_CDU_CSU_Ploss_ID195306500_28.09.2018.csv
19,"Wir stellen in den kommenden Jahren – das hat der Staatssekretär Ferlemann eben ausgeführt – für die Straßen, Schienen, Brücken und Wasserwege Rekordmittel zur Verfügung, damit unsere Verkehrswege saniert, ausgebaut oder neugebaut werden können.",Transportation,1,Transportation,Transportation,Transportation,19053_Tagesordnungspunkt_26_CDU_CSU_Ploss_ID195306500_28.09.2018.csv
20,Aber vor der Vollendung zahlreicher Maßnahmen steht das Planungs- und Genehmigungsrecht für diese Bauvorhaben.,Transportation,1,Transportation,Transportation,Transportation,19053_Tagesordnungspunkt_26_CDU_CSU_Ploss_ID195306500_28.09.2018.csv
21,In den letzten Jahren ist deutlich geworden: Rekordmittel bedeuten keine Rekordzeiten für den Baubeginn oder bei den Planungen.,Transportation,1,Transportation,Transportation,Transportation,19053_Tagesordnungspunkt_26_CDU_CSU_Ploss_ID195306500_28.09.2018.csv
22,"Nicht nur im weltweiten, sondern auch im europäischen Vergleich nehmen Planungs- und Genehmigungsverfahren in Deutschland überdurchschnittlich viel Zeit in Anspruch.",Transportation,1,Transportation,Transportation,Transportation,19053_Tagesordnungspunkt_26_CDU_CSU_Ploss_ID195306500_28.09.2018.csv
23,Einer der Gründe – auch das hat der Staatssekretär Ferlemann vollkommen zu Recht dargelegt – liegt in der wachsenden Zahl geltender bautechnischer und umweltrechtlicher Vorgaben.,Transportation,1,Transportation,Transportation,Transportation,19053_Tagesordnungspunkt_26_CDU_CSU_Ploss_ID195306500_28.09.2018.csv
24,Einen sehr großen Aufwand für die Verwaltungen stellen die naturschutzrechtlichen Prüfungen dar.,Transportation,1,Transportation,Transportation,Transportation,19053_Tagesordnungspunkt_26_CDU_CSU_Ploss_ID195306500_28.09.2018.csv
25,Vieles war und ist sicherlich gut gemeint; gar keine Frage.,Transportation,1,Transportation,Transportation,Transportation,19053_Tagesordnungspunkt_26_CDU_CSU_Ploss_ID195306500_28.09.2018.csv
26,"Aber das bedeutet, dass wir kaum mehr etwas vernünftig planen und am Ende bauen können.",Transportation,1,Transportation,Transportation,Transportation,19053_Tagesordnungspunkt_26_CDU_CSU_Ploss_ID195306500_28.09.2018.csv
27,"Deswegen ist für uns, die Union, vollkommen klar: Wir brauchen zukünftig mehr Tempo bei Infrastrukturvorhaben durch ein Planungs- und Baubeschleunigungsgesetz.",Transportation,1,Transportation,Transportation,Transportation,19053_Tagesordnungspunkt_26_CDU_CSU_Ploss_ID195306500_28.09.2018.csv
28,"Was wir bei der Elbvertiefung, bei Stuttgart 21, beim Berliner Flughafen und bei vielen anderen Infrastrukturprojekten erlebt haben, darf sich in Zukunft nicht wiederholen.",Transportation,1,Transportation,Transportation,Transportation,19053_Tagesordnungspunkt_26_CDU_CSU_Ploss_ID195306500_28.09.2018.csv
29,Deswegen müssen wir die genannten Punkte im Deutschen Bundestag angehen.,Transportation,1,Transportation,Transportation,Transportation,19053_Tagesordnungspunkt_26_CDU_CSU_Ploss_ID195306500_28.09.2018.csv
30,"Das wird nur gelingen, wenn wir die Abläufe im Bau- und Planungsrecht verkürzen und gleichzeitig die frühzeitige Einbindung von Bürger­interessen gewährleisten, ausreichend Planungspersonal in den Behörden einsetzen und die Vorteile der Digitalisierung nutzen.",Transportation,1,Transportation,Transportation,Transportation,19053_Tagesordnungspunkt_26_CDU_CSU_Ploss_ID195306500_28.09.2018.csv
31,Daher bitte ich Sie: Unterstützen Sie dieses Planungs- und Beschleunigungsgesetz hier im Deutschen Bundestag!,Transportation,1,Transportation,Transportation,Transportation,19053_Tagesordnungspunkt_26_CDU_CSU_Ploss_ID195306500_28.09.2018.csv
32,Bringen Sie sich konstruktiv in die Beratungen ein!,Transportation,1,Transportation,Transportation,Transportation,19053_Tagesordnungspunkt_26_CDU_CSU_Ploss_ID195306500_28.09.2018.csv
33,Lassen Sie uns dieses wichtige Gesetz zeitnah verabschieden!,Transportation,1,Transportation,Transportation,Transportation,19053_Tagesordnungspunkt_26_CDU_CSU_Ploss_ID195306500_28.09.2018.csv
34,Herzlichen Dank.,*,1,Transportation,Transportation,Transportation,19053_Tagesordnungspunkt_26_CDU_CSU_Ploss_ID195306500_28.09.2018.csv
35,"Zu einer Kurzintervention erteile ich das Wort dem Kollegen Stefan Gelbhaar, Bündnis 90/Die Grünen.",*,1,Transportation,Transportation,Transportation,19053_Tagesordnungspunkt_26_CDU_CSU_Ploss_ID195306500_28.09.2018.csv
