,text,label_gold,segment_id,label_bert,label_parlbert,label_svm,speech_id
0,Sehr geehrter Herr Präsident!,*,0,Environment,Government,Transportation,19053_Tagesordnungspunkt_26_GRUENE_Kuehn_ID195306400_28.09.2018.csv
1,Liebe Kolleginnen und Kollegen!,*,0,Environment,Government,Transportation,19053_Tagesordnungspunkt_26_GRUENE_Kuehn_ID195306400_28.09.2018.csv
2,Immer wieder wird behauptet – so natürlich auch in dieser Debatte –: Die Klagen von Umweltverbänden verzögern Infrastrukturprojekte.,Transportation,0,Environment,Government,Transportation,19053_Tagesordnungspunkt_26_GRUENE_Kuehn_ID195306400_28.09.2018.csv
3,Das ist falsch.,Transportation,0,Environment,Government,Transportation,19053_Tagesordnungspunkt_26_GRUENE_Kuehn_ID195306400_28.09.2018.csv
4,"Der Sachverständigenrat der Bundesregierung für Umweltfragen kommt in einer Studie zu dem Ergebnis, dass Verbandsklagen nur in sehr geringem Umfang eingesetzt werden.",Transportation,0,Environment,Government,Transportation,19053_Tagesordnungspunkt_26_GRUENE_Kuehn_ID195306400_28.09.2018.csv
5,Zwischen 2013 und 2016 gab es in Deutschland bei mehreren Hundert Verfahren lediglich 35 Klagen pro Jahr.,Transportation,0,Environment,Government,Transportation,19053_Tagesordnungspunkt_26_GRUENE_Kuehn_ID195306400_28.09.2018.csv
6,"Die hohe Erfolgsquote dieser Verbandsklagen von 50 Prozent zeigt nach Ansicht des Sachverständigenrates für Umweltfragen, dass die Umweltverbände die Planungsverfahren nicht verzögern, sondern mit ihren Klagen wichtige Umwelt- und Naturschutzaspekte bei den Planungen durchsetzen.",Transportation,0,Environment,Government,Transportation,19053_Tagesordnungspunkt_26_GRUENE_Kuehn_ID195306400_28.09.2018.csv
7,"Was sind nun die wirklichen Gründe, warum sich Planungen von Verkehrsprojekten verzögern?",Transportation,0,Environment,Government,Transportation,19053_Tagesordnungspunkt_26_GRUENE_Kuehn_ID195306400_28.09.2018.csv
8,Erstens.,Transportation,0,Environment,Government,Transportation,19053_Tagesordnungspunkt_26_GRUENE_Kuehn_ID195306400_28.09.2018.csv
9,"Die Bürgerinnen und Bürger werden nicht oder erst spät an den Verfahren beteiligt, oft erst, nachdem die Grundsatzentscheidungen bereits gefallen sind.",Transportation,0,Environment,Government,Transportation,19053_Tagesordnungspunkt_26_GRUENE_Kuehn_ID195306400_28.09.2018.csv
10,"Das erhöht nicht die Akzeptanz, sondern es erhöht das Risiko von Widerständen und Klagen.",Transportation,0,Environment,Government,Transportation,19053_Tagesordnungspunkt_26_GRUENE_Kuehn_ID195306400_28.09.2018.csv
11,Zweitens.,Transportation,0,Environment,Government,Transportation,19053_Tagesordnungspunkt_26_GRUENE_Kuehn_ID195306400_28.09.2018.csv
12,Die Planungs- und Genehmigungsbehörden sind nicht ausreichend ausgestattet; jahrelang wurde Personal abgebaut.,Transportation,0,Environment,Government,Transportation,19053_Tagesordnungspunkt_26_GRUENE_Kuehn_ID195306400_28.09.2018.csv
13,"Wenn man das Eisenbahn-Bundesamt nicht nur zur Genehmigungs- und Anhörungsbehörde machen will, dann braucht auch das Eisenbahn-Bundesamt mehr Personal, Herr Ferlemann, sonst funktioniert die Sache nicht.",Transportation,0,Environment,Government,Transportation,19053_Tagesordnungspunkt_26_GRUENE_Kuehn_ID195306400_28.09.2018.csv
14,Drittens.,Transportation,0,Environment,Government,Transportation,19053_Tagesordnungspunkt_26_GRUENE_Kuehn_ID195306400_28.09.2018.csv
15,Auch Gerichte auf verschiedenen Ebenen sind nicht ausreichend mit Personal ausgestattet.,Transportation,0,Environment,Government,Transportation,19053_Tagesordnungspunkt_26_GRUENE_Kuehn_ID195306400_28.09.2018.csv
16,"Komplexe Verfahren werden nicht zeitnah bearbeitet, wenn nicht mehr Personal zur Verfügung gestellt wird.",Transportation,0,Environment,Government,Transportation,19053_Tagesordnungspunkt_26_GRUENE_Kuehn_ID195306400_28.09.2018.csv
17,Viertens.,Transportation,0,Environment,Government,Transportation,19053_Tagesordnungspunkt_26_GRUENE_Kuehn_ID195306400_28.09.2018.csv
18,Eine weitere Ursache für Planungsverzögerungen sind Mängel in der Zusammenarbeit von Planungsbehörden mit Naturschutz- und Umweltverbänden.,Transportation,0,Environment,Government,Transportation,19053_Tagesordnungspunkt_26_GRUENE_Kuehn_ID195306400_28.09.2018.csv
19,"Die Expertise der Verbände wird, wenn überhaupt, nur am Rande einbezogen.",Transportation,0,Environment,Government,Transportation,19053_Tagesordnungspunkt_26_GRUENE_Kuehn_ID195306400_28.09.2018.csv
20,Packt dieser Gesetzentwurf die eigentlichen Probleme an?,Transportation,0,Environment,Government,Transportation,19053_Tagesordnungspunkt_26_GRUENE_Kuehn_ID195306400_28.09.2018.csv
21,Nein.,Transportation,0,Environment,Government,Transportation,19053_Tagesordnungspunkt_26_GRUENE_Kuehn_ID195306400_28.09.2018.csv
22,"So soll jetzt bei Vorhaben, bei denen eine Umweltverträglichkeitsprüfung durchgeführt werden muss, künftig auf Erörterungen verzichtet werden.",Civil Rights,0,Environment,Government,Transportation,19053_Tagesordnungspunkt_26_GRUENE_Kuehn_ID195306400_28.09.2018.csv
23,Der Verzicht auf Erörterungen wird Planungen aber nicht beschleunigen.,Civil Rights,0,Environment,Government,Transportation,19053_Tagesordnungspunkt_26_GRUENE_Kuehn_ID195306400_28.09.2018.csv
24,Erörterungstermine sind wichtige Bestandteile effektiver Öffentlichkeitsbeteiligung.,Civil Rights,0,Environment,Government,Transportation,19053_Tagesordnungspunkt_26_GRUENE_Kuehn_ID195306400_28.09.2018.csv
25,Ohne rechtskräftiges Baurecht soll es künftig bereits vorbereitende Maßnahmen wie Waldrodungen geben können.,Civil Rights,0,Environment,Government,Transportation,19053_Tagesordnungspunkt_26_GRUENE_Kuehn_ID195306400_28.09.2018.csv
26,"Meine Damen und Herren, damit werden Tatsachen geschaffen und statt auf Dialog auf Konfrontation gesetzt.",Civil Rights,0,Environment,Government,Transportation,19053_Tagesordnungspunkt_26_GRUENE_Kuehn_ID195306400_28.09.2018.csv
27,So schafft man weder Akzeptanz noch Rechtssicherheit für Infrastrukturvorhaben.,Civil Rights,0,Environment,Government,Transportation,19053_Tagesordnungspunkt_26_GRUENE_Kuehn_ID195306400_28.09.2018.csv
28,"Was mich vor allen Dingen wundert, ist, dass die Bundesregierung viele gute Vorschläge der schon zitierten Expertenkommission Innovationsforum Planungsbeschleunigung überhaupt nicht aufgreift.",Transportation,0,Environment,Government,Transportation,19053_Tagesordnungspunkt_26_GRUENE_Kuehn_ID195306400_28.09.2018.csv
29,"So wird mit dem Gesetzentwurf beispielsweise die Planung von Ersatzneubauten, insbesondere Brücken, nicht beschleunigt.",Transportation,0,Environment,Government,Transportation,19053_Tagesordnungspunkt_26_GRUENE_Kuehn_ID195306400_28.09.2018.csv
30,Dabei haben wir hier erheblichen Investitionsbedarf.,Transportation,0,Environment,Government,Transportation,19053_Tagesordnungspunkt_26_GRUENE_Kuehn_ID195306400_28.09.2018.csv
31,Auch der öffentliche Nahverkehr spielt überhaupt keine Rolle in diesem Planungsbeschleunigungsgesetz.,Transportation,0,Environment,Government,Transportation,19053_Tagesordnungspunkt_26_GRUENE_Kuehn_ID195306400_28.09.2018.csv
32,Die Planung und die Genehmigung von städtischer Infrastruktur für Busse und Bahnen tauchen in diesem Gesetzentwurf nicht auf.,Transportation,0,Environment,Government,Transportation,19053_Tagesordnungspunkt_26_GRUENE_Kuehn_ID195306400_28.09.2018.csv
33,Dabei brauchen wir für den Ausbau der Infrastruktur mit Blick auf die Verkehrswende und mit Blick auf das Erreichen der Klimaschutzziele endlich auch da eine Beschleunigung.,Transportation,0,Environment,Government,Transportation,19053_Tagesordnungspunkt_26_GRUENE_Kuehn_ID195306400_28.09.2018.csv
34,Nichts davon steht in diesem Gesetzentwurf.,Transportation,0,Environment,Government,Transportation,19053_Tagesordnungspunkt_26_GRUENE_Kuehn_ID195306400_28.09.2018.csv
35,Was ist nun zu tun?,Transportation,0,Environment,Government,Transportation,19053_Tagesordnungspunkt_26_GRUENE_Kuehn_ID195306400_28.09.2018.csv
36,Wir brauchen eine neue Planungskultur.,Civil Rights,0,Environment,Government,Transportation,19053_Tagesordnungspunkt_26_GRUENE_Kuehn_ID195306400_28.09.2018.csv
37,"Es braucht eine verbindliche, umfassende und frühzeitige Öffentlichkeitsbeteiligung und eine Prüfung von möglichen Alternativen.",Civil Rights,0,Environment,Government,Transportation,19053_Tagesordnungspunkt_26_GRUENE_Kuehn_ID195306400_28.09.2018.csv
38,Das Bundesverkehrsministerium hat bereits 2012 das „Handbuch für eine gute Bürgerbeteiligung – Planung von Großvorhaben im Verkehrssektor“ veröffentlicht.,Civil Rights,0,Environment,Government,Transportation,19053_Tagesordnungspunkt_26_GRUENE_Kuehn_ID195306400_28.09.2018.csv
39,"Das ist ein gutes Werk; es gibt nur keine verbindlichen Empfehlungen, die Maßnahmen, die in diesem Werk beschrieben werden, umzusetzen.",Civil Rights,0,Environment,Government,Transportation,19053_Tagesordnungspunkt_26_GRUENE_Kuehn_ID195306400_28.09.2018.csv
40,"Frühzeitige Bürgerbeteiligung bleibt für die Behörden weiter fakultativ, und das muss sich ändern;
denn gute Bürgerbeteiligung verbessert die Planung und schafft Akzeptanz für Verkehrsprojekte, und darauf kommt es an.",Civil Rights,0,Environment,Government,Transportation,19053_Tagesordnungspunkt_26_GRUENE_Kuehn_ID195306400_28.09.2018.csv
41,Als erstes Bundesland hat Baden-Württemberg die Verwaltungen der Regierungspräsidien sowie der Land- und Stadtkreise innerhalb der bestehenden Rechtslage zur frühzeitigen Öffentlichkeitsbeteiligung verpflichtet.,Civil Rights,0,Environment,Government,Transportation,19053_Tagesordnungspunkt_26_GRUENE_Kuehn_ID195306400_28.09.2018.csv
42,"Genau das ist der richtige Weg, meine Damen und Herren.",Civil Rights,0,Environment,Government,Transportation,19053_Tagesordnungspunkt_26_GRUENE_Kuehn_ID195306400_28.09.2018.csv
43,Gestatten Sie eine Zwischenfrage?,*,1,Environment,Environment,Environment,19053_Tagesordnungspunkt_26_GRUENE_Kuehn_ID195306400_28.09.2018.csv
44,Ich komme jetzt zum Ende.,*,1,Environment,Environment,Environment,19053_Tagesordnungspunkt_26_GRUENE_Kuehn_ID195306400_28.09.2018.csv
45,Die Beschleunigung von Planungen auf Kosten von Umwelt- und Naturschutz lehnen wir klar ab.,Environment,1,Environment,Environment,Environment,19053_Tagesordnungspunkt_26_GRUENE_Kuehn_ID195306400_28.09.2018.csv
46,Auch hier hat das Innovationsforum Planungsbeschleunigung den richtigen Weg aufgezeigt.,Environment,1,Environment,Environment,Environment,19053_Tagesordnungspunkt_26_GRUENE_Kuehn_ID195306400_28.09.2018.csv
47,Zielführend ist eine Wissensplattform zum Umweltschutz.,Environment,1,Environment,Environment,Environment,19053_Tagesordnungspunkt_26_GRUENE_Kuehn_ID195306400_28.09.2018.csv
48,Für Ausgleichs- und Ersatzmaßnahmen sollten verbindliche Standards vereinbart werden.,Environment,1,Environment,Environment,Environment,19053_Tagesordnungspunkt_26_GRUENE_Kuehn_ID195306400_28.09.2018.csv
49,Hierbei kann auf die Expertise der Natur- und Umweltschutzverbände zurückgegriffen werden.,Environment,1,Environment,Environment,Environment,19053_Tagesordnungspunkt_26_GRUENE_Kuehn_ID195306400_28.09.2018.csv
50,"Meine Damen und Herren, für eine neue Planungskultur braucht es Kooperation statt Konfrontation.",Environment,1,Environment,Environment,Environment,19053_Tagesordnungspunkt_26_GRUENE_Kuehn_ID195306400_28.09.2018.csv
51,Dann kommen wir alle schneller zum Ziel.,Environment,1,Environment,Environment,Environment,19053_Tagesordnungspunkt_26_GRUENE_Kuehn_ID195306400_28.09.2018.csv
52,Der nächste Redner: der Kollege Dr.,*,1,Environment,Environment,Environment,19053_Tagesordnungspunkt_26_GRUENE_Kuehn_ID195306400_28.09.2018.csv
53,"Christoph Ploß, CDU/CSU-Fraktion.",*,1,Environment,Environment,Environment,19053_Tagesordnungspunkt_26_GRUENE_Kuehn_ID195306400_28.09.2018.csv
