,text,label_gold,segment_id,label_bert,label_parlbert,label_svm,speech_id
0,"Herr Kollege, ich habe das eher allgemein formuliert.",*,0,Government,Transportation,Environment,19053_Tagesordnungspunkt_26_CDU_CSU_Ploss_ID195306700_28.09.2018.csv
1,Das können Sie sich gern gleich auch noch mal anhören.,*,0,Government,Transportation,Environment,19053_Tagesordnungspunkt_26_CDU_CSU_Ploss_ID195306700_28.09.2018.csv
2,Ich hatte ja auch das Beispiel Elbvertiefung genannt.,Transportation,0,Government,Transportation,Environment,19053_Tagesordnungspunkt_26_CDU_CSU_Ploss_ID195306700_28.09.2018.csv
3,"Dieses Beispiel aus meiner Heimatstadt Hamburg steht, glaube ich, in Deutschland par excellence dafür, dass Umweltverbände natürlich auch wichtige Infrastrukturprojekte in unserem Land um Jahre oder Jahrzehnte verzögern können.
– Liebe Kollegen von den Grünen, ich habe Ihnen doch eben zugehört.",Transportation,0,Government,Transportation,Environment,19053_Tagesordnungspunkt_26_CDU_CSU_Ploss_ID195306700_28.09.2018.csv
4,Sie haben mich um eine Antwort gebeten.,*,0,Government,Transportation,Environment,19053_Tagesordnungspunkt_26_CDU_CSU_Ploss_ID195306700_28.09.2018.csv
5,"Ich versuche, Ihnen diese Antwort zu geben.",*,0,Government,Transportation,Environment,19053_Tagesordnungspunkt_26_CDU_CSU_Ploss_ID195306700_28.09.2018.csv
6,"Wenn Sie sofort wieder reinrufen, sobald nur ein Wort gefallen ist, wird das Ganze schwierig, und Sie können meiner Argumentation nicht folgen.",*,0,Government,Transportation,Environment,19053_Tagesordnungspunkt_26_CDU_CSU_Ploss_ID195306700_28.09.2018.csv
7,Ich habe Ihnen zugehört.,*,0,Government,Transportation,Environment,19053_Tagesordnungspunkt_26_CDU_CSU_Ploss_ID195306700_28.09.2018.csv
8,"Ich glaube, das gebietet der Respekt, dass auch Sie mir zuhören.",*,0,Government,Transportation,Environment,19053_Tagesordnungspunkt_26_CDU_CSU_Ploss_ID195306700_28.09.2018.csv
9,"Wie gesagt, nehmen Sie das Beispiel Elbvertiefung.",Transportation,0,Government,Transportation,Environment,19053_Tagesordnungspunkt_26_CDU_CSU_Ploss_ID195306700_28.09.2018.csv
10,Das war jetzt gar nicht auf den Berliner Flughafen bezogen.,Transportation,0,Government,Transportation,Environment,19053_Tagesordnungspunkt_26_CDU_CSU_Ploss_ID195306700_28.09.2018.csv
11,Da haben wir in der Tat ganz andere Probleme.,Transportation,0,Government,Transportation,Environment,19053_Tagesordnungspunkt_26_CDU_CSU_Ploss_ID195306700_28.09.2018.csv
12,Aber bei der Elbvertiefung haben die Klagen über Jahre und mittlerweile Jahrzehnte dieses wichtige Projekt für unser Land verzögert.,Transportation,0,Government,Transportation,Environment,19053_Tagesordnungspunkt_26_CDU_CSU_Ploss_ID195306700_28.09.2018.csv
13,"Wir hoffen, dass wir es jetzt im Jahr 2020 fertigstellen können.",Transportation,0,Government,Transportation,Environment,19053_Tagesordnungspunkt_26_CDU_CSU_Ploss_ID195306700_28.09.2018.csv
14,"Aber auch das ist noch nicht hundertprozentig sicher, wenn die nächste Klage der Umweltverbände Erfolg hat.",Transportation,0,Government,Transportation,Environment,19053_Tagesordnungspunkt_26_CDU_CSU_Ploss_ID195306700_28.09.2018.csv
15,"Mein Plädoyer war, dass wir sagen: Wir müssen das Ganze wieder in ein rechtes Maß rücken.",Transportation,0,Government,Transportation,Environment,19053_Tagesordnungspunkt_26_CDU_CSU_Ploss_ID195306700_28.09.2018.csv
16,"Natürlich haben die Umweltverbände eine Bedeutung in unserem Land, und wir wollen umweltrelevante Aspekte in die Planung einbeziehen.",Transportation,0,Government,Transportation,Environment,19053_Tagesordnungspunkt_26_CDU_CSU_Ploss_ID195306700_28.09.2018.csv
17,"Aber vieles, was gut gemeint war – und was Sie hier sicherlich auch gut meinen –, hat teilweise dazu geführt, dass wir wichtige Infrastrukturprojekte in unserem Land nicht mehr angemessen planen und fertigstellen können.",Transportation,0,Government,Transportation,Environment,19053_Tagesordnungspunkt_26_CDU_CSU_Ploss_ID195306700_28.09.2018.csv
18,Darum ging es mir.,Transportation,0,Government,Transportation,Environment,19053_Tagesordnungspunkt_26_CDU_CSU_Ploss_ID195306700_28.09.2018.csv
19,"Wenn wir das hier gemeinsam hinbekommen wollen, lade ich Sie gerne ein, in den nächsten Wochen bei den Beratungen mitzuwirken.",Transportation,0,Government,Transportation,Environment,19053_Tagesordnungspunkt_26_CDU_CSU_Ploss_ID195306700_28.09.2018.csv
20,Das wäre für unser Land eine großartige Sache.,Transportation,0,Government,Transportation,Environment,19053_Tagesordnungspunkt_26_CDU_CSU_Ploss_ID195306700_28.09.2018.csv
21,Herzlichen Dank.,*,0,Government,Transportation,Environment,19053_Tagesordnungspunkt_26_CDU_CSU_Ploss_ID195306700_28.09.2018.csv
22,Ich erteile das Wort dem Kollegen Mathias Stein von der SPD-Fraktion.,*,0,Government,Transportation,Environment,19053_Tagesordnungspunkt_26_CDU_CSU_Ploss_ID195306700_28.09.2018.csv
