,text,label_gold,segment_id,label_bert,label_parlbert,label_svm,speech_id
0,Herr Präsident!,*,0,Transportation,Transportation,Transportation,19053_Tagesordnungspunkt_26_FDP_Herbst_ID195306200_28.09.2018.csv
1,Meine sehr geehrten Damen und Herren!,*,0,Transportation,Transportation,Transportation,19053_Tagesordnungspunkt_26_FDP_Herbst_ID195306200_28.09.2018.csv
2,In einem Punkt gebe ich dem Bundesverkehrsministerium ausdrücklich recht: Wir bauen viel zu langsam und oft zu teuer.,Transportation,0,Transportation,Transportation,Transportation,19053_Tagesordnungspunkt_26_FDP_Herbst_ID195306200_28.09.2018.csv
3,Das müssen wir dringend ändern.,Transportation,0,Transportation,Transportation,Transportation,19053_Tagesordnungspunkt_26_FDP_Herbst_ID195306200_28.09.2018.csv
4,"Wenn wir mittlerweile über zehn Jahre für die Planung von 2 Kilometern Radweg entlang der Elbe in meiner Heimatstadt Dresden brauchen, wenn wir über 20 Jahre für einen 5 Kilometer langen Lückenschluss bei der B 178 in der sächsischen Lausitz brauchen und wenn wir vermutlich über 40 Jahre für den Lückenschluss auf der A 14 zwischen Magdeburg und Schwerin brauchen, dann ist das eine Bankrotterklärung für ein entwickeltes Industrieland.",Transportation,0,Transportation,Transportation,Transportation,19053_Tagesordnungspunkt_26_FDP_Herbst_ID195306200_28.09.2018.csv
5,"Auch wenn die Grünen da immer protestieren: Wir wollen, dass Bauen schneller geht.",Transportation,0,Transportation,Transportation,Transportation,19053_Tagesordnungspunkt_26_FDP_Herbst_ID195306200_28.09.2018.csv
6,"Beispiele wie die, die ich aufgezählt habe, kennt wahrscheinlich jeder aus seiner Region und seinem Wahlkreis.",Transportation,0,Transportation,Transportation,Transportation,19053_Tagesordnungspunkt_26_FDP_Herbst_ID195306200_28.09.2018.csv
7,Der vorliegende Gesetzentwurf ist ohne Frage ein Anfang; auch wir meinen allerdings: ein unzureichender.,Transportation,0,Transportation,Transportation,Transportation,19053_Tagesordnungspunkt_26_FDP_Herbst_ID195306200_28.09.2018.csv
8,"Wer Planung und Bau wirklich beschleunigen will, der muss dabei auch die Handbremse lösen.",Transportation,0,Transportation,Transportation,Transportation,19053_Tagesordnungspunkt_26_FDP_Herbst_ID195306200_28.09.2018.csv
9,"Ich will nur einige Punkte nennen, um die es uns geht.",Transportation,0,Transportation,Transportation,Transportation,19053_Tagesordnungspunkt_26_FDP_Herbst_ID195306200_28.09.2018.csv
10,"Warum beschränkt man beispielsweise bei der Planfeststellung mögliche Einsprüche nicht auf den Bereich, den es betrifft, um nicht das gesamte Verfahren zu blockieren?",Transportation,0,Transportation,Transportation,Transportation,19053_Tagesordnungspunkt_26_FDP_Herbst_ID195306200_28.09.2018.csv
11,Warum integrieren wir Raumordnungsfragen nicht gleich in das Planfeststellungsverfahren?,Transportation,0,Transportation,Transportation,Transportation,19053_Tagesordnungspunkt_26_FDP_Herbst_ID195306200_28.09.2018.csv
12,"Warum – das wurde angesprochen – sorgen wir nicht dafür, dass es für einzelne Großprojekte gleich ein Planungsgesetz gibt, wo beispielsweise die Trassenführung vom Gesetzgeber beschlossen wird?",Transportation,0,Transportation,Transportation,Transportation,19053_Tagesordnungspunkt_26_FDP_Herbst_ID195306200_28.09.2018.csv
13,"Warum schaffen wir es nicht, bei Ersatzneubauten, wie beim Ersatz einer alten Brücke, ein wirklich einfaches Verfahren zu finden?",Transportation,0,Transportation,Transportation,Transportation,19053_Tagesordnungspunkt_26_FDP_Herbst_ID195306200_28.09.2018.csv
14,"Und warum bekommen wir es nicht hin, die Bürgerbeteiligung, die wir durchaus wollen, früher stattfinden zu lassen?",Civil Rights,0,Transportation,Transportation,Transportation,19053_Tagesordnungspunkt_26_FDP_Herbst_ID195306200_28.09.2018.csv
15,"Wir müssen aber auch die Behörden dahin bekommen, aktiv zu kommunizieren – das fehlt nämlich oft –, und zwar in einer Art und Weise, dass es die Bürger auch verstehen, und nicht nur in Fachchinesisch.",Civil Rights,0,Transportation,Transportation,Transportation,19053_Tagesordnungspunkt_26_FDP_Herbst_ID195306200_28.09.2018.csv
16,Das scheint mir dringend geboten.,Civil Rights,0,Transportation,Transportation,Transportation,19053_Tagesordnungspunkt_26_FDP_Herbst_ID195306200_28.09.2018.csv
17,"Es gibt auch andere Themen, die man diskutieren kann.",Civil Rights,0,Transportation,Transportation,Transportation,19053_Tagesordnungspunkt_26_FDP_Herbst_ID195306200_28.09.2018.csv
18,"Wenn ich mir allein den Katalog der geschützten Arten anschaue, stellt sich die Frage: Ist das Umweltrecht auf EU-Ebene noch zeitgemäß?",Environment,0,Transportation,Transportation,Transportation,19053_Tagesordnungspunkt_26_FDP_Herbst_ID195306200_28.09.2018.csv
19,Sind unsere Baustandards eigentlich noch zeitgemäß?,Environment,0,Transportation,Transportation,Transportation,19053_Tagesordnungspunkt_26_FDP_Herbst_ID195306200_28.09.2018.csv
20,Warum bauen wir in Teilen so viel teurer als unsere Nachbarländer?,Government Operations,0,Transportation,Transportation,Transportation,19053_Tagesordnungspunkt_26_FDP_Herbst_ID195306200_28.09.2018.csv
21,Wie sieht es mit der personellen Ausstattung der Behörden aus?,Government Operations,0,Transportation,Transportation,Transportation,19053_Tagesordnungspunkt_26_FDP_Herbst_ID195306200_28.09.2018.csv
22,"Ich glaube, niemand hier im Haus – und das schließt uns ein – will einen rücksichtslosen Straßenbau à la China, wo jemand was anordnet und am nächsten Tag der Bagger durch den Vorgarten rollt.",Government Operations,0,Transportation,Transportation,Transportation,19053_Tagesordnungspunkt_26_FDP_Herbst_ID195306200_28.09.2018.csv
23,"Aber, meine Damen und Herren, wir müssen uns schon fragen: Warum gelingt es anderen EU-Ländern mit demselben Rechtsrahmen, auf europäischer Ebene so viel schneller zu bauen als wir?",Government Operations,0,Transportation,Transportation,Transportation,19053_Tagesordnungspunkt_26_FDP_Herbst_ID195306200_28.09.2018.csv
24,Da müssen wir etwas besser machen.,Government Operations,0,Transportation,Transportation,Transportation,19053_Tagesordnungspunkt_26_FDP_Herbst_ID195306200_28.09.2018.csv
25,"Ich finde, wenn allein der bloße Verdacht auf eine Fledermaus, auf einen Juchtenkäfer oder auf eine Zaun­eidechse dazu führt, dass wirklich notwendige Verkehrs­projekte um Jahre, teilweise sogar um ein Jahrzehnt verzögert oder verhindert werden, dann ist das niemandem mehr zu erklären, meine Damen und Herren.",Transportation,0,Transportation,Transportation,Transportation,19053_Tagesordnungspunkt_26_FDP_Herbst_ID195306200_28.09.2018.csv
26,"Wir wollen ein mobiles Land, und wir sind eine Industrienation, die darauf angewiesen ist, eine leistungsfähige Infrastruktur zu haben.",Transportation,0,Transportation,Transportation,Transportation,19053_Tagesordnungspunkt_26_FDP_Herbst_ID195306200_28.09.2018.csv
27,"Ich hoffe, dass bei der weiteren Behandlung des Gesetzentwurfes noch einige Bremsen im Planungsrecht entfernt werden, sodass die Beschleunigung nicht nur im Titel des Gesetzes und auf dem Papier steht, sondern tatsächlich in der Praxis ankommt.",Transportation,0,Transportation,Transportation,Transportation,19053_Tagesordnungspunkt_26_FDP_Herbst_ID195306200_28.09.2018.csv
28,Für die Fraktion Die Linke hat das Wort die Kollegin Sabine Leidig.,*,0,Transportation,Transportation,Transportation,19053_Tagesordnungspunkt_26_FDP_Herbst_ID195306200_28.09.2018.csv
