,text,label_gold,segment_id,label_bert,label_parlbert,label_svm,speech_id
0,Sehr geschätzter Herr Präsident!,*,0,Transportation,Foreign,Transportation,19053_Tagesordnungspunkt_26_none_Ferlemann_ID195305900_28.09.2018.csv
1,Liebe Kolleginnen und Kollegen!,*,0,Transportation,Foreign,Transportation,19053_Tagesordnungspunkt_26_none_Ferlemann_ID195305900_28.09.2018.csv
2,Meine sehr verehrten Damen und Herren!,*,0,Transportation,Foreign,Transportation,19053_Tagesordnungspunkt_26_none_Ferlemann_ID195305900_28.09.2018.csv
3,Die Bundesregierung legt Ihnen hiermit einen Gesetzentwurf zur Beschleunigung von Planungsverfahren im Verkehrsbereich vor.,Transportation,0,Transportation,Foreign,Transportation,19053_Tagesordnungspunkt_26_none_Ferlemann_ID195305900_28.09.2018.csv
4,Warum haben wir das gemacht?,Transportation,0,Transportation,Foreign,Transportation,19053_Tagesordnungspunkt_26_none_Ferlemann_ID195305900_28.09.2018.csv
5,Deutschland ist Exportweltmeister.,Transportation,0,Transportation,Foreign,Transportation,19053_Tagesordnungspunkt_26_none_Ferlemann_ID195305900_28.09.2018.csv
6,"Mit einem Anteil an der Weltbevölkerung von knapp über 1 Prozent haben wir in diesem Land eine Wirtschaft aufgebaut, die ihresgleichen sucht.",Transportation,0,Transportation,Foreign,Transportation,19053_Tagesordnungspunkt_26_none_Ferlemann_ID195305900_28.09.2018.csv
7,Wir sind das große Exportland in der Welt.,Transportation,0,Transportation,Foreign,Transportation,19053_Tagesordnungspunkt_26_none_Ferlemann_ID195305900_28.09.2018.csv
8,"Im Verhältnis zu unserer Bevölkerung produzieren wir eine Riesenwarenmenge und bringen sie über den Export in alle Welt, importieren dafür Rohstoffe oder Teilfertigprodukte.",Transportation,0,Transportation,Foreign,Transportation,19053_Tagesordnungspunkt_26_none_Ferlemann_ID195305900_28.09.2018.csv
9,Zugleich sind wir auch Logistikweltmeister.,Transportation,0,Transportation,Foreign,Transportation,19053_Tagesordnungspunkt_26_none_Ferlemann_ID195305900_28.09.2018.csv
10,Darauf sind wir besonders stolz.,Transportation,0,Transportation,Foreign,Transportation,19053_Tagesordnungspunkt_26_none_Ferlemann_ID195305900_28.09.2018.csv
11,"Das heißt, die logistischen Prozesse in Deutschland sind besonders gut organisiert, besonders effizient und besonders wirtschaftsnah.",Transportation,0,Transportation,Foreign,Transportation,19053_Tagesordnungspunkt_26_none_Ferlemann_ID195305900_28.09.2018.csv
12,Aber dafür braucht man eine sehr gute und leistungsfähige Infrastruktur.,Transportation,0,Transportation,Foreign,Transportation,19053_Tagesordnungspunkt_26_none_Ferlemann_ID195305900_28.09.2018.csv
13,Wir haben das sehr genau analysiert.,Transportation,0,Transportation,Foreign,Transportation,19053_Tagesordnungspunkt_26_none_Ferlemann_ID195305900_28.09.2018.csv
14,"Ich bin sehr dankbar, dass der Deutsche Bundestag in der vergangenen Legislaturperiode mit einer übergroßen Mehrheit festgestellt hat, dass die Analysen richtig sind, die wir dazu gemacht haben, wie sich die globalen Warenströme entwickeln werden, wie sich die Handelsströme entwickeln werden und daraus folgend: Was brauchen wir an Verkehrsinfrastruktur, um dieses Volumen abwickeln zu können?",Transportation,0,Transportation,Foreign,Transportation,19053_Tagesordnungspunkt_26_none_Ferlemann_ID195305900_28.09.2018.csv
15,"Wir haben dann einen darauf fußenden Bundesverkehrswegeplan vorgelegt, der die Antworten auf genau die Fragen gibt: Was müssen wir investieren in die Wasserstraßen, in die Schienenwege, in die Straßen?",Transportation,0,Transportation,Foreign,Transportation,19053_Tagesordnungspunkt_26_none_Ferlemann_ID195305900_28.09.2018.csv
16,Wie schaut es mit dem Luftverkehr aus?,Transportation,0,Transportation,Foreign,Transportation,19053_Tagesordnungspunkt_26_none_Ferlemann_ID195305900_28.09.2018.csv
17,Welche anderen Infrastrukturen brauchen wir in diesem Land?,Transportation,0,Transportation,Foreign,Transportation,19053_Tagesordnungspunkt_26_none_Ferlemann_ID195305900_28.09.2018.csv
18,"– Nachdem Sie diesen Plan sozusagen bewilligt haben, indem Sie Ausbaugesetze dazu beschlossen haben, haben wir gesagt: Jetzt brauchen wir ausreichend Geld, um diese Maßnahmen auch umsetzen zu können. – Dazu hat der Deutsche Bundestag in einer, wie ich finde, einmaligen Aktion, festgelegt: 270 Milliarden Euro darf das Bundesverkehrsministerium bis zum Jahr 2030 ausgeben, um all die Maßnahmen, die dort enumerativ aufgelistet sind, umsetzen zu können.",Transportation,0,Transportation,Foreign,Transportation,19053_Tagesordnungspunkt_26_none_Ferlemann_ID195305900_28.09.2018.csv
19,"Man kann also sagen: Wir haben einen sehr guten Plan, und wir haben ausreichend Geld.",Transportation,0,Transportation,Foreign,Transportation,19053_Tagesordnungspunkt_26_none_Ferlemann_ID195305900_28.09.2018.csv
20,"Dann sind wir auf das nächste Problem gestoßen, nämlich dass wir gar nicht genug Planer haben, die das umsetzen können, und dass die Planverfahren in Deutschland viel zu kompliziert sind, viel zu komplex geworden sind, um diese Maßnahmen zeitnah umsetzen zu können.",Transportation,0,Transportation,Foreign,Transportation,19053_Tagesordnungspunkt_26_none_Ferlemann_ID195305900_28.09.2018.csv
21,"Deswegen haben wir uns Gedanken gemacht, wie wir im bestehenden System die Planungen beschleunigen können.",Transportation,0,Transportation,Foreign,Transportation,19053_Tagesordnungspunkt_26_none_Ferlemann_ID195305900_28.09.2018.csv
22,"Das Ergebnis sehen Sie heute an dem, was wir Ihnen vorgelegt haben.",Transportation,0,Transportation,Foreign,Transportation,19053_Tagesordnungspunkt_26_none_Ferlemann_ID195305900_28.09.2018.csv
23,"Nun muss man zugeben: Das beinhaltet das, was wir im bestehenden Rechtssystem machen konnten.",Transportation,0,Transportation,Foreign,Transportation,19053_Tagesordnungspunkt_26_none_Ferlemann_ID195305900_28.09.2018.csv
24,Wir haben eine sehr starke Fokussierung auf den Schienenbereich.,Transportation,0,Transportation,Foreign,Transportation,19053_Tagesordnungspunkt_26_none_Ferlemann_ID195305900_28.09.2018.csv
25,"Wir haben zum Beispiel die Konzentration auf das Eisenbahn-Bundesamt als Anhörbehörde – statt 37 Behörden, die derzeit in Deutschland dafür zuständig sind.",Transportation,0,Transportation,Foreign,Transportation,19053_Tagesordnungspunkt_26_none_Ferlemann_ID195305900_28.09.2018.csv
26,"Mit Blick auf die Planungsbeschleunigung insbesondere bei Schienenstrecken haben wir gesagt: Wir wollen nur noch eine Gerichtsinstanz, nur noch die Direktvorlage zum Bundesverwaltungsgericht.",Transportation,0,Transportation,Foreign,Transportation,19053_Tagesordnungspunkt_26_none_Ferlemann_ID195305900_28.09.2018.csv
27,Auch das beschleunigt enorm.,Transportation,0,Transportation,Foreign,Transportation,19053_Tagesordnungspunkt_26_none_Ferlemann_ID195305900_28.09.2018.csv
28,"Enthalten ist auch, dass wir gern mehr Plangenehmigungen machen wollen.",Transportation,0,Transportation,Foreign,Transportation,19053_Tagesordnungspunkt_26_none_Ferlemann_ID195305900_28.09.2018.csv
29,"Wie Sie wissen: „Planfeststellungsverfahren“ ist in Deutschland zum Teil schon zum Unwort geworden: viel zu lang, viel zu kompliziert.",Transportation,0,Transportation,Foreign,Transportation,19053_Tagesordnungspunkt_26_none_Ferlemann_ID195305900_28.09.2018.csv
30,"Wir können mit der Plangenehmigung wesentlich schneller sein, vor allem wenn es um Ersatzneubauten geht.",Transportation,0,Transportation,Foreign,Transportation,19053_Tagesordnungspunkt_26_none_Ferlemann_ID195305900_28.09.2018.csv
31,Auch das finden Sie in dem Gesetzentwurf wieder.,Transportation,0,Transportation,Foreign,Transportation,19053_Tagesordnungspunkt_26_none_Ferlemann_ID195305900_28.09.2018.csv
32,Wir haben für mehr Transparenz gesorgt.,Transportation,0,Transportation,Foreign,Transportation,19053_Tagesordnungspunkt_26_none_Ferlemann_ID195305900_28.09.2018.csv
33,"Heute können und müssen alle Planungen ins Internet gestellt werden, sodass sich die Bürgerinnen und Bürger, die bei manchen Projekten durchaus kritisch sind, genau informieren können: In welchem Planungsstand befindet man sich?",Transportation,0,Transportation,Foreign,Transportation,19053_Tagesordnungspunkt_26_none_Ferlemann_ID195305900_28.09.2018.csv
34,Wie weit sind die Planungsbehörden?,Transportation,0,Transportation,Foreign,Transportation,19053_Tagesordnungspunkt_26_none_Ferlemann_ID195305900_28.09.2018.csv
35,Was kommt auf uns zu?,Transportation,0,Transportation,Foreign,Transportation,19053_Tagesordnungspunkt_26_none_Ferlemann_ID195305900_28.09.2018.csv
36,Wo kann ich mich gegebenenfalls mit guten Vorschlägen zur Verbesserung beteiligen?,Transportation,0,Transportation,Foreign,Transportation,19053_Tagesordnungspunkt_26_none_Ferlemann_ID195305900_28.09.2018.csv
37,Es ist eine Fülle weiterer Punkte enthalten.,Transportation,0,Transportation,Foreign,Transportation,19053_Tagesordnungspunkt_26_none_Ferlemann_ID195305900_28.09.2018.csv
38,"All das wird dazu führen, dass wir wesentlich effizienter und effektiver planen können, um mit weniger Planern mehr auf die Straße, auf die Schiene oder auf die Wasserstraße bringen zu können.",Transportation,0,Transportation,Foreign,Transportation,19053_Tagesordnungspunkt_26_none_Ferlemann_ID195305900_28.09.2018.csv
39,Aber ich sage Ihnen ganz ehrlich: Das wird nicht reichen.,Transportation,0,Transportation,Foreign,Transportation,19053_Tagesordnungspunkt_26_none_Ferlemann_ID195305900_28.09.2018.csv
40,Da freue ich mich auf eine sehr intensive Beratung zu diesem Gesetz.,Transportation,0,Transportation,Foreign,Transportation,19053_Tagesordnungspunkt_26_none_Ferlemann_ID195305900_28.09.2018.csv
41,"Ich habe gesehen, dass der Verkehrsausschuss in dieser Woche bereits eine Anhörung beschlossen hat.",Transportation,0,Transportation,Foreign,Transportation,19053_Tagesordnungspunkt_26_none_Ferlemann_ID195305900_28.09.2018.csv
42,Da werden wir sicher viele Vorschläge bekommen.,Transportation,0,Transportation,Foreign,Transportation,19053_Tagesordnungspunkt_26_none_Ferlemann_ID195305900_28.09.2018.csv
43,"Ob die rechtlich funktionieren oder nicht, wird dann eine Frage der Beurteilung nach den Anhörungen und der Beratung in den Ausschüssen sein.",Transportation,0,Transportation,Foreign,Transportation,19053_Tagesordnungspunkt_26_none_Ferlemann_ID195305900_28.09.2018.csv
44,"Ich glaube, dass wir mit diesem Gesetzentwurf eine gute Grundlage gelegt haben, mit der wir auch durch den Bundesrat kommen – dieses Gesetz ist im Bundesrat ja zustimmungsbedürftig –, sodass wir ab dem 1.",Transportation,0,Transportation,Foreign,Transportation,19053_Tagesordnungspunkt_26_none_Ferlemann_ID195305900_28.09.2018.csv
45,Januar nächsten Jahres bei vielen Verfahren wirklich deutlich schneller sein können.,Transportation,0,Transportation,Foreign,Transportation,19053_Tagesordnungspunkt_26_none_Ferlemann_ID195305900_28.09.2018.csv
46,"Ich sage allerdings ganz ehrlich: Es ist nicht das Ende der Kette, und es ist auch noch nicht der Weisheit letzter Schluss.",Transportation,0,Transportation,Foreign,Transportation,19053_Tagesordnungspunkt_26_none_Ferlemann_ID195305900_28.09.2018.csv
47,Wir haben ein Gutachten in Auftrag gegeben zur Machbarkeit eines Maßnahmegesetzes.,Transportation,0,Transportation,Foreign,Transportation,19053_Tagesordnungspunkt_26_none_Ferlemann_ID195305900_28.09.2018.csv
48,"Es geht darum, dass wir eine Maßnahme direkt mit einem Gesetzgebungsverfahren machen können – sehr ähnlich wie unsere Kollegen in Dänemark das machen, die hier durchaus ein Vorbild sind, die relativ schnell, relativ transparent, aber auch relativ gut Planverfahren durchziehen können, und zwar in einer viel kürzeren Zeit, als wir das in Deutschland gewohnt sind, ohne Abbau von irgendwelchen Mitbestimmungs- und Beteiligungsrechten.",Transportation,0,Transportation,Foreign,Transportation,19053_Tagesordnungspunkt_26_none_Ferlemann_ID195305900_28.09.2018.csv
49,"Wir werden uns genau ansehen müssen, ob wir nicht auch im Umweltbereich – der ist in diesem Gesetz nicht angesprochen – einige Verbesserungsmaßnahmen durchführen können.",Transportation,0,Transportation,Foreign,Transportation,19053_Tagesordnungspunkt_26_none_Ferlemann_ID195305900_28.09.2018.csv
50,"Was wir bei vielen Maßnahmen feststellen, ist ja, dass es Umweltschützer gibt, die sich wirklich engagiert für die Natur und die Landschaft einsetzen.",Transportation,0,Transportation,Foreign,Transportation,19053_Tagesordnungspunkt_26_none_Ferlemann_ID195305900_28.09.2018.csv
51,Und jede Infrastrukturmaßnahme greift ja in Natur und Landschaft ein.,Transportation,0,Transportation,Foreign,Transportation,19053_Tagesordnungspunkt_26_none_Ferlemann_ID195305900_28.09.2018.csv
52,Das ist gut und das ist richtig so.,Transportation,0,Transportation,Foreign,Transportation,19053_Tagesordnungspunkt_26_none_Ferlemann_ID195305900_28.09.2018.csv
53,Es muss eine Lobby für die Umwelt in Deutschland geben.,Transportation,0,Transportation,Foreign,Transportation,19053_Tagesordnungspunkt_26_none_Ferlemann_ID195305900_28.09.2018.csv
54,Das begrüßen wir außerordentlich.,Transportation,0,Transportation,Foreign,Transportation,19053_Tagesordnungspunkt_26_none_Ferlemann_ID195305900_28.09.2018.csv
55,"Wenn aber von Gegnern des Projektes der Umweltschutz nicht in erster Linie zum Schutz der Umwelt genutzt wird, sondern um das Projekt zu verhindern, dann stimmt etwas im System nicht.",Transportation,0,Transportation,Foreign,Transportation,19053_Tagesordnungspunkt_26_none_Ferlemann_ID195305900_28.09.2018.csv
56,"Dann müssen wir die Umweltbelange wieder auf das notwendige Maß zurückführen, aber das Verfahren so gestalten, dass man die Umweltpolitik nicht dazu nutzen kann, das Verfahren auszuhebeln.",Transportation,0,Transportation,Foreign,Transportation,19053_Tagesordnungspunkt_26_none_Ferlemann_ID195305900_28.09.2018.csv
57,"Wir werden uns die Dinge genau angucken: mit Blick auf die Wasserrahmenrichtlinie, die Beteiligungen im Umweltbereich, die Durchgriffsmöglichkeit des Umweltrechtes, den Artenschutz und all die Fragen, mit denen wir uns tagtäglich beschäftigen.",Transportation,0,Transportation,Foreign,Transportation,19053_Tagesordnungspunkt_26_none_Ferlemann_ID195305900_28.09.2018.csv
58,"Es kann nicht richtig sein, dass Verkehrsplaner zu Hobbyornithologen werden und dass eine Strecke nicht mehr gebaut werden kann, nur weil ein bestimmter Vogel gefunden wird.",Transportation,0,Transportation,Foreign,Transportation,19053_Tagesordnungspunkt_26_none_Ferlemann_ID195305900_28.09.2018.csv
59,"Dann muss man Lösungen finden, wie man der Natur zu ihrem Recht verhilft, aber gleichzeitig Infrastruktur schaffen kann.",Transportation,0,Transportation,Foreign,Transportation,19053_Tagesordnungspunkt_26_none_Ferlemann_ID195305900_28.09.2018.csv
60,Die Antworten auf diese Fragen gibt dieser Gesetzentwurf logischerweise noch nicht.,Transportation,0,Transportation,Foreign,Transportation,19053_Tagesordnungspunkt_26_none_Ferlemann_ID195305900_28.09.2018.csv
61,Es wird eine weitere intensive Beratung geben.,Transportation,0,Transportation,Foreign,Transportation,19053_Tagesordnungspunkt_26_none_Ferlemann_ID195305900_28.09.2018.csv
62,"Ich glaube, dass das bei den Anhörungen deutlich rauskommen wird.",Transportation,0,Transportation,Foreign,Transportation,19053_Tagesordnungspunkt_26_none_Ferlemann_ID195305900_28.09.2018.csv
63,"Wir werden Vorschläge machen, wie wir mit Maßnahmegesetzen bestimmte Projekte direkt im Deutschen Bundestag behandeln und beraten können, um noch schneller große Projekte in der Infrastruktur durchzubekommen.",Transportation,0,Transportation,Foreign,Transportation,19053_Tagesordnungspunkt_26_none_Ferlemann_ID195305900_28.09.2018.csv
64,"Aber für den heutigen Tag ist dies erst mal ein erster guter Aufschlag, ein guter Anfang, um die guten Planungen, die guten Ideen, die wir haben, das viele Geld, das wir von Ihnen bekommen haben, möglichst effizient und schnell umsetzen zu können.",Transportation,0,Transportation,Foreign,Transportation,19053_Tagesordnungspunkt_26_none_Ferlemann_ID195305900_28.09.2018.csv
65,Deswegen bitte ich um intensive Beratung und Unterstützung zu diesem Gesetzentwurf.,Transportation,0,Transportation,Foreign,Transportation,19053_Tagesordnungspunkt_26_none_Ferlemann_ID195305900_28.09.2018.csv
66,Herzlichen Dank.,*,0,Transportation,Foreign,Transportation,19053_Tagesordnungspunkt_26_none_Ferlemann_ID195305900_28.09.2018.csv
67,Für die Fraktion der AfD hat das Wort der Kollege Leif-Erik Holm.,*,0,Transportation,Foreign,Transportation,19053_Tagesordnungspunkt_26_none_Ferlemann_ID195305900_28.09.2018.csv
