,text,label_gold,segment_id,label_bert,label_parlbert,label_svm,speech_id
0,Verehrte Frau Präsidentin!,*,0,Technology,Technology,Technology,19068_Tagesordnungspunkt_5_CDU_CSU_Oster_ID196802900_29.11.2018.csv
1,Verehrte Kolleginnen und Kollegen!,*,0,Technology,Technology,Technology,19068_Tagesordnungspunkt_5_CDU_CSU_Oster_ID196802900_29.11.2018.csv
2,Die Digitalisierung erfasst zunehmend alle Lebensbereiche der Arbeitswelt und des Privatlebens.,Technology,0,Technology,Technology,Technology,19068_Tagesordnungspunkt_5_CDU_CSU_Oster_ID196802900_29.11.2018.csv
3,"Datenaustausch, Datentransport sind Voraussetzungen für eine funktionierende Gesellschaft im digitalen Zeitalter.",Technology,0,Technology,Technology,Technology,19068_Tagesordnungspunkt_5_CDU_CSU_Oster_ID196802900_29.11.2018.csv
4,"Die Bundesregierung investiert deshalb allein im nächsten Jahr 2,4 Milliarden Euro in den Ausbau der digitalen Infrastruktur.",Technology,0,Technology,Technology,Technology,19068_Tagesordnungspunkt_5_CDU_CSU_Oster_ID196802900_29.11.2018.csv
5,"Das ist viel, und das ist wichtig.",Technology,0,Technology,Technology,Technology,19068_Tagesordnungspunkt_5_CDU_CSU_Oster_ID196802900_29.11.2018.csv
6,"Verehrte Kolleginnen und Kollegen, der vorliegende Antrag befasst sich mit dem wichtigen Aspekt der Datenverschlüsselung.",Technology,0,Technology,Technology,Technology,19068_Tagesordnungspunkt_5_CDU_CSU_Oster_ID196802900_29.11.2018.csv
7,Dieser Antrag enthält durchaus wichtige Aspekte; das will ich gar nicht verhehlen.,Technology,0,Technology,Technology,Technology,19068_Tagesordnungspunkt_5_CDU_CSU_Oster_ID196802900_29.11.2018.csv
8,Worum geht es?,Technology,0,Technology,Technology,Technology,19068_Tagesordnungspunkt_5_CDU_CSU_Oster_ID196802900_29.11.2018.csv
9,Warum ist Datenverschlüsselung so wichtig?,Technology,0,Technology,Technology,Technology,19068_Tagesordnungspunkt_5_CDU_CSU_Oster_ID196802900_29.11.2018.csv
10,Wir alle nutzen das Internet.,Technology,0,Technology,Technology,Technology,19068_Tagesordnungspunkt_5_CDU_CSU_Oster_ID196802900_29.11.2018.csv
11,Wir alle telefonieren.,Technology,0,Technology,Technology,Technology,19068_Tagesordnungspunkt_5_CDU_CSU_Oster_ID196802900_29.11.2018.csv
12,"Wir senden und empfangen täglich private und sensible Nachrichten und vertrauen darauf, dass diese sicher übertragen werden.",Technology,0,Technology,Technology,Technology,19068_Tagesordnungspunkt_5_CDU_CSU_Oster_ID196802900_29.11.2018.csv
13,"Steuererklärung, Meldebescheinigung, Versicherungsdaten und medizinische Befunde – kaum ein Lebensbereich, der nicht davon betroffen ist.",Technology,0,Technology,Technology,Technology,19068_Tagesordnungspunkt_5_CDU_CSU_Oster_ID196802900_29.11.2018.csv
14,Dabei – das müssen wir einräumen – unterschätzen wir noch immer die Gefahr durch Hackerangriffe.,Technology,0,Technology,Technology,Technology,19068_Tagesordnungspunkt_5_CDU_CSU_Oster_ID196802900_29.11.2018.csv
15,"Meine sehr geehrten Damen und Herren, drei Bereiche sind in diesem Zusammenhang für mich wichtig: Erstens geht es für mich um Vertrauen, um das Vertrauen der Menschen in den Veränderungsprozess der Digitalisierung, zweitens geht es für mich um eine sichere digitale Kommunikation und drittens um den Technologiestandort Deutschland.",Technology,0,Technology,Technology,Technology,19068_Tagesordnungspunkt_5_CDU_CSU_Oster_ID196802900_29.11.2018.csv
16,Im Verhältnis Bürger – Staat stehen viele Veränderungen an.,Government Operations,0,Technology,Technology,Technology,19068_Tagesordnungspunkt_5_CDU_CSU_Oster_ID196802900_29.11.2018.csv
17,Als ehemaliger Bürgermeister greife ich mir hier mal den Aspekt der öffentlichen Verwaltung heraus.,Government Operations,0,Technology,Technology,Technology,19068_Tagesordnungspunkt_5_CDU_CSU_Oster_ID196802900_29.11.2018.csv
18,Wir wollen und müssen viele Verwaltungsdienstleistungen vereinfachen.,Government Operations,0,Technology,Technology,Technology,19068_Tagesordnungspunkt_5_CDU_CSU_Oster_ID196802900_29.11.2018.csv
19,Fast 600 Verfahren werden auf der Basis des Onlinezugangsgesetzes sehr bald digitalisiert werden.,Government Operations,0,Technology,Technology,Technology,19068_Tagesordnungspunkt_5_CDU_CSU_Oster_ID196802900_29.11.2018.csv
20,"Erfolgreich kann dieser Weg aber nur sein, wenn die Menschen Vertrauen haben, Vertrauen in die Sicherheit ihrer Daten und Vertrauen in die Sicherheit der Kommunikationswege.",Government Operations,0,Technology,Technology,Technology,19068_Tagesordnungspunkt_5_CDU_CSU_Oster_ID196802900_29.11.2018.csv
21,Ein Großteil der Verfahren betrifft kommunale Dienstleistungsangebote.,Government Operations,0,Technology,Technology,Technology,19068_Tagesordnungspunkt_5_CDU_CSU_Oster_ID196802900_29.11.2018.csv
22,Bei unseren Städten und Gemeinden müssen wir daher den Grundstein für diesen gewaltigen Veränderungsprozess legen.,Government Operations,0,Technology,Technology,Technology,19068_Tagesordnungspunkt_5_CDU_CSU_Oster_ID196802900_29.11.2018.csv
23,Vor allem dort muss Vertrauen aufgebaut werden.,Government Operations,0,Technology,Technology,Technology,19068_Tagesordnungspunkt_5_CDU_CSU_Oster_ID196802900_29.11.2018.csv
24,Deswegen sind gerade hier klare Strukturen und sichere technische Lösungen notwendig.,Government Operations,0,Technology,Technology,Technology,19068_Tagesordnungspunkt_5_CDU_CSU_Oster_ID196802900_29.11.2018.csv
25,Deshalb ist hier in besonderer Weise Unterstützung geboten.,Government Operations,0,Technology,Technology,Technology,19068_Tagesordnungspunkt_5_CDU_CSU_Oster_ID196802900_29.11.2018.csv
26,"Meine sehr geehrten Damen und Herren, von größter Wichtigkeit ist natürlich auch die Sicherheit unserer Netze.",Law and Crime,0,Technology,Technology,Technology,19068_Tagesordnungspunkt_5_CDU_CSU_Oster_ID196802900_29.11.2018.csv
27,"Zahlreiche Angriffe auf Netzwerke in den vergangenen Jahren zeigen, dass das weiterhin eine gewaltige Herausforderung ist.",Law and Crime,0,Technology,Technology,Technology,19068_Tagesordnungspunkt_5_CDU_CSU_Oster_ID196802900_29.11.2018.csv
28,Da bildet leider auch der Deutsche Bundestag selbst keine Ausnahme.,Law and Crime,0,Technology,Technology,Technology,19068_Tagesordnungspunkt_5_CDU_CSU_Oster_ID196802900_29.11.2018.csv
29,"Einerseits geht es um ein Höchstmaß an Datensicherheit für Bürger, Verwaltung und Wirtschaft gleichermaßen, andererseits spielt bei der Ausgestaltung von Verschlüsselungstechnologien aber auch die Kriminalitätsbekämpfung eine wichtige Rolle.",Law and Crime,0,Technology,Technology,Technology,19068_Tagesordnungspunkt_5_CDU_CSU_Oster_ID196802900_29.11.2018.csv
30,Mit staatlichen Vorgaben oder Standards darf keinesfalls organisierte Kriminalität erleichtert werden.,Law and Crime,0,Technology,Technology,Technology,19068_Tagesordnungspunkt_5_CDU_CSU_Oster_ID196802900_29.11.2018.csv
31,Sicherheit im digitalen Raum darf keine Schutzräume für Straftäter zulassen.,Law and Crime,0,Technology,Technology,Technology,19068_Tagesordnungspunkt_5_CDU_CSU_Oster_ID196802900_29.11.2018.csv
32,Nicht zuletzt müssen wir immer auch einen Blick auf den Technologiestandort Deutschland werfen.,Technology,0,Technology,Technology,Technology,19068_Tagesordnungspunkt_5_CDU_CSU_Oster_ID196802900_29.11.2018.csv
33,Ich denke dabei auch an unsere Kryptobranche.,Technology,0,Technology,Technology,Technology,19068_Tagesordnungspunkt_5_CDU_CSU_Oster_ID196802900_29.11.2018.csv
34,"Die Bedeutung dieser Verschlüsselungsunternehmen ist schon heute groß, und sie wird weiter wachsen.",Technology,0,Technology,Technology,Technology,19068_Tagesordnungspunkt_5_CDU_CSU_Oster_ID196802900_29.11.2018.csv
35,Wir wollen hier auch in Zukunft Innovationen zulassen und fördern.,Technology,0,Technology,Technology,Technology,19068_Tagesordnungspunkt_5_CDU_CSU_Oster_ID196802900_29.11.2018.csv
36,Darüber hinaus sind wir eine weltweit führende Industrienation.,Technology,0,Technology,Technology,Technology,19068_Tagesordnungspunkt_5_CDU_CSU_Oster_ID196802900_29.11.2018.csv
37,Deutsche Technologie ist begehrt.,Technology,0,Technology,Technology,Technology,19068_Tagesordnungspunkt_5_CDU_CSU_Oster_ID196802900_29.11.2018.csv
38,Dieser Wissensvorsprung muss geschützt werden.,Technology,0,Technology,Technology,Technology,19068_Tagesordnungspunkt_5_CDU_CSU_Oster_ID196802900_29.11.2018.csv
39,Das ist eine wesentliche Voraussetzung für den Erfolg unserer Unternehmen und damit auch Voraussetzung für den Erhalt unseres Wohlstands.,Technology,0,Technology,Technology,Technology,19068_Tagesordnungspunkt_5_CDU_CSU_Oster_ID196802900_29.11.2018.csv
40,"Meine sehr geehrten Damen und Herren, abschließend bleibt festzuhalten, dass wir bei Fragen der Sicherheit im digitalen Raum auf einem vernünftigen Weg sind.",Technology,0,Technology,Technology,Technology,19068_Tagesordnungspunkt_5_CDU_CSU_Oster_ID196802900_29.11.2018.csv
41,"Klar ist aber auch: Es ist und bleibt ein hochdynamischer Prozess, und es bleibt hier weiter viel zu tun.",Technology,0,Technology,Technology,Technology,19068_Tagesordnungspunkt_5_CDU_CSU_Oster_ID196802900_29.11.2018.csv
42,"Die Bundesregierung ist da, wie ich finde, auf einem sehr guten Weg.",Technology,0,Technology,Technology,Technology,19068_Tagesordnungspunkt_5_CDU_CSU_Oster_ID196802900_29.11.2018.csv
43,"Auch wenn der vorliegende Antrag einige Aspekte ausblendet, ist er eine gute Grundlage, um die Thematik in den Ausschüssen weiter zu beraten.",Technology,0,Technology,Technology,Technology,19068_Tagesordnungspunkt_5_CDU_CSU_Oster_ID196802900_29.11.2018.csv
44,Vielen Dank.,*,0,Technology,Technology,Technology,19068_Tagesordnungspunkt_5_CDU_CSU_Oster_ID196802900_29.11.2018.csv
45,"Vielen Dank, Josef Oster. – Der letzte Redner in dieser Debatte: Alexander Hoffmann für die CDU/CSU-Fraktion.",*,0,Technology,Technology,Technology,19068_Tagesordnungspunkt_5_CDU_CSU_Oster_ID196802900_29.11.2018.csv
