,text,label_gold,segment_id,label_bert,label_parlbert,label_svm,speech_id
0,Sehr geehrte Frau Präsidentin!,*,0,Government,Housing,Government,19068_Tagesordnungspunkt_8_Erklaerung_nach_Paragraph_30_GO_Maier_ID196809700_29.11.2018.csv
1,Meine Damen und Herren!,*,0,Government,Housing,Government,19068_Tagesordnungspunkt_8_Erklaerung_nach_Paragraph_30_GO_Maier_ID196809700_29.11.2018.csv
2,"Wenn man den Mietern helfen will, dann hat man zwei Möglichkeiten: Man kann das Richtige tun oder das Falsche.",Housing,0,Government,Housing,Government,19068_Tagesordnungspunkt_8_Erklaerung_nach_Paragraph_30_GO_Maier_ID196809700_29.11.2018.csv
3,Hier wird erkennbar der falsche Weg beschritten.,Housing,0,Government,Housing,Government,19068_Tagesordnungspunkt_8_Erklaerung_nach_Paragraph_30_GO_Maier_ID196809700_29.11.2018.csv
4,"Das, was die Links-Grünen hier vorlegen, braucht eigentlich nicht weiter kommentiert zu werden.",Housing,0,Government,Housing,Government,19068_Tagesordnungspunkt_8_Erklaerung_nach_Paragraph_30_GO_Maier_ID196809700_29.11.2018.csv
5,"Nach den Vorstellungen der Linken – etwa die ihrer Meinung nach erforderlichen drastischen Marktregulierungen durch eine unbefristete Mietpreisbremse, Mietenstopp etc. – kämen wir mit großen Schritten dem näher, was die Linken sich offenbar erhoffen: einer bundesweit ausgedehnten Renaissance der DDR.",Housing,0,Government,Housing,Government,19068_Tagesordnungspunkt_8_Erklaerung_nach_Paragraph_30_GO_Maier_ID196809700_29.11.2018.csv
6,Die DDR war offenbar nicht genug.,Housing,0,Government,Housing,Government,19068_Tagesordnungspunkt_8_Erklaerung_nach_Paragraph_30_GO_Maier_ID196809700_29.11.2018.csv
7,Man will jetzt ganz Deutschland herunterwirtschaften.,Housing,0,Government,Housing,Government,19068_Tagesordnungspunkt_8_Erklaerung_nach_Paragraph_30_GO_Maier_ID196809700_29.11.2018.csv
8,"Das ist nämlich das, was bei sozialistischer Wohnraumbewirtschaftung herauskommt.",Housing,0,Government,Housing,Government,19068_Tagesordnungspunkt_8_Erklaerung_nach_Paragraph_30_GO_Maier_ID196809700_29.11.2018.csv
9,"Näherer Betrachtung bedarf daher allein der Entwurf, den die Regierungskoalition schlussendlich hier vorgelegt hat.",Housing,0,Government,Housing,Government,19068_Tagesordnungspunkt_8_Erklaerung_nach_Paragraph_30_GO_Maier_ID196809700_29.11.2018.csv
10,"Hier fällt auf – das haben wir gerade gesehen; Herr Fechner hat es hier vorgestellt –, dass die Sozialdemokraten die treibende Kraft waren.",Housing,0,Government,Housing,Government,19068_Tagesordnungspunkt_8_Erklaerung_nach_Paragraph_30_GO_Maier_ID196809700_29.11.2018.csv
11,"Denn auch in diesem Entwurf sucht man das Heil in der Marktregulierung, wobei sich das Ganze in einem Klein-Klein ergeht; Herr Fechner hat das ja gerade vorgestellt.",Housing,0,Government,Housing,Government,19068_Tagesordnungspunkt_8_Erklaerung_nach_Paragraph_30_GO_Maier_ID196809700_29.11.2018.csv
12,"Es wird an verschiedenen Stellschrauben, also mal hier und mal da, gedreht.",Housing,0,Government,Housing,Government,19068_Tagesordnungspunkt_8_Erklaerung_nach_Paragraph_30_GO_Maier_ID196809700_29.11.2018.csv
13,Da wird die Modernisierungsumlage von 11 auf 8 Prozent herabgesetzt.,Housing,1,Government,Housing,Housing,19068_Tagesordnungspunkt_8_Erklaerung_nach_Paragraph_30_GO_Maier_ID196809700_29.11.2018.csv
14,Kappungsgrenzen werden verschärft.,Housing,1,Government,Housing,Housing,19068_Tagesordnungspunkt_8_Erklaerung_nach_Paragraph_30_GO_Maier_ID196809700_29.11.2018.csv
15,Ein bisschen Bürokratie wird draufgepackt usw.,Housing,1,Government,Housing,Housing,19068_Tagesordnungspunkt_8_Erklaerung_nach_Paragraph_30_GO_Maier_ID196809700_29.11.2018.csv
16,"Grundsätzlich Neues ist einem nicht eingefallen bzw. war wohl auch nicht durchsetzbar, was daran liegen mag, dass diese Koalition in dem Zustand, in dem sie sich befindet, ohnehin nichts Bedeutsames mehr zustande bringt und endlich beendet werden sollte.",Housing,1,Government,Housing,Housing,19068_Tagesordnungspunkt_8_Erklaerung_nach_Paragraph_30_GO_Maier_ID196809700_29.11.2018.csv
17,"Wie unsinnig dieser Weg ist, der da beschritten wird, zeigt sich, wenn man die Bilder Revue passieren lässt, die bei einer Wohnungsbesichtigung, zum Beispiel hier in Berlin, zu sehen sind.",Housing,1,Government,Housing,Housing,19068_Tagesordnungspunkt_8_Erklaerung_nach_Paragraph_30_GO_Maier_ID196809700_29.11.2018.csv
18,"Da stehen bis zu 100 Personen in einer Reihe und wollen sich eine Wohnung, die zu vermieten ist, anschauen.",Housing,1,Government,Housing,Housing,19068_Tagesordnungspunkt_8_Erklaerung_nach_Paragraph_30_GO_Maier_ID196809700_29.11.2018.csv
19,Nur einer von denen kann die Wohnung bekommen.,Housing,1,Government,Housing,Housing,19068_Tagesordnungspunkt_8_Erklaerung_nach_Paragraph_30_GO_Maier_ID196809700_29.11.2018.csv
20,"Meinen Sie im Ernst, dass dem vom Vermieter Auserwählten als Erstes einfällt, in das Gesetz zu schauen und nachzulesen, welche Rechte er gegenüber dem Vermieter hat?",Housing,1,Government,Housing,Housing,19068_Tagesordnungspunkt_8_Erklaerung_nach_Paragraph_30_GO_Maier_ID196809700_29.11.2018.csv
21,"Meinen Sie nicht, dass bei einer so angespannten Lage auf dem Mietmarkt, wie wir sie in den großen Städten vorfinden, die Rechtslage nicht das entscheidende Kriterium für einen Mieter ist, sich für den Abschluss des Mietvertrages zu entscheiden oder Ärger mit dem Vermieter zu riskieren?",Housing,1,Government,Housing,Housing,19068_Tagesordnungspunkt_8_Erklaerung_nach_Paragraph_30_GO_Maier_ID196809700_29.11.2018.csv
22,Das Herumjonglieren am bestehenden Mietrecht bringt gar nichts.,Housing,1,Government,Housing,Housing,19068_Tagesordnungspunkt_8_Erklaerung_nach_Paragraph_30_GO_Maier_ID196809700_29.11.2018.csv
23,"Das, was hier gemacht worden ist, was hier als Entwurf vorgelegt wurde, ist Aktionismus mit der Zielstellung, den Leuten draußen vorzumachen, man habe irgendetwas Sinnvolles getan.",Housing,1,Government,Housing,Housing,19068_Tagesordnungspunkt_8_Erklaerung_nach_Paragraph_30_GO_Maier_ID196809700_29.11.2018.csv
24,In Wahrheit hat man überhaupt nichts erreicht.,Housing,1,Government,Housing,Housing,19068_Tagesordnungspunkt_8_Erklaerung_nach_Paragraph_30_GO_Maier_ID196809700_29.11.2018.csv
25,"Das ganze Paket ist eine einzige Mogelpackung und wird genauso wirkungslos bleiben wie die Versuche davor, über das Mietrecht eine Kostenexplosion zu verhindern.",Housing,1,Government,Housing,Housing,19068_Tagesordnungspunkt_8_Erklaerung_nach_Paragraph_30_GO_Maier_ID196809700_29.11.2018.csv
26,Steigende Mieten kann man unter marktwirtschaftlichen Bedingungen nicht über das Mietrecht wirksam in den Griff bekommen.,Housing,1,Government,Housing,Housing,19068_Tagesordnungspunkt_8_Erklaerung_nach_Paragraph_30_GO_Maier_ID196809700_29.11.2018.csv
27,"Sinnvoller ist es demgegenüber – das ist der richtige Weg –, das Angebot auf dem Mietmarkt deutlich zu erhöhen.",Housing,1,Government,Housing,Housing,19068_Tagesordnungspunkt_8_Erklaerung_nach_Paragraph_30_GO_Maier_ID196809700_29.11.2018.csv
28,Das Bauprogramm der Bundesregierung weist da in die richtige Richtung.,Housing,1,Government,Housing,Housing,19068_Tagesordnungspunkt_8_Erklaerung_nach_Paragraph_30_GO_Maier_ID196809700_29.11.2018.csv
29,"Es ist richtig, die Investitionen in der Bauwirtschaft zu fördern.",Housing,1,Government,Housing,Housing,19068_Tagesordnungspunkt_8_Erklaerung_nach_Paragraph_30_GO_Maier_ID196809700_29.11.2018.csv
30,"Das Baukindergeld ist eine gute Sache.
– „In die richtige Richtung“, habe ich gesagt.",Housing,2,Housing,Housing,Housing,19068_Tagesordnungspunkt_8_Erklaerung_nach_Paragraph_30_GO_Maier_ID196809700_29.11.2018.csv
31,Zustimmungsfähig war das noch lange nicht.,Housing,2,Housing,Housing,Housing,19068_Tagesordnungspunkt_8_Erklaerung_nach_Paragraph_30_GO_Maier_ID196809700_29.11.2018.csv
32,"Die steuerliche Entlastung und der Abbau von bürokratischen Hindernissen müssen großzügig erfolgen, weil das die Investitionsbereitschaft verbessert.",Housing,2,Housing,Housing,Housing,19068_Tagesordnungspunkt_8_Erklaerung_nach_Paragraph_30_GO_Maier_ID196809700_29.11.2018.csv
33,"Wofür sich die AfD einsetzt, ist die Stärkung des ländlichen Raums.",Housing,2,Housing,Housing,Housing,19068_Tagesordnungspunkt_8_Erklaerung_nach_Paragraph_30_GO_Maier_ID196809700_29.11.2018.csv
34,"Wenn auf dem Land eine vernünftige Infrastruktur etabliert ist, werden junge Familien dort ihr Glück suchen.",Housing,2,Housing,Housing,Housing,19068_Tagesordnungspunkt_8_Erklaerung_nach_Paragraph_30_GO_Maier_ID196809700_29.11.2018.csv
35,Dafür muss Geld aufgewandt werden.,Housing,2,Housing,Housing,Housing,19068_Tagesordnungspunkt_8_Erklaerung_nach_Paragraph_30_GO_Maier_ID196809700_29.11.2018.csv
36,"Eines möchte ich hier auch noch mal loswerden: Die Erhöhung des Angebots an bezahlbarem Wohnraum bringt nur dann etwas und führt nur dann zu einer Entspannung auf dem Mietmarkt, wenn nicht zeitgleich die Nachfrage erhöht wird; dann nämlich wird die Erhöhung des Angebots neutralisiert.",Immigration,2,Housing,Housing,Housing,19068_Tagesordnungspunkt_8_Erklaerung_nach_Paragraph_30_GO_Maier_ID196809700_29.11.2018.csv
37,"Daher kann man nicht Abertausende von Menschen in das Land lassen, ohne ein Konzept zu haben, wie man diese Leute bezahlbar unterbringen will.",Immigration,2,Housing,Housing,Housing,19068_Tagesordnungspunkt_8_Erklaerung_nach_Paragraph_30_GO_Maier_ID196809700_29.11.2018.csv
38,"Das ist ein Thema, das hier immer ausgeklammert wird.",Immigration,2,Housing,Housing,Housing,19068_Tagesordnungspunkt_8_Erklaerung_nach_Paragraph_30_GO_Maier_ID196809700_29.11.2018.csv
39,"Ich kann nur sagen: Hören Sie auf, Vermieter-Bashing zu betreiben!",Immigration,2,Housing,Housing,Housing,19068_Tagesordnungspunkt_8_Erklaerung_nach_Paragraph_30_GO_Maier_ID196809700_29.11.2018.csv
40,Beschäftigen Sie sich mal mit den wirklichen Ursachen!,Immigration,2,Housing,Housing,Housing,19068_Tagesordnungspunkt_8_Erklaerung_nach_Paragraph_30_GO_Maier_ID196809700_29.11.2018.csv
41,Der Gesetzentwurf ist abzulehnen.,Immigration,2,Housing,Housing,Housing,19068_Tagesordnungspunkt_8_Erklaerung_nach_Paragraph_30_GO_Maier_ID196809700_29.11.2018.csv
42,Danke.,*,2,Housing,Housing,Housing,19068_Tagesordnungspunkt_8_Erklaerung_nach_Paragraph_30_GO_Maier_ID196809700_29.11.2018.csv
43,Nächster Redner: Dr.,*,2,Housing,Housing,Housing,19068_Tagesordnungspunkt_8_Erklaerung_nach_Paragraph_30_GO_Maier_ID196809700_29.11.2018.csv
44,Jan-Marco Luczak für die CDU/CSU-Fraktion.,*,2,Housing,Housing,Housing,19068_Tagesordnungspunkt_8_Erklaerung_nach_Paragraph_30_GO_Maier_ID196809700_29.11.2018.csv
