,text,label_gold,segment_id,label_bert,label_parlbert,label_svm,speech_id
0,Frau Präsidentin!,*,0,Government,Housing,Government,19068_Tagesordnungspunkt_8_FDP_Foest_ID196809900_29.11.2018.csv
1,Werte Kolleginnen und Kollegen!,*,0,Government,Housing,Government,19068_Tagesordnungspunkt_8_FDP_Foest_ID196809900_29.11.2018.csv
2,"Als wir über dieses Gesetz in erster Lesung beraten haben, zitierte ich zu Beginn meiner Rede den Wissenschaftlichen Beirat des Wirtschaftsministeriums.",Housing,0,Government,Housing,Government,19068_Tagesordnungspunkt_8_FDP_Foest_ID196809900_29.11.2018.csv
3,"Der sagte:
Die Mietpreisbremse sollte ersatzlos gestrichen werden, da sie weitgehend wirkungslos ist und dort, wo sie wirkt, den Abbau von Wohnungsknappheit behindert.
– Dass Sie ein gespaltenes Verhältnis zu den Wissenschaftlichen Beiräten haben, ist mir aufgefallen.",Housing,0,Government,Housing,Government,19068_Tagesordnungspunkt_8_FDP_Foest_ID196809900_29.11.2018.csv
4,Ich könnte mir das jetzt zur Tradition machen und nach diesem Wissenschaftlichen Beirat des Wirtschaftsministeriums auch Ihre Wirtschaftsweisen zitieren.,Housing,0,Government,Housing,Government,19068_Tagesordnungspunkt_8_FDP_Foest_ID196809900_29.11.2018.csv
5,"Man kann es sich hier zur Tradition machen, die wissenschaftlichen Ergüsse Ihrer Beiräte zu zitieren.",Housing,1,Housing,Housing,Housing,19068_Tagesordnungspunkt_8_FDP_Foest_ID196809900_29.11.2018.csv
6,Die Wirtschaftsweisen haben die treffendste Beschreibung für das ganze Thema „Wohnungspolitik der Großen Koalition“ gefunden: Symptomtherapie mit gefährlichen Nebenwirkungen.,Housing,1,Housing,Housing,Housing,19068_Tagesordnungspunkt_8_FDP_Foest_ID196809900_29.11.2018.csv
7,"Das, liebe Kolleginnen und Kollegen, trifft den Nagel auf den Kopf.",Housing,1,Housing,Housing,Housing,19068_Tagesordnungspunkt_8_FDP_Foest_ID196809900_29.11.2018.csv
8,"Aber völlig unbeirrt davon machen SPD, CDU und CSU weiter.",Housing,1,Housing,Housing,Housing,19068_Tagesordnungspunkt_8_FDP_Foest_ID196809900_29.11.2018.csv
9,Sie sammeln vernichtende Gutachten ihrer Experten; sie sammeln sie wie Trophäen.,Housing,1,Housing,Housing,Housing,19068_Tagesordnungspunkt_8_FDP_Foest_ID196809900_29.11.2018.csv
10,"Seit drei Jahren gibt es jetzt die Mietpreisbremse – drei Jahre, in denen die Mieten in den Städten unbeeindruckt gestiegen sind, weil Sie am Symptom rumdoktern, aber die Ursache der Wohnkosten nicht beheben.",Housing,1,Housing,Housing,Housing,19068_Tagesordnungspunkt_8_FDP_Foest_ID196809900_29.11.2018.csv
11,"Sie von der GroKo glauben oder hoffen, das Mietproblem einfach wegregulieren zu können, und Sie drehen jetzt an allen rechtlichen Schrauben, die Sie finden.",Housing,1,Housing,Housing,Housing,19068_Tagesordnungspunkt_8_FDP_Foest_ID196809900_29.11.2018.csv
12,"Damit wird die Wohnungssituation aber weiter verschlimmert, weil Sie Investitionen hemmen und Vermieter aus dem Markt drängen.",Housing,1,Housing,Housing,Housing,19068_Tagesordnungspunkt_8_FDP_Foest_ID196809900_29.11.2018.csv
13,Ihre Wissenschaftlichen Beiräte haben das erkannt.,Housing,1,Housing,Housing,Housing,19068_Tagesordnungspunkt_8_FDP_Foest_ID196809900_29.11.2018.csv
14,"Also machen Sie sich bitte endlich ehrlich, und schaffen Sie Ihre Wohnraumbremse einfach ab!",Housing,1,Housing,Housing,Housing,19068_Tagesordnungspunkt_8_FDP_Foest_ID196809900_29.11.2018.csv
15,"Solange die Menschen weiter in die Städte und in die Ballungsräume drängen und dort nicht in gleichem Maße neuer Wohnraum entsteht, werden die Mieten weiter steigen.",Housing,1,Housing,Housing,Housing,19068_Tagesordnungspunkt_8_FDP_Foest_ID196809900_29.11.2018.csv
16,An dieser einfachen Wahrheit kommt man einfach nicht vorbei.,Housing,1,Housing,Housing,Housing,19068_Tagesordnungspunkt_8_FDP_Foest_ID196809900_29.11.2018.csv
17,"Der GroKo fällt aber nichts Besseres ein, als Vermieter an den Pranger zu stellen und so die Situation insbesondere für die Mieter weiter zu verschlimmbessern.",Housing,2,Housing,Housing,Housing,19068_Tagesordnungspunkt_8_FDP_Foest_ID196809900_29.11.2018.csv
18,"Sie zielen mit Ihrer Politik auf die scheinbar bösen Immobilienhaie, treffen aber in Wirklichkeit die vielen Kleinvermieter, die die allermeisten Wohnungen in Deutschland bereitstellen,
übrigens zu hervorragenden Konditionen und mit gutem Verhältnis zu den Mietern.",Housing,2,Housing,Housing,Housing,19068_Tagesordnungspunkt_8_FDP_Foest_ID196809900_29.11.2018.csv
19,Diese kleinen Vermieter drängen Sie aus dem Markt.,Housing,2,Housing,Housing,Housing,19068_Tagesordnungspunkt_8_FDP_Foest_ID196809900_29.11.2018.csv
20,Die tun sich das irgendwann nicht mehr an.,Housing,2,Housing,Housing,Housing,19068_Tagesordnungspunkt_8_FDP_Foest_ID196809900_29.11.2018.csv
21,Die verkaufen ihre Wohnung.,Housing,2,Housing,Housing,Housing,19068_Tagesordnungspunkt_8_FDP_Foest_ID196809900_29.11.2018.csv
22,"Damit sind noch weniger Mietwohnungen am Markt, und die Mieten steigen weiter.",Housing,2,Housing,Housing,Housing,19068_Tagesordnungspunkt_8_FDP_Foest_ID196809900_29.11.2018.csv
23,"So eine Kurzsichtigkeit und, ehrlich, so eine Ignoranz gegenüber den einfachsten wirtschaftlichen Zusammenhängen habe ich selten gesehen.",Housing,2,Housing,Housing,Housing,19068_Tagesordnungspunkt_8_FDP_Foest_ID196809900_29.11.2018.csv
24,"Liebe Kollegen von CDU und CSU, Sie haben sich von der SPD sauber über den Tisch ziehen lassen.",Housing,2,Housing,Housing,Housing,19068_Tagesordnungspunkt_8_FDP_Foest_ID196809900_29.11.2018.csv
25,"Allerdings werden nicht Sie die Konsequenzen tragen müssen, sondern die Mieterinnen und die Mieter, auch bei den Modernisierungen.",Housing,2,Housing,Housing,Housing,19068_Tagesordnungspunkt_8_FDP_Foest_ID196809900_29.11.2018.csv
26,"Wenn die Vermieter bei den Modernisierungen draufzahlen müssen, dann kommen diese Modernisierungen einfach nicht.",Housing,2,Housing,Housing,Housing,19068_Tagesordnungspunkt_8_FDP_Foest_ID196809900_29.11.2018.csv
27,"Dann wird der Aufzug nicht gebaut, und die Seniorin im dritten Stock darf weiterhin die Treppe hochsteigen und muss in ihre Dusche klettern.",Housing,2,Housing,Housing,Housing,19068_Tagesordnungspunkt_8_FDP_Foest_ID196809900_29.11.2018.csv
28,Sie nennen das „soziale Politik“; ich nenne das grotesk.,Housing,2,Housing,Housing,Housing,19068_Tagesordnungspunkt_8_FDP_Foest_ID196809900_29.11.2018.csv
29,"Liebe Kollegen, Sie können es sich sicherlich denken – ich merke es auch an der Begeisterung der SPD –:
Wir Freie Demokraten lehnen dieses Gesetz ab.",Housing,2,Housing,Housing,Housing,19068_Tagesordnungspunkt_8_FDP_Foest_ID196809900_29.11.2018.csv
30,Es löst nämlich keine Probleme; es schafft aber neue.,Housing,3,Housing,Housing,Housing,19068_Tagesordnungspunkt_8_FDP_Foest_ID196809900_29.11.2018.csv
31,Ihre Mietpreisbremse ist eine Wohnraumbremse.,Housing,3,Housing,Housing,Housing,19068_Tagesordnungspunkt_8_FDP_Foest_ID196809900_29.11.2018.csv
32,Sie wollen den Mangel verwalten; wir Freie Demokraten wollen den Mangel beheben.,Housing,3,Housing,Housing,Housing,19068_Tagesordnungspunkt_8_FDP_Foest_ID196809900_29.11.2018.csv
33,"Deswegen müssen wir mehr bauen, schneller bauen und günstiger bauen und dürfen vor allem nicht länger den ländlichen Raum vergessen; denn nur so entsteht günstiger Wohnraum für alle.",Housing,3,Housing,Housing,Housing,19068_Tagesordnungspunkt_8_FDP_Foest_ID196809900_29.11.2018.csv
34,"Wer den Mietern Macht geben will, der muss mehr Wohnungen bauen.",Housing,3,Housing,Housing,Housing,19068_Tagesordnungspunkt_8_FDP_Foest_ID196809900_29.11.2018.csv
35,So einfach ist das.,Housing,3,Housing,Housing,Housing,19068_Tagesordnungspunkt_8_FDP_Foest_ID196809900_29.11.2018.csv
36,Vielen Dank.,*,3,Housing,Housing,Housing,19068_Tagesordnungspunkt_8_FDP_Foest_ID196809900_29.11.2018.csv
37,"Vielen Dank, Kollege Föst. – Nächste Rednerin: Caren Lay für die Fraktion Die Linke.",*,3,Housing,Housing,Housing,19068_Tagesordnungspunkt_8_FDP_Foest_ID196809900_29.11.2018.csv
