,text,label_gold,segment_id,label_bert,label_parlbert,label_svm,speech_id
0,Frau Präsidentin!,*,0,Government,Housing,Government,19068_Tagesordnungspunkt_8_GRUENE_Kuehn_ID196810100_29.11.2018.csv
1,Sehr geehrte Damen und Herren!,*,0,Government,Housing,Government,19068_Tagesordnungspunkt_8_GRUENE_Kuehn_ID196810100_29.11.2018.csv
2,Werte Kolleginnen und Kollegen!,*,0,Government,Housing,Government,19068_Tagesordnungspunkt_8_GRUENE_Kuehn_ID196810100_29.11.2018.csv
3,"Ich war letzte Woche mit meiner Fraktionsvorsitzenden Katrin Göring-­Eckardt und dem sozialpolitischen Sprecher Wolfgang Strengmann-­Kuhn hier in Berlin-Kreuzberg in einer Notunterkunft für Familien, die wohnungslos geworden sind.",Housing,0,Government,Housing,Government,19068_Tagesordnungspunkt_8_GRUENE_Kuehn_ID196810100_29.11.2018.csv
4,"Ein Teil der Familien, die dort klingeln und nach einer Wohnung fragen, sind zwangsgeräumt worden.",Housing,0,Government,Housing,Government,19068_Tagesordnungspunkt_8_GRUENE_Kuehn_ID196810100_29.11.2018.csv
5,"Diese Familien sind zwangsgeräumt worden, weil sie, obwohl sie das Geld nachzahlen wollten, nicht in der Lage waren, eine außerordentliche Kündigung zu heilen.",Housing,0,Government,Housing,Government,19068_Tagesordnungspunkt_8_GRUENE_Kuehn_ID196810100_29.11.2018.csv
6,Das müssen wir dringend ändern.,Housing,0,Government,Housing,Government,19068_Tagesordnungspunkt_8_GRUENE_Kuehn_ID196810100_29.11.2018.csv
7,Hier bedarf es einer Korrektur am Kündigungsschutz.,Housing,0,Government,Housing,Government,19068_Tagesordnungspunkt_8_GRUENE_Kuehn_ID196810100_29.11.2018.csv
8,"Denn die sozialpolitischen Folgen dieser Räumung, den Verlust der Wohnung, das Trauma der Kinder, dürfen wir nicht zulassen.",Housing,0,Government,Housing,Government,19068_Tagesordnungspunkt_8_GRUENE_Kuehn_ID196810100_29.11.2018.csv
9,"Wenn wir nicht wollen, dass Kinder in Deutschland zwangsgeräumt werden, müssen wir beim Kündigungsschutz anfangen. – Herr Luczak, ich sehe schon, wie Sie den Kopf schütteln.",Housing,0,Government,Housing,Government,19068_Tagesordnungspunkt_8_GRUENE_Kuehn_ID196810100_29.11.2018.csv
10,"Sie tragen das C in Ihrem Parteinamen, nicht wir Grünen.",Housing,0,Government,Housing,Government,19068_Tagesordnungspunkt_8_GRUENE_Kuehn_ID196810100_29.11.2018.csv
11,Wir haben eine Anhörung zu diesem Gesetzentwurf durchgeführt.,Housing,0,Government,Housing,Government,19068_Tagesordnungspunkt_8_GRUENE_Kuehn_ID196810100_29.11.2018.csv
12,"Die Experten haben gesagt, dass wir den Kündigungsschutz voranbringen müssen.",Housing,0,Government,Housing,Government,19068_Tagesordnungspunkt_8_GRUENE_Kuehn_ID196810100_29.11.2018.csv
13,Wir haben das beantragt.,Housing,0,Government,Housing,Government,19068_Tagesordnungspunkt_8_GRUENE_Kuehn_ID196810100_29.11.2018.csv
14,"Die SPD hat ja versucht, das durchzusetzen; aber Sie haben es blockiert, Herr Luczak.",Housing,0,Government,Housing,Government,19068_Tagesordnungspunkt_8_GRUENE_Kuehn_ID196810100_29.11.2018.csv
15,Das müssen Sie sich einfach anhören.,Housing,0,Government,Housing,Government,19068_Tagesordnungspunkt_8_GRUENE_Kuehn_ID196810100_29.11.2018.csv
16,Beim Kündigungsschutz zeigen Sie den Menschen die kalte Schulter.,Housing,0,Government,Housing,Government,19068_Tagesordnungspunkt_8_GRUENE_Kuehn_ID196810100_29.11.2018.csv
17,Das geht einfach nicht.,Housing,0,Government,Housing,Government,19068_Tagesordnungspunkt_8_GRUENE_Kuehn_ID196810100_29.11.2018.csv
18,"Das ist einfach unsozial, es ist nicht christlich, und es führt in Städten wie Berlin und Frankfurt und Stuttgart und anderswo zu sozialen Härten.",Housing,0,Government,Housing,Government,19068_Tagesordnungspunkt_8_GRUENE_Kuehn_ID196810100_29.11.2018.csv
19,Das ist nicht länger hinzunehmen.,Housing,0,Government,Housing,Government,19068_Tagesordnungspunkt_8_GRUENE_Kuehn_ID196810100_29.11.2018.csv
20,Dieser Gesetzentwurf ist kein großer Wurf; das muss man sagen.,Housing,0,Government,Housing,Government,19068_Tagesordnungspunkt_8_GRUENE_Kuehn_ID196810100_29.11.2018.csv
21,"Ich finde die Begrenzung der Modernisierungsumlage auf 2 Euro, die die SPD verhandelt hat, richtig.",Housing,0,Government,Housing,Government,19068_Tagesordnungspunkt_8_GRUENE_Kuehn_ID196810100_29.11.2018.csv
22,"Aber warum gelten diese 2 Euro nicht flächendeckend, überall?",Housing,0,Government,Housing,Government,19068_Tagesordnungspunkt_8_GRUENE_Kuehn_ID196810100_29.11.2018.csv
23,Das erschließt sich mir nicht.,Housing,0,Government,Housing,Government,19068_Tagesordnungspunkt_8_GRUENE_Kuehn_ID196810100_29.11.2018.csv
24,Das verstehe ich nicht.,Housing,0,Government,Housing,Government,19068_Tagesordnungspunkt_8_GRUENE_Kuehn_ID196810100_29.11.2018.csv
25,"Dass man eine willkürliche Grenze bei einer Miete von 7 Euro pro Quadratmeter einzieht, bei der der Wert von 2 Euro noch gilt, aber bei 7 Euro und 1 Cent dann 3 Euro gelten, macht keinen Sinn, hat nichts Systematisches, ist einfach ein fauler Deal der Großen Koalition. 2 Euro flächendeckend, das wäre richtig gewesen.",Housing,0,Government,Housing,Government,19068_Tagesordnungspunkt_8_GRUENE_Kuehn_ID196810100_29.11.2018.csv
26,"Ich glaube, dass die CDU diese Ungleichbehandlung deswegen in dieses Gesetz gebracht hat, weil sie dieses Gesetz eigentlich auf lange Strecke hin kaputtmachen will.",Housing,0,Government,Housing,Government,19068_Tagesordnungspunkt_8_GRUENE_Kuehn_ID196810100_29.11.2018.csv
27,Denn genau diese Ungleichbehandlung haben wir ja auch bei der Mietpreisbremse erlebt.,Housing,0,Government,Housing,Government,19068_Tagesordnungspunkt_8_GRUENE_Kuehn_ID196810100_29.11.2018.csv
28,Deswegen wird es auch zu Klagen vor den Gerichten kommen.,Housing,0,Government,Housing,Government,19068_Tagesordnungspunkt_8_GRUENE_Kuehn_ID196810100_29.11.2018.csv
29,Ich sage Ihnen: Mit diesem Gesetz und dieser willkürlichen Grenze von 7 Euro schaffen Sie am Ende mehr Unsicherheit bei der Modernisierungsumlage.,Housing,0,Government,Housing,Government,19068_Tagesordnungspunkt_8_GRUENE_Kuehn_ID196810100_29.11.2018.csv
30,"Ich glaube, darum wird am Ende dieses Gesetz wieder abgeschafft werden.",Housing,0,Government,Housing,Government,19068_Tagesordnungspunkt_8_GRUENE_Kuehn_ID196810100_29.11.2018.csv
31,Hier wären klare und einheitliche Regeln viel besser gewesen und hätten zu einer viel größeren Rechtssicherheit geführt.,Housing,0,Government,Housing,Government,19068_Tagesordnungspunkt_8_GRUENE_Kuehn_ID196810100_29.11.2018.csv
32,"Ich finde es traurig, dass die Juristen der CDU so etwas durchwinken und sozusagen so konstruieren, dass es am Ende eben nicht funktioniert.",Housing,0,Government,Housing,Government,19068_Tagesordnungspunkt_8_GRUENE_Kuehn_ID196810100_29.11.2018.csv
33,"Aber das Schlimmste an diesem Gesetz ist ja eigentlich, dass diese Mietrechtsnovelle dazu führt, dass wir die Mietpreisbremse durch die Hintertür wieder abschaffen.",Housing,0,Government,Housing,Government,19068_Tagesordnungspunkt_8_GRUENE_Kuehn_ID196810100_29.11.2018.csv
34,"Die Mietpreisbremse wird in eineinhalb Jahren in den ersten Städten auslaufen, zum Beispiel hier in Berlin.",Housing,0,Government,Housing,Government,19068_Tagesordnungspunkt_8_GRUENE_Kuehn_ID196810100_29.11.2018.csv
35,Dann wird in der Stadt Berlin bei Neuvertragsmieten die Mietpreisbremse nicht mehr gelten.,Housing,0,Government,Housing,Government,19068_Tagesordnungspunkt_8_GRUENE_Kuehn_ID196810100_29.11.2018.csv
36,Dann kann man wieder eine Miete über der ortsüblichen Vergleichsmiete plus X nehmen.,Housing,0,Government,Housing,Government,19068_Tagesordnungspunkt_8_GRUENE_Kuehn_ID196810100_29.11.2018.csv
37,Dann wird das in den Mietspiegel einfließen.,Housing,0,Government,Housing,Government,19068_Tagesordnungspunkt_8_GRUENE_Kuehn_ID196810100_29.11.2018.csv
38,Und dann werden alle Mieten ordentlich nach oben gehen.,Housing,0,Government,Housing,Government,19068_Tagesordnungspunkt_8_GRUENE_Kuehn_ID196810100_29.11.2018.csv
39,"Die Mietenexplosion, die dann kommen wird, ist die Mietenexplosion dieser Großen Koalition.",Housing,0,Government,Housing,Government,19068_Tagesordnungspunkt_8_GRUENE_Kuehn_ID196810100_29.11.2018.csv
40,"Wir finden es sehr gut, dass die SPD das Thema der sozialen Träger in diese Gesetzesnovelle hineinverhandelt hat
und dass nun Wohngruppen für Menschen mit Handicap nicht mehr verdrängt werden können.",Housing,0,Government,Housing,Government,19068_Tagesordnungspunkt_8_GRUENE_Kuehn_ID196810100_29.11.2018.csv
41,"Dass sie geschützt werden wie andere Menschen, die eine Wohnung haben, ist richtig.",Housing,0,Government,Housing,Government,19068_Tagesordnungspunkt_8_GRUENE_Kuehn_ID196810100_29.11.2018.csv
42,"Aber dass die Kita weiter heraussaniert werden kann, dass andere soziale Einrichtungen nicht diesen Schutz genießen, ist ein sozialpolitischer Skandal.",Housing,0,Government,Housing,Government,19068_Tagesordnungspunkt_8_GRUENE_Kuehn_ID196810100_29.11.2018.csv
43,"Deswegen brauchen wir dringend ein Gewerbemietrecht, das eben nicht auf dem sozialen Auge blind ist.",Housing,0,Government,Housing,Government,19068_Tagesordnungspunkt_8_GRUENE_Kuehn_ID196810100_29.11.2018.csv
44,Denken Sie bitte an die Redezeit.,*,1,Government,Housing,Labor,19068_Tagesordnungspunkt_8_GRUENE_Kuehn_ID196810100_29.11.2018.csv
45,Zum Abschluss.,*,1,Government,Housing,Labor,19068_Tagesordnungspunkt_8_GRUENE_Kuehn_ID196810100_29.11.2018.csv
46,"Ja, aber schnell.",*,1,Government,Housing,Labor,19068_Tagesordnungspunkt_8_GRUENE_Kuehn_ID196810100_29.11.2018.csv
47,Zum Abschluss: Die SPD will den Mietenstopp.,Housing,1,Government,Housing,Labor,19068_Tagesordnungspunkt_8_GRUENE_Kuehn_ID196810100_29.11.2018.csv
48,Wir beantragen hier eine Absenkung der Kappungsgrenze.,Housing,1,Government,Housing,Labor,19068_Tagesordnungspunkt_8_GRUENE_Kuehn_ID196810100_29.11.2018.csv
49,"Jetzt können Sie zeigen, ob Sie nicht nur Wahlkampfpapiere schreiben, sondern hier heute auch Farbe bekennen können.",Housing,1,Government,Housing,Labor,19068_Tagesordnungspunkt_8_GRUENE_Kuehn_ID196810100_29.11.2018.csv
50,Danke.,*,2,Government,Government,Environment,19068_Tagesordnungspunkt_8_GRUENE_Kuehn_ID196810100_29.11.2018.csv
51,"Vielen Dank, Chris Kühn. – Nächste Rednerin in der Debatte: Bundesministerin Dr.",*,2,Government,Government,Environment,19068_Tagesordnungspunkt_8_GRUENE_Kuehn_ID196810100_29.11.2018.csv
52,Katarina Barley.,*,2,Government,Government,Environment,19068_Tagesordnungspunkt_8_GRUENE_Kuehn_ID196810100_29.11.2018.csv
