,text,label_gold,segment_id,label_bert,label_parlbert,label_svm,speech_id
0,Frau Präsidentin!,*,0,Technology,Technology,Technology,19068_Tagesordnungspunkt_5_GRUENE_von_Notz_ID196802400_29.11.2018.csv
1,Liebe Kolleginnen und Kollegen!,*,0,Technology,Technology,Technology,19068_Tagesordnungspunkt_5_GRUENE_von_Notz_ID196802400_29.11.2018.csv
2,Meine sehr verehrten Damen und Herren!,*,0,Technology,Technology,Technology,19068_Tagesordnungspunkt_5_GRUENE_von_Notz_ID196802400_29.11.2018.csv
3,Lieber Jimmy Schulz!,*,0,Technology,Technology,Technology,19068_Tagesordnungspunkt_5_GRUENE_von_Notz_ID196802400_29.11.2018.csv
4,Im Bereich der IT-Sicherheit brennt die Hütte lichterloh.,Technology,0,Technology,Technology,Technology,19068_Tagesordnungspunkt_5_GRUENE_von_Notz_ID196802400_29.11.2018.csv
5,"Wir wissen es seit langem: Der Bundesregierung kommt im Bereich der digitalen Infrastruktur eine direkte, sich aus unserer Verfassung ergebende Schutzverantwortung zu.",Technology,0,Technology,Technology,Technology,19068_Tagesordnungspunkt_5_GRUENE_von_Notz_ID196802400_29.11.2018.csv
6,Das haben wir und viele Fraktionen hier Dutzende Male thematisiert; die GroKo weiß das seit langem.,Technology,0,Technology,Technology,Technology,19068_Tagesordnungspunkt_5_GRUENE_von_Notz_ID196802400_29.11.2018.csv
7,"Aber dieser Schutzverantwortung werden Sie nicht gerecht, meine Damen und Herren.",Technology,0,Technology,Technology,Technology,19068_Tagesordnungspunkt_5_GRUENE_von_Notz_ID196802400_29.11.2018.csv
8,"Wenn Sie sich nicht fundamental bewegen, sind Sie Mitverursacher, ja sogar Teil dieses massiven Sicherheitsproblems, das wir konfrontieren, und zwar – es wurde angesprochen – durch den staatlichen Handel mit Sicherheitslücken, durch die Weigerung, eine umfassende Meldepflicht einzuführen, die wir übrigens in den Jamaika-Sondierungen längst verhandelt hatten, aber auch durch Ihre Totalverweigerung beim digitalen Verbraucherschutz und beim Setzen von Sicherheitsstandards und schließlich durch Ihre völlig unklare Haltung bei dem wichtigen Thema der Verschlüsselung und Kryptografie, meine Damen und Herren.",Technology,0,Technology,Technology,Technology,19068_Tagesordnungspunkt_5_GRUENE_von_Notz_ID196802400_29.11.2018.csv
9,"Statt den hoch kriminellen Schwarzmarkt für Sicherheitslücken mit öffentlichen Geldern zusätzlich zu befeuern, was Sie tun, und statt rechtlich im luftleeren Raum schwebende Einrichtungen wie ZITiS zu schaffen, brauchen wir eine echte Kehrtwende im Bereich der IT-Sicherheit.",Technology,0,Technology,Technology,Technology,19068_Tagesordnungspunkt_5_GRUENE_von_Notz_ID196802400_29.11.2018.csv
10,"Kryptografie ist ein ganz zentraler Baustein, und deswegen danken wir Jimmy Schulz und der FDP-Fraktion für diesen guten Antrag, meine Damen und Herren.",Technology,0,Technology,Technology,Technology,19068_Tagesordnungspunkt_5_GRUENE_von_Notz_ID196802400_29.11.2018.csv
11,Der Großen Koalition kann man nur sagen: Nehmen Sie sich endlich selbst beim Wort!,Technology,0,Technology,Technology,Technology,19068_Tagesordnungspunkt_5_GRUENE_von_Notz_ID196802400_29.11.2018.csv
12,"Fragen Sie sich, warum eigentlich alle großen IT-Infrastrukturprojekte der letzten Jahre mit Milliardenkosten gefloppt sind!",Technology,0,Technology,Technology,Technology,19068_Tagesordnungspunkt_5_GRUENE_von_Notz_ID196802400_29.11.2018.csv
13,Machen Sie Deutschland endlich tatsächlich zum Verschlüsselungsland Nummer eins auf der Welt und die durchgehende Ende-zu-Ende-Verschlüsselung zum absoluten Standard bei allen IT-Projekten!,Technology,0,Technology,Technology,Technology,19068_Tagesordnungspunkt_5_GRUENE_von_Notz_ID196802400_29.11.2018.csv
14,"Das, Marian Wendt, erreicht man nicht durch Reden.",Technology,0,Technology,Technology,Technology,19068_Tagesordnungspunkt_5_GRUENE_von_Notz_ID196802400_29.11.2018.csv
15,Dazu müssen Sie hier im Haus Gesetze machen.,Technology,0,Technology,Technology,Technology,19068_Tagesordnungspunkt_5_GRUENE_von_Notz_ID196802400_29.11.2018.csv
16,Papier ist geduldig.,Technology,0,Technology,Technology,Technology,19068_Tagesordnungspunkt_5_GRUENE_von_Notz_ID196802400_29.11.2018.csv
17,Sie müssen Gesetze machen.,Technology,0,Technology,Technology,Technology,19068_Tagesordnungspunkt_5_GRUENE_von_Notz_ID196802400_29.11.2018.csv
18,Unterstützen Sie die Kryptografieforschung!,Technology,0,Technology,Technology,Technology,19068_Tagesordnungspunkt_5_GRUENE_von_Notz_ID196802400_29.11.2018.csv
19,Lösen Sie die IT-Sicherheit aus dem Zuständigkeitsbereich des Innenministeriums!,Technology,1,Technology,Technology,Technology,19068_Tagesordnungspunkt_5_GRUENE_von_Notz_ID196802400_29.11.2018.csv
20,"Stellen Sie das BSI endlich unabhängig, meine Damen und Herren!",Technology,1,Technology,Technology,Technology,19068_Tagesordnungspunkt_5_GRUENE_von_Notz_ID196802400_29.11.2018.csv
21,"Beenden Sie Ihre nicht nur beim Thema „Verschlüsselung“ hoch widersprüchliche Digitalpolitik, deren Motto ist: Ich hätte es gern vegetarisch, aber mit ordentlich viel Fleisch. – Das geht am Ende des Tages nicht auf.",Technology,1,Technology,Technology,Technology,19068_Tagesordnungspunkt_5_GRUENE_von_Notz_ID196802400_29.11.2018.csv
22,"Beenden Sie das cyberpolitische Bullshit-Bingo, das wir immer wieder hören und bald auf dem nächsten IT-Gipfel bestaunen können!",Technology,1,Technology,Technology,Technology,19068_Tagesordnungspunkt_5_GRUENE_von_Notz_ID196802400_29.11.2018.csv
23,Legen Sie das überfällige IT-Sicherheitsgesetz 2.0 vor!,Technology,1,Technology,Technology,Technology,19068_Tagesordnungspunkt_5_GRUENE_von_Notz_ID196802400_29.11.2018.csv
24,Einen langen Maßnahmenkatalog haben wir Ihnen hier vor Monaten vorgelegt.,Technology,1,Technology,Technology,Technology,19068_Tagesordnungspunkt_5_GRUENE_von_Notz_ID196802400_29.11.2018.csv
25,Sie sind blank.,Technology,2,Government,Government,Government,19068_Tagesordnungspunkt_5_GRUENE_von_Notz_ID196802400_29.11.2018.csv
26,Das ist unverantwortlich.,Technology,2,Government,Government,Government,19068_Tagesordnungspunkt_5_GRUENE_von_Notz_ID196802400_29.11.2018.csv
27,Ganz herzlichen Dank.,*,2,Government,Government,Government,19068_Tagesordnungspunkt_5_GRUENE_von_Notz_ID196802400_29.11.2018.csv
28,"Vielen Dank, Konstantin von Notz. – Nächster Redner: Christoph Bernstiel für die CDU/CSU-Fraktion.",*,2,Government,Government,Government,19068_Tagesordnungspunkt_5_GRUENE_von_Notz_ID196802400_29.11.2018.csv
