,text,label_gold,segment_id,label_bert,label_parlbert,label_svm,speech_id
0,Frau Präsidentin!,*,0,Housing,Housing,Housing,19068_Tagesordnungspunkt_8_SPD_Fechner_ID196809600_29.11.2018.csv
1,Liebe Kolleginnen und Kollegen!,*,0,Housing,Housing,Housing,19068_Tagesordnungspunkt_8_SPD_Fechner_ID196809600_29.11.2018.csv
2,Liebe Gäste auf den Tribünen!,*,0,Housing,Housing,Housing,19068_Tagesordnungspunkt_8_SPD_Fechner_ID196809600_29.11.2018.csv
3,"Heute ist ein guter Tag für alle Mieterinnen und Mieter;
denn mit diesem Mieterschutzgesetz sorgen wir dafür, dass die Mieten wegen Modernisierungen bei weitem nicht mehr so stark steigen können wie bisher.",Housing,0,Housing,Housing,Housing,19068_Tagesordnungspunkt_8_SPD_Fechner_ID196809600_29.11.2018.csv
4,"Das ist eine gute Nachricht für alle Mieterinnen und Mieter, liebe Kolleginnen und Kollegen.",Housing,0,Housing,Housing,Housing,19068_Tagesordnungspunkt_8_SPD_Fechner_ID196809600_29.11.2018.csv
5,"Die SPD-Fraktion hat dabei durchgesetzt, dass der gute Gesetzentwurf von Ministerin Barley – an der Stelle herzlichen Dank dafür – an mehreren Stellen noch besser geworden ist: Erstmals wird es durch dieses Gesetz einen Deckel für Mieterhöhungen infolge von Modernisierungen geben.",Housing,0,Housing,Housing,Housing,19068_Tagesordnungspunkt_8_SPD_Fechner_ID196809600_29.11.2018.csv
6,Zukünftig darf die Miete wegen Modernisierungen innerhalb von sechs Jahren nur um maximal 3 Euro pro Quadratmeter steigen und bei Mieten unterhalb von 7 Euro pro Quadratmeter sogar nur um maximal 2 Euro.,Housing,0,Housing,Housing,Housing,19068_Tagesordnungspunkt_8_SPD_Fechner_ID196809600_29.11.2018.csv
7,"Damit sichern wir, dass die Mieten trotz Modernisierungen bezahlbar bleiben – gerade für junge Familien, liebe Kolleginnen und Kollegen, ein ganz wichtiger Schritt.",Housing,0,Housing,Housing,Housing,19068_Tagesordnungspunkt_8_SPD_Fechner_ID196809600_29.11.2018.csv
8,"Wenn etwa eine Familie eine 100-Quadratmeter-Wohnung zu 6 Euro pro Quadratmeter angemietet hat, dann hat sie durch unser Gesetz jetzt die Garantie, dass die Miete wegen Modernisierungen innerhalb von sechs Jahren nur um 200 Euro und somit nur auf 800 Euro steigen darf.",Housing,0,Housing,Housing,Housing,19068_Tagesordnungspunkt_8_SPD_Fechner_ID196809600_29.11.2018.csv
9,"Eine Familie, die 9 Euro pro Quadratmeter für ihre 100-Quadratmeter-Wohnung bezahlt, hat durch dieses Gesetz die Garantie, dass die Miete wegen Modernisierungen innerhalb von sechs Jahren nur auf 1 200 Euro steigen darf.",Housing,0,Housing,Housing,Housing,19068_Tagesordnungspunkt_8_SPD_Fechner_ID196809600_29.11.2018.csv
10,"Das zeigt, dass wir mit diesem Gesetz gegen höhere Mieten durch Modernisierungen vorgehen, und zwar effektiv.",Housing,0,Housing,Housing,Housing,19068_Tagesordnungspunkt_8_SPD_Fechner_ID196809600_29.11.2018.csv
11,"Ganz wichtig dabei ist, dass die SPD die bundesweite Geltung dieses Gesetzes durchgesetzt hat und dass es eben nicht, wie bei der Mietpreisbremse, davon abhängt, ob Landesregierungen willig oder fähig sind, die entsprechenden Regelungen auch zur Geltung zu bringen.",Housing,0,Housing,Housing,Housing,19068_Tagesordnungspunkt_8_SPD_Fechner_ID196809600_29.11.2018.csv
12,Auch das ist ein ganz wichtiger Schritt.,Housing,0,Housing,Housing,Housing,19068_Tagesordnungspunkt_8_SPD_Fechner_ID196809600_29.11.2018.csv
13,Bundesweit gelten wird auch die zweite wichtige Neuerung: dass wir die Möglichkeit der Umlage von Modernisierungskosten von 11 Prozent pro Jahr auf 8 Prozent reduzieren.,Housing,0,Housing,Housing,Housing,19068_Tagesordnungspunkt_8_SPD_Fechner_ID196809600_29.11.2018.csv
14,"Das ist ein weiterer Schritt, um Mieterinnen und Mieter vor explodierenden Mieten durch Modernisierungen zu schützen.",Housing,0,Housing,Housing,Housing,19068_Tagesordnungspunkt_8_SPD_Fechner_ID196809600_29.11.2018.csv
15,"Auch dadurch verhindern wir, dass Mieten infolge von Modernisierungen unbezahlbar werden.",Housing,0,Housing,Housing,Housing,19068_Tagesordnungspunkt_8_SPD_Fechner_ID196809600_29.11.2018.csv
16,"Ja, wir hätten auch gerne in diesem Gesetz geregelt, dass die Mietpreisbremse bundesweit gilt; denn bei allen richtigen und wichtigen Investitionsmaßnahmen, die wir beschlossen haben – von der steuerlichen Abschreibung über das Baukindergeld bis hin zu den 5 Milliarden Euro, die wir für sozialen Wohnungsbau geben –, wird es eine Weile dauern, bis aufgrund dieser Gelder und Hilfen bezahlbarer Wohnraum geschaffen ist.",Housing,0,Housing,Housing,Housing,19068_Tagesordnungspunkt_8_SPD_Fechner_ID196809600_29.11.2018.csv
17,Darauf können wir nicht warten.,Housing,0,Housing,Housing,Housing,19068_Tagesordnungspunkt_8_SPD_Fechner_ID196809600_29.11.2018.csv
18,"Wir müssen jetzt dafür sorgen, dass die Mieten nicht mehr so stark steigen können.",Housing,0,Housing,Housing,Housing,19068_Tagesordnungspunkt_8_SPD_Fechner_ID196809600_29.11.2018.csv
19,Eigentlich müsste die Mietpreisbremse bundesweit gelten.,Housing,0,Housing,Housing,Housing,19068_Tagesordnungspunkt_8_SPD_Fechner_ID196809600_29.11.2018.csv
20,Das war leider nicht möglich.,Housing,0,Housing,Housing,Housing,19068_Tagesordnungspunkt_8_SPD_Fechner_ID196809600_29.11.2018.csv
21,"Aber für uns ist klar: Die Mietpreisbremse muss bundesweit gelten, liebe Kolleginnen und Kollegen.",Housing,0,Housing,Housing,Housing,19068_Tagesordnungspunkt_8_SPD_Fechner_ID196809600_29.11.2018.csv
22,"Noch eine Neuregelung will ich hier nennen: Für viele soziale Träger wie die Caritas, die AWO oder die PROWO – ich freue mich, heute hier zwei Vertreter der PROWO begrüßen zu können –, die soziale Wohnprojekte betreiben, wird zukünftig nicht mehr das Gewerbemietvertragsrecht gelten, sondern das soziale Mietrecht.",Housing,0,Housing,Housing,Housing,19068_Tagesordnungspunkt_8_SPD_Fechner_ID196809600_29.11.2018.csv
23,"Wenn die Mietverträge auslaufen, dann stehen die Mieter in sozialen Wohnprojekten wie betreutes Wohnen für Behinderte oder Frauenhäuser nicht auf der Straße; das verhindern wir mit diesem Gesetz.",Housing,0,Housing,Housing,Housing,19068_Tagesordnungspunkt_8_SPD_Fechner_ID196809600_29.11.2018.csv
24,Zukünftig wird für diese Wohnprojekte das soziale Wohnraumrecht gelten.,Housing,0,Housing,Housing,Housing,19068_Tagesordnungspunkt_8_SPD_Fechner_ID196809600_29.11.2018.csv
25,"Sie sehen, wir haben sehr viele wichtige Verbesserungen für Mieterinnen und Mieter durchgesetzt.",Housing,0,Housing,Housing,Housing,19068_Tagesordnungspunkt_8_SPD_Fechner_ID196809600_29.11.2018.csv
26,An manchen Stellen hätten wir uns mehr vorstellen können.,Housing,0,Housing,Housing,Housing,19068_Tagesordnungspunkt_8_SPD_Fechner_ID196809600_29.11.2018.csv
27,Aber es ist ein gutes Gesetz.,Housing,0,Housing,Housing,Housing,19068_Tagesordnungspunkt_8_SPD_Fechner_ID196809600_29.11.2018.csv
28,Stimmen wir diesen Verbesserungen für die Mieter deshalb zu!,Housing,0,Housing,Housing,Housing,19068_Tagesordnungspunkt_8_SPD_Fechner_ID196809600_29.11.2018.csv
29,Vielen Dank.,*,0,Housing,Housing,Housing,19068_Tagesordnungspunkt_8_SPD_Fechner_ID196809600_29.11.2018.csv
30,"Vielen Dank, Johannes Fechner. – Nächster Redner: Jens Maier für die AfD-Fraktion.",*,0,Housing,Housing,Housing,19068_Tagesordnungspunkt_8_SPD_Fechner_ID196809600_29.11.2018.csv
