,text,label_gold,segment_id,label_bert,label_parlbert,label_svm,speech_id
0,Sehr geehrte Frau Präsidentin!,*,0,Technology,Technology,Civil,19068_Tagesordnungspunkt_5_CDU_CSU_Bernstiel_ID196802500_29.11.2018.csv
1,Werte Kolleginnen und Kollegen!,*,0,Technology,Technology,Civil,19068_Tagesordnungspunkt_5_CDU_CSU_Bernstiel_ID196802500_29.11.2018.csv
2,Liebe Gäste!,*,0,Technology,Technology,Civil,19068_Tagesordnungspunkt_5_CDU_CSU_Bernstiel_ID196802500_29.11.2018.csv
3,"Der vorliegende Antrag der FDP zeigt, dass das Bewusstsein für Bedrohungen im digitalen Raum wächst und dass das mittlerweile auch bei der Opposition angekommen ist.",Law and Crime,0,Technology,Technology,Civil,19068_Tagesordnungspunkt_5_CDU_CSU_Bernstiel_ID196802500_29.11.2018.csv
4,Das ist positiv und sehr zu begrüßen; denn inzwischen beziffert der Digitalverband Bitkom den Schaden der deutschen Unternehmen durch Cyberkriminalität – da habe ich andere Zahlen als die FDP – auf 55 Milliarden Euro.,Law and Crime,0,Technology,Technology,Civil,19068_Tagesordnungspunkt_5_CDU_CSU_Bernstiel_ID196802500_29.11.2018.csv
5,"Experten gehen sogar davon aus, dass jedes vierte Unternehmen in unserem Land schon einmal Opfer einer Cyberattacke geworden ist.",Law and Crime,0,Technology,Technology,Civil,19068_Tagesordnungspunkt_5_CDU_CSU_Bernstiel_ID196802500_29.11.2018.csv
6,"Doch nicht nur Unternehmen sind zur Zielscheibe von Cyberkriminalität geworden; auch Privathaushalte und somit Kinder, Jugendliche und Senioren geraten zunehmend in den Fokus.",Law and Crime,0,Technology,Technology,Civil,19068_Tagesordnungspunkt_5_CDU_CSU_Bernstiel_ID196802500_29.11.2018.csv
7,Das BKA spricht von circa 86 000 Fällen von Cyberkriminalität allein im Jahr 2017.,Law and Crime,0,Technology,Technology,Civil,19068_Tagesordnungspunkt_5_CDU_CSU_Bernstiel_ID196802500_29.11.2018.csv
8,Es besteht also unzweifelhaft Handlungsbedarf.,Law and Crime,0,Technology,Technology,Civil,19068_Tagesordnungspunkt_5_CDU_CSU_Bernstiel_ID196802500_29.11.2018.csv
9,"Ich wage jedoch, zu bezweifeln, dass ein Recht auf Verschlüsselung dazu beitragen kann, die individuelle Sicherheit im digitalen Raum zu verbessern.",Civil Rights,0,Technology,Technology,Civil,19068_Tagesordnungspunkt_5_CDU_CSU_Bernstiel_ID196802500_29.11.2018.csv
10,"Unserer Meinung nach sollte jeder Mensch frei und selbst entscheiden, welche Daten er verschlüsselt und welche nicht.",Civil Rights,0,Technology,Technology,Civil,19068_Tagesordnungspunkt_5_CDU_CSU_Bernstiel_ID196802500_29.11.2018.csv
11,"Es sollte schon noch unterschieden werden, ob jemand niedliche Videos, beispielsweise von Katzenbabys, hochlädt oder ob er gerade ein Aktienpaket ordert.",Civil Rights,0,Technology,Technology,Civil,19068_Tagesordnungspunkt_5_CDU_CSU_Bernstiel_ID196802500_29.11.2018.csv
12,"Die bewusste Entscheidung, Daten zu verschlüsseln, ist für uns ein Teil des gelebten Rechts auf informationelle Selbstbestimmung.",Civil Rights,0,Technology,Technology,Civil,19068_Tagesordnungspunkt_5_CDU_CSU_Bernstiel_ID196802500_29.11.2018.csv
13,Im Übrigen nutzen schon heute viele Menschen ganz selbstverständlich verschlüsselte Kommunikation im Alltag.,Civil Rights,0,Technology,Technology,Civil,19068_Tagesordnungspunkt_5_CDU_CSU_Bernstiel_ID196802500_29.11.2018.csv
14,"Messengerdienste wie WhatsApp, Threema oder die preisgekrönte App Chiffry, die in meinem Wahlkreis, Halle an der Saale, entwickelt wurde, gehören längst zur gängigen Praxis.",Civil Rights,0,Technology,Technology,Civil,19068_Tagesordnungspunkt_5_CDU_CSU_Bernstiel_ID196802500_29.11.2018.csv
15,Nicht so gut – da gebe ich Ihnen explizit recht – sieht es hingegen mit der Verschlüsselung von E-Mails aus.,Civil Rights,0,Technology,Technology,Civil,19068_Tagesordnungspunkt_5_CDU_CSU_Bernstiel_ID196802500_29.11.2018.csv
16,"Laut einer aktuellen Telekom-Studie sagen zwei Drittel der befragten Personen, dass ihnen die Verschlüsselung ihrer E-Mails sehr wichtig ist; aber nur ein Bruchteil nutzt auch entsprechende Programme.",Civil Rights,0,Technology,Technology,Civil,19068_Tagesordnungspunkt_5_CDU_CSU_Bernstiel_ID196802500_29.11.2018.csv
17,Der Knackpunkt ist die Anwenderfreundlichkeit.,Civil Rights,0,Technology,Technology,Civil,19068_Tagesordnungspunkt_5_CDU_CSU_Bernstiel_ID196802500_29.11.2018.csv
18,"Technische Lösungen können nur dann erfolgreich sein, wenn sie auch Akzeptanz beim Nutzer finden.",Civil Rights,0,Technology,Technology,Civil,19068_Tagesordnungspunkt_5_CDU_CSU_Bernstiel_ID196802500_29.11.2018.csv
19,In diesem Zusammenhang möchte ich auch mit ein paar Vorurteilen aufräumen.,Civil Rights,0,Technology,Technology,Civil,19068_Tagesordnungspunkt_5_CDU_CSU_Bernstiel_ID196802500_29.11.2018.csv
20,"Sie sagen: Die Bundesregierung macht da nichts. – Das ist schlichtweg falsch; denn das BMWi und das Innenministerium fördern bereits seit Jahren beispielsweise das Programm GNU Privacy Guard, das explizit für die Ende-zu-Ende-Verschlüsselung von E-Mails sorgt.",Civil Rights,0,Technology,Technology,Civil,19068_Tagesordnungspunkt_5_CDU_CSU_Bernstiel_ID196802500_29.11.2018.csv
21,"Darüber hinaus fördert das hier angesprochene BSI das Projekt EasyGPG, ein nutzerfreundliches, da weitgehend automatisiertes Verfahren für eine Ende-zu-Ende-Verschlüsselung der E-Mail-Kommunikation.",Civil Rights,0,Technology,Technology,Civil,19068_Tagesordnungspunkt_5_CDU_CSU_Bernstiel_ID196802500_29.11.2018.csv
22,"Beide Programme, die die Bundesregierung unterstützt, sind sehr sinnvoll.",Civil Rights,0,Technology,Technology,Civil,19068_Tagesordnungspunkt_5_CDU_CSU_Bernstiel_ID196802500_29.11.2018.csv
23,"Im internationalen Ranking der Länder rangiert Deutschland zudem unter den Top Ten, wenn es um Datenschutz und IT-Sicherheit geht.",Civil Rights,0,Technology,Technology,Civil,19068_Tagesordnungspunkt_5_CDU_CSU_Bernstiel_ID196802500_29.11.2018.csv
24,"Doch Datenschutz, liebe FDP, ist nur eine Seite der Verschlüsselungsmedaille.",Civil Rights,0,Technology,Technology,Civil,19068_Tagesordnungspunkt_5_CDU_CSU_Bernstiel_ID196802500_29.11.2018.csv
25,"Es ist auch eine der wichtigsten Aufgaben des Staates, seine Bürger vor Kriminalität zu schützen.",Law and Crime,0,Technology,Technology,Civil,19068_Tagesordnungspunkt_5_CDU_CSU_Bernstiel_ID196802500_29.11.2018.csv
26,Das gilt sowohl in der realen als auch in der digitalen Welt.,Law and Crime,0,Technology,Technology,Civil,19068_Tagesordnungspunkt_5_CDU_CSU_Bernstiel_ID196802500_29.11.2018.csv
27,"Leider müssen wir jedoch mit Sorge feststellen, dass sich die Technik viel schneller entwickelt hat als unsere Gesetze zur Strafverfolgung.",Law and Crime,0,Technology,Technology,Civil,19068_Tagesordnungspunkt_5_CDU_CSU_Bernstiel_ID196802500_29.11.2018.csv
28,"Kriminelle setzen heutzutage vermehrt auf verschlüsselte Kommunikation und machen es unseren Sicherheitsbehörden und Nachrichtendiensten damit sehr schwer, Verbrechen aufzuklären oder zu verhindern.",Law and Crime,0,Technology,Technology,Civil,19068_Tagesordnungspunkt_5_CDU_CSU_Bernstiel_ID196802500_29.11.2018.csv
29,"Wer mehr Verschlüsselung fordert, der muss auch immer die damit einhergehenden Nachteile für unsere Ermittlungsbehörden mit einkalkulieren.",Law and Crime,0,Technology,Technology,Civil,19068_Tagesordnungspunkt_5_CDU_CSU_Bernstiel_ID196802500_29.11.2018.csv
30,"Meine Damen und Herren, die Sicherstellung der Vertraulichkeit von Kommunikationsdaten ist ein ebenso hohes Gut wie der Schutz der Bevölkerung vor Kriminalität.",Law and Crime,0,Technology,Technology,Civil,19068_Tagesordnungspunkt_5_CDU_CSU_Bernstiel_ID196802500_29.11.2018.csv
31,Beides darf nicht gegeneinander ausgespielt werden.,Law and Crime,0,Technology,Technology,Civil,19068_Tagesordnungspunkt_5_CDU_CSU_Bernstiel_ID196802500_29.11.2018.csv
32,"Liebe FDP, so gut das Ansinnen Ihres Antrages auch sein mag: Mit den darin enthaltenen Forderungen schützen Sie eben nicht unsere Bürger, sondern kriminelle Strukturen im Internet.",Law and Crime,0,Technology,Technology,Civil,19068_Tagesordnungspunkt_5_CDU_CSU_Bernstiel_ID196802500_29.11.2018.csv
33,Sie fördern damit die Ausbreitung von rechtsfreien Räumen im Internet.,Law and Crime,0,Technology,Technology,Civil,19068_Tagesordnungspunkt_5_CDU_CSU_Bernstiel_ID196802500_29.11.2018.csv
34,Ihren Antrag müssen wir daher ablehnen.,Law and Crime,0,Technology,Technology,Civil,19068_Tagesordnungspunkt_5_CDU_CSU_Bernstiel_ID196802500_29.11.2018.csv
35,"Zum Schluss möchte ich die amtierende Europol-Chefin De Bolle zitieren, die uns gestern hier, im Deutschen Bundestag, besucht hat.",Law and Crime,0,Technology,Technology,Civil,19068_Tagesordnungspunkt_5_CDU_CSU_Bernstiel_ID196802500_29.11.2018.csv
36,"Sie hat darauf hingewiesen, dass Ermittlungsergebnisse aus dem Cyberraum bei der Aufklärung von nahezu allen Kriminalitätsfällen hilfreich sind.",Law and Crime,0,Technology,Technology,Civil,19068_Tagesordnungspunkt_5_CDU_CSU_Bernstiel_ID196802500_29.11.2018.csv
37,"Lassen Sie uns deshalb gemeinsam daran arbeiten, die Cyberfähigkeiten unserer Sicherheitsbehörden zu stärken und nicht zu schwächen!",Law and Crime,0,Technology,Technology,Civil,19068_Tagesordnungspunkt_5_CDU_CSU_Bernstiel_ID196802500_29.11.2018.csv
38,Herzlichen Dank.,*,0,Technology,Technology,Civil,19068_Tagesordnungspunkt_5_CDU_CSU_Bernstiel_ID196802500_29.11.2018.csv
39,"Vielen Dank, Christoph Bernstiel. – Nächster Redner: Niema Movassat für die Fraktion Die Linke.",*,0,Technology,Technology,Civil,19068_Tagesordnungspunkt_5_CDU_CSU_Bernstiel_ID196802500_29.11.2018.csv
