,text,label_gold,segment_id,label_bert,label_parlbert,label_svm,speech_id
0,Sehr geehrte Präsidentin!,*,0,Civil,Technology,Technology,19068_Tagesordnungspunkt_5_FDP_Schulz_ID196801900_29.11.2018.csv
1,Liebe Kolleginnen und Kollegen hier im Saal!,*,0,Civil,Technology,Technology,19068_Tagesordnungspunkt_5_FDP_Schulz_ID196801900_29.11.2018.csv
2,Ich begrüße ganz besonders auf der Tribüne meinen Sohn: Herzlich willkommen!,*,0,Civil,Technology,Technology,19068_Tagesordnungspunkt_5_FDP_Schulz_ID196801900_29.11.2018.csv
3,"Ich begrüße auch diejenigen, die vergeblich versuchen, an Bewegtbildempfängern, Tablets, Computern, Smartphones mit der ständig abstürzenden Bundestags-App diese Debatte zu verfolgen.",*,0,Civil,Technology,Technology,19068_Tagesordnungspunkt_5_FDP_Schulz_ID196801900_29.11.2018.csv
4,Jetzt legen mal alle die Federhalter und Hefte beiseite und hören mir gerne zu!,*,0,Civil,Technology,Technology,19068_Tagesordnungspunkt_5_FDP_Schulz_ID196801900_29.11.2018.csv
5,"Dass wir hier die Möglichkeit haben, diese Flure, diese Hallen entlangzulaufen, uns frei in diesem Haus zu bewegen, Teil der Demokratie zu sein – wofür jahrhundertelang Menschen gekämpft und ihr Leben gelassen haben, um für diese Kleinigkeiten, Grundrechte, Privatsphäre, zu kämpfen –, ist ein ungeheures Privileg für uns.",Civil Rights,0,Civil,Technology,Technology,19068_Tagesordnungspunkt_5_FDP_Schulz_ID196801900_29.11.2018.csv
6,"Liebe Kolleginnen und Kollegen, einmal Hand aufs Herz: Wer von Ihnen würde seinem besten Freund oder seiner besten Freundin Intima, Geschäftsgeheimnisse an einen Arbeitskollegen, Klatsch und Tratsch an einen Parteifreund per Postkarte verschicken, die im Zweifelsfall jeder lesen kann?",Civil Rights,0,Civil,Technology,Technology,19068_Tagesordnungspunkt_5_FDP_Schulz_ID196801900_29.11.2018.csv
7,Niemand würde das tun.,Civil Rights,0,Civil,Technology,Technology,19068_Tagesordnungspunkt_5_FDP_Schulz_ID196801900_29.11.2018.csv
8,Das ist ja schon mal sehr erfreulich.,Civil Rights,0,Civil,Technology,Technology,19068_Tagesordnungspunkt_5_FDP_Schulz_ID196801900_29.11.2018.csv
9,"Aber trotzdem tun die meisten dies, wenn auch häufig nicht bewusst.",Civil Rights,0,Civil,Technology,Technology,19068_Tagesordnungspunkt_5_FDP_Schulz_ID196801900_29.11.2018.csv
10,"Denn wir versenden unverschlüsselte E‑Mails wie Postkarten, die im Zweifel jeder mitlesen kann, aus dem Privat-, aus dem Arbeitsleben.",Civil Rights,0,Civil,Technology,Technology,19068_Tagesordnungspunkt_5_FDP_Schulz_ID196801900_29.11.2018.csv
11,Und das gilt auch für die hier beliebten Messenger-Systeme.,Civil Rights,0,Civil,Technology,Technology,19068_Tagesordnungspunkt_5_FDP_Schulz_ID196801900_29.11.2018.csv
12,"In der analogen Welt lässt sich das ganz einfach durch einen Briefumschlag verhindern, in der digitalen Welt durch Verschlüsselungstechnologien.",Civil Rights,0,Civil,Technology,Technology,19068_Tagesordnungspunkt_5_FDP_Schulz_ID196801900_29.11.2018.csv
13,"Sie stellen sicher, dass nur Sie und Ihr Gesprächspartner den Inhalt einer Nachricht lesen können.",Civil Rights,0,Civil,Technology,Technology,19068_Tagesordnungspunkt_5_FDP_Schulz_ID196801900_29.11.2018.csv
14,Sie fungieren damit quasi wie ein zugeklebter Briefumschlag mit Siegel.,Civil Rights,0,Civil,Technology,Technology,19068_Tagesordnungspunkt_5_FDP_Schulz_ID196801900_29.11.2018.csv
15,In der analogen wie in der digitalen Welt brauchen wir die gleichen Rechte und Möglichkeiten.,Civil Rights,0,Civil,Technology,Technology,19068_Tagesordnungspunkt_5_FDP_Schulz_ID196801900_29.11.2018.csv
16,"Die Privatsphäre im digitalen Raum zu schützen, ist seit 30 Jahren eine Herzensangelegenheit von mir.",Civil Rights,0,Civil,Technology,Technology,19068_Tagesordnungspunkt_5_FDP_Schulz_ID196801900_29.11.2018.csv
17,Meine Diplomarbeit habe ich vor 20 Jahren als Politikwissenschaftler über das Thema „Kryptografie im Internet“ geschrieben.,Civil Rights,0,Civil,Technology,Technology,19068_Tagesordnungspunkt_5_FDP_Schulz_ID196801900_29.11.2018.csv
18,"Das Thema hat mich mein Leben lang verfolgt; denn ich habe noch dieses Klicken im Ohr, dieses Klicken, wenn sie mitgehört haben.",Civil Rights,0,Civil,Technology,Technology,19068_Tagesordnungspunkt_5_FDP_Schulz_ID196801900_29.11.2018.csv
19,"Meine Mutter war Republikflüchtling, sie ist kurz vorm Mauerbau aus der damaligen DDR geflohen und hat einen Großteil ihrer Familie zurückgelassen.",Civil Rights,0,Civil,Technology,Technology,19068_Tagesordnungspunkt_5_FDP_Schulz_ID196801900_29.11.2018.csv
20,"Und jedes Mal, wenn wir angerufen haben, waren wir uns sicher, dass sie mithören.",Civil Rights,0,Civil,Technology,Technology,19068_Tagesordnungspunkt_5_FDP_Schulz_ID196801900_29.11.2018.csv
21,"Jedes Mal wenn wir meine Cousins, Tanten, Onkel, meinen Urgroßvater besucht haben, waren wir uns sicher, dass sie mithören.",Civil Rights,0,Civil,Technology,Technology,19068_Tagesordnungspunkt_5_FDP_Schulz_ID196801900_29.11.2018.csv
22,"Wir mussten in die Waschküche oder Küche gehen und den Wasserhahn aufdrehen, damit wir uns sicher waren, dass sie nicht mithören.",Civil Rights,0,Civil,Technology,Technology,19068_Tagesordnungspunkt_5_FDP_Schulz_ID196801900_29.11.2018.csv
23,"Ich bin in einer Zeit aufgewachsen, in der jedes Telefonat von uns abgehört wurde.",Civil Rights,0,Civil,Technology,Technology,19068_Tagesordnungspunkt_5_FDP_Schulz_ID196801900_29.11.2018.csv
24,Was macht dieses Abgehörtwerden?,Civil Rights,0,Civil,Technology,Technology,19068_Tagesordnungspunkt_5_FDP_Schulz_ID196801900_29.11.2018.csv
25,"Es macht Angst; es macht Angst, frei und offen zu sprechen, seine Meinung zu äußern, und man hat Angst vor den Folgen von dem, was man gesagt hat.",Civil Rights,0,Civil,Technology,Technology,19068_Tagesordnungspunkt_5_FDP_Schulz_ID196801900_29.11.2018.csv
26,So etwas darf nie wieder passieren.,Civil Rights,0,Civil,Technology,Technology,19068_Tagesordnungspunkt_5_FDP_Schulz_ID196801900_29.11.2018.csv
27,"Es gibt bereits seit Jahrzehnten Technologien, die vertrauliche Kommunikation leisten können.",Civil Rights,0,Civil,Technology,Technology,19068_Tagesordnungspunkt_5_FDP_Schulz_ID196801900_29.11.2018.csv
28,"Nur, nicht jeder kann sie nutzen.",Civil Rights,0,Civil,Technology,Technology,19068_Tagesordnungspunkt_5_FDP_Schulz_ID196801900_29.11.2018.csv
29,"Sie sind teilweise kompliziert, teilweise schwer benutzbar, und das wollen wir mit diesem Antrag, mit diesem Vorschlag ändern.",Civil Rights,0,Civil,Technology,Technology,19068_Tagesordnungspunkt_5_FDP_Schulz_ID196801900_29.11.2018.csv
30,"Denn wenn wir alle Anbieter dazu verpflichten, dass die Standardvariante einer Kommunikation verschlüsselt abläuft, Ende zu Ende, abhörsicher, dann können sich auch diejenigen sicher sein, vertraulich zu kommunizieren, die eben nicht die technischen Fertigkeiten haben.",Civil Rights,0,Civil,Technology,Technology,19068_Tagesordnungspunkt_5_FDP_Schulz_ID196801900_29.11.2018.csv
31,"Liebe Kolleginnen und Kollegen, Verschlüsselung ist ein fundamentaler Pfeiler für die Gewährleistung unserer Grundrechte.",Civil Rights,0,Civil,Technology,Technology,19068_Tagesordnungspunkt_5_FDP_Schulz_ID196801900_29.11.2018.csv
32,"Artikel 10 Absatz 1 des Grundgesetzes besagt, dass das Briefgeheimnis sowie das Post- und Fernmeldegeheimnis unverletzlich sind.",Civil Rights,0,Civil,Technology,Technology,19068_Tagesordnungspunkt_5_FDP_Schulz_ID196801900_29.11.2018.csv
33,Dieser Grundsatz muss auch für die elektronische Kommunikation gelten.,Civil Rights,0,Civil,Technology,Technology,19068_Tagesordnungspunkt_5_FDP_Schulz_ID196801900_29.11.2018.csv
34,"Das sagen nicht nur wir, sondern im Übrigen sagt das auch das Bundesverfassungsgericht.",Civil Rights,0,Civil,Technology,Technology,19068_Tagesordnungspunkt_5_FDP_Schulz_ID196801900_29.11.2018.csv
35,"Wir haben ein Grundrecht auf Gewährleistung der Vertraulichkeit und Integrität von IT-Systemen, also ein IT-Grundrecht, das insbesondere auch der Staat schützen muss.",Civil Rights,0,Civil,Technology,Technology,19068_Tagesordnungspunkt_5_FDP_Schulz_ID196801900_29.11.2018.csv
36,"Deswegen fordern wir Freie Demokraten ein Recht auf Verschlüsselung und wollen, dass Telekommunikations- und Telemedienanbieter ihre Dienste standardmäßig verschlüsselt anbieten – von mir aus übrigens auch gerne anonym.",Civil Rights,0,Civil,Technology,Technology,19068_Tagesordnungspunkt_5_FDP_Schulz_ID196801900_29.11.2018.csv
37,"Verschlüsselung schützt nicht nur unsere Privatsphäre, sondern auch den Wirtschaftsstandort: In den letzten Jahren waren laut Studien sieben von zehn Unternehmen von Wirtschaftsspionage, Sabotage und Datendiebstahl betroffen.",Law and Crime,0,Civil,Technology,Technology,19068_Tagesordnungspunkt_5_FDP_Schulz_ID196801900_29.11.2018.csv
38,Laut einer Bitkom-Studie hat das in den letzten zwei Jahren einen Schaden von 43 Milliarden Euro angerichtet.,Law and Crime,0,Civil,Technology,Technology,19068_Tagesordnungspunkt_5_FDP_Schulz_ID196801900_29.11.2018.csv
39,"Verschlüsselung kann helfen, diesen Schaden einzudämmen, da Datendiebe mit den verschlüsselten Daten nichts anfangen können.",Law and Crime,0,Civil,Technology,Technology,19068_Tagesordnungspunkt_5_FDP_Schulz_ID196801900_29.11.2018.csv
40,"Verschlüsselungen zu knacken, ist schwer, und das ist ja auch Sinn und Zweck der Sache.",Law and Crime,0,Civil,Technology,Technology,19068_Tagesordnungspunkt_5_FDP_Schulz_ID196801900_29.11.2018.csv
41,"Seit Jahren gibt es immer wieder Forderungen, Verschlüsselung zu schwächen, insbesondere im Kontext der Strafverfolgung.",Law and Crime,0,Civil,Technology,Technology,19068_Tagesordnungspunkt_5_FDP_Schulz_ID196801900_29.11.2018.csv
42,"Einige Beispiele: Sicherheitsbehörden entdecken Sicherheitslücken in IT-Produkten, Software oder erfahren über andere Wege davon, geben diese aber nicht an die betroffenen Unternehmen weiter.",Law and Crime,0,Civil,Technology,Technology,19068_Tagesordnungspunkt_5_FDP_Schulz_ID196801900_29.11.2018.csv
43,"Diese Sicherheitslücken können dann von allen möglichen Kriminellen ausgenutzt werden, und das ist das Problem.",Law and Crime,0,Civil,Technology,Technology,19068_Tagesordnungspunkt_5_FDP_Schulz_ID196801900_29.11.2018.csv
44,"Das gilt übrigens auch für den sogenannten Staatstrojaner, mit dem Sicherheitslücken geheim gehalten werden und der damit eine Gefahr für alle darstellt.",Law and Crime,0,Civil,Technology,Technology,19068_Tagesordnungspunkt_5_FDP_Schulz_ID196801900_29.11.2018.csv
45,Hersteller von IT-Produkten sollen Strafverfolgungsbehörden durch Hintertüren Zugang zu IT-Systemen und verschlüsselter Kommunikation gewähren.,Law and Crime,0,Civil,Technology,Technology,19068_Tagesordnungspunkt_5_FDP_Schulz_ID196801900_29.11.2018.csv
46,"Das ist nicht nur ein Angriff auf unsere Privatsphäre und Bürgerrechte, sondern auch auf die IT-Sicherheit generell.",Law and Crime,0,Civil,Technology,Technology,19068_Tagesordnungspunkt_5_FDP_Schulz_ID196801900_29.11.2018.csv
47,"Sogenannte Backdoors stehen im Zweifelsfall nicht nur dem Staat, sondern eben auch Kriminellen offen.",Law and Crime,0,Civil,Technology,Technology,19068_Tagesordnungspunkt_5_FDP_Schulz_ID196801900_29.11.2018.csv
48,Dies wollen wir durch ein Recht auf Verschlüsselung schließen.,Law and Crime,0,Civil,Technology,Technology,19068_Tagesordnungspunkt_5_FDP_Schulz_ID196801900_29.11.2018.csv
49,"Sicherheitslücken wissentlich zurückzuhalten oder sogar aktiv einbauen zu lassen, hat gravierende Folgen für uns alle, unsere IT-Sicherheit und auch unsere Bürgerrechte.",Law and Crime,0,Civil,Technology,Technology,19068_Tagesordnungspunkt_5_FDP_Schulz_ID196801900_29.11.2018.csv
50,"Deswegen fordern wir die Bundesregierung auf, sich erstens gegen gesetzliche Beschränkungen oder Verbote kryptografischer Sicherungssysteme auszusprechen und sich für offene Verschlüsselungsstandards einzusetzen; zweitens den Einsatz von Backdoors zu verurteilen und sich nicht an digitalen Grau- oder Schwarzmärkten für Sicherheitslücken zu beteiligen und drittens Sicherheitslücken unverzüglich an das BSI zu melden, damit diese in Kooperation mit den betroffenen Unternehmen geschlossen werden können.",Law and Crime,0,Civil,Technology,Technology,19068_Tagesordnungspunkt_5_FDP_Schulz_ID196801900_29.11.2018.csv
51,Die Geschichte der Grundrechte ist eine Geschichte der Einschränkung dieser Rechte.,Civil Rights,0,Civil,Technology,Technology,19068_Tagesordnungspunkt_5_FDP_Schulz_ID196801900_29.11.2018.csv
52,Das wollen wir jetzt ändern!,Civil Rights,0,Civil,Technology,Technology,19068_Tagesordnungspunkt_5_FDP_Schulz_ID196801900_29.11.2018.csv
53,Kommen Sie bitte zum Schluss.,Civil Rights,0,Civil,Technology,Technology,19068_Tagesordnungspunkt_5_FDP_Schulz_ID196801900_29.11.2018.csv
54,"Liebe Kolleginnen und Kollegen, jeder von uns nutzt Handy, Tablet, Laptop – wir organisieren unser Leben mithilfe von Apps und Programmen.",Civil Rights,0,Civil,Technology,Technology,19068_Tagesordnungspunkt_5_FDP_Schulz_ID196801900_29.11.2018.csv
55,"Wir arbeiten digital, kommunizieren digital, und genau deswegen geht Verschlüsselung uns alle an.",Civil Rights,0,Civil,Technology,Technology,19068_Tagesordnungspunkt_5_FDP_Schulz_ID196801900_29.11.2018.csv
56,"Lassen Sie uns Verschlüsselung stärken, lassen Sie uns unsere Sicherheit, unsere Privatsphäre und unsere Grundrechte stärken – durch ein Recht auf Verschlüsselung!",Civil Rights,0,Civil,Technology,Technology,19068_Tagesordnungspunkt_5_FDP_Schulz_ID196801900_29.11.2018.csv
57,"Vielen, vielen Dank.",*,0,Civil,Technology,Technology,19068_Tagesordnungspunkt_5_FDP_Schulz_ID196801900_29.11.2018.csv
58,"Vielen Dank, Jimmy Schulz. – Der nächste Redner in der Debatte: Marian Wendt für die CDU/CSU-Fraktion.",*,0,Civil,Technology,Technology,19068_Tagesordnungspunkt_5_FDP_Schulz_ID196801900_29.11.2018.csv
