,text,label_gold,segment_id,label_bert,label_parlbert,label_svm,speech_id
0,Frau Präsidentin!,*,0,Civil,Civil,Technology,19068_Tagesordnungspunkt_5_SPD_Esken_ID196802700_29.11.2018.csv
1,Meine sehr verehrten Damen und Herren!,*,0,Civil,Civil,Technology,19068_Tagesordnungspunkt_5_SPD_Esken_ID196802700_29.11.2018.csv
2,Liebe Kolleginnen und Kollegen!,*,0,Civil,Civil,Technology,19068_Tagesordnungspunkt_5_SPD_Esken_ID196802700_29.11.2018.csv
3,Lieber Jimmy Schulz!,*,0,Civil,Civil,Technology,19068_Tagesordnungspunkt_5_SPD_Esken_ID196802700_29.11.2018.csv
4,"Mit der zunehmenden Digitalisierung, Datafizierung und Vernetzung unserer Welt gerät die Privatsphäre gehörig unter Druck.",Civil Rights,0,Civil,Civil,Technology,19068_Tagesordnungspunkt_5_SPD_Esken_ID196802700_29.11.2018.csv
5,Dazu kommt die Gefahr durch unsichere Software und Geräte.,Civil Rights,0,Civil,Civil,Technology,19068_Tagesordnungspunkt_5_SPD_Esken_ID196802700_29.11.2018.csv
6,Der Mensch und die Informationsgesellschaft sind verletzlich geworden.,Civil Rights,0,Civil,Civil,Technology,19068_Tagesordnungspunkt_5_SPD_Esken_ID196802700_29.11.2018.csv
7,Sie brauchen unseren Schutz.,Civil Rights,0,Civil,Civil,Technology,19068_Tagesordnungspunkt_5_SPD_Esken_ID196802700_29.11.2018.csv
8,Zu Recht – das haben der Kollege Schulz und viele andere deutlich gemacht – machen wir uns dabei Gedanken über den allzu neugierigen Staat.,Civil Rights,0,Civil,Civil,Technology,19068_Tagesordnungspunkt_5_SPD_Esken_ID196802700_29.11.2018.csv
9,Aber auch im privaten Bereich gibt es mittlerweile viel über uns zu wissen.,Civil Rights,0,Civil,Civil,Technology,19068_Tagesordnungspunkt_5_SPD_Esken_ID196802700_29.11.2018.csv
10,"Was immer wir online erledigen, ob wir etwas suchen, kaufen oder Serien schauen: Wir hinterlassen Spuren im Netz.",Civil Rights,0,Civil,Civil,Technology,19068_Tagesordnungspunkt_5_SPD_Esken_ID196802700_29.11.2018.csv
11,Privatsphäre ade?,Civil Rights,0,Civil,Civil,Technology,19068_Tagesordnungspunkt_5_SPD_Esken_ID196802700_29.11.2018.csv
12,"Die Menschen sind eher hilflos, als dass sie sorglos wären.",Civil Rights,0,Civil,Civil,Technology,19068_Tagesordnungspunkt_5_SPD_Esken_ID196802700_29.11.2018.csv
13,"Sie erwarten, dass der Staat ihre Grundrechte nicht nur wahrt, sondern auch schützt und durchsetzt.",Civil Rights,0,Civil,Civil,Technology,19068_Tagesordnungspunkt_5_SPD_Esken_ID196802700_29.11.2018.csv
14,"Zum Postgeheimnis, das heute eigentlich Kommunikationsgeheimnis heißen müsste, sind das Recht auf informationelle Selbstbestimmung und das Grundrecht auf Vertraulichkeit und Integrität von IT-Systemen hinzugekommen; einige Redner haben bereits darauf hingewiesen.",Civil Rights,0,Civil,Civil,Technology,19068_Tagesordnungspunkt_5_SPD_Esken_ID196802700_29.11.2018.csv
15,"Ein Recht auf Verschlüsselung ist dafür unerlässlich, liebe Kolleginnen und Kollegen, und zwar ohne Hintertüren oder Zweitschlüssel.",Civil Rights,0,Civil,Civil,Technology,19068_Tagesordnungspunkt_5_SPD_Esken_ID196802700_29.11.2018.csv
16,"Wer wollte uns denn garantieren, dass die nicht auch von Unbefugten missbraucht werden, von Kriminellen, von Wirtschaftsspionen oder von fremden Mächten?",Civil Rights,0,Civil,Civil,Technology,19068_Tagesordnungspunkt_5_SPD_Esken_ID196802700_29.11.2018.csv
17,"Die europäische Datenschutz-Grundverordnung enthält kein Recht auf Verschlüsselung, aber die Pflicht, personenbezogene Daten vor fremdem Zugriff zu schützen.",Civil Rights,0,Civil,Civil,Technology,19068_Tagesordnungspunkt_5_SPD_Esken_ID196802700_29.11.2018.csv
18,"Wenn ich personenbezogene Daten in einer verschlüsselten E-Mail versende und irgendwer greift mithilfe eines Trojaners darauf zu, vielleicht sogar mithilfe eines Staatstrojaners, habe ich dann die DSGVO verletzt, eine meldepflichtige Datenpanne erlitten?",Civil Rights,0,Civil,Civil,Technology,19068_Tagesordnungspunkt_5_SPD_Esken_ID196802700_29.11.2018.csv
19,"Das ist eine Frage, die wir einmal im Innenausschuss diskutieren sollten.",Civil Rights,0,Civil,Civil,Technology,19068_Tagesordnungspunkt_5_SPD_Esken_ID196802700_29.11.2018.csv
20,Die ePrivacy-Verordnung in der Fassung des Europäischen Parlaments wäre da wahrlich ein großer Fortschritt.,Civil Rights,0,Civil,Civil,Technology,19068_Tagesordnungspunkt_5_SPD_Esken_ID196802700_29.11.2018.csv
21,"Sie definiert das Recht auf verschlüsselte Kommunikation und setzt auf Privacy by Default, also auf privatsphärenfreundliche Voreinstellungen.",Civil Rights,0,Civil,Civil,Technology,19068_Tagesordnungspunkt_5_SPD_Esken_ID196802700_29.11.2018.csv
22,"Der Nutzer soll so verhindern können, dass sein Surfverhalten verfolgt wird und die verschiedensten Tracker ein lückenloses Profil anlegen können, sei es nun für gezielt personalisierte Werbung, zur politischen Manipulation oder für einen Score, wenn nach dem Willen der Konzerne smarte Tarife in unser Solidarsystem einbrechen.",Civil Rights,0,Civil,Civil,Technology,19068_Tagesordnungspunkt_5_SPD_Esken_ID196802700_29.11.2018.csv
23,"Leider ist es der Bundesregierung nicht gelungen, die Ratseinigung zur ePrivacy-Verordnung voranzubringen.",Civil Rights,0,Civil,Civil,Technology,19068_Tagesordnungspunkt_5_SPD_Esken_ID196802700_29.11.2018.csv
24,Nun ist damit in der laufenden Legislatur kaum mehr zu rechnen.,Civil Rights,0,Civil,Civil,Technology,19068_Tagesordnungspunkt_5_SPD_Esken_ID196802700_29.11.2018.csv
25,"Eine verpasste Chance, die wir womöglich bald mit einer Novelle von TMG und TKG heilen müssen!",Civil Rights,0,Civil,Civil,Technology,19068_Tagesordnungspunkt_5_SPD_Esken_ID196802700_29.11.2018.csv
26,"Datenschutz, Verschlüsselung und Privatsphäre also!",Civil Rights,0,Civil,Civil,Technology,19068_Tagesordnungspunkt_5_SPD_Esken_ID196802700_29.11.2018.csv
27,"Was aber, wenn sich Cyberkriminelle in die Systeme hacken und all diese Schutzrechte umgehen?",Civil Rights,0,Civil,Civil,Technology,19068_Tagesordnungspunkt_5_SPD_Esken_ID196802700_29.11.2018.csv
28,"Gilt das Recht auf die Integrität der IT-Systeme eigentlich nur gegenüber dem Staat, oder ist ein Cyberangriff so etwas wie ein digitaler Hausfriedensbruch?",Civil Rights,0,Civil,Civil,Technology,19068_Tagesordnungspunkt_5_SPD_Esken_ID196802700_29.11.2018.csv
29,Gibt es eigentlich ein Recht auf IT-Sicherheit?,Civil Rights,0,Civil,Civil,Technology,19068_Tagesordnungspunkt_5_SPD_Esken_ID196802700_29.11.2018.csv
30,"Die Sozialdemokraten sind zumindest der Überzeugung, dass es eine staatliche Verantwortung und Pflicht dafür gibt.",Technology,0,Civil,Civil,Technology,19068_Tagesordnungspunkt_5_SPD_Esken_ID196802700_29.11.2018.csv
31,Die Bundesregierung hat in der vergangenen Legislatur das IT-Sicherheitsgesetz mit seinen Melde- und Grundschutzpflichten für Institutionen der kritischen Infrastruktur entsprechend der europäischen NIS-Richtlinie umgesetzt.,Technology,0,Civil,Civil,Technology,19068_Tagesordnungspunkt_5_SPD_Esken_ID196802700_29.11.2018.csv
32,"In der aktuellen Legislatur steht eine Weiterentwicklung an, ebenso wie der weitere Ausbau des BSI, das sich von einer feinen, aber ziemlich kleinen Behörde zum großen Dienstleister für IT-Sicherheit gemausert hat.",Technology,0,Civil,Civil,Technology,19068_Tagesordnungspunkt_5_SPD_Esken_ID196802700_29.11.2018.csv
33,"Weil auch die Kompetenzen des BSI immer weiter ausgebaut werden, auch in den Verbraucherschutz hinein, sind wir der Auffassung, dass die Behörde, wie es der Kollege Movassat angesprochen hat, nach dem Muster der Bundesdatenschutzbeauftragten unabhängig sein sollte.",Technology,0,Civil,Civil,Technology,19068_Tagesordnungspunkt_5_SPD_Esken_ID196802700_29.11.2018.csv
34,Ich würde mir von dieser Behörde auch ein Höchstmaß an Unabhängigkeit von der Wirtschaft wünschen.,Technology,0,Civil,Civil,Technology,19068_Tagesordnungspunkt_5_SPD_Esken_ID196802700_29.11.2018.csv
35,Auf Herstellerseite wollen wir die Unternehmen durch ein IT-Sicherheitskennzeichen in die Verantwortung nehmen; der Cybersecurity Act der EU-Kommission weist ja auch in diese Richtung.,Technology,0,Civil,Civil,Technology,19068_Tagesordnungspunkt_5_SPD_Esken_ID196802700_29.11.2018.csv
36,"Damit diese Verantwortung wirksam wird, wollen wir zu klaren Haftungsregeln bei Schäden durch mangelhafte IT-Sicherheit kommen.",Technology,0,Civil,Civil,Technology,19068_Tagesordnungspunkt_5_SPD_Esken_ID196802700_29.11.2018.csv
37,IT-Sicherheit muss vom „nice to have“ zur Pflicht werden – by design.,Technology,0,Civil,Civil,Technology,19068_Tagesordnungspunkt_5_SPD_Esken_ID196802700_29.11.2018.csv
38,"Wir brauchen also sichere Geräte, damit aus dem Internet of Things kein Internet of Silly Things wird.",Technology,0,Civil,Civil,Technology,19068_Tagesordnungspunkt_5_SPD_Esken_ID196802700_29.11.2018.csv
39,"Wir brauchen aber auch unseren gesunden Menschenverstand, der uns davon abhält, alles und jeden zu vernetzen und das Netz zu einem Internet of Everything zu machen.",Technology,0,Civil,Civil,Technology,19068_Tagesordnungspunkt_5_SPD_Esken_ID196802700_29.11.2018.csv
40,Braucht irgendjemand einen vernetzten Toaster oder Staubsaugerroboter?,Technology,0,Civil,Civil,Technology,19068_Tagesordnungspunkt_5_SPD_Esken_ID196802700_29.11.2018.csv
41,Ich glaube kaum.,Technology,0,Civil,Civil,Technology,19068_Tagesordnungspunkt_5_SPD_Esken_ID196802700_29.11.2018.csv
42,"Damit IT-Sicherheitslücken erkannt werden, haben wir Meldepflichten eingeführt.",Technology,0,Civil,Civil,Technology,19068_Tagesordnungspunkt_5_SPD_Esken_ID196802700_29.11.2018.csv
43,"Jetzt braucht es ein Schwachstellenmanagement, aber eines, das der staatlichen Verantwortung für die IT-Sicherheit gerecht wird und dafür sorgt, dass die Lücken schnellstmöglich geschlossen werden.",Technology,0,Civil,Civil,Technology,19068_Tagesordnungspunkt_5_SPD_Esken_ID196802700_29.11.2018.csv
44,Die Offenhaltung und Nutzung von Schwachstellen durch den Staat lehnen wir ab.,Technology,0,Civil,Civil,Technology,19068_Tagesordnungspunkt_5_SPD_Esken_ID196802700_29.11.2018.csv
45,"Viel wird darüber diskutiert, wie wir auf Cyberangriffe aus dem Ausland reagieren sollen, Stichwort „Hackback“.",Law and Crime,0,Civil,Civil,Technology,19068_Tagesordnungspunkt_5_SPD_Esken_ID196802700_29.11.2018.csv
46,"Angriffe im Cyberraum lassen sich nicht durch einen Gegenschlag heilen oder gar vergelten, und gestohlene Daten kann man nicht zurückholen.",Law and Crime,0,Civil,Civil,Technology,19068_Tagesordnungspunkt_5_SPD_Esken_ID196802700_29.11.2018.csv
47,"Statt den Weg einer neuen, jetzt digitalen Aufrüstungsspirale zu beschreiten, sollten wir Cyberangriffen auf diplomatischem Weg begegnen.",Law and Crime,0,Civil,Civil,Technology,19068_Tagesordnungspunkt_5_SPD_Esken_ID196802700_29.11.2018.csv
48,Die Cyber Diplomacy Toolbox der Europäischen Union weist da in eine gute Richtung.,Law and Crime,0,Civil,Civil,Technology,19068_Tagesordnungspunkt_5_SPD_Esken_ID196802700_29.11.2018.csv
49,"Wenn ein solcher Angriff von einem fremden Territorium ausgeht, dann muss der Staat des Angreifers, notfalls unter Androhung von Sanktionen, dazu verpflichtet werden, dafür zu sorgen, dass dieser Angriff schnellstens unschädlich gemacht wird.",Law and Crime,0,Civil,Civil,Technology,19068_Tagesordnungspunkt_5_SPD_Esken_ID196802700_29.11.2018.csv
50,"Insgesamt will ich Jimmy Schulz und der FDP gerne danken, dass sie die Regierung in den Fragen von Verschlüsselung, Privatheit und IT-Sicherheit vorantreiben.",Law and Crime,0,Civil,Civil,Technology,19068_Tagesordnungspunkt_5_SPD_Esken_ID196802700_29.11.2018.csv
51,Mit der Umsetzung des Koalitionsvertrages und seiner Vorhaben in enger Kooperation mit der europäischen Ebene sind wir auf einem guten Weg.,Law and Crime,0,Civil,Civil,Technology,19068_Tagesordnungspunkt_5_SPD_Esken_ID196802700_29.11.2018.csv
52,Die SPD-Bundestagsfraktion wird sich dabei für eine strikt defensive Ausrichtung unserer Cybersicherheitsstrategie einsetzen.,Law and Crime,0,Civil,Civil,Technology,19068_Tagesordnungspunkt_5_SPD_Esken_ID196802700_29.11.2018.csv
53,Vielen Dank.,*,0,Civil,Civil,Technology,19068_Tagesordnungspunkt_5_SPD_Esken_ID196802700_29.11.2018.csv
54,"Vielen Dank, Saskia Esken. – Nächste Rednerin: Tabea Rößner für Bündnis 90/Die Grünen.",*,0,Civil,Civil,Technology,19068_Tagesordnungspunkt_5_SPD_Esken_ID196802700_29.11.2018.csv
