,text,label_gold,segment_id,label_bert,label_parlbert,label_svm,speech_id
0,Schönen guten Abend!,*,0,Government,Government,Housing,19068_Tagesordnungspunkt_8_SPD_Barley_ID196810200_29.11.2018.csv
1,Frau Präsidentin!,*,0,Government,Government,Housing,19068_Tagesordnungspunkt_8_SPD_Barley_ID196810200_29.11.2018.csv
2,Liebe Kolleginnen und Kollegen!,*,0,Government,Government,Housing,19068_Tagesordnungspunkt_8_SPD_Barley_ID196810200_29.11.2018.csv
3,Liebe Gäste!,*,0,Government,Government,Housing,19068_Tagesordnungspunkt_8_SPD_Barley_ID196810200_29.11.2018.csv
4,"Ich freue mich sehr, dass wir heute das Mietrecht erneut ändern werden.",Housing,0,Government,Government,Housing,19068_Tagesordnungspunkt_8_SPD_Barley_ID196810200_29.11.2018.csv
5,Wir werden den Schutz der Mieterinnen und Mieter weiter stärken.,Housing,0,Government,Government,Housing,19068_Tagesordnungspunkt_8_SPD_Barley_ID196810200_29.11.2018.csv
6,"Wenn es der FDP zu viel und den Linken zu wenig ist, dann wissen wir, glaube ich, dass wir ziemlich gut dabei sind.
– So ist es oft: Ihnen ist es zu viel Regulierung, und den Linken ist es nicht genug.",Housing,0,Government,Government,Housing,19068_Tagesordnungspunkt_8_SPD_Barley_ID196810200_29.11.2018.csv
7,Genau so ist es.,Housing,0,Government,Government,Housing,19068_Tagesordnungspunkt_8_SPD_Barley_ID196810200_29.11.2018.csv
8,Die Grünen haben ja immerhin einige positive Effekte herausgestellt.,Housing,0,Government,Government,Housing,19068_Tagesordnungspunkt_8_SPD_Barley_ID196810200_29.11.2018.csv
9,Das finde ich schon einmal sehr konstruktiv.,Housing,0,Government,Government,Housing,19068_Tagesordnungspunkt_8_SPD_Barley_ID196810200_29.11.2018.csv
10,"Einiges, was neu hinzugekommen ist, ist eine echte Verbesserung.",Housing,0,Government,Government,Housing,19068_Tagesordnungspunkt_8_SPD_Barley_ID196810200_29.11.2018.csv
11,"Dafür bedanke ich mich bei allen Beteiligten: Ich sehe Klaus Mindrup, Michael Groß und Johannes Fechner.",Housing,0,Government,Government,Housing,19068_Tagesordnungspunkt_8_SPD_Barley_ID196810200_29.11.2018.csv
12,"Eva Högl, die leider krank zu Hause ist – gute Besserung von hier aus!",Housing,0,Government,Government,Housing,19068_Tagesordnungspunkt_8_SPD_Barley_ID196810200_29.11.2018.csv
13,"–
hat entscheidend dazu beigetragen, dass die sozialen Träger in das Kündigungsschutzrecht mit einbezogen werden.",Housing,0,Government,Government,Housing,19068_Tagesordnungspunkt_8_SPD_Barley_ID196810200_29.11.2018.csv
14,"Das ist eine Verbesserung, die ich sehr begrüße.",Housing,0,Government,Government,Housing,19068_Tagesordnungspunkt_8_SPD_Barley_ID196810200_29.11.2018.csv
15,"Der AfD kann ich heute zum zweiten Mal sagen, dass sie das Ohr offensichtlich nicht bei den Bürgerinnen und Bürgern hat, vor allen Dingen nicht in den Ballungszentren.",Housing,0,Government,Government,Housing,19068_Tagesordnungspunkt_8_SPD_Barley_ID196810200_29.11.2018.csv
16,"Für diese Menschen wollen Sie nämlich offensichtlich gar nichts tun, um die Mieten nicht weiter explodieren zu lassen.",Housing,0,Government,Government,Housing,19068_Tagesordnungspunkt_8_SPD_Barley_ID196810200_29.11.2018.csv
17,"Da wundert mich auch nicht, dass Sie bei Ihrem Landtagswahlkampf in Berlin noch damit geworben haben, dass Sie die kommunalen Wohnungen verscherbeln, sprich privatisieren, wollen.",Housing,0,Government,Government,Housing,19068_Tagesordnungspunkt_8_SPD_Barley_ID196810200_29.11.2018.csv
18,"Gerade junge Familien und Alleinerziehende – das wissen wir – haben große Probleme, überhaupt Wohnraum zu finden, vor allem bezahlbaren.",Housing,0,Government,Government,Housing,19068_Tagesordnungspunkt_8_SPD_Barley_ID196810200_29.11.2018.csv
19,Deswegen müssen wir den Mieterschutz weiter voranbringen.,Housing,0,Government,Government,Housing,19068_Tagesordnungspunkt_8_SPD_Barley_ID196810200_29.11.2018.csv
20,Ich bin vor allen Dingen über die soziale Komponente sehr froh.,Housing,0,Government,Government,Housing,19068_Tagesordnungspunkt_8_SPD_Barley_ID196810200_29.11.2018.csv
21,Wir staffeln bei der Modernisierungsumlage noch mal zwischen niedrigen Mieten und hohen Mieten.,Housing,0,Government,Government,Housing,19068_Tagesordnungspunkt_8_SPD_Barley_ID196810200_29.11.2018.csv
22,"Klar, wenn wir absolute Beträge nehmen, ist es richtig, dass wir für niedrigere Mieten auch niedrigere Erhöhungen vorsehen.",Housing,0,Government,Government,Housing,19068_Tagesordnungspunkt_8_SPD_Barley_ID196810200_29.11.2018.csv
23,"Übrigens, Herr Kühn, die Kappung bei 2 Euro gilt flächendeckend.",Housing,0,Government,Government,Housing,19068_Tagesordnungspunkt_8_SPD_Barley_ID196810200_29.11.2018.csv
24,"Ich weiß nicht, wo da das Missverständnis herkommt; aber es ist ja anscheinend der Tag der Missverständnisse.",Housing,0,Government,Government,Housing,19068_Tagesordnungspunkt_8_SPD_Barley_ID196810200_29.11.2018.csv
25,"Herr Föst wird auch nicht müde, den Sachverständigenrat zu zitieren, der ja nicht wusste, dass die Mietpreisbremse nicht für Neuvermietungen gilt.",Housing,0,Government,Government,Housing,19068_Tagesordnungspunkt_8_SPD_Barley_ID196810200_29.11.2018.csv
26,Insofern lasse ich die Kritik in weiten Teilen einfach im Raum stehen.,Housing,0,Government,Government,Housing,19068_Tagesordnungspunkt_8_SPD_Barley_ID196810200_29.11.2018.csv
27,"Das ist ein Riesenschritt, den wir hier zum Schutz von Mieterinnen und Mietern tun.",Housing,0,Government,Government,Housing,19068_Tagesordnungspunkt_8_SPD_Barley_ID196810200_29.11.2018.csv
28,"Aber das ist natürlich nicht alles, was wir unternehmen; das behauptet ja auch keiner.",Housing,0,Government,Government,Housing,19068_Tagesordnungspunkt_8_SPD_Barley_ID196810200_29.11.2018.csv
29,"Wir wissen auch, dass wir mit diesen Gesetzen alleine die explodierenden Mieten nicht in den Griff bekommen.",Housing,0,Government,Government,Housing,19068_Tagesordnungspunkt_8_SPD_Barley_ID196810200_29.11.2018.csv
30,"Aber wir machen ja noch viel mehr: Wir investieren in den sozialen Wohnungsbau, wir geben Anreize für den privaten Wohnungsbau.",Housing,0,Government,Government,Housing,19068_Tagesordnungspunkt_8_SPD_Barley_ID196810200_29.11.2018.csv
31,"Und auch aus meinem Haus wird es noch mehr geben, nämlich eine neue Regelung zu den Mietspiegeln.",Housing,0,Government,Government,Housing,19068_Tagesordnungspunkt_8_SPD_Barley_ID196810200_29.11.2018.csv
32,"Jeder Mensch muss die Chance auf eine bezahlbare Wohnung haben, und zwar in der Nähe des Arbeitsplatzes oder da, wo man schon viele Jahre wohnt, sodass man dort auch alt werden kann.",Housing,0,Government,Government,Housing,19068_Tagesordnungspunkt_8_SPD_Barley_ID196810200_29.11.2018.csv
33,Bezahlbarer Wohnraum ist die soziale Aufgabe unserer Zeit.,Housing,0,Government,Government,Housing,19068_Tagesordnungspunkt_8_SPD_Barley_ID196810200_29.11.2018.csv
34,"Ich danke deswegen allen, die an dem Gesetz beteiligt waren, ausdrücklich auch den Kollegen und Kolleginnen aus der Union, für die sehr konstruktive Zusammenarbeit und freue mich über diesen guten Tag für Mieterinnen und Mieter.",Housing,0,Government,Government,Housing,19068_Tagesordnungspunkt_8_SPD_Barley_ID196810200_29.11.2018.csv
35,"Vielen Dank, Dr.",*,0,Government,Government,Housing,19068_Tagesordnungspunkt_8_SPD_Barley_ID196810200_29.11.2018.csv
36,Katarina Barley. – Nächste Rednerin: Elisabeth Winkelmeier-Becker für die CDU/CSU-Fraktion.,*,0,Government,Government,Housing,19068_Tagesordnungspunkt_8_SPD_Barley_ID196810200_29.11.2018.csv
