,text,label_gold,segment_id,label_bert,label_parlbert,label_svm,speech_id
0,Vielen Dank. – Frau Präsidentin!,*,0,Housing,Housing,Housing,19068_Tagesordnungspunkt_8_CDU_CSU_Ullrich_ID196810500_29.11.2018.csv
1,Meine sehr verehrten Damen und Herren!,*,0,Housing,Housing,Housing,19068_Tagesordnungspunkt_8_CDU_CSU_Ullrich_ID196810500_29.11.2018.csv
2,Die Höhe der Miete und bezahlbares Wohnen ist eine der großen sozialen Fragen unserer Zeit.,Housing,0,Housing,Housing,Housing,19068_Tagesordnungspunkt_8_CDU_CSU_Ullrich_ID196810500_29.11.2018.csv
3,Die Menschen fragen sich: Finde ich eine Wohnung?,Housing,0,Housing,Housing,Housing,19068_Tagesordnungspunkt_8_CDU_CSU_Ullrich_ID196810500_29.11.2018.csv
4,Kann ich mir die Wohnung leisten?,Housing,0,Housing,Housing,Housing,19068_Tagesordnungspunkt_8_CDU_CSU_Ullrich_ID196810500_29.11.2018.csv
5,Was passiert bei einer Eigenbedarfskündigung?,Housing,0,Housing,Housing,Housing,19068_Tagesordnungspunkt_8_CDU_CSU_Ullrich_ID196810500_29.11.2018.csv
6,"Oder: Was muss ich bezahlen, wenn ich zukünftig eine Modernisierungserhöhung bekomme?",Housing,0,Housing,Housing,Housing,19068_Tagesordnungspunkt_8_CDU_CSU_Ullrich_ID196810500_29.11.2018.csv
7,Dieser Gesetzentwurf gibt Antworten auf diese Fragen.,Housing,0,Housing,Housing,Housing,19068_Tagesordnungspunkt_8_CDU_CSU_Ullrich_ID196810500_29.11.2018.csv
8,"Es ist ein Gesetz zur Verbesserung des Mieterschutzes; es ist ein Gesetz zum sozialen Ausgleich zwischen Vermietern und Mietern, und ich meine, es ist ein faires, sicheres und soziales Gesetz.",Housing,0,Housing,Housing,Housing,19068_Tagesordnungspunkt_8_CDU_CSU_Ullrich_ID196810500_29.11.2018.csv
9,"Auf der einen Seite kümmern wir uns nach wie vor darum, dass Modernisierungen aus vielen guten Gründen – Klimaschutz, energetische Sanierung, altersgerechtes Wohnen – nach wie vor möglich sind.",Housing,0,Housing,Housing,Housing,19068_Tagesordnungspunkt_8_CDU_CSU_Ullrich_ID196810500_29.11.2018.csv
10,"Auf der anderen Seite sorgen wir dafür, dass die Kosten statt mit 11 Prozent nur noch mit 8 Prozent umgelegt werden können, dass schlichtweg die Mieten nicht überhitzen, dass durch eine Dämpfungsfunktion die Mieten letzten Endes weniger stark ansteigen.",Housing,0,Housing,Housing,Housing,19068_Tagesordnungspunkt_8_CDU_CSU_Ullrich_ID196810500_29.11.2018.csv
11,"Ich glaube, das ist auch notwendig.",Housing,0,Housing,Housing,Housing,19068_Tagesordnungspunkt_8_CDU_CSU_Ullrich_ID196810500_29.11.2018.csv
12,"Das ist deswegen notwendig, weil in den letzten Jahren die Mieten bereits viel stärker gestiegen sind als die Einkommen.",Housing,0,Housing,Housing,Housing,19068_Tagesordnungspunkt_8_CDU_CSU_Ullrich_ID196810500_29.11.2018.csv
13,"Wir brauchen eine Bremse, weil es nicht sein kann, dass immer mehr von dem, was Menschen verdienen, gerade in den Ballungszentren, für die Miete draufgeht.",Housing,0,Housing,Housing,Housing,19068_Tagesordnungspunkt_8_CDU_CSU_Ullrich_ID196810500_29.11.2018.csv
14,Hier haben wir eine soziale Verantwortung.,Housing,0,Housing,Housing,Housing,19068_Tagesordnungspunkt_8_CDU_CSU_Ullrich_ID196810500_29.11.2018.csv
15,"Und ja, wir dürfen nicht nur auf die Ballungszentren schauen.",Housing,0,Housing,Housing,Housing,19068_Tagesordnungspunkt_8_CDU_CSU_Ullrich_ID196810500_29.11.2018.csv
16,"Deswegen haben wir dafür gesorgt, dass die Absenkung der Modernisierungsumlage von 11 auf 8 Prozent jetzt deutschlandweit gilt; denn das Mietverhältnis, egal ob in der Stadt oder auf dem Land, ist überall gleichermaßen schutzwürdig.",Housing,0,Housing,Housing,Housing,19068_Tagesordnungspunkt_8_CDU_CSU_Ullrich_ID196810500_29.11.2018.csv
17,Wir schützen damit auch die Miete in den ländlichen Gegenden.,Housing,0,Housing,Housing,Housing,19068_Tagesordnungspunkt_8_CDU_CSU_Ullrich_ID196810500_29.11.2018.csv
18,"Das war uns ein wichtiges Anliegen, meine Damen und Herren.",Housing,0,Housing,Housing,Housing,19068_Tagesordnungspunkt_8_CDU_CSU_Ullrich_ID196810500_29.11.2018.csv
19,Mit der Senkung der Kappungsgrenze auf 2 Euro für Mietverhältnisse unter 7 Euro pro Quadratmeter nehmen wir auch einen besonderen Schutzauftrag wahr.,Housing,0,Housing,Housing,Housing,19068_Tagesordnungspunkt_8_CDU_CSU_Ullrich_ID196810500_29.11.2018.csv
20,"Wir nehmen den Schutzauftrag wahr für die Menschen, die sich eben nicht viel leisten können, deren Mieten noch bei 5 oder 6 Euro pro Quadratmeter liegen.",Housing,0,Housing,Housing,Housing,19068_Tagesordnungspunkt_8_CDU_CSU_Ullrich_ID196810500_29.11.2018.csv
21,"Für diese Menschen ist jeder Euro nach der Modernisierung ein Euro, den sie erst einmal aufbringen müssen.",Housing,0,Housing,Housing,Housing,19068_Tagesordnungspunkt_8_CDU_CSU_Ullrich_ID196810500_29.11.2018.csv
22,"Deswegen ist es richtig und sozial angemessen, hier eine Begrenzung in Höhe von 2 Euro festzulegen.",Housing,0,Housing,Housing,Housing,19068_Tagesordnungspunkt_8_CDU_CSU_Ullrich_ID196810500_29.11.2018.csv
23,Jetzt haben manche eingewandt: Durch Mietrecht allein wird kein neuer Wohnraum geschaffen. – Das ist richtig.,Housing,0,Housing,Housing,Housing,19068_Tagesordnungspunkt_8_CDU_CSU_Ullrich_ID196810500_29.11.2018.csv
24,"Ich bitte Sie, zur Kenntnis zu nehmen, dass diese Große Koalition im Bereich Miete und Bauen ziemlich viel geleistet hat.",Housing,0,Housing,Housing,Housing,19068_Tagesordnungspunkt_8_CDU_CSU_Ullrich_ID196810500_29.11.2018.csv
25,"Ich spreche vom Baukindergeld, der Sonder-AfA, von unseren Bemühungen, die Bauvorschriften zu entschlacken und Bauland vermehrt zur Verfügung zu stellen.",Housing,0,Housing,Housing,Housing,19068_Tagesordnungspunkt_8_CDU_CSU_Ullrich_ID196810500_29.11.2018.csv
26,Heute Morgen wurde die Grundgesetzänderung beschlossen.,Housing,0,Housing,Housing,Housing,19068_Tagesordnungspunkt_8_CDU_CSU_Ullrich_ID196810500_29.11.2018.csv
27,"Danach sind auch die Länder nach wie vor in der Pflicht, sozialen Wohnungsbau zu leisten.",Housing,0,Housing,Housing,Housing,19068_Tagesordnungspunkt_8_CDU_CSU_Ullrich_ID196810500_29.11.2018.csv
28,"Erst diese Maßnahmen zusammen ergeben unsere Verpflichtung, für bessere Bedingungen im Bereich Wohnen zu sorgen.",Housing,0,Housing,Housing,Housing,19068_Tagesordnungspunkt_8_CDU_CSU_Ullrich_ID196810500_29.11.2018.csv
29,"Meine Damen und Herren, jeder Bestandteil steht für sich, gemeinsam nehmen wir die Verantwortung wahr, für bezahlbaren Wohnraum in diesem Land zu sorgen.",Housing,0,Housing,Housing,Housing,19068_Tagesordnungspunkt_8_CDU_CSU_Ullrich_ID196810500_29.11.2018.csv
30,Deswegen bitte ich Sie um Zustimmung.,Housing,0,Housing,Housing,Housing,19068_Tagesordnungspunkt_8_CDU_CSU_Ullrich_ID196810500_29.11.2018.csv
31,Herzlichen Dank.,*,0,Housing,Housing,Housing,19068_Tagesordnungspunkt_8_CDU_CSU_Ullrich_ID196810500_29.11.2018.csv
