,text,label_gold,segment_id,label_bert,label_parlbert,label_svm,speech_id
0,Sehr geehrte Frau Präsidentin!,*,0,Civil,Technology,Technology,19068_Tagesordnungspunkt_5_CDU_CSU_Hoffmann_ID196803000_29.11.2018.csv
1,Geschätzte Kolleginnen und Kollegen!,*,0,Civil,Technology,Technology,19068_Tagesordnungspunkt_5_CDU_CSU_Hoffmann_ID196803000_29.11.2018.csv
2,Meine sehr verehrten Damen und Herren!,*,0,Civil,Technology,Technology,19068_Tagesordnungspunkt_5_CDU_CSU_Hoffmann_ID196803000_29.11.2018.csv
3,"Es ist gut, dass Ihr Antrag sich mit den Gefahren auseinandersetzt, die es in der digitalen Welt gibt.",Law and Crime,0,Civil,Technology,Technology,19068_Tagesordnungspunkt_5_CDU_CSU_Hoffmann_ID196803000_29.11.2018.csv
4,"Sie weisen zu Recht auf die Risiken der Sabotage hin, auf die allgegenwärtige Gefahr der Spionage, der Wirtschaftsspionage, und auch auf das Phänomen des Datendiebstahls, der täglich hundertfach, ja tausendfach, in der digitalen Welt stattfindet.",Law and Crime,0,Civil,Technology,Technology,19068_Tagesordnungspunkt_5_CDU_CSU_Hoffmann_ID196803000_29.11.2018.csv
5,"Wir leben in einer Zeit, in der Daten einen wirtschaftlichen Wert haben.",Law and Crime,0,Civil,Technology,Technology,19068_Tagesordnungspunkt_5_CDU_CSU_Hoffmann_ID196803000_29.11.2018.csv
6,"Und immer, wenn etwas einen wirtschaftlichen Wert hat, sind natürlich kriminelle Umtriebe nicht weit.",Law and Crime,0,Civil,Technology,Technology,19068_Tagesordnungspunkt_5_CDU_CSU_Hoffmann_ID196803000_29.11.2018.csv
7,"Wir reden von einer Zeit, in der Informationen gezielt genutzt und abgefischt werden, als Mittel der Auseinandersetzung.",Law and Crime,0,Civil,Technology,Technology,19068_Tagesordnungspunkt_5_CDU_CSU_Hoffmann_ID196803000_29.11.2018.csv
8,"Sie sollten in Ihrem Antrag allerdings nicht den Eindruck erwecken, dass elektronische Kommunikation heute vonseiten des Gesetzgebers nicht ausreichend geschützt wäre.",Law and Crime,0,Civil,Technology,Technology,19068_Tagesordnungspunkt_5_CDU_CSU_Hoffmann_ID196803000_29.11.2018.csv
9,"So schreiben Sie in Ihrem Antrag – Herr Schulz, Sie haben das vorhin auch in Ihrer Rede so formuliert; ich darf zitieren –:
Artikel 10 Absatz 1 des Grundgesetzes schreibt fest, dass das Briefgeheimnis sowie das Post- und Fernmeldegeheimnis unverletzlich sind.",Law and Crime,0,Civil,Technology,Technology,19068_Tagesordnungspunkt_5_CDU_CSU_Hoffmann_ID196803000_29.11.2018.csv
10,"Dieser Grundsatz muss auch für die elektronische Kommunikation gelten …
Dazu schreibt aber das Bundesverfassungsgericht in genau der Entscheidung, die Sie angeführt haben, nämlich in der vom 27.",Law and Crime,0,Civil,Technology,Technology,19068_Tagesordnungspunkt_5_CDU_CSU_Hoffmann_ID196803000_29.11.2018.csv
11,"Februar 2008 – Frau Präsidentin, ich zitiere –:
Der Schutz des Art. 10 Abs. 1 GG erfasst Telekommunikation, einerlei, welche Übermittlungsart (Kabel oder Funk, analoge oder digitale Vermittlung) …
Darüber hinaus ist es so, dass elektronische Kommunikation auch mit Mitteln des Strafrechts geschützt ist.",Law and Crime,0,Civil,Technology,Technology,19068_Tagesordnungspunkt_5_CDU_CSU_Hoffmann_ID196803000_29.11.2018.csv
12,E-Mail-Verkehr fällt nämlich auch in den Schutzbereich des § 206 StGB.,Law and Crime,0,Civil,Technology,Technology,19068_Tagesordnungspunkt_5_CDU_CSU_Hoffmann_ID196803000_29.11.2018.csv
13,"Um einem weiteren Missverständnis vorzubeugen, sage ich: Das Bundesverfassungsgericht hat zwar gesagt, dass die Schutzaufgabe des Staates besteht; aber es gibt keine Formulierung in die Richtung, dass hier der Gesetzgeber, zum Beispiel grundgesetzlich, nachbessern müsste.",Civil Rights,0,Civil,Technology,Technology,19068_Tagesordnungspunkt_5_CDU_CSU_Hoffmann_ID196803000_29.11.2018.csv
14,"Der Blick in die digitale Welt – da haben Sie vollkommen recht – zeigt, dass nur circa 15 Prozent der Anwender Verschlüsselungssoftware nutzen.",Civil Rights,0,Civil,Technology,Technology,19068_Tagesordnungspunkt_5_CDU_CSU_Hoffmann_ID196803000_29.11.2018.csv
15,"Das bedeutet, es gibt sehr wohl ein Recht auf Verschlüsselung; es machen aber zu wenige Gebrauch davon, sodass wir unser Hauptaugenmerk darauf richten sollten: Wie können wir ermutigen, dass diejenigen, die Verschlüsselung brauchen, die Verschlüsselung wollen, wissen, es gibt diese Technologien und man kann diese Technologien ohne großen Aufwand zum Einsatz bringen?",Civil Rights,0,Civil,Technology,Technology,19068_Tagesordnungspunkt_5_CDU_CSU_Hoffmann_ID196803000_29.11.2018.csv
16,"Liebe Kolleginnen und Kollegen, gestatten Sie mir als zuständigem Berichterstatter im Rechtsausschuss am Ende, den Bogen ein bisschen weiter zu spannen.",Civil Rights,0,Civil,Technology,Technology,19068_Tagesordnungspunkt_5_CDU_CSU_Hoffmann_ID196803000_29.11.2018.csv
17,"Es ist richtig, dass wir uns mit den Gefahren der digitalen Welt auseinandersetzen.",Law and Crime,0,Civil,Technology,Technology,19068_Tagesordnungspunkt_5_CDU_CSU_Hoffmann_ID196803000_29.11.2018.csv
18,"Wir müssen uns aber auch vergegenwärtigen, dass das Internet ganz neue Möglichkeiten eröffnet für den Datenklau, aber auch für die organisierte Kriminalität und eben auch, zum Beispiel, für den Handel mit Kinderpornografie.",Law and Crime,0,Civil,Technology,Technology,19068_Tagesordnungspunkt_5_CDU_CSU_Hoffmann_ID196803000_29.11.2018.csv
19,Und da steigen die Zahlen.,Law and Crime,0,Civil,Technology,Technology,19068_Tagesordnungspunkt_5_CDU_CSU_Hoffmann_ID196803000_29.11.2018.csv
20,Die Zahlen sind erschreckend: 2017 gab es 35 000 Hinweise auf den Besitz kinderpornografischer Schriften im Internet.,Labor,0,Civil,Technology,Technology,19068_Tagesordnungspunkt_5_CDU_CSU_Hoffmann_ID196803000_29.11.2018.csv
21,"Im Hellfeld haben wir in diesem Bereich von 2016 auf 2017 einen Zuwachs von 14,5 Prozent, im Bereich der Jugendpornografie sogar von 25 Prozent.",Labor,0,Civil,Technology,Technology,19068_Tagesordnungspunkt_5_CDU_CSU_Hoffmann_ID196803000_29.11.2018.csv
22,"Deswegen bin ich ein Freund davon, dass wir uns mit den Gefahren auseinandersetzen, die die neuen Möglichkeiten des Internets eröffnen – dann aber, liebe Kolleginnen und Kollegen, ungeschont, mit offenem Visier und sehr, sehr ehrlich.",Labor,0,Civil,Technology,Technology,19068_Tagesordnungspunkt_5_CDU_CSU_Hoffmann_ID196803000_29.11.2018.csv
23,"Und dann müssen wir sehr wohl über die Frage reden: Wie können wir im Internet, in der digitalen Welt ermitteln?",Labor,0,Civil,Technology,Technology,19068_Tagesordnungspunkt_5_CDU_CSU_Hoffmann_ID196803000_29.11.2018.csv
24,"Dann müssen wir sehr wohl über die Frage reden: Wie können wir Vorratsdatenspeicherung so ausgestalten, dass wir auch, zum Beispiel, Kinderpornografie im Netz effektiv bekämpfen können?",Labor,0,Civil,Technology,Technology,19068_Tagesordnungspunkt_5_CDU_CSU_Hoffmann_ID196803000_29.11.2018.csv
25,Sonst führen wir diese Debatte nicht ehrlich.,Labor,0,Civil,Technology,Technology,19068_Tagesordnungspunkt_5_CDU_CSU_Hoffmann_ID196803000_29.11.2018.csv
26,"Am Ende will ich noch eine Zahl mitgeben, die mich bis heute bewegt: Im Jahr 2017 – ich habe es hier schon mehrmals gesagt; das hat das BKA geschildert – konnten 8 400 Fälle von Kinderpornografie nicht weiter verfolgt werden, weil uns dazu die Verbindungsdaten gefehlt haben.",Labor,0,Civil,Technology,Technology,19068_Tagesordnungspunkt_5_CDU_CSU_Hoffmann_ID196803000_29.11.2018.csv
27,Das sollte uns zu denken geben!,Labor,0,Civil,Technology,Technology,19068_Tagesordnungspunkt_5_CDU_CSU_Hoffmann_ID196803000_29.11.2018.csv
28,"Ich würde mir wünschen, dass diese Fragestellung auch in der weiteren Beratung zu Ihrem Antrag, bitte, eine Rolle spielt.",Labor,0,Civil,Technology,Technology,19068_Tagesordnungspunkt_5_CDU_CSU_Hoffmann_ID196803000_29.11.2018.csv
29,Vielen Dank für die Aufmerksamkeit.,*,0,Civil,Technology,Technology,19068_Tagesordnungspunkt_5_CDU_CSU_Hoffmann_ID196803000_29.11.2018.csv
30,"Vielen Dank, Alexander Hoffmann. – Ich schließe die Aussprache.",*,0,Civil,Technology,Technology,19068_Tagesordnungspunkt_5_CDU_CSU_Hoffmann_ID196803000_29.11.2018.csv
31,Interfraktionell wird Überweisung der Vorlage auf Drucksache 19/5764 an die in der Tagesordnung aufgeführten Ausschüsse vorgeschlagen.,*,0,Civil,Technology,Technology,19068_Tagesordnungspunkt_5_CDU_CSU_Hoffmann_ID196803000_29.11.2018.csv
32,Die Federführung ist aber strittig.,*,0,Civil,Technology,Technology,19068_Tagesordnungspunkt_5_CDU_CSU_Hoffmann_ID196803000_29.11.2018.csv
33,Die Fraktionen der CDU/CSU und SPD wünschen Federführung beim Ausschuss für Inneres und Heimat.,*,0,Civil,Technology,Technology,19068_Tagesordnungspunkt_5_CDU_CSU_Hoffmann_ID196803000_29.11.2018.csv
34,Die Fraktion der FDP wünscht Federführung beim Ausschuss Digitale Agenda.,*,0,Civil,Technology,Technology,19068_Tagesordnungspunkt_5_CDU_CSU_Hoffmann_ID196803000_29.11.2018.csv
35,"Ich lasse zuerst abstimmen über den Überweisungsvorschlag der Fraktion der FDP, Federführung beim Ausschuss Digitale Agenda.",*,0,Civil,Technology,Technology,19068_Tagesordnungspunkt_5_CDU_CSU_Hoffmann_ID196803000_29.11.2018.csv
36,Wer stimmt für diesen Überweisungsvorschlag?,*,1,Government,Government,Government,19068_Tagesordnungspunkt_5_CDU_CSU_Hoffmann_ID196803000_29.11.2018.csv
37,Wer stimmt dagegen?,*,1,Government,Government,Government,19068_Tagesordnungspunkt_5_CDU_CSU_Hoffmann_ID196803000_29.11.2018.csv
38,Wer enthält sich?,*,1,Government,Government,Government,19068_Tagesordnungspunkt_5_CDU_CSU_Hoffmann_ID196803000_29.11.2018.csv
39,– Moment!,*,1,Government,Government,Government,19068_Tagesordnungspunkt_5_CDU_CSU_Hoffmann_ID196803000_29.11.2018.csv
40,Jetzt müssen wir beraten.,*,1,Government,Government,Government,19068_Tagesordnungspunkt_5_CDU_CSU_Hoffmann_ID196803000_29.11.2018.csv
41,"Darf ich Sie bitten – es war wirklich nicht einfach zu erkennen –, aufzustehen?",*,1,Government,Government,Government,19068_Tagesordnungspunkt_5_CDU_CSU_Hoffmann_ID196803000_29.11.2018.csv
42,Dann können wir es vielleicht ein bisserl klarer erkennen.,*,1,Government,Government,Government,19068_Tagesordnungspunkt_5_CDU_CSU_Hoffmann_ID196803000_29.11.2018.csv
43,Wer stimmt für den Überweisungsvorschlag der FDP?,*,1,Government,Government,Government,19068_Tagesordnungspunkt_5_CDU_CSU_Hoffmann_ID196803000_29.11.2018.csv
44,– Wer stimmt dagegen?,*,1,Government,Government,Government,19068_Tagesordnungspunkt_5_CDU_CSU_Hoffmann_ID196803000_29.11.2018.csv
45,"–
– Wir sind hier oben übereinstimmend der Meinung, dass man so – offensichtlich – zu Mehrheiten kommt; durch die rege Beteiligung der Kolleginnen und Kollegen von der Regierungsbank hat sich eine knappe Mehrheit ergeben.",*,1,Government,Government,Government,19068_Tagesordnungspunkt_5_CDU_CSU_Hoffmann_ID196803000_29.11.2018.csv
46,"Jetzt lasse ich aber abstimmen über den Überweisungsvorschlag der Fraktionen der CDU/CSU und SPD, Federführung beim Ausschuss für Inneres und Heimat.",*,1,Government,Government,Government,19068_Tagesordnungspunkt_5_CDU_CSU_Hoffmann_ID196803000_29.11.2018.csv
47,Wer stimmt für diesen Überweisungsvorschlag?,*,2,Government,Government,Government,19068_Tagesordnungspunkt_5_CDU_CSU_Hoffmann_ID196803000_29.11.2018.csv
48,Wer stimmt dagegen?,*,2,Government,Government,Government,19068_Tagesordnungspunkt_5_CDU_CSU_Hoffmann_ID196803000_29.11.2018.csv
49,"– Es hat schon eine gewisse Ironie, wie hier Mehrheiten organisiert werden. – Also, noch mal: Wer stimmt für den Überweisungsvorschlag der Großen Koalition, der SPD und der CDU/CSU?",*,2,Government,Government,Government,19068_Tagesordnungspunkt_5_CDU_CSU_Hoffmann_ID196803000_29.11.2018.csv
50,– Wer stimmt dagegen?,*,2,Government,Government,Government,19068_Tagesordnungspunkt_5_CDU_CSU_Hoffmann_ID196803000_29.11.2018.csv
51,– Gut.,*,2,Government,Government,Government,19068_Tagesordnungspunkt_5_CDU_CSU_Hoffmann_ID196803000_29.11.2018.csv
52,"Dann ist der Überweisungsvorschlag so angenommen, und Sie können wieder die ursprünglichen Plätze einnehmen; sonst ist es auf der Regierungsbank ein bisserl arg leer.",*,2,Government,Government,Government,19068_Tagesordnungspunkt_5_CDU_CSU_Hoffmann_ID196803000_29.11.2018.csv
53,Im Moment sind wir regierungslos. – Gefällt es Ihnen da unten besser?,*,2,Government,Government,Government,19068_Tagesordnungspunkt_5_CDU_CSU_Hoffmann_ID196803000_29.11.2018.csv
54,"– Gut.
– Vielen herzlichen Dank.",*,2,Government,Government,Government,19068_Tagesordnungspunkt_5_CDU_CSU_Hoffmann_ID196803000_29.11.2018.csv
