,text,label_gold,segment_id,label_bert,label_parlbert,label_svm,speech_id
0,Frau Präsidentin!,*,0,Technology,Technology,Government,19068_Tagesordnungspunkt_5_GRUENE_Roessner_ID196802800_29.11.2018.csv
1,Meine Damen und Herren!,*,0,Technology,Technology,Government,19068_Tagesordnungspunkt_5_GRUENE_Roessner_ID196802800_29.11.2018.csv
2,Ich kann mich noch gut erinnern: 2013 hat Jimmy Schulz zur ersten Kryptoparty im Bundestag eingeladen und immer wieder ein Recht auf verschlüsselte Kommunikation gefordert.,Civil Rights,0,Technology,Technology,Government,19068_Tagesordnungspunkt_5_GRUENE_Roessner_ID196802800_29.11.2018.csv
3,Er hat bei diesem Thema also zweifellos Street Credibility.,Civil Rights,0,Technology,Technology,Government,19068_Tagesordnungspunkt_5_GRUENE_Roessner_ID196802800_29.11.2018.csv
4,Umso irritierender war dann der Wahlkampfslogan der FDP: „Digital first.,Civil Rights,0,Technology,Technology,Government,19068_Tagesordnungspunkt_5_GRUENE_Roessner_ID196802800_29.11.2018.csv
5,"Bedenken second.“ Da kann ich nur sagen: Es hilft alles nichts, wenn die Fachpolitikerinnen und Fachpolitiker sich abrackern und gute Arbeit machen, die Partei- oder Fraktionsspitze dann aber nicht hinter den guten Vorschlägen steht.",Civil Rights,0,Technology,Technology,Government,19068_Tagesordnungspunkt_5_GRUENE_Roessner_ID196802800_29.11.2018.csv
6,Davon können die digitalpolitischen Kolleginnen und Kollegen von SPD und Union ja auch ein Klagelied singen.,Civil Rights,0,Technology,Technology,Government,19068_Tagesordnungspunkt_5_GRUENE_Roessner_ID196802800_29.11.2018.csv
7,"Mit dem vorliegenden Antrag will die FDP in Erinnerung rufen, dass sie verantwortungsbewusste Digitalpolitik kann.",Civil Rights,0,Technology,Technology,Government,19068_Tagesordnungspunkt_5_GRUENE_Roessner_ID196802800_29.11.2018.csv
8,"Ich hoffe, dass das auch beim Fraktionsvorsitzenden angekommen ist.",Civil Rights,0,Technology,Technology,Government,19068_Tagesordnungspunkt_5_GRUENE_Roessner_ID196802800_29.11.2018.csv
9,Gerade die vertrauliche Kommunikation ist nämlich besonders wichtig.,Civil Rights,1,Civil,Government,Civil,19068_Tagesordnungspunkt_5_GRUENE_Roessner_ID196802800_29.11.2018.csv
10,Der folgenschwerste Angriff auf den Bundestag beispielsweise erfolgte 2015 über Mails.,Civil Rights,1,Civil,Government,Civil,19068_Tagesordnungspunkt_5_GRUENE_Roessner_ID196802800_29.11.2018.csv
11,Da befand sich die FDP bekanntlich im Bildungsurlaub.,Civil Rights,1,Civil,Government,Civil,19068_Tagesordnungspunkt_5_GRUENE_Roessner_ID196802800_29.11.2018.csv
12,Monatelang flossen Daten ab.,Civil Rights,1,Civil,Government,Civil,19068_Tagesordnungspunkt_5_GRUENE_Roessner_ID196802800_29.11.2018.csv
13,"Diese Angriffe auf die Infrastruktur von Bundestag und Bundesregierung sind Angriffe auf unsere Demokratie, die es zu schützen und zu verteidigen gilt.",Civil Rights,1,Civil,Government,Civil,19068_Tagesordnungspunkt_5_GRUENE_Roessner_ID196802800_29.11.2018.csv
14,Vertrauliche Kommunikation ist aber nicht nur für uns notwendig.,Civil Rights,1,Civil,Government,Civil,19068_Tagesordnungspunkt_5_GRUENE_Roessner_ID196802800_29.11.2018.csv
15,Eine Journalistin zum Beispiel muss genauso vertraulich mit einem Informanten kommunizieren können wie wir.,Civil Rights,1,Civil,Government,Civil,19068_Tagesordnungspunkt_5_GRUENE_Roessner_ID196802800_29.11.2018.csv
16,Dafür brauchen beide einen sicheren Weg.,Civil Rights,1,Civil,Government,Civil,19068_Tagesordnungspunkt_5_GRUENE_Roessner_ID196802800_29.11.2018.csv
17,"Aber E-Mails sind im Moment – das wurde schon gesagt – wie Postkarten und nicht wie im Briefumschlag verschlossene Briefe, solange sie nicht verschlüsselt sind.",Civil Rights,1,Civil,Government,Civil,19068_Tagesordnungspunkt_5_GRUENE_Roessner_ID196802800_29.11.2018.csv
18,"Und wenn Menschen sich nicht trauen, in E-Mails oder Chats ihre Meinung zu äußern aus Angst, dass jemand mitliest, dann rührt das an unseren demokratischen Grundfesten wie Presse- und Meinungsfreiheit oder das Recht auf informationelle Selbstbestimmung.",Civil Rights,1,Civil,Government,Civil,19068_Tagesordnungspunkt_5_GRUENE_Roessner_ID196802800_29.11.2018.csv
19,Diese Grundrechte muss der Staat sichern.,Civil Rights,1,Civil,Government,Civil,19068_Tagesordnungspunkt_5_GRUENE_Roessner_ID196802800_29.11.2018.csv
20,"Das ist unsere Aufgabe, liebe Kolleginnen und Kollegen.",Civil Rights,1,Civil,Government,Civil,19068_Tagesordnungspunkt_5_GRUENE_Roessner_ID196802800_29.11.2018.csv
21,"Ich denke, Sie alle wollen nicht, dass kompromittierende Fotos von Ihnen in Umlauf kommen oder Ihre IoT-Geräte Hackern Auskunft darüber geben, wann Sie zu Hause sind oder was Sie Alexa gestern alles gefragt haben.",Civil Rights,1,Civil,Government,Civil,19068_Tagesordnungspunkt_5_GRUENE_Roessner_ID196802800_29.11.2018.csv
22,"Last, but not least geht es hier ja auch um den Schutz vor Industriespionage und Sabotage, also um knallharte Wirtschaftsinteressen am Industriestandort Deutschland.",Technology,1,Civil,Government,Civil,19068_Tagesordnungspunkt_5_GRUENE_Roessner_ID196802800_29.11.2018.csv
23,Das müsste doch auch im Interesse von Union und SPD sein.,Technology,1,Civil,Government,Civil,19068_Tagesordnungspunkt_5_GRUENE_Roessner_ID196802800_29.11.2018.csv
24,Laut ihrer Digitalen Agenda wollte die Große Koalition Deutschland zum Verschlüsselungsland Nummer eins machen.,Technology,1,Civil,Government,Civil,19068_Tagesordnungspunkt_5_GRUENE_Roessner_ID196802800_29.11.2018.csv
25,Das ist an und für sich eine tolle Idee; aber auf die Umsetzung warten wir schon lange.,Technology,1,Civil,Government,Civil,19068_Tagesordnungspunkt_5_GRUENE_Roessner_ID196802800_29.11.2018.csv
26,Fangen Sie doch bei sich mal an: E-Government – das ist eh ein trauriges Kapitel bei der Bundesregierung – könnten Sie mit der Verschlüsselung richtig voranbringen.,Technology,1,Civil,Government,Civil,19068_Tagesordnungspunkt_5_GRUENE_Roessner_ID196802800_29.11.2018.csv
27,Dafür müssten Sie aber jetzt die Weichen stellen und die Ende-zu-Ende-Verschlüsselung endlich zum Standard machen.,Technology,1,Civil,Government,Civil,19068_Tagesordnungspunkt_5_GRUENE_Roessner_ID196802800_29.11.2018.csv
28,"Viele weitere Empfehlungen für eine sichere Kommunikation finden Sie übrigens im inzwischen fünf Jahre alten Bericht der Enquete-Kommission „Internet und digitale Gesellschaft“ und, wie Konstantin von Notz schon gesagt hat, in unserem Grünenantrag vom März.",Technology,1,Civil,Government,Civil,19068_Tagesordnungspunkt_5_GRUENE_Roessner_ID196802800_29.11.2018.csv
29,Im FDP-Antrag ist viel Schönes drin.,Technology,1,Civil,Government,Civil,19068_Tagesordnungspunkt_5_GRUENE_Roessner_ID196802800_29.11.2018.csv
30,Deshalb unterstützen wir ihn.,Technology,1,Civil,Government,Civil,19068_Tagesordnungspunkt_5_GRUENE_Roessner_ID196802800_29.11.2018.csv
31,Vielen Dank für die Aufmerksamkeit.,*,1,Civil,Government,Civil,19068_Tagesordnungspunkt_5_GRUENE_Roessner_ID196802800_29.11.2018.csv
32,"Vielen Dank, Tabea Rößner. – Nächster Redner für die CDU/CSU-Fraktion: Josef Oster.",*,1,Civil,Government,Civil,19068_Tagesordnungspunkt_5_GRUENE_Roessner_ID196802800_29.11.2018.csv
