,text,label_gold,segment_id,label_bert,label_parlbert,label_svm,speech_id
0,Sehr geehrte Frau Präsidentin!,*,0,Technology,Technology,Technology,19068_Tagesordnungspunkt_5_CDU_CSU_Wendt_ID196802000_29.11.2018.csv
1,Liebe Kolleginnen und Kollegen!,*,0,Technology,Technology,Technology,19068_Tagesordnungspunkt_5_CDU_CSU_Wendt_ID196802000_29.11.2018.csv
2,"Lieber Herr Schulz, es ist schön, dass wir Sie wieder hier im Plenum dabei haben.",*,0,Technology,Technology,Technology,19068_Tagesordnungspunkt_5_CDU_CSU_Wendt_ID196802000_29.11.2018.csv
3,"Es ist schön, zu sehen, dass es Ihnen allmählich besser geht.",*,0,Technology,Technology,Technology,19068_Tagesordnungspunkt_5_CDU_CSU_Wendt_ID196802000_29.11.2018.csv
4,"Ich muss ehrlich sagen: Als ich den Antrag las, traute ich so recht meinen Augen nicht.",Civil Rights,0,Technology,Technology,Technology,19068_Tagesordnungspunkt_5_CDU_CSU_Wendt_ID196802000_29.11.2018.csv
5,So wenig passt er doch aus meiner Sicht zum traditionellen Leitbild der FDP.,Civil Rights,0,Technology,Technology,Technology,19068_Tagesordnungspunkt_5_CDU_CSU_Wendt_ID196802000_29.11.2018.csv
6,"Da spricht nicht mehr eine linksliberale FDP, welche die individuelle Freiheit und Privatsphäre verabsolutiert und jegliche staatliche Einmischung ablehnt.",Civil Rights,0,Technology,Technology,Technology,19068_Tagesordnungspunkt_5_CDU_CSU_Wendt_ID196802000_29.11.2018.csv
7,"Auf einmal soll laut FDP der Staat, insbesondere im Internetbereich, eine übergeordnete Rolle spielen und Kontroll- und sogar Garantiefunktionen übernehmen.",Civil Rights,0,Technology,Technology,Technology,19068_Tagesordnungspunkt_5_CDU_CSU_Wendt_ID196802000_29.11.2018.csv
8,Ich war wirklich überrascht.,Civil Rights,0,Technology,Technology,Technology,19068_Tagesordnungspunkt_5_CDU_CSU_Wendt_ID196802000_29.11.2018.csv
9,Die Liberalen schlagen etwas nebulös ein „Recht auf Verschlüsselung“ vor.,Civil Rights,0,Technology,Technology,Technology,19068_Tagesordnungspunkt_5_CDU_CSU_Wendt_ID196802000_29.11.2018.csv
10,"Mir stellt sich die Frage, wie und wem gegenüber diese neue Rechtsposition in einem globalen Netz durchzusetzen ist.",Civil Rights,0,Technology,Technology,Technology,19068_Tagesordnungspunkt_5_CDU_CSU_Wendt_ID196802000_29.11.2018.csv
11,Wem gegenüber soll dieser Rechtsanspruch entstehen?,Civil Rights,0,Technology,Technology,Technology,19068_Tagesordnungspunkt_5_CDU_CSU_Wendt_ID196802000_29.11.2018.csv
12,"Das alles ist aus meiner Sicht nicht nur diffus, sondern sieht vor allem nach zusätzlichem bürokratischem und unnötigem Aufwand aus.",Civil Rights,0,Technology,Technology,Technology,19068_Tagesordnungspunkt_5_CDU_CSU_Wendt_ID196802000_29.11.2018.csv
13,Ein Mehr an Bürokratie – auch das sind neue Töne aus der FDP.,Civil Rights,0,Technology,Technology,Technology,19068_Tagesordnungspunkt_5_CDU_CSU_Wendt_ID196802000_29.11.2018.csv
14,"Dabei ist es gerade die Große Koalition und insbesondere die Union, zuständig für das Innenressort, die nach wie vor die digitale Sicherheit maßgeblich vorantreiben.",Technology,0,Technology,Technology,Technology,19068_Tagesordnungspunkt_5_CDU_CSU_Wendt_ID196802000_29.11.2018.csv
15,Bereits die Digitale Agenda 2014-2017 hat das Ziel verankert: Deutschland soll Verschlüsselungsstandort Nummer eins auf der Welt werden.,Technology,0,Technology,Technology,Technology,19068_Tagesordnungspunkt_5_CDU_CSU_Wendt_ID196802000_29.11.2018.csv
16,"Insofern ist es konsequent, dass wir uns im Koalitionsvertrag sehr deutlich für eine elektronische Identifizierung und eine Ende-zu-Ende-Verschlüsselung aussprechen.",Technology,0,Technology,Technology,Technology,19068_Tagesordnungspunkt_5_CDU_CSU_Wendt_ID196802000_29.11.2018.csv
17,Wir wollen ein Recht auf Verschlüsselung; wir wollen es aber einfach und vor allen Dingen für jedermann verfügbar machen.,Technology,0,Technology,Technology,Technology,19068_Tagesordnungspunkt_5_CDU_CSU_Wendt_ID196802000_29.11.2018.csv
18,Eine verschlüsselte und somit sichere Kommunikation zwischen Bürgern und Verwaltung ist ganz klar unser Ziel.,Technology,0,Technology,Technology,Technology,19068_Tagesordnungspunkt_5_CDU_CSU_Wendt_ID196802000_29.11.2018.csv
19,In der Cybersicherheitsstrategie des Innenministeriums spielt das Thema Verschlüsselung eine ganz wichtige Rolle.,Technology,0,Technology,Technology,Technology,19068_Tagesordnungspunkt_5_CDU_CSU_Wendt_ID196802000_29.11.2018.csv
20,"Darin verpflichtet sich die Bundesregierung, spezifische Hemmnisse beim Einsatz von Verschlüsselungslösungen zu untersuchen und Initiativen zum Abbau dieser Hemmnisse zu fördern.",Technology,0,Technology,Technology,Technology,19068_Tagesordnungspunkt_5_CDU_CSU_Wendt_ID196802000_29.11.2018.csv
21,"Meine Damen und Herren der FDP, Sie sehen: Wir streben nach vorn, wir haben bereits viel geleistet; Ihr Antrag war also gar nicht nötig.",Technology,0,Technology,Technology,Technology,19068_Tagesordnungspunkt_5_CDU_CSU_Wendt_ID196802000_29.11.2018.csv
22,Sie sprechen in Ihrem Antrag auch das Bundesamt für Sicherheit in der Informationstechnik an – aus meiner Sicht eine Schlüsselbehörde im Bereich der Internetsicherheit.,Technology,0,Technology,Technology,Technology,19068_Tagesordnungspunkt_5_CDU_CSU_Wendt_ID196802000_29.11.2018.csv
23,Auch hier sind wir Ihnen voran.,Technology,0,Technology,Technology,Technology,19068_Tagesordnungspunkt_5_CDU_CSU_Wendt_ID196802000_29.11.2018.csv
24,Das BSI haben wir mit weitreichendsten Kompetenzen im Präventions- und Aufklärungsbereich ausgestattet.,Technology,0,Technology,Technology,Technology,19068_Tagesordnungspunkt_5_CDU_CSU_Wendt_ID196802000_29.11.2018.csv
25,Sie wollen das BSI zum Verwalter von IT-Sicherheitslücken herunterqualifizieren.,Technology,0,Technology,Technology,Technology,19068_Tagesordnungspunkt_5_CDU_CSU_Wendt_ID196802000_29.11.2018.csv
26,"Wir hingegen wollen das BSI als nationale Cybersicherheitsbehörde ausbauen und in seiner Rolle als unabhängige, neutrale und nutzerfreundliche Beratungsstelle für Fragen der IT-Sicherheit stärken.",Technology,0,Technology,Technology,Technology,19068_Tagesordnungspunkt_5_CDU_CSU_Wendt_ID196802000_29.11.2018.csv
27,"Zertifizierung und Standardisierung, IT-Gütesiegel und Verbraucherschutz sind weitere Themen aus dem Arbeitsportfolio des BSI.",Technology,0,Technology,Technology,Technology,19068_Tagesordnungspunkt_5_CDU_CSU_Wendt_ID196802000_29.11.2018.csv
28,Sie stellen die Sicherheit durch Verschlüsselung in den Vordergrund.,Technology,0,Technology,Technology,Technology,19068_Tagesordnungspunkt_5_CDU_CSU_Wendt_ID196802000_29.11.2018.csv
29,Dabei ist vor allen Dingen auch Sicherheit trotz Verschlüsselung ein Bestandteil der Cybersicherheitsdebatte.,Technology,0,Technology,Technology,Technology,19068_Tagesordnungspunkt_5_CDU_CSU_Wendt_ID196802000_29.11.2018.csv
30,"Denn ja, die Strafverfolgungsbehörden müssen unter strengen gesetzlichen Voraussetzungen im Einzelfall befugt sein, verschlüsselte Kommunikation zu entschlüsseln und zu umgehen.",Technology,0,Technology,Technology,Technology,19068_Tagesordnungspunkt_5_CDU_CSU_Wendt_ID196802000_29.11.2018.csv
31,Das dient unserer Sicherheit in Deutschland.,Technology,0,Technology,Technology,Technology,19068_Tagesordnungspunkt_5_CDU_CSU_Wendt_ID196802000_29.11.2018.csv
32,Das Beispiel mit der DDR ist natürlich sehr kompliziert.,Technology,0,Technology,Technology,Technology,19068_Tagesordnungspunkt_5_CDU_CSU_Wendt_ID196802000_29.11.2018.csv
33,Ich selber bin 1985 in Torgau in Sachsen geboren.,Technology,0,Technology,Technology,Technology,19068_Tagesordnungspunkt_5_CDU_CSU_Wendt_ID196802000_29.11.2018.csv
34,Durch familiäre Bindungen kenne ich die Eingriffe des Staatsapparates.,Technology,0,Technology,Technology,Technology,19068_Tagesordnungspunkt_5_CDU_CSU_Wendt_ID196802000_29.11.2018.csv
35,Der Vergleich hinkt massiv.,Technology,0,Technology,Technology,Technology,19068_Tagesordnungspunkt_5_CDU_CSU_Wendt_ID196802000_29.11.2018.csv
36,"Denn wenn bei uns Polizeibehörden, Strafverfolgungsbehörden in die Rechte der Bürger, in ihre Kommunikation eindringen, dann wird das kontrolliert, dann brauche ich dazu einen richterlichen Beschluss,
dann gibt es dazu parlamentarische Kontrolle, auch in den Gremien, in denen auch Ihre Kolleginnen und Kollegen sitzen.",Technology,0,Technology,Technology,Technology,19068_Tagesordnungspunkt_5_CDU_CSU_Wendt_ID196802000_29.11.2018.csv
37,Deswegen hinkt der Vergleich.,Technology,0,Technology,Technology,Technology,19068_Tagesordnungspunkt_5_CDU_CSU_Wendt_ID196802000_29.11.2018.csv
38,Denn bei uns wird jeder Eingriff in die Bürgerrechte kontrolliert und überwacht – anders als im totalitären System.,Technology,0,Technology,Technology,Technology,19068_Tagesordnungspunkt_5_CDU_CSU_Wendt_ID196802000_29.11.2018.csv
39,"Meine Damen und Herren, die digitale Sicherheit ist ein zentrales Thema für uns in der Union, und das fassen wir viel weiter und sehen nicht nur die Verschlüsselung.",Technology,0,Technology,Technology,Technology,19068_Tagesordnungspunkt_5_CDU_CSU_Wendt_ID196802000_29.11.2018.csv
40,Als Präsident der THW-Bundesvereinigung kann ich das Vorbild der neugeschaffenen Fachgruppe N im THW nennen.,Technology,0,Technology,Technology,Technology,19068_Tagesordnungspunkt_5_CDU_CSU_Wendt_ID196802000_29.11.2018.csv
41,"Bei etwaigem Ausfall kritischer Infrastrukturen, beispielsweise durch einen IT-Angriff, kümmert sich diese schnell und unbürokratisch um die Versorgung und Behebung der Schäden der Bevölkerung.",Technology,0,Technology,Technology,Technology,19068_Tagesordnungspunkt_5_CDU_CSU_Wendt_ID196802000_29.11.2018.csv
42,"Also, liebe Kolleginnen und Kollegen, fassen wir das Thema viel weiter!",Technology,0,Technology,Technology,Technology,19068_Tagesordnungspunkt_5_CDU_CSU_Wendt_ID196802000_29.11.2018.csv
43,"Nehmen wir die Bürger, die Verwaltung insgesamt mit!",Technology,0,Technology,Technology,Technology,19068_Tagesordnungspunkt_5_CDU_CSU_Wendt_ID196802000_29.11.2018.csv
44,"Werben wir dafür, dass jeder Einzelne stärker auf seine Sicherheit und auf die Informationen, die er preisgibt, achtet, und beraten wir dies gemeinsam im Ausschuss weiter!",Technology,0,Technology,Technology,Technology,19068_Tagesordnungspunkt_5_CDU_CSU_Wendt_ID196802000_29.11.2018.csv
45,Vielen herzlichen Dank.,*,0,Technology,Technology,Technology,19068_Tagesordnungspunkt_5_CDU_CSU_Wendt_ID196802000_29.11.2018.csv
46,"Vielen Dank, Marian Wendt. – Nächste Rednerin: Joana Cotar für die AfD-Fraktion.",*,0,Technology,Technology,Technology,19068_Tagesordnungspunkt_5_CDU_CSU_Wendt_ID196802000_29.11.2018.csv
