,text,label_gold,segment_id,label_bert,label_parlbert,label_svm,speech_id
0,Sehr geehrte Frau Präsidentin!,*,0,Technology,Technology,Technology,19068_Tagesordnungspunkt_5_SPD_Hartmann_ID196802200_29.11.2018.csv
1,Meine lieben Kolleginnen und Kollegen!,*,0,Technology,Technology,Technology,19068_Tagesordnungspunkt_5_SPD_Hartmann_ID196802200_29.11.2018.csv
2,Die Frage der Verschlüsselung unserer digitalen Kommunikation ist sehr zentral.,Civil Rights,0,Technology,Technology,Technology,19068_Tagesordnungspunkt_5_SPD_Hartmann_ID196802200_29.11.2018.csv
3,Tatsächlich haben wir Bürgerinnen und Bürger ein Grundrecht auf sichere Kommunikation; Artikel 10 Grundgesetz ist schon erwähnt worden.,Civil Rights,0,Technology,Technology,Technology,19068_Tagesordnungspunkt_5_SPD_Hartmann_ID196802200_29.11.2018.csv
4,"Wir müssen darauf vertrauen können, dass dieses Grundrecht auch im Internet und bei neuen Anwendungen gewahrt und geschützt wird.",Civil Rights,0,Technology,Technology,Technology,19068_Tagesordnungspunkt_5_SPD_Hartmann_ID196802200_29.11.2018.csv
5,"Aber auch die Wirtschaft braucht eine sichere und vertrauensvolle Kommunikation, um sich vor allen Dingen vor Wirtschaftskriminalität zu schützen.",Civil Rights,0,Technology,Technology,Technology,19068_Tagesordnungspunkt_5_SPD_Hartmann_ID196802200_29.11.2018.csv
6,"Ich erinnere daran, was wir zu Beginn dieser neuen Koalition gesagt haben, nämlich dass wir in dieser Regierungskoalition anders arbeiten werden.",Civil Rights,0,Technology,Technology,Technology,19068_Tagesordnungspunkt_5_SPD_Hartmann_ID196802200_29.11.2018.csv
7,Das gilt auch für unser Verhältnis zu den sogenannten Oppositionsparteien.,Civil Rights,0,Technology,Technology,Technology,19068_Tagesordnungspunkt_5_SPD_Hartmann_ID196802200_29.11.2018.csv
8,"Deswegen gehört es sich als Parlamentarierinnen und Parlamentarier, auch deutlich zu sagen: Dies ist ein sehr guter Antrag.",Civil Rights,0,Technology,Technology,Technology,19068_Tagesordnungspunkt_5_SPD_Hartmann_ID196802200_29.11.2018.csv
9,"Es ist ein sehr gutes Thema, das von der FDP und Ihnen, lieber Herr Kollege Schulz, aufgerufen worden ist.",Civil Rights,0,Technology,Technology,Technology,19068_Tagesordnungspunkt_5_SPD_Hartmann_ID196802200_29.11.2018.csv
10,"Das verdient eine vernünftige, konstruktive Beratung im Innenausschuss.",Civil Rights,0,Technology,Technology,Technology,19068_Tagesordnungspunkt_5_SPD_Hartmann_ID196802200_29.11.2018.csv
11,"Ich möchte aber auch klar sagen, um jetzt nicht der Gefahr der Gleichmacherei zu erliegen, dass wir das auch ganz anders von der FDP kennen.",Civil Rights,0,Technology,Technology,Technology,19068_Tagesordnungspunkt_5_SPD_Hartmann_ID196802200_29.11.2018.csv
12,"Ich denke nur an das verkorkste Polizeigesetz in Nordrhein-Westfalen, dessen erster Entwurf schon so verfassungswidrig gewesen war, dass er zurückgezogen werden musste.
– Der getroffene Hund scheint heute Morgen laut zu bellen, liebe Kolleginnen und Kollegen von der FDP.",Civil Rights,0,Technology,Technology,Technology,19068_Tagesordnungspunkt_5_SPD_Hartmann_ID196802200_29.11.2018.csv
13,Hier vielleicht der Brückenbau zur FDP: Halten wir es doch gemeinsam mit Willy Brandt: Im Zweifel für die Freiheit!,Civil Rights,0,Technology,Technology,Technology,19068_Tagesordnungspunkt_5_SPD_Hartmann_ID196802200_29.11.2018.csv
14,"Die Digitalisierung kann also ein Mehr an Freiheit, Transparenz und sozialem Fortschritt bedeuten.",Civil Rights,0,Technology,Technology,Technology,19068_Tagesordnungspunkt_5_SPD_Hartmann_ID196802200_29.11.2018.csv
15,"Darum haben wir als Politik den Auftrag, dieses Feld gemeinsam in unserem Land zu gestalten.",Civil Rights,0,Technology,Technology,Technology,19068_Tagesordnungspunkt_5_SPD_Hartmann_ID196802200_29.11.2018.csv
16,"Schauen wir uns aber die Wahlprogramme zur letzten Bundestagswahl an, so sehen wir, dass bei der CDU das Wort „Verschlüsselung“ genau null Mal vorkam.",Civil Rights,0,Technology,Technology,Technology,19068_Tagesordnungspunkt_5_SPD_Hartmann_ID196802200_29.11.2018.csv
17,"Bei der CSU kam dieses Wort nur dann vor, wenn es darum ging, Nachrichtendiensten Zugriff auf die verschlüsselte Kommunikation zu gewähren.",Civil Rights,0,Technology,Technology,Technology,19068_Tagesordnungspunkt_5_SPD_Hartmann_ID196802200_29.11.2018.csv
18,Die SPD hat sich bei diesem Thema wieder einmal durchgesetzt und wesentliche Teile des Koalitionsvertrages hierzu geschrieben.,Civil Rights,0,Technology,Technology,Technology,19068_Tagesordnungspunkt_5_SPD_Hartmann_ID196802200_29.11.2018.csv
19,"Und das bedeutet, dass wir die Verschlüsselung der Ende-zu-Ende-Kommunikation, die Verschlüsselung von Anfang bis Ende, durchsetzen, nicht nur im öffentlichen Bereich, sondern auch im privaten.",Civil Rights,0,Technology,Technology,Technology,19068_Tagesordnungspunkt_5_SPD_Hartmann_ID196802200_29.11.2018.csv
20,"Dafür wollen wir als Staat alles Erforderliche tun, liebe Kolleginnen und Kollegen.",Civil Rights,0,Technology,Technology,Technology,19068_Tagesordnungspunkt_5_SPD_Hartmann_ID196802200_29.11.2018.csv
21,"In der Regierungserklärung in der letzten Sitzungswoche wurde zu Recht genau auf dieses ambitionierte Programm ein Schwerpunkt gesetzt; denn die Grundlage für neue Innovationen, für neue Investitionen in diesen Bereich und für das Vertrauen der Bürger ist, dass wir Vertrauen und Sicherheit in der Kommunikation sicherstellen.",Civil Rights,0,Technology,Technology,Technology,19068_Tagesordnungspunkt_5_SPD_Hartmann_ID196802200_29.11.2018.csv
22,"Nur dann werden die Bürger tatsächlich darauf vertrauen, dass das auch funktioniert.",Civil Rights,0,Technology,Technology,Technology,19068_Tagesordnungspunkt_5_SPD_Hartmann_ID196802200_29.11.2018.csv
23,Das gelingt nur mit einer starken Verschlüsselung.,Civil Rights,0,Technology,Technology,Technology,19068_Tagesordnungspunkt_5_SPD_Hartmann_ID196802200_29.11.2018.csv
24,Das Beispiel mit der Postkarte ist schon genannt worden.,Civil Rights,0,Technology,Technology,Technology,19068_Tagesordnungspunkt_5_SPD_Hartmann_ID196802200_29.11.2018.csv
25,"Wenn wir einen Brief schreiben und ihn analog per Post versenden, können wir sicher sein, dass niemand mitliest.",Civil Rights,0,Technology,Technology,Technology,19068_Tagesordnungspunkt_5_SPD_Hartmann_ID196802200_29.11.2018.csv
26,"Aber wir wollen uns auch darauf verlassen, dass bei digitaler Kommunikation – nicht nur mit dem Staat, sondern auch unter uns Bürgern – niemand mitliest.",Civil Rights,0,Technology,Technology,Technology,19068_Tagesordnungspunkt_5_SPD_Hartmann_ID196802200_29.11.2018.csv
27,"Deswegen müssen wir als Staat dafür sorgen, dass Verschlüsselungstechnologien gefördert werden und dass wir, dass die Bundesrepublik Deutschland, wie wir das in der letzten Wahlperiode vereinbart haben, zum Standort Nummer eins für Verschlüsselungstechnologien wird.",Technology,0,Technology,Technology,Technology,19068_Tagesordnungspunkt_5_SPD_Hartmann_ID196802200_29.11.2018.csv
28,Das haben wir festgeschrieben.,Technology,0,Technology,Technology,Technology,19068_Tagesordnungspunkt_5_SPD_Hartmann_ID196802200_29.11.2018.csv
29,"Wir werden auf diesem Weg alle Anstrengungen unternehmen, liebe Kolleginnen und Kollegen.",Technology,0,Technology,Technology,Technology,19068_Tagesordnungspunkt_5_SPD_Hartmann_ID196802200_29.11.2018.csv
30,Wir wollen die Verbreitung sicherer Produkte und des Entwicklungsprinzips „Security by Design“ fördern.,Technology,0,Technology,Technology,Technology,19068_Tagesordnungspunkt_5_SPD_Hartmann_ID196802200_29.11.2018.csv
31,"Auch das haben wir im Koalitionsvertrag festgeschrieben; denn wir können nicht immer darauf vertrauen, dass jedes Unternehmen eine eigene große, selbstständige IT-Abteilung hat, auch wenn wir das gerne einfordern.",Technology,0,Technology,Technology,Technology,19068_Tagesordnungspunkt_5_SPD_Hartmann_ID196802200_29.11.2018.csv
32,"Aber insbesondere im Verhältnis zu den Bürgerinnen und Bürgern müssen wir dafür sorgen, dass sie in die Lage versetzt werden, Sicherheitstechnologien auch anzuwenden.",Technology,0,Technology,Technology,Technology,19068_Tagesordnungspunkt_5_SPD_Hartmann_ID196802200_29.11.2018.csv
33,"Das BSI – es ist schon erwähnt worden – hat dem Gedanken des Verbraucherschutzes Rechnung zu tragen und hat auch eine Bedeutung, wenn es darum geht, Bürgerinnen und Bürger auf sichere Verschlüsselungstechnologien vorzubereiten.",Technology,0,Technology,Technology,Technology,19068_Tagesordnungspunkt_5_SPD_Hartmann_ID196802200_29.11.2018.csv
34,"Ich freue mich als Abgeordneter des Rhein-Sieg-Kreises, dass auch der wichtige Standort Bonn/Rhein-Sieg durch BSI und Bundesdatenschutzbeauftragten ordentlich gestärkt wurde.",Technology,0,Technology,Technology,Technology,19068_Tagesordnungspunkt_5_SPD_Hartmann_ID196802200_29.11.2018.csv
35,"Auch das ist eine Investition in unsere Sicherheit, die dadurch zum Ausdruck kommt, dass wir entsprechende Stellen und Haushaltsmittel zur Verfügung stellen.",Technology,0,Technology,Technology,Technology,19068_Tagesordnungspunkt_5_SPD_Hartmann_ID196802200_29.11.2018.csv
36,"Das haben wir als neue Koalition in diesem Hause auf den Weg gebracht, liebe Kolleginnen und Kollegen.",Technology,0,Technology,Technology,Technology,19068_Tagesordnungspunkt_5_SPD_Hartmann_ID196802200_29.11.2018.csv
37,"Es geht uns darum, technischen und wirtschaftlichen Fortschritt zu gestalten.",Technology,0,Technology,Technology,Technology,19068_Tagesordnungspunkt_5_SPD_Hartmann_ID196802200_29.11.2018.csv
38,"Wenn wir Kommunikation verschlüsseln wollen, so ist unser Anspruch, dass IT-Sicherheit made in Germany zu einem wichtigen Standort- und Wettbewerbsvorteil für Deutschland werden wird.",Technology,0,Technology,Technology,Technology,19068_Tagesordnungspunkt_5_SPD_Hartmann_ID196802200_29.11.2018.csv
39,"Dieser Anspruch bedeutet, dass Investitionen in die Forschung in diesem Bereich bei uns stattfinden müssen; ich habe meine Heimatregion Bonn/Rhein-Sieg schon angesprochen.",Technology,0,Technology,Technology,Technology,19068_Tagesordnungspunkt_5_SPD_Hartmann_ID196802200_29.11.2018.csv
40,"Es ist eine Investition in die entsprechenden Lehrstühle in Hochschulen, in das Fraunhofer-Institut, aber auch in private Unternehmen, wenn sie Verantwortung übernehmen wollen.",Technology,0,Technology,Technology,Technology,19068_Tagesordnungspunkt_5_SPD_Hartmann_ID196802200_29.11.2018.csv
41,"Sie müssen sich auf der anderen Seite darauf verlassen können, dass wir als Staat alles dafür tun, keine Backdoors zu erhalten.",Technology,0,Technology,Technology,Technology,19068_Tagesordnungspunkt_5_SPD_Hartmann_ID196802200_29.11.2018.csv
42,Darauf müssen sich auch die Bürgerinnen und Bürger verlassen können.,Technology,0,Technology,Technology,Technology,19068_Tagesordnungspunkt_5_SPD_Hartmann_ID196802200_29.11.2018.csv
43,"Es wird aktiv daran gearbeitet, dass IT-Sicherheit made in Germany ein deutscher Markenkern bleibt.",Technology,0,Technology,Technology,Technology,19068_Tagesordnungspunkt_5_SPD_Hartmann_ID196802200_29.11.2018.csv
44,Das haben wir in den Koalitionsvertrag hineinverhandelt.,Technology,0,Technology,Technology,Technology,19068_Tagesordnungspunkt_5_SPD_Hartmann_ID196802200_29.11.2018.csv
45,"Wenn die Union, lieber Kollege Wendt, ein wenig mehr in Richtung der Liberalen und der Sozialdemokraten rückt, dann ist uns nicht bange, sondern wir bringen es gemeinsam voran.",Technology,0,Technology,Technology,Technology,19068_Tagesordnungspunkt_5_SPD_Hartmann_ID196802200_29.11.2018.csv
46,"Sie haben es, weil es dazu in Ihren Programmen nur Leerstellen gab, mit der SPD in den Koalitionsvertrag aufgenommen.",Technology,0,Technology,Technology,Technology,19068_Tagesordnungspunkt_5_SPD_Hartmann_ID196802200_29.11.2018.csv
47,Lassen Sie uns jetzt gemeinsam daran arbeiten!,Technology,0,Technology,Technology,Technology,19068_Tagesordnungspunkt_5_SPD_Hartmann_ID196802200_29.11.2018.csv
48,"Ich freue mich auf gute Beratungen im Innenausschuss und bin mir sicher, dass wir breite Mehrheiten für dieses zukunftsweisende Thema organisieren werden.",Technology,0,Technology,Technology,Technology,19068_Tagesordnungspunkt_5_SPD_Hartmann_ID196802200_29.11.2018.csv
49,Herzlichen Dank.,*,0,Technology,Technology,Technology,19068_Tagesordnungspunkt_5_SPD_Hartmann_ID196802200_29.11.2018.csv
50,"Vielen Dank, Sebastian Hartmann. – Nächste Rednerin: Anke Domscheit-Berg für die Fraktion Die Linke.",*,0,Technology,Technology,Technology,19068_Tagesordnungspunkt_5_SPD_Hartmann_ID196802200_29.11.2018.csv
