,text,label_gold,segment_id,label_bert,label_parlbert,label_svm,speech_id
0,Sehr geehrte Präsidentin!,*,0,Technology,Technology,Technology,19068_Tagesordnungspunkt_5_LINKE_Domscheit-Berg_ID196802300_29.11.2018.csv
1,Liebe Kolleginnen und Kollegen!,*,0,Technology,Technology,Technology,19068_Tagesordnungspunkt_5_LINKE_Domscheit-Berg_ID196802300_29.11.2018.csv
2,"Lieber Jimmy Schulz, eine Debatte um das Recht auf Verschlüsselung sollte eigentlich so lächerlich sein wie die Forderung – wir haben es schon gehört –, nicht nur Postkarten, sondern auch verschlossene Briefe versenden zu dürfen.",Civil Rights,0,Technology,Technology,Technology,19068_Tagesordnungspunkt_5_LINKE_Domscheit-Berg_ID196802300_29.11.2018.csv
3,Anders als in der Papierwelt ist das Briefgeheimnis in der digitalen Welt aber kein selbstverständliches Grundrecht mehr; denn dazu braucht es ein Recht auf Verschlüsselung.,Civil Rights,0,Technology,Technology,Technology,19068_Tagesordnungspunkt_5_LINKE_Domscheit-Berg_ID196802300_29.11.2018.csv
4,Erst verschlüsselt verwandelt sich eine E-Mail in einen Brief mit Sicherheitsbriefumschlag.,Civil Rights,0,Technology,Technology,Technology,19068_Tagesordnungspunkt_5_LINKE_Domscheit-Berg_ID196802300_29.11.2018.csv
5,Den hätte ich mir in der DDR auch gewünscht; meine Briefe kamen damals aufgeschlitzt an.,Civil Rights,0,Technology,Technology,Technology,19068_Tagesordnungspunkt_5_LINKE_Domscheit-Berg_ID196802300_29.11.2018.csv
6,Für Die Linke steht der Schutz der Privatsphäre im Vordergrund – und das Briefgeheimnis als Abwehrrecht gegen den Staat.,Civil Rights,0,Technology,Technology,Technology,19068_Tagesordnungspunkt_5_LINKE_Domscheit-Berg_ID196802300_29.11.2018.csv
7,"Wir wissen alle seit Edward Snowden, dass Überwachungsbegehrlichkeiten staatlicher Geheimdienste keine Fantasien geblieben sind und Konsequenzen für nachgewiesene staatliche Rechtsbrüche bis heute ausblieben.",Civil Rights,0,Technology,Technology,Technology,19068_Tagesordnungspunkt_5_LINKE_Domscheit-Berg_ID196802300_29.11.2018.csv
8,"Als wäre das nicht schlimm genug, werden zunehmend IT-Sicherheitskräfte vom Staat dafür eingesetzt, unser aller Sicherheit zu gefährden.",Civil Rights,0,Technology,Technology,Technology,19068_Tagesordnungspunkt_5_LINKE_Domscheit-Berg_ID196802300_29.11.2018.csv
9,"Der jüngste BSI Lagebericht spricht von 800 Millionen bekannten Schadprogrammen, und jeden Tag kommen 390 000 dazu.",Civil Rights,0,Technology,Technology,Technology,19068_Tagesordnungspunkt_5_LINKE_Domscheit-Berg_ID196802300_29.11.2018.csv
10,"Um ihre Verbreitung frühzeitig zu stoppen, müssen entdeckte Sicherheitslücken sofort gemeldet und geschlossen werden.",Civil Rights,0,Technology,Technology,Technology,19068_Tagesordnungspunkt_5_LINKE_Domscheit-Berg_ID196802300_29.11.2018.csv
11,"Aber die Bundesregierung schafft Behörden wie ZITiS, wo ohne ausreichende Rechtsgrundlage Sicherheitslücken entdeckt und geheim gehalten werden sollen, um sie irgendwann für Überwachungszwecke einzusetzen.",Civil Rights,0,Technology,Technology,Technology,19068_Tagesordnungspunkt_5_LINKE_Domscheit-Berg_ID196802300_29.11.2018.csv
12,"Man stelle sich vor: Ein Polizist entdeckt in einer Siedlung unzähliger gleichartiger Häuser, dass sich alle Haustüren mit einem kleinen Trick öffnen lassen, aber er warnt niemanden, damit er einfach in jedes Haus eindringen kann, falls irgendwann einmal zufällig in einem dieser Häuser eine Straftat begangen werden sollte. – Genauso soll es mit unser aller Handys und Computer laufen.",Civil Rights,0,Technology,Technology,Technology,19068_Tagesordnungspunkt_5_LINKE_Domscheit-Berg_ID196802300_29.11.2018.csv
13,"Die gesamtgesellschaftlichen und weltweiten Risiken eines derartigen staatlichen Handelns sind so gravierend, dass die Behauptung, man täte das im Interesse unserer Sicherheit, eine Beleidigung des gesunden Menschenverstandes ist.",Civil Rights,0,Technology,Technology,Technology,19068_Tagesordnungspunkt_5_LINKE_Domscheit-Berg_ID196802300_29.11.2018.csv
14,"Die Linke fordert daher, dass alle in Behörden bekannten Sicherheitslücken gemeldet werden müssen, um sie zu schließen; das will ja auch die FDP.",Civil Rights,0,Technology,Technology,Technology,19068_Tagesordnungspunkt_5_LINKE_Domscheit-Berg_ID196802300_29.11.2018.csv
15,"Wir wünschen uns auch mehr staatliche Förderung anwenderfreundlicher Verschlüsselungssoftware, vor allem für Open-Source-Lösungen; denn sie sind transparent und überprüfbar, was Vertrauen und Akzeptanz erhöht.",Civil Rights,0,Technology,Technology,Technology,19068_Tagesordnungspunkt_5_LINKE_Domscheit-Berg_ID196802300_29.11.2018.csv
16,Viele Softwareentwickler arbeiteten nach Snowden mit unbezahltem Engagement an solchen Open-Source-Lösungen.,Civil Rights,0,Technology,Technology,Technology,19068_Tagesordnungspunkt_5_LINKE_Domscheit-Berg_ID196802300_29.11.2018.csv
17,Ich möchte ihnen allen herzlich dafür danken.,Civil Rights,0,Technology,Technology,Technology,19068_Tagesordnungspunkt_5_LINKE_Domscheit-Berg_ID196802300_29.11.2018.csv
18,Ihre Programme sollten aber auch Behörden häufiger einsetzen.,Civil Rights,0,Technology,Technology,Technology,19068_Tagesordnungspunkt_5_LINKE_Domscheit-Berg_ID196802300_29.11.2018.csv
19,"Es ist doch ein Witz, dass es fast unmöglich ist, als Bürger oder Bürgerin auf elektronischem Weg verschlüsselt mit einer Behörde zu kommunizieren, wenn es um etwas anderes geht als um eine Steuererklärung.",Civil Rights,0,Technology,Technology,Technology,19068_Tagesordnungspunkt_5_LINKE_Domscheit-Berg_ID196802300_29.11.2018.csv
20,Das Recht auf Verschlüsselung für elektronische Kommunikation muss kommen.,Civil Rights,0,Technology,Technology,Technology,19068_Tagesordnungspunkt_5_LINKE_Domscheit-Berg_ID196802300_29.11.2018.csv
21,Staatliches Handeln darf niemals zur Schwächung der IT-Sicherheit beitragen.,Civil Rights,0,Technology,Technology,Technology,19068_Tagesordnungspunkt_5_LINKE_Domscheit-Berg_ID196802300_29.11.2018.csv
22,Daher begrüße ich den Antrag der FDP.,Civil Rights,0,Technology,Technology,Technology,19068_Tagesordnungspunkt_5_LINKE_Domscheit-Berg_ID196802300_29.11.2018.csv
23,"Und leider muss ich noch immer sagen, dass ich im Übrigen der Auffassung bin, dass Informationen zu Schwangerschaftsabbrüchen nichts im Strafrecht verloren haben. § 219a Strafgesetzbuch muss weg!",Civil Rights,0,Technology,Technology,Technology,19068_Tagesordnungspunkt_5_LINKE_Domscheit-Berg_ID196802300_29.11.2018.csv
24,"Vielen Dank, Anke Domscheidt-Berg. – Nächster Redner: Dr.",*,0,Technology,Technology,Technology,19068_Tagesordnungspunkt_5_LINKE_Domscheit-Berg_ID196802300_29.11.2018.csv
25,"Konstantin von Notz, Bündnis 90/Die Grünen.",*,0,Technology,Technology,Technology,19068_Tagesordnungspunkt_5_LINKE_Domscheit-Berg_ID196802300_29.11.2018.csv
