,text,label_gold,segment_id,label_bert,label_parlbert,label_svm,speech_id
0,Sehr geehrte Frau Präsidentin!,*,0,Technology,Technology,Civil,19068_Tagesordnungspunkt_5_AfD_Cotar_ID196802100_29.11.2018.csv
1,Liebe Kollegen!,*,0,Technology,Technology,Civil,19068_Tagesordnungspunkt_5_AfD_Cotar_ID196802100_29.11.2018.csv
2,"In der heutigen Debatte zum Thema „Recht auf Verschlüsselung“ geht es um Vertrauen und Freiheit: Vertrauen der Bürger in die Digitalisierung, Vertrauen darauf, dass die eigenen Daten geschützt sind, Vertrauen auch darauf, dass die Politik die Freiheit der Bürger nicht mehr und mehr aushöhlt.",Civil Rights,0,Technology,Technology,Civil,19068_Tagesordnungspunkt_5_AfD_Cotar_ID196802100_29.11.2018.csv
3,"Im Jahr 2008 stellte das Bundesverfassungsgericht fest, dass der Staat die Vertraulichkeit und Integrität von IT-Systemen als Grundrecht zu gewährleisten hat.",Civil Rights,0,Technology,Technology,Civil,19068_Tagesordnungspunkt_5_AfD_Cotar_ID196802100_29.11.2018.csv
4,"Die Verschlüsselung von Daten stellt, gemäß dieser Entscheidung, eine staatliche Schutzpflicht dar.",Civil Rights,0,Technology,Technology,Civil,19068_Tagesordnungspunkt_5_AfD_Cotar_ID196802100_29.11.2018.csv
5,Ein Nichthandeln durch die Bundesregierung kommt damit einer Nichterfüllung dieser Pflicht gleich.,Civil Rights,0,Technology,Technology,Civil,19068_Tagesordnungspunkt_5_AfD_Cotar_ID196802100_29.11.2018.csv
6,Natürlich: Eine hundertprozentige digitale Sicherheit gibt es nicht.,Civil Rights,0,Technology,Technology,Civil,19068_Tagesordnungspunkt_5_AfD_Cotar_ID196802100_29.11.2018.csv
7,"Trotzdem muss die Regierung hier eine Vorreiterrolle einnehmen und Anstrengungen unternehmen, die erforderlichen Technologien zu entwickeln, bereitzustellen und Anwendungen zu unterstützen.",Civil Rights,0,Technology,Technology,Civil,19068_Tagesordnungspunkt_5_AfD_Cotar_ID196802100_29.11.2018.csv
8,Effektive und sichere Verschlüsselungstechnologien sind schon seit Jahren auf dem Markt und vielfach erprobt.,Civil Rights,0,Technology,Technology,Civil,19068_Tagesordnungspunkt_5_AfD_Cotar_ID196802100_29.11.2018.csv
9,Ende-zu-Ende-Verschlüsselungen sind bereits technischer Standard und für die private Kommunikation im Internet der einzig sinnvolle Weg.,Civil Rights,0,Technology,Technology,Civil,19068_Tagesordnungspunkt_5_AfD_Cotar_ID196802100_29.11.2018.csv
10,"Das Problem ist die konsequente Anwendung von Verschlüsselungssystemen, und hier hakt es.",Civil Rights,0,Technology,Technology,Civil,19068_Tagesordnungspunkt_5_AfD_Cotar_ID196802100_29.11.2018.csv
11,Hier muss mehr passieren.,Civil Rights,0,Technology,Technology,Civil,19068_Tagesordnungspunkt_5_AfD_Cotar_ID196802100_29.11.2018.csv
12,Wir brauchen eine digitale Aufklärung.,Civil Rights,0,Technology,Technology,Civil,19068_Tagesordnungspunkt_5_AfD_Cotar_ID196802100_29.11.2018.csv
13,Wir brauchen den mündigen Nutzer.,Civil Rights,0,Technology,Technology,Civil,19068_Tagesordnungspunkt_5_AfD_Cotar_ID196802100_29.11.2018.csv
14,Hier kann und sollte die Politik mehr leisten.,Civil Rights,0,Technology,Technology,Civil,19068_Tagesordnungspunkt_5_AfD_Cotar_ID196802100_29.11.2018.csv
15,"Alle Telekommunikationsanbieter nun aber zu verpflichten, ihre Kommunikationsdienste Ende-zu-Ende-verschlüsselt anzubieten, liebe FDP, darüber sollten wir noch einmal diskutieren; denn so liberal kommt mir dieser Vorschlag tatsächlich nicht vor.",Civil Rights,0,Technology,Technology,Civil,19068_Tagesordnungspunkt_5_AfD_Cotar_ID196802100_29.11.2018.csv
16,"Ich bin aber völlig bei Ihnen, wenn es darum geht, gesetzliche Beschränkungen und Verbote von Verschlüsselungen zu verhindern.",Civil Rights,0,Technology,Technology,Civil,19068_Tagesordnungspunkt_5_AfD_Cotar_ID196802100_29.11.2018.csv
17,"Denn es ist noch nicht so lange her, da sprachen sich Politiker in Deutschland gegen Verschlüsselungen aus.",Civil Rights,0,Technology,Technology,Civil,19068_Tagesordnungspunkt_5_AfD_Cotar_ID196802100_29.11.2018.csv
18,"Wir erinnern uns an Herrn de Maizière: Der Staat sollte allzeit vollen Zugriff auf alle Daten bekommen. – Ein interessantes Verständnis von Freiheit, meine Damen und Herren.",Civil Rights,0,Technology,Technology,Civil,19068_Tagesordnungspunkt_5_AfD_Cotar_ID196802100_29.11.2018.csv
19,Dabei zeigen Sie doch immer so gern mit dem Finger auf andere Länder und mahnen zu Demokratie und zu Moral.,Civil Rights,0,Technology,Technology,Civil,19068_Tagesordnungspunkt_5_AfD_Cotar_ID196802100_29.11.2018.csv
20,"Liebe Regierungsparteien, zeigen Sie, dass Sie besser sind als die Staaten, die Sie ständig kritisieren, und erteilen Sie Verschlüsselungsbeschränkungen eine endgültige Absage!",Civil Rights,0,Technology,Technology,Civil,19068_Tagesordnungspunkt_5_AfD_Cotar_ID196802100_29.11.2018.csv
21,Gerade auch im Hinblick auf Quantencomputer ist eine Weiterentwicklung der Verschlüsselungstechnologien ein Muss.,Technology,0,Technology,Technology,Civil,19068_Tagesordnungspunkt_5_AfD_Cotar_ID196802100_29.11.2018.csv
22,"Quantencomputer werden Probleme in einer Geschwindigkeit lösen können, die jeden heutigen Supercomputer in den Schatten stellt.",Technology,0,Technology,Technology,Civil,19068_Tagesordnungspunkt_5_AfD_Cotar_ID196802100_29.11.2018.csv
23,"Viele heute als sicher eingestufte Verschlüsselungssysteme können in Zukunft geknackt werden, und zwar auch rückwirkend.",Technology,0,Technology,Technology,Civil,19068_Tagesordnungspunkt_5_AfD_Cotar_ID196802100_29.11.2018.csv
24,China hat die Chancen und Risiken der Quantentechnologie längst erkannt; auch die USA sind uns wieder meilenweit voraus.,Technology,0,Technology,Technology,Civil,19068_Tagesordnungspunkt_5_AfD_Cotar_ID196802100_29.11.2018.csv
25,"Deutschland muss einen ordentlichen Sprint hinlegen, um hier wieder aufzuholen.",Technology,0,Technology,Technology,Civil,19068_Tagesordnungspunkt_5_AfD_Cotar_ID196802100_29.11.2018.csv
26,Stattdessen geben wir allzu oft den Fußkranken.,Technology,0,Technology,Technology,Civil,19068_Tagesordnungspunkt_5_AfD_Cotar_ID196802100_29.11.2018.csv
27,"Im Zeitalter der Digitalisierung, in dem wir über autonomes Fahren, über das Internet der Dinge, über E-Health, über E-Government, über Industrie 4.0 – all die schönen Schlagwörter, die so gut wie jeder Kollege hier in seine Rede einpflegt – reden, in so einem Zeitalter ist alles hinfällig ohne die Sicherheit der Daten.",Technology,0,Technology,Technology,Civil,19068_Tagesordnungspunkt_5_AfD_Cotar_ID196802100_29.11.2018.csv
28,Die öffentliche Verwaltung kann hier mit einem guten Beispiel vorangehen.,Technology,0,Technology,Technology,Civil,19068_Tagesordnungspunkt_5_AfD_Cotar_ID196802100_29.11.2018.csv
29,"Dem Vorschlag, dass sie die Verwendung von Verschlüsselungstechnologien fördern soll, können wir gerne folgen.",Technology,0,Technology,Technology,Civil,19068_Tagesordnungspunkt_5_AfD_Cotar_ID196802100_29.11.2018.csv
30,"Das kann auch das Vertrauen der Bürger stärken, die völlig zu Recht sehr vorsichtig mit ihren persönlichen Daten umgehen.",Civil Rights,0,Technology,Technology,Civil,19068_Tagesordnungspunkt_5_AfD_Cotar_ID196802100_29.11.2018.csv
31,"Denn immer wieder hört und liest man von schweren Sicherheitslücken bei Anwendungen, die die Datensicherheit der Bürger bedrohen.",Civil Rights,0,Technology,Technology,Civil,19068_Tagesordnungspunkt_5_AfD_Cotar_ID196802100_29.11.2018.csv
32,Der Spruch der FDP „Bedenken second“ ist daher nicht immer angebracht.,Civil Rights,0,Technology,Technology,Civil,19068_Tagesordnungspunkt_5_AfD_Cotar_ID196802100_29.11.2018.csv
33,"Auch ich trete für mehr Innovation, für eine Änderung der Denkweise ein: Nicht immer nur das Risiko, nicht immer nur die Gefahr sehen, sondern auch mal eine Chance.",Civil Rights,0,Technology,Technology,Civil,19068_Tagesordnungspunkt_5_AfD_Cotar_ID196802100_29.11.2018.csv
34,"Aber in Sachen Datensicherheit, gerade wenn es um private Informationen geht, sollte man keine Kompromisse eingehen.",Civil Rights,0,Technology,Technology,Civil,19068_Tagesordnungspunkt_5_AfD_Cotar_ID196802100_29.11.2018.csv
35,Hier geht der Schutz der Bürger vor.,Civil Rights,0,Technology,Technology,Civil,19068_Tagesordnungspunkt_5_AfD_Cotar_ID196802100_29.11.2018.csv
36,Doch der Bürger muss nicht nur vor den Kriminellen beschützt werden: Leider greift der Staat mehr und mehr in die Freiheitsrechte und die digitale Privatsphäre der Menschen ein.,Civil Rights,0,Technology,Technology,Civil,19068_Tagesordnungspunkt_5_AfD_Cotar_ID196802100_29.11.2018.csv
37,Die Regierung möchte sich gerne sogenannte Backdoors offenhalten.,Civil Rights,0,Technology,Technology,Civil,19068_Tagesordnungspunkt_5_AfD_Cotar_ID196802100_29.11.2018.csv
38,"Die Industrie soll sich verpflichten, in ihre Produkte Hintertüren einzubauen und diese den Sicherheitsbehörden zur Verfügung zu stellen, sodass Pkws, Computer oder sogar Unterhaltungs- und Haushaltsgeräte zur umfassenden Überwachung genutzt werden können.",Civil Rights,0,Technology,Technology,Civil,19068_Tagesordnungspunkt_5_AfD_Cotar_ID196802100_29.11.2018.csv
39,"Gleiches gilt für die Zero-Day-Exploits, Schwachstellen in IT-Systemen, die die Regierung der Öffentlichkeit und sogar den Herstellern verschweigen möchte, um sie selbst zu nutzen.",Civil Rights,0,Technology,Technology,Civil,19068_Tagesordnungspunkt_5_AfD_Cotar_ID196802100_29.11.2018.csv
40,Der Handel mit solchen Sicherheitslücken ist mittlerweile ein lukratives Geschäft geworden.,Civil Rights,0,Technology,Technology,Civil,19068_Tagesordnungspunkt_5_AfD_Cotar_ID196802100_29.11.2018.csv
41,"Was passieren kann, wenn solche Schwachstellen nicht öffentlich gemacht werden, das haben wir vor kurzem beim „WannaCry“-Erpressungstrojaner gesehen.",Civil Rights,0,Technology,Technology,Civil,19068_Tagesordnungspunkt_5_AfD_Cotar_ID196802100_29.11.2018.csv
42,Dieser Trojaner hat eine Schwachstelle im Windows-System ausgenutzt und Hunderttausende Rechner befallen.,Civil Rights,0,Technology,Technology,Civil,19068_Tagesordnungspunkt_5_AfD_Cotar_ID196802100_29.11.2018.csv
43,Der Schaden wird auf circa 4 Milliarden Dollar geschätzt.,Civil Rights,0,Technology,Technology,Civil,19068_Tagesordnungspunkt_5_AfD_Cotar_ID196802100_29.11.2018.csv
44,"Die NSA wusste von dieser Schwachstelle, und sie hat sie verschwiegen.",Civil Rights,0,Technology,Technology,Civil,19068_Tagesordnungspunkt_5_AfD_Cotar_ID196802100_29.11.2018.csv
45,"Das sollte uns eigentlich Mahnung genug sein, doch nein: Gerade der Kauf, die Entwicklung und die Nutzung von solchen Sicherheitslücken durch Strafverfolgungs- und Sicherheitsbehörden werden von der Bundesregierung aktuell untersucht.",Civil Rights,0,Technology,Technology,Civil,19068_Tagesordnungspunkt_5_AfD_Cotar_ID196802100_29.11.2018.csv
46,"Die AfD fordert die Regierung auf, aus den gemachten Fehlern zu lernen: Sicherheitslücken und Schwachstellen sind sofort nach Entdeckung öffentlich zu machen, Backdoors ist eine Absage zu erteilen.",Civil Rights,0,Technology,Technology,Civil,19068_Tagesordnungspunkt_5_AfD_Cotar_ID196802100_29.11.2018.csv
47,"Wir fordern die Regierung auch auf, sich vehement Bestrebungen der Nachrichtendienste entgegenzustellen, Spionage-Schnittstellen im Internet zu verankern.",Civil Rights,0,Technology,Technology,Civil,19068_Tagesordnungspunkt_5_AfD_Cotar_ID196802100_29.11.2018.csv
48,"Denn was nützen die besten Verschlüsselungssysteme, wenn Behörden mithilfe von Nachschlüsseln jede vertrauliche Mitteilung und private Nachricht mitlesen können?",Civil Rights,0,Technology,Technology,Civil,19068_Tagesordnungspunkt_5_AfD_Cotar_ID196802100_29.11.2018.csv
49,Das Standardisierungsgremium der Internet-Ingenieure hat den Vorschlag der Sicherheitsbehörden abgelehnt.,Civil Rights,0,Technology,Technology,Civil,19068_Tagesordnungspunkt_5_AfD_Cotar_ID196802100_29.11.2018.csv
50,Diese wollen jetzt allerdings über das Europäische Institut für Telekommunikationsstandards gehen und ihre Ideen so doch noch durchbringen.,Civil Rights,0,Technology,Technology,Civil,19068_Tagesordnungspunkt_5_AfD_Cotar_ID196802100_29.11.2018.csv
51,"Und wenn die EU einmal involviert ist, geht es in der Regel nicht gut aus für uns Bürger.",Civil Rights,0,Technology,Technology,Civil,19068_Tagesordnungspunkt_5_AfD_Cotar_ID196802100_29.11.2018.csv
52,"Selbstverständlich müssen wir unsere Sicherheitsbehörden in die Lage versetzen, auch tatsächlich für unseren Schutz zu sorgen, gerade in Zeiten des weltweiten und aktiven Terrorismus.",Civil Rights,0,Technology,Technology,Civil,19068_Tagesordnungspunkt_5_AfD_Cotar_ID196802100_29.11.2018.csv
53,Eingriffe des Staates in die Rechte der Bürger dürfen aber nur bei unabweisbarer Notwendigkeit und unter richterlicher Kontrolle erfolgen.,Civil Rights,0,Technology,Technology,Civil,19068_Tagesordnungspunkt_5_AfD_Cotar_ID196802100_29.11.2018.csv
54,"Das heißt nicht, dass der Staat jeden Bürger bis ins kleinste Detail ausspionieren darf.",Civil Rights,0,Technology,Technology,Civil,19068_Tagesordnungspunkt_5_AfD_Cotar_ID196802100_29.11.2018.csv
55,"Und warum sollen für Zugriffe in der digitalen Welt andere, geringere Anforderungen gelten als in der analogen?",Civil Rights,0,Technology,Technology,Civil,19068_Tagesordnungspunkt_5_AfD_Cotar_ID196802100_29.11.2018.csv
56,"Nicht alles, was möglich ist, sollte man auch machen.",Civil Rights,0,Technology,Technology,Civil,19068_Tagesordnungspunkt_5_AfD_Cotar_ID196802100_29.11.2018.csv
57,"Apropos „nicht machen“: Zur digitalen Jagd zu blasen und Dieselfahrer per Massenüberwachung besser zu kontrollieren und zu verfolgen als so manchen Verbrecher in diesem Land: ganz dumme Idee, Herr Scheuer!",Civil Rights,0,Technology,Technology,Civil,19068_Tagesordnungspunkt_5_AfD_Cotar_ID196802100_29.11.2018.csv
58,Die AfD sagt ganz klar Nein zu einer solch anlasslosen Überwachung aller Pkws und Nein zu den Träumen eines solchen Überwachungsstaates.,Civil Rights,0,Technology,Technology,Civil,19068_Tagesordnungspunkt_5_AfD_Cotar_ID196802100_29.11.2018.csv
59,"Liebe Bundesregierung, werden Sie sich Ihrer Verantwortung bewusst!",Civil Rights,0,Technology,Technology,Civil,19068_Tagesordnungspunkt_5_AfD_Cotar_ID196802100_29.11.2018.csv
60,"Schützen Sie Ihre Bürger, und lassen Sie ihnen gleichzeitig die Freiheit, die sie brauchen und die in einer Demokratie selbstverständlich ist!",Civil Rights,0,Technology,Technology,Civil,19068_Tagesordnungspunkt_5_AfD_Cotar_ID196802100_29.11.2018.csv
61,Eine freiheitliche Gesellschaft braucht die Privatheit.,Civil Rights,0,Technology,Technology,Civil,19068_Tagesordnungspunkt_5_AfD_Cotar_ID196802100_29.11.2018.csv
62,Die AfD steht für vernünftigen Datenschutz und den Schutz der Bürger.,Civil Rights,0,Technology,Technology,Civil,19068_Tagesordnungspunkt_5_AfD_Cotar_ID196802100_29.11.2018.csv
63,"Wir wehren uns gegen eine flächendeckende Überwachung, die alle Bürger zu potenziellen Verdächtigen macht, während Überwachungen an anderen wichtigen, neuralgischen Stellen völlig fehlen.",Civil Rights,0,Technology,Technology,Civil,19068_Tagesordnungspunkt_5_AfD_Cotar_ID196802100_29.11.2018.csv
64,Freiheit im Netz bedeutet für uns als Alternative noch mehr.,Civil Rights,0,Technology,Technology,Civil,19068_Tagesordnungspunkt_5_AfD_Cotar_ID196802100_29.11.2018.csv
65,Denn im Deutschland von Merkel und Maas werden selbst Meinungen in sozialen Netzwerken kontrolliert und überwacht.,Civil Rights,0,Technology,Technology,Civil,19068_Tagesordnungspunkt_5_AfD_Cotar_ID196802100_29.11.2018.csv
66,"Wer falsch denkt, ist schnell gelöscht.",Civil Rights,0,Technology,Technology,Civil,19068_Tagesordnungspunkt_5_AfD_Cotar_ID196802100_29.11.2018.csv
67,"Das Ergebnis ist eine vorauseilende Selbstzensur, und das bedeutet nichts anderes als eine Einschränkung der Meinungsfreiheit.",Civil Rights,0,Technology,Technology,Civil,19068_Tagesordnungspunkt_5_AfD_Cotar_ID196802100_29.11.2018.csv
68,"Die AfD steht für ein freies Internet ohne Meinungszensur, ohne NetzDG und ohne Upload-Filter.",Civil Rights,0,Technology,Technology,Civil,19068_Tagesordnungspunkt_5_AfD_Cotar_ID196802100_29.11.2018.csv
69,Das Grundrecht auf Meinungs- und Informationsfreiheit muss geschützt werden.,Civil Rights,0,Technology,Technology,Civil,19068_Tagesordnungspunkt_5_AfD_Cotar_ID196802100_29.11.2018.csv
70,Die Gesellschaft und die Bürger in diesem Land haben ein garantiertes Recht darauf.,Civil Rights,0,Technology,Technology,Civil,19068_Tagesordnungspunkt_5_AfD_Cotar_ID196802100_29.11.2018.csv
71,Vielen Dank.,*,0,Technology,Technology,Civil,19068_Tagesordnungspunkt_5_AfD_Cotar_ID196802100_29.11.2018.csv
72,"Vielen Dank, Kollegin Cotar. – Nächster Redner: Sebastian Hartmann für die SPD-Fraktion.",*,0,Technology,Technology,Civil,19068_Tagesordnungspunkt_5_AfD_Cotar_ID196802100_29.11.2018.csv
