,text,label_gold,segment_id,label_bert,label_parlbert,label_svm,speech_id
0,Frau Präsidentin!,*,0,Housing,Housing,Housing,19068_Tagesordnungspunkt_8_CDU_CSU_Winkelmeier-Becker_ID196810300_29.11.2018.csv
1,Liebe Kolleginnen und Kollegen!,*,0,Housing,Housing,Housing,19068_Tagesordnungspunkt_8_CDU_CSU_Winkelmeier-Becker_ID196810300_29.11.2018.csv
2,Liebe Zuhörerinnen und Zuhörer!,*,0,Housing,Housing,Housing,19068_Tagesordnungspunkt_8_CDU_CSU_Winkelmeier-Becker_ID196810300_29.11.2018.csv
3,Wir debattieren hier oft über das Problem der steigenden Mieten in den großen Städten; aber auch in den Speckgürteln ist das ein bekanntes Phänomen.,Housing,0,Housing,Housing,Housing,19068_Tagesordnungspunkt_8_CDU_CSU_Winkelmeier-Becker_ID196810300_29.11.2018.csv
4,"Die steigenden Mieten sind der Grund dafür, dass wir heute mehrere Gesetze verabschieden, um in diesem Bereich Verbesserungen zu erzielen.",Housing,0,Housing,Housing,Housing,19068_Tagesordnungspunkt_8_CDU_CSU_Winkelmeier-Becker_ID196810300_29.11.2018.csv
5,"Zum einen haben wir heute schon die steuerliche Sonderabschreibung beschlossen, zum anderen heute Morgen die Grundgesetzänderung, die uns als Bund die Möglichkeit gibt, über das Jahr 2020 hinaus Gelder für den sozialen Wohnungsbau in den Bundesländern beizusteuern.",Housing,0,Housing,Housing,Housing,19068_Tagesordnungspunkt_8_CDU_CSU_Winkelmeier-Becker_ID196810300_29.11.2018.csv
6,"Außerdem gibt es das Baukindergeld, das schon gut nachgefragt wird.",Housing,0,Housing,Housing,Housing,19068_Tagesordnungspunkt_8_CDU_CSU_Winkelmeier-Becker_ID196810300_29.11.2018.csv
7,"All das sind Maßnahmen, um an dem strukturellen Grund und dem Urproblem dieser Mie­tenentwicklung zu arbeiten: Wir müssen mehr Wohnraum schaffen.",Housing,0,Housing,Housing,Housing,19068_Tagesordnungspunkt_8_CDU_CSU_Winkelmeier-Becker_ID196810300_29.11.2018.csv
8,Aber heute Abend geht es um den Beitrag der Rechtspolitik.,Housing,0,Housing,Housing,Housing,19068_Tagesordnungspunkt_8_CDU_CSU_Winkelmeier-Becker_ID196810300_29.11.2018.csv
9,"Ich glaube, dass wir in diesem Bereich Wichtiges leisten.",Housing,0,Housing,Housing,Housing,19068_Tagesordnungspunkt_8_CDU_CSU_Winkelmeier-Becker_ID196810300_29.11.2018.csv
10,Neben den Korrekturen an der Mietpreisbremse sind vor allem die neuen Kappungsgrenzen bei den Modernisierungsmieterhöhungen wichtig.,Housing,0,Housing,Housing,Housing,19068_Tagesordnungspunkt_8_CDU_CSU_Winkelmeier-Becker_ID196810300_29.11.2018.csv
11,"Sie helfen gerade bei den Bestandsmieten, bei den Bestandsverträgen.",Housing,0,Housing,Housing,Housing,19068_Tagesordnungspunkt_8_CDU_CSU_Winkelmeier-Becker_ID196810300_29.11.2018.csv
12,Das ist ein ganz wichtiger Hebel; denn die Modernisierung ist häufig der Grund für sehr hohe Mieterhöhungen.,Housing,0,Housing,Housing,Housing,19068_Tagesordnungspunkt_8_CDU_CSU_Winkelmeier-Becker_ID196810300_29.11.2018.csv
13,"Wenn der Vermieter alleine darüber entscheiden kann, inwieweit der Mieter die Kosten, die durch eine Modernisierung entstehen, finanzieren muss, kommt es teilweise zu Mieterhöhungen von 50 Prozent und mehr.",Housing,0,Housing,Housing,Housing,19068_Tagesordnungspunkt_8_CDU_CSU_Winkelmeier-Becker_ID196810300_29.11.2018.csv
14,"Das ist im Prinzip das strukturelle Problem bei Modernisierungsmieterhöhungen: Der eine entscheidet, und der andere bezahlt.",Housing,0,Housing,Housing,Housing,19068_Tagesordnungspunkt_8_CDU_CSU_Winkelmeier-Becker_ID196810300_29.11.2018.csv
15,"Deshalb ist es richtig, dass wir an diesem Punkt ansetzen.",Housing,0,Housing,Housing,Housing,19068_Tagesordnungspunkt_8_CDU_CSU_Winkelmeier-Becker_ID196810300_29.11.2018.csv
16,"Wir senken die Umlage der Modernisierungskosten von 11 Prozent auf 8 Prozent im Jahr und haben ganz bewusst darauf verzichtet, das zeitlich oder regional zu begrenzen.",Housing,0,Housing,Housing,Housing,19068_Tagesordnungspunkt_8_CDU_CSU_Winkelmeier-Becker_ID196810300_29.11.2018.csv
17,"Wir haben darauf verzichtet, es den Landesregierungen zu überlassen, ob das in dem jeweiligen Bundesland gilt oder nicht.",Housing,0,Housing,Housing,Housing,19068_Tagesordnungspunkt_8_CDU_CSU_Winkelmeier-Becker_ID196810300_29.11.2018.csv
18,Wir haben es schlichtweg ins Gesetz geschrieben – bundesweit geltend und ohne Begrenzung.,Housing,0,Housing,Housing,Housing,19068_Tagesordnungspunkt_8_CDU_CSU_Winkelmeier-Becker_ID196810300_29.11.2018.csv
19,Neu ist der absolute Deckel von 3 Euro pro Quadratmeter für sechs Jahre.,Housing,0,Housing,Housing,Housing,19068_Tagesordnungspunkt_8_CDU_CSU_Winkelmeier-Becker_ID196810300_29.11.2018.csv
20,Das lässt sich zum ersten Mal an die Angaben eines Vertrages knüpfen.,Housing,0,Housing,Housing,Housing,19068_Tagesordnungspunkt_8_CDU_CSU_Winkelmeier-Becker_ID196810300_29.11.2018.csv
21,"Bisher ging es immer nur darum, die Kosten umzulegen.",Housing,0,Housing,Housing,Housing,19068_Tagesordnungspunkt_8_CDU_CSU_Winkelmeier-Becker_ID196810300_29.11.2018.csv
22,Jetzt geht es auch darum: Welche Größe hat die Mietwohnung?,Housing,0,Housing,Housing,Housing,19068_Tagesordnungspunkt_8_CDU_CSU_Winkelmeier-Becker_ID196810300_29.11.2018.csv
23,Was kann bei welcher Größe umgelegt werden?,Housing,0,Housing,Housing,Housing,19068_Tagesordnungspunkt_8_CDU_CSU_Winkelmeier-Becker_ID196810300_29.11.2018.csv
24,– Das schafft Sicherheit.,Housing,0,Housing,Housing,Housing,19068_Tagesordnungspunkt_8_CDU_CSU_Winkelmeier-Becker_ID196810300_29.11.2018.csv
25,Bei einer Wohnung von 50 Quadratmetern kann eben innerhalb von sechs Jahren nur ein Betrag von monatlich 150 Euro dazukommen oder bei 80 Quadratmetern von 240 Euro.,Housing,0,Housing,Housing,Housing,19068_Tagesordnungspunkt_8_CDU_CSU_Winkelmeier-Becker_ID196810300_29.11.2018.csv
26,"Uns war wichtig, uns ganz gezielt auch um das untere Marktsegment zu kümmern.",Housing,0,Housing,Housing,Housing,19068_Tagesordnungspunkt_8_CDU_CSU_Winkelmeier-Becker_ID196810300_29.11.2018.csv
27,"Denn hier ist oft das kleine Budget der Grund dafür, dass man mit einfachen Wohnungen zufrieden ist.",Housing,0,Housing,Housing,Housing,19068_Tagesordnungspunkt_8_CDU_CSU_Winkelmeier-Becker_ID196810300_29.11.2018.csv
28,In diesem Marktsegment sind hohe Mietsteigerungen ganz besonders belastend für die Mieter.,Housing,0,Housing,Housing,Housing,19068_Tagesordnungspunkt_8_CDU_CSU_Winkelmeier-Becker_ID196810300_29.11.2018.csv
29,Deshalb haben wir eine zusätzliche Grenze bei einer Miete von unter 7 Euro pro Quadratmeter gezogen.,Housing,0,Housing,Housing,Housing,19068_Tagesordnungspunkt_8_CDU_CSU_Winkelmeier-Becker_ID196810300_29.11.2018.csv
30,Unterhalb dieser Grenze können nur 2 Euro pro Quadratmeter an Modernisierungskosten umgelegt werden.,Housing,0,Housing,Housing,Housing,19068_Tagesordnungspunkt_8_CDU_CSU_Winkelmeier-Becker_ID196810300_29.11.2018.csv
31,"Das hat im Übrigen für alle Mieter Vorteile; denn es wirkt mittelbar über den Mietspiegel auf das, was in den übrigen Mietverhältnissen an Erhöhungen möglich ist.",Housing,0,Housing,Housing,Housing,19068_Tagesordnungspunkt_8_CDU_CSU_Winkelmeier-Becker_ID196810300_29.11.2018.csv
32,"Uns ist wichtig, auch an die kleinen privaten Vermieter zu denken.",Housing,0,Housing,Housing,Housing,19068_Tagesordnungspunkt_8_CDU_CSU_Winkelmeier-Becker_ID196810300_29.11.2018.csv
33,"Für sie führen wir mit diesem Gesetz ein neues, vereinfachtes Verfahren ein, damit sie kleinere Maßnahmen durchführen können, ohne im Sumpf der Bürokratie und des Rechnens unterzugehen.",Housing,0,Housing,Housing,Housing,19068_Tagesordnungspunkt_8_CDU_CSU_Winkelmeier-Becker_ID196810300_29.11.2018.csv
34,"Eine einfache Maßnahme, die sie ermutigen soll, ihre Wohnungen modern und on top zu halten.",Housing,0,Housing,Housing,Housing,19068_Tagesordnungspunkt_8_CDU_CSU_Winkelmeier-Becker_ID196810300_29.11.2018.csv
35,Uns war außerdem – da waren wir uns einig – der Schutz der sozialen Mietverhältnisse wichtig.,Housing,0,Housing,Housing,Housing,19068_Tagesordnungspunkt_8_CDU_CSU_Winkelmeier-Becker_ID196810300_29.11.2018.csv
36,"Denn da, wo gewohnt wird, muss überall der gleiche Schutz gelten.",Housing,0,Housing,Housing,Housing,19068_Tagesordnungspunkt_8_CDU_CSU_Winkelmeier-Becker_ID196810300_29.11.2018.csv
37,Es ist also ein rundherum gutes Gesetz für viele Mieter in diesem Land.,Housing,0,Housing,Housing,Housing,19068_Tagesordnungspunkt_8_CDU_CSU_Winkelmeier-Becker_ID196810300_29.11.2018.csv
38,Vielen Dank.,*,0,Housing,Housing,Housing,19068_Tagesordnungspunkt_8_CDU_CSU_Winkelmeier-Becker_ID196810300_29.11.2018.csv
39,"Vielen Dank, Frau Kollegin Winkelmeier-Becker.
– Wir haben jetzt noch zwei Redebeiträge.",*,0,Housing,Housing,Housing,19068_Tagesordnungspunkt_8_CDU_CSU_Winkelmeier-Becker_ID196810300_29.11.2018.csv
40,"Ich würde Sie bitten, den beiden Kollegen Ihre Aufmerksamkeit zu schenken.",*,0,Housing,Housing,Housing,19068_Tagesordnungspunkt_8_CDU_CSU_Winkelmeier-Becker_ID196810300_29.11.2018.csv
41,Es herrscht hier ein unglaublich lauter Geräusch­pegel.,*,0,Housing,Housing,Housing,19068_Tagesordnungspunkt_8_CDU_CSU_Winkelmeier-Becker_ID196810300_29.11.2018.csv
42,"Ich bitte Sie, die beiden Redner zu respektieren und ihnen zuzuhören.",*,0,Housing,Housing,Housing,19068_Tagesordnungspunkt_8_CDU_CSU_Winkelmeier-Becker_ID196810300_29.11.2018.csv
43,Michael Groß ist der Nächste für die SPD-Fraktion.,*,0,Housing,Housing,Housing,19068_Tagesordnungspunkt_8_CDU_CSU_Winkelmeier-Becker_ID196810300_29.11.2018.csv
