,text,label_gold,segment_id,label_bert,label_parlbert,label_svm,speech_id
0,Frau Präsidentin!,*,0,Civil,Technology,Civil,19068_Tagesordnungspunkt_5_LINKE_Movassat_ID196802600_29.11.2018.csv
1,Meine Damen und Herren!,*,0,Civil,Technology,Civil,19068_Tagesordnungspunkt_5_LINKE_Movassat_ID196802600_29.11.2018.csv
2,Wir reden über ein wichtiges Thema: das Recht auf Verschlüsselung und den Schutz der digitalen Kommunikation.,Civil Rights,0,Civil,Technology,Civil,19068_Tagesordnungspunkt_5_LINKE_Movassat_ID196802600_29.11.2018.csv
3,"Wo man früher Briefe schrieb, werden heute E-Mails oder WhatsApp-Nachrichten verschickt.",Civil Rights,0,Civil,Technology,Civil,19068_Tagesordnungspunkt_5_LINKE_Movassat_ID196802600_29.11.2018.csv
4,"Unsere Kommunikation hat sich grundlegend verändert, und die digitale Kommunikation ist die Kommunikationsform geworden.",Civil Rights,0,Civil,Technology,Civil,19068_Tagesordnungspunkt_5_LINKE_Movassat_ID196802600_29.11.2018.csv
5,"Das Bundesverfassungsgericht hat dem Rechnung getragen, indem es schon 2008 das IT-Grundrecht entwickelte.",Civil Rights,0,Civil,Technology,Civil,19068_Tagesordnungspunkt_5_LINKE_Movassat_ID196802600_29.11.2018.csv
6,"Dieses besagt, dass der Staat die Vertraulichkeit der digitalen Kommunikation gewährleisten und schützen muss.",Civil Rights,0,Civil,Technology,Civil,19068_Tagesordnungspunkt_5_LINKE_Movassat_ID196802600_29.11.2018.csv
7,"Eingriffe in das Grundrecht sind nur ausnahmsweise erlaubt, um etwa Verbrechen aufzuklären.",Civil Rights,0,Civil,Technology,Civil,19068_Tagesordnungspunkt_5_LINKE_Movassat_ID196802600_29.11.2018.csv
8,Man kann die Relevanz des IT-Grundrechts nicht genügend betonen; denn eine freiheitliche Demokratie braucht die Möglichkeit der vertraulichen Kommunikation der Bürgerinnen und Bürger untereinander.,Civil Rights,0,Civil,Technology,Civil,19068_Tagesordnungspunkt_5_LINKE_Movassat_ID196802600_29.11.2018.csv
9,"Um das IT-Grundrecht verwirklichen zu können, braucht es die Verschlüsselung.",Civil Rights,0,Civil,Technology,Civil,19068_Tagesordnungspunkt_5_LINKE_Movassat_ID196802600_29.11.2018.csv
10,"Nur wer seine digitalen Nachrichten verschlüsselt, kann sicher sein, dass nur der Empfänger diese Nachrichten liest.",Civil Rights,0,Civil,Technology,Civil,19068_Tagesordnungspunkt_5_LINKE_Movassat_ID196802600_29.11.2018.csv
11,"Doch der Schutz der digitalen Kommunikation ist gefährdet, weil es – erstens – ein riesiges Kompetenzgerangel gibt.",Civil Rights,0,Civil,Technology,Civil,19068_Tagesordnungspunkt_5_LINKE_Movassat_ID196802600_29.11.2018.csv
12,"Eine Vielzahl von Behörden – BKA, Verfassungsschutz, BND, um nur einige zu nennen – sollen für die Cybersicherheit sorgen; aber bekanntlich verderben viele Köche den Brei.",Civil Rights,0,Civil,Technology,Civil,19068_Tagesordnungspunkt_5_LINKE_Movassat_ID196802600_29.11.2018.csv
13,Zweitens.,Civil Rights,0,Civil,Technology,Civil,19068_Tagesordnungspunkt_5_LINKE_Movassat_ID196802600_29.11.2018.csv
14,"Ein relevanter Teil der zuständigen Behörden – das ist ein großes Problem – ist nicht nur dafür zuständig, die Daten zu schützen, sondern soll die Daten auch abgreifen.",Civil Rights,0,Civil,Technology,Civil,19068_Tagesordnungspunkt_5_LINKE_Movassat_ID196802600_29.11.2018.csv
15,"So soll der Verfassungsschutz nicht nur vor Datenangriffen schützen, sondern, wenn es nach Herrn Seehofer geht, gleichzeitig demnächst Trojaner einsetzen dürfen, um zum Beispiel WhatsApp-Nachrichten mitlesen zu können.",Civil Rights,0,Civil,Technology,Civil,19068_Tagesordnungspunkt_5_LINKE_Movassat_ID196802600_29.11.2018.csv
16,"Entweder schützt eine Behörde die Kommunikation der Bürger, oder sie greift in diese ein.",Civil Rights,0,Civil,Technology,Civil,19068_Tagesordnungspunkt_5_LINKE_Movassat_ID196802600_29.11.2018.csv
17,"Aber beides geht nicht, weil das Vertrauen zerstört.",Civil Rights,0,Civil,Technology,Civil,19068_Tagesordnungspunkt_5_LINKE_Movassat_ID196802600_29.11.2018.csv
18,Drittens will die Bundesregierung Verschlüsselungen erschweren.,Civil Rights,0,Civil,Technology,Civil,19068_Tagesordnungspunkt_5_LINKE_Movassat_ID196802600_29.11.2018.csv
19,Seit April 2017 gibt es die Zentrale Stelle für Informationstechnik im Sicherheitsbereich.,Civil Rights,0,Civil,Technology,Civil,19068_Tagesordnungspunkt_5_LINKE_Movassat_ID196802600_29.11.2018.csv
20,"Diese Behörde hat vor allem einen Job, nämlich Verschlüsselungsmethoden zu brechen und Sicherheitslücken zu finden, nicht um die Sicherheitslücken zu schließen, sondern um sie zu nutzen, damit der Staat E-Mails und digitale Kommunikation bequem mitlesen kann.",Civil Rights,0,Civil,Technology,Civil,19068_Tagesordnungspunkt_5_LINKE_Movassat_ID196802600_29.11.2018.csv
21,"Wer Verschlüsselungsmethoden zerstört, der trifft nicht nur ein paar Verbrecher, sondern alle Menschen in diesem Land.",Civil Rights,0,Civil,Technology,Civil,19068_Tagesordnungspunkt_5_LINKE_Movassat_ID196802600_29.11.2018.csv
22,Diese Behörde ist ein Frontalangriff auf das IT-Grundrecht und gehört schnellstens aufgelöst.,Civil Rights,0,Civil,Technology,Civil,19068_Tagesordnungspunkt_5_LINKE_Movassat_ID196802600_29.11.2018.csv
23,"Meine Damen und Herren, der vorliegende FDP-Antrag geht in die richtige Richtung.",Civil Rights,0,Civil,Technology,Civil,19068_Tagesordnungspunkt_5_LINKE_Movassat_ID196802600_29.11.2018.csv
24,Es fehlen aber auch Punkte.,Civil Rights,0,Civil,Technology,Civil,19068_Tagesordnungspunkt_5_LINKE_Movassat_ID196802600_29.11.2018.csv
25,So brauchen wir – wie beim Bundesbeauftragten für Datenschutz – einen unabhängigen Bundesbeauftragten für Informationssicherheit.,Civil Rights,0,Civil,Technology,Civil,19068_Tagesordnungspunkt_5_LINKE_Movassat_ID196802600_29.11.2018.csv
26,Es gibt auch schon die passende Behörde.,Civil Rights,0,Civil,Technology,Civil,19068_Tagesordnungspunkt_5_LINKE_Movassat_ID196802600_29.11.2018.csv
27,"Das Bundesamt für Sicherheit in der Informationstechnik könnte dazu umgebaut werden, aber dafür muss es vom Innenministerium unabhängig sein.",Civil Rights,0,Civil,Technology,Civil,19068_Tagesordnungspunkt_5_LINKE_Movassat_ID196802600_29.11.2018.csv
28,"Dann hätten wir endlich eine Stelle in diesem Land, die die Kernaufgabe wahrnimmt, die digitale Sicherheit, das IT-Grundrecht der Bürgerinnen und Bürger, zu schützen.",Civil Rights,0,Civil,Technology,Civil,19068_Tagesordnungspunkt_5_LINKE_Movassat_ID196802600_29.11.2018.csv
29,Diese Aufgabe hat uns das Bundesverfassungsgericht mitgegeben.,Civil Rights,0,Civil,Technology,Civil,19068_Tagesordnungspunkt_5_LINKE_Movassat_ID196802600_29.11.2018.csv
30,"Es wird Zeit, dass wir das endlich umsetzen.",Civil Rights,0,Civil,Technology,Civil,19068_Tagesordnungspunkt_5_LINKE_Movassat_ID196802600_29.11.2018.csv
31,Danke schön.,*,0,Civil,Technology,Civil,19068_Tagesordnungspunkt_5_LINKE_Movassat_ID196802600_29.11.2018.csv
32,"Vielen Dank, Niema Movassat. – Nächste Rednerin für die SPD-Fraktion: Saskia Esken.",*,0,Civil,Technology,Civil,19068_Tagesordnungspunkt_5_LINKE_Movassat_ID196802600_29.11.2018.csv
