,text,label_gold,segment_id,label_bert,label_parlbert,label_svm,speech_id
0,Frau Präsidentin!,*,0,Housing,Housing,Government,19068_Tagesordnungspunkt_8_LINKE_Lay_ID196810000_29.11.2018.csv
1,Meine sehr verehrten Damen und Herren!,*,0,Housing,Housing,Government,19068_Tagesordnungspunkt_8_LINKE_Lay_ID196810000_29.11.2018.csv
2,Von einem bin ich wirklich überzeugt: dass dieses Gesetz die Mieten genauso wenig bremsen wird wie das bisherige Gesetz.,Housing,0,Housing,Housing,Government,19068_Tagesordnungspunkt_8_LINKE_Lay_ID196810000_29.11.2018.csv
3,"Diese angebliche Nachbesserung der Mietpreisbremse
ist reiner Etikettenschwindel.",Housing,0,Housing,Housing,Government,19068_Tagesordnungspunkt_8_LINKE_Lay_ID196810000_29.11.2018.csv
4,Kleine Verbesserungen im Detail – da sind auch wir als Linke dafür – wird es geben.,Housing,1,Housing,Housing,Government,19068_Tagesordnungspunkt_8_LINKE_Lay_ID196810000_29.11.2018.csv
5,Doch abgesehen von diesen doch eher kosmetischen Veränderungen wird an den Grundfehlern der Mietpreisbremse nichts geändert.,Housing,1,Housing,Housing,Government,19068_Tagesordnungspunkt_8_LINKE_Lay_ID196810000_29.11.2018.csv
6,Die zahlreichen Ausnahmen bleiben auch weiter bestehen.,Housing,1,Housing,Housing,Government,19068_Tagesordnungspunkt_8_LINKE_Lay_ID196810000_29.11.2018.csv
7,Man kann die Mietpreisbremse aus vielen Gründen ganz legal umgehen.,Housing,1,Housing,Housing,Government,19068_Tagesordnungspunkt_8_LINKE_Lay_ID196810000_29.11.2018.csv
8,"Daran ändert auch die Auskunftspflicht zur Höhe der Vormiete nichts, mit der Sie sich hier so rühmen.",Housing,1,Housing,Housing,Government,19068_Tagesordnungspunkt_8_LINKE_Lay_ID196810000_29.11.2018.csv
9,"Der Vermieter muss es zwar in Zukunft besser belegen, wenn er diese Ausnahme ziehen will; sie gilt aber weiterhin, und das ist das Problem.",Housing,1,Housing,Housing,Government,19068_Tagesordnungspunkt_8_LINKE_Lay_ID196810000_29.11.2018.csv
10,"Wir als Linke wollen eine Mietpreisbremse, die ohne Ausnahmen gilt.",Housing,1,Housing,Housing,Government,19068_Tagesordnungspunkt_8_LINKE_Lay_ID196810000_29.11.2018.csv
11,"Die Mietpreisbremse gilt ja ohnehin nur bei Neuvermietungen, also nur für Mieterinnen und Mieter, die umziehen.",Housing,1,Housing,Housing,Government,19068_Tagesordnungspunkt_8_LINKE_Lay_ID196810000_29.11.2018.csv
12,"Für Bestandsmieter, also für Leute mit ganz normalen alten Mietverträgen, tun Sie heute gar nichts.",Housing,1,Housing,Housing,Government,19068_Tagesordnungspunkt_8_LINKE_Lay_ID196810000_29.11.2018.csv
13,"Ich meine, man muss wirklich mit Scheuklappen durch dieses Land laufen, um diese Mietenexplosion bei den Altmietverträgen nicht zu sehen und nichts dagegen zu tun.",Housing,1,Housing,Housing,Government,19068_Tagesordnungspunkt_8_LINKE_Lay_ID196810000_29.11.2018.csv
14,Das ist wirklich völlig peinlich.,Housing,1,Housing,Housing,Government,19068_Tagesordnungspunkt_8_LINKE_Lay_ID196810000_29.11.2018.csv
15,Die Mietpreisbremse wird nach diesem Tag auch nicht flächendeckend gelten.,Housing,1,Housing,Housing,Government,19068_Tagesordnungspunkt_8_LINKE_Lay_ID196810000_29.11.2018.csv
16,Momentan gilt sie praktisch nur noch in der Hälfte der Bundesländer.,Housing,1,Housing,Housing,Government,19068_Tagesordnungspunkt_8_LINKE_Lay_ID196810000_29.11.2018.csv
17,Woanders wurde sie gar nicht erst eingeführt oder in der Zwischenzeit von Gerichten wegen falscher Umsetzung kassiert.,Housing,1,Housing,Housing,Government,19068_Tagesordnungspunkt_8_LINKE_Lay_ID196810000_29.11.2018.csv
18,Nächster Punkt: Verstöße gegen die Mietpreisbremse bleiben sanktionsfrei.,Housing,1,Housing,Housing,Government,19068_Tagesordnungspunkt_8_LINKE_Lay_ID196810000_29.11.2018.csv
19,Vor kurzem war davon schon einmal die Rede.,Housing,1,Housing,Housing,Government,19068_Tagesordnungspunkt_8_LINKE_Lay_ID196810000_29.11.2018.csv
20,"Wer ein paarmal ohne Fahrschein in der U-Bahn erwischt wird, der kann im Zweifel im Knast landen,
aber wer gegen die Mietpreisbremse verstößt, der muss kein Bußgeld fürchten.",Housing,2,Transportation,Housing,Government,19068_Tagesordnungspunkt_8_LINKE_Lay_ID196810000_29.11.2018.csv
21,"Entschuldigung, hier läuft ja wohl wirklich etwas schief.",Housing,2,Transportation,Housing,Government,19068_Tagesordnungspunkt_8_LINKE_Lay_ID196810000_29.11.2018.csv
22,Das Schärfste ist: Die Mietpreisbremse ist ja von vornherein nur auf fünf Jahre angelegt.,Housing,2,Transportation,Housing,Government,19068_Tagesordnungspunkt_8_LINKE_Lay_ID196810000_29.11.2018.csv
23,"Das heißt, in anderthalb Jahren läuft sie in den ersten Bundesländern schon wieder aus.",Housing,2,Transportation,Housing,Government,19068_Tagesordnungspunkt_8_LINKE_Lay_ID196810000_29.11.2018.csv
24,Wie absurd ist das denn?,Housing,2,Transportation,Housing,Government,19068_Tagesordnungspunkt_8_LINKE_Lay_ID196810000_29.11.2018.csv
25,"Sie machen hier viel Tamtam und sagen, Sie stellen sich vor die Rechte der Mieterinnen und Mieter, und in anderthalb Jahren gilt das Gesetz gar nicht mehr.",Housing,2,Transportation,Housing,Government,19068_Tagesordnungspunkt_8_LINKE_Lay_ID196810000_29.11.2018.csv
26,"Das ist doch wirklich ein Stück aus dem Tollhaus, meine Damen und Herren.",Housing,2,Transportation,Housing,Government,19068_Tagesordnungspunkt_8_LINKE_Lay_ID196810000_29.11.2018.csv
27,"Die Mietpreisbremse muss nachgebessert werden, und zwar richtig.",Housing,2,Transportation,Housing,Government,19068_Tagesordnungspunkt_8_LINKE_Lay_ID196810000_29.11.2018.csv
28,"Das Wichtigste wäre, dass sie jetzt erst einmal entfristet wird.",Housing,2,Transportation,Housing,Government,19068_Tagesordnungspunkt_8_LINKE_Lay_ID196810000_29.11.2018.csv
29,"Darüber wollen wir heute auch abstimmen lassen, und zwar namentlich; denn im Koalitionsvertrag konnten Sie sich nicht einigen.",Housing,2,Transportation,Housing,Government,19068_Tagesordnungspunkt_8_LINKE_Lay_ID196810000_29.11.2018.csv
30,Jetzt ist auch nichts dabei herausgekommen.,Housing,2,Transportation,Housing,Government,19068_Tagesordnungspunkt_8_LINKE_Lay_ID196810000_29.11.2018.csv
31,"Kein Mensch glaubt, dass es Ihnen gelingt, sich noch zu einigen.",Housing,2,Transportation,Housing,Government,19068_Tagesordnungspunkt_8_LINKE_Lay_ID196810000_29.11.2018.csv
32,"Ich bin wirklich gespannt, ob Sie dieses Instrument überhaupt wollen oder ob es Ihnen nur um Kosmetik und um Wählertäuschung geht.",Housing,2,Transportation,Housing,Government,19068_Tagesordnungspunkt_8_LINKE_Lay_ID196810000_29.11.2018.csv
33,Das braucht wirklich kein Mensch.,Housing,2,Transportation,Housing,Government,19068_Tagesordnungspunkt_8_LINKE_Lay_ID196810000_29.11.2018.csv
34,"Meine Damen und Herren, wir Linke fordern eine Mietpreisbremse ohne Ausnahmen, flächendeckend und unbefristet und mit einem richtigen Deckel.",Housing,2,Transportation,Housing,Government,19068_Tagesordnungspunkt_8_LINKE_Lay_ID196810000_29.11.2018.csv
35,Wir wollen auch die Bestandsmieten deckeln.,Housing,2,Transportation,Housing,Government,19068_Tagesordnungspunkt_8_LINKE_Lay_ID196810000_29.11.2018.csv
36,"Keine Mieterhöhung über dem Inflationsausgleich: Ich freue mich sehr, dass die SPD diese Forderung von uns in ihr Zwölf-Punkte-Papier übernommen hat.",Housing,2,Transportation,Housing,Government,19068_Tagesordnungspunkt_8_LINKE_Lay_ID196810000_29.11.2018.csv
37,"Ich bin aber auch gespannt, ob Sie denn gleich in der Abstimmung auch dazu stehen oder ob das nur wieder eine Forderung für den Presseverteiler war.",Housing,2,Transportation,Housing,Government,19068_Tagesordnungspunkt_8_LINKE_Lay_ID196810000_29.11.2018.csv
38,Bei der Absenkung der Modernisierungsumlage läuft das Spiel ja so: Der Mieter bezahlt die Modernisierung alleine.,Housing,2,Transportation,Housing,Government,19068_Tagesordnungspunkt_8_LINKE_Lay_ID196810000_29.11.2018.csv
39,"Wenn sie abbezahlt ist, zahlt er weiter eine überhöhte Miete und der Vermieter kassiert nur noch.",Housing,2,Transportation,Housing,Government,19068_Tagesordnungspunkt_8_LINKE_Lay_ID196810000_29.11.2018.csv
40,Nach altem Recht war das schon nach neun Jahren der Fall.,Housing,2,Transportation,Housing,Government,19068_Tagesordnungspunkt_8_LINKE_Lay_ID196810000_29.11.2018.csv
41,Nach der neuen Regelung ist das dann erst nach zwölf Jahren der Fall.,Housing,2,Transportation,Housing,Government,19068_Tagesordnungspunkt_8_LINKE_Lay_ID196810000_29.11.2018.csv
42,"Entschuldigung, das ist wirklich kein großer Wurf.",Housing,2,Transportation,Housing,Government,19068_Tagesordnungspunkt_8_LINKE_Lay_ID196810000_29.11.2018.csv
43,"Meine Damen und Herren, die Modernisierungsumlage als dauerhaftes Mietsteigerungsinstrument lehnen wir als Linke ab.",Housing,2,Transportation,Housing,Government,19068_Tagesordnungspunkt_8_LINKE_Lay_ID196810000_29.11.2018.csv
44,Wir wollen sie abschaffen.,Housing,2,Transportation,Housing,Government,19068_Tagesordnungspunkt_8_LINKE_Lay_ID196810000_29.11.2018.csv
45,Zu guter Letzt: Der Kündigungsschutz fehlt in diesem Gesetz komplett.,Housing,2,Transportation,Housing,Government,19068_Tagesordnungspunkt_8_LINKE_Lay_ID196810000_29.11.2018.csv
46,"Angesichts der Tatsache, dass 70 Prozent der Städter inzwischen Angst haben, ihre Wohnung zu verlieren, halte ich das für einen großen Skandal.",Housing,2,Transportation,Housing,Government,19068_Tagesordnungspunkt_8_LINKE_Lay_ID196810000_29.11.2018.csv
47,Kommen Sie bitte zum Schluss.,Housing,2,Transportation,Housing,Government,19068_Tagesordnungspunkt_8_LINKE_Lay_ID196810000_29.11.2018.csv
48,"Meine Damen und Herren, diese Mietpreisbremse verdient ihren Namen nicht.",Housing,2,Transportation,Housing,Government,19068_Tagesordnungspunkt_8_LINKE_Lay_ID196810000_29.11.2018.csv
49,Sie ist reiner Etikettenschwindel.,Housing,2,Transportation,Housing,Government,19068_Tagesordnungspunkt_8_LINKE_Lay_ID196810000_29.11.2018.csv
50,"Wir als Linke haben viele Anträge vorgelegt, die die Rechte von Mieterinnen und Mietern tatsächlich schützen.",Housing,2,Transportation,Housing,Government,19068_Tagesordnungspunkt_8_LINKE_Lay_ID196810000_29.11.2018.csv
51,Ich bitte Sie um Zustimmung.,Housing,2,Transportation,Housing,Government,19068_Tagesordnungspunkt_8_LINKE_Lay_ID196810000_29.11.2018.csv
52,Vielen Dank.,*,2,Transportation,Housing,Government,19068_Tagesordnungspunkt_8_LINKE_Lay_ID196810000_29.11.2018.csv
53,"Vielen Dank, Caren Lay. – Nächster Redner für Bündnis 90/Die Grünen: Chris Kühn.",*,2,Transportation,Housing,Government,19068_Tagesordnungspunkt_8_LINKE_Lay_ID196810000_29.11.2018.csv
