,text,label_gold,segment_id,label_bert,label_parlbert,label_svm,speech_id
0,Sehr geehrte Frau Präsidentin!,*,0,Housing,Housing,Government,19068_Tagesordnungspunkt_8_SPD_Gross_ID196810400_29.11.2018.csv
1,Liebe Kolleginnen und Kollegen!,*,0,Housing,Housing,Government,19068_Tagesordnungspunkt_8_SPD_Gross_ID196810400_29.11.2018.csv
2,Sehr geehrte Zuhörer und Zuhörerinnen!,*,0,Housing,Housing,Government,19068_Tagesordnungspunkt_8_SPD_Gross_ID196810400_29.11.2018.csv
3,"Der vorliegende Gesetzentwurf ist ein erster wichtiger und richtiger Schritt für die Mieter und Mieterinnen, weil damit die soziale Funktion des Mietrechts gestärkt wird.",Housing,0,Housing,Housing,Government,19068_Tagesordnungspunkt_8_SPD_Gross_ID196810400_29.11.2018.csv
4,"Wir haben in der Koalition dafür gearbeitet, und – ich spreche insbesondere die Kollegen der Union an – wir haben mehr erreicht, als im Koalitionsvertrag steht.",Housing,0,Housing,Housing,Government,19068_Tagesordnungspunkt_8_SPD_Gross_ID196810400_29.11.2018.csv
5,"Und es tat nicht weh, sondern wir haben mehr geschafft.",Housing,0,Housing,Housing,Government,19068_Tagesordnungspunkt_8_SPD_Gross_ID196810400_29.11.2018.csv
6,"Ich möchte insbesondere der Ministerin und ihrem Haus, aber auch uns allen danken, die an dem Gesetzentwurf mitgearbeitet haben.",Housing,0,Housing,Housing,Government,19068_Tagesordnungspunkt_8_SPD_Gross_ID196810400_29.11.2018.csv
7,"Dass wir nach sechs Monaten Regierungszeit einen solchen Gesetzentwurf auf den Weg gebracht haben, ist ganz wichtig für die Mieterinnen und Mieter in diesem Land.",Housing,0,Housing,Housing,Government,19068_Tagesordnungspunkt_8_SPD_Gross_ID196810400_29.11.2018.csv
8,"Es wurde schon auf vieles eingegangen, zum Beispiel auf die vorvertragliche Transparenz.",Housing,0,Housing,Housing,Government,19068_Tagesordnungspunkt_8_SPD_Gross_ID196810400_29.11.2018.csv
9,Ich will noch mal auf die Modernisierungsumlage eingehen.,Housing,0,Housing,Housing,Government,19068_Tagesordnungspunkt_8_SPD_Gross_ID196810400_29.11.2018.csv
10,"Das bedeutet beispielsweise, dass Mieter und Mieterinnen nach einer Modernisierung nicht mehr 180 Euro pro Monat dauerhaft mehr zahlen müssen.",Housing,0,Housing,Housing,Government,19068_Tagesordnungspunkt_8_SPD_Gross_ID196810400_29.11.2018.csv
11,Vielmehr senken wir das auf 130 Euro pro Monat dauerhaft ab.,Housing,0,Housing,Housing,Government,19068_Tagesordnungspunkt_8_SPD_Gross_ID196810400_29.11.2018.csv
12,"Ich glaube, das ist ein Riesenschritt für diejenigen, die ihre Wohnung nicht verlassen wollen oder die in eine neue Wohnung ziehen wollen.",Housing,0,Housing,Housing,Government,19068_Tagesordnungspunkt_8_SPD_Gross_ID196810400_29.11.2018.csv
13,"Auch für die ist wichtig, dass die Miete der neuen Wohnung nicht angehoben wird.",Housing,0,Housing,Housing,Government,19068_Tagesordnungspunkt_8_SPD_Gross_ID196810400_29.11.2018.csv
14,"Lassen Sie mich zum Schluss – zwei Minuten Redezeit sind sehr kurz – auf einige Dinge eingehen, die hier immer wieder vorgetragen werden: Der Markt soll es regeln. – Der Markt wird es nicht regeln.",Housing,0,Housing,Housing,Government,19068_Tagesordnungspunkt_8_SPD_Gross_ID196810400_29.11.2018.csv
15,"Grund und Boden sind begrenzt, weshalb der Markt es nicht regeln wird.",Housing,0,Housing,Housing,Government,19068_Tagesordnungspunkt_8_SPD_Gross_ID196810400_29.11.2018.csv
16,Wir brauchen Korrektive.,Housing,0,Housing,Housing,Government,19068_Tagesordnungspunkt_8_SPD_Gross_ID196810400_29.11.2018.csv
17,"Deswegen hat die Koalition in einem Entschließungsantrag zum Wohngeld- und Mietenbericht zum Beispiel auch angekündigt, Unterstützung zu leisten, damit Genossenschaften, kommunale Wohnungsunternehmen, Stiftungen, gemeinnützige Unternehmen sich gründen und bauen können.",Housing,0,Housing,Housing,Government,19068_Tagesordnungspunkt_8_SPD_Gross_ID196810400_29.11.2018.csv
18,"Das ist, glaube ich, ein wichtiger Schritt für die Zukunft.",Housing,0,Housing,Housing,Government,19068_Tagesordnungspunkt_8_SPD_Gross_ID196810400_29.11.2018.csv
19,Daran müssen wir weiter arbeiten.,Housing,0,Housing,Housing,Government,19068_Tagesordnungspunkt_8_SPD_Gross_ID196810400_29.11.2018.csv
20,Herzlichen Dank.,*,1,Government,Government,Civil,19068_Tagesordnungspunkt_8_SPD_Gross_ID196810400_29.11.2018.csv
21,"Vielen Dank, Michael Groß.",*,1,Government,Government,Civil,19068_Tagesordnungspunkt_8_SPD_Gross_ID196810400_29.11.2018.csv
22,"Danke auch, dass Sie die „üppige“ Redezeit korrekt eingehalten haben.",*,1,Government,Government,Civil,19068_Tagesordnungspunkt_8_SPD_Gross_ID196810400_29.11.2018.csv
23,Es waren wirklich zwei Minuten. – Letzter Redner in der Debatte: Dr.,*,1,Government,Government,Civil,19068_Tagesordnungspunkt_8_SPD_Gross_ID196810400_29.11.2018.csv
24,"Volker Ullrich, CDU/CSU-Fraktion, Augsburg.
– Darf ich Sie noch mal darauf hinweisen, dass wir noch einen Redebeitrag haben.",*,1,Government,Government,Civil,19068_Tagesordnungspunkt_8_SPD_Gross_ID196810400_29.11.2018.csv
25,"Ich bitte, die Gespräche einzustellen und Herrn Kollegen Ullrich zum Abschluss der Debatte zuzuhören.",*,1,Government,Government,Civil,19068_Tagesordnungspunkt_8_SPD_Gross_ID196810400_29.11.2018.csv
26,Vielen Dank.,*,1,Government,Government,Civil,19068_Tagesordnungspunkt_8_SPD_Gross_ID196810400_29.11.2018.csv
27,"Herr Kollege Ullrich, Sie haben das Wort.",*,1,Government,Government,Civil,19068_Tagesordnungspunkt_8_SPD_Gross_ID196810400_29.11.2018.csv
