,text,label_gold,segment_id,label_bert,label_parlbert,label_svm,speech_id
0,Herr Präsident!,*,0,Macroeconomics,Macroeconomics,Macroeconomics,19071_Tagesordnungspunkt_8_GRUENE_Paus_ID197107800_13.12.2018.csv
1,Meine Damen und Herren!,*,0,Macroeconomics,Macroeconomics,Macroeconomics,19071_Tagesordnungspunkt_8_GRUENE_Paus_ID197107800_13.12.2018.csv
2,"Die Solidebatte, die wir in diesem Jahr in diesem Hause schon zum vierten Mal führen, ist ein typisches Beispiel dafür, was in der politischen Debatte in Deutschland schiefläuft.",Macroeconomics,0,Macroeconomics,Macroeconomics,Macroeconomics,19071_Tagesordnungspunkt_8_GRUENE_Paus_ID197107800_13.12.2018.csv
3,Den Soli gibt es jetzt schon seit über 20 Jahren.,Macroeconomics,0,Macroeconomics,Macroeconomics,Macroeconomics,19071_Tagesordnungspunkt_8_GRUENE_Paus_ID197107800_13.12.2018.csv
4,"Wenn wir uns die Verteilung der Steuerlast in Deutschland anschauen, muss man feststellen, dass im Jahr 2018 gerade die Menschen mit wenig Einkommen tatsächlich 5 Prozent mehr von ihrem Einkommen zum Gesamtsteueraufkommen beitragen als vor 20 Jahren.",Macroeconomics,0,Macroeconomics,Macroeconomics,Macroeconomics,19071_Tagesordnungspunkt_8_GRUENE_Paus_ID197107800_13.12.2018.csv
5,"Und das macht auch die Mittelschicht – also die richtige, nicht die gefühlte von Friedrich Merz.",Macroeconomics,0,Macroeconomics,Macroeconomics,Macroeconomics,19071_Tagesordnungspunkt_8_GRUENE_Paus_ID197107800_13.12.2018.csv
6,Der Bäckereifachverkäufer zahlt heute 2 Prozent mehr ins Gesamtsteueraufkommen ein als noch vor 20 Jahren.,Macroeconomics,0,Macroeconomics,Macroeconomics,Macroeconomics,19071_Tagesordnungspunkt_8_GRUENE_Paus_ID197107800_13.12.2018.csv
7,"Und das, meine Damen und Herren, ist zutiefst ungerecht.",Macroeconomics,0,Macroeconomics,Macroeconomics,Macroeconomics,19071_Tagesordnungspunkt_8_GRUENE_Paus_ID197107800_13.12.2018.csv
8,Aber woran liegt das?,Macroeconomics,0,Macroeconomics,Macroeconomics,Macroeconomics,19071_Tagesordnungspunkt_8_GRUENE_Paus_ID197107800_13.12.2018.csv
9,Bei diesen Menschen ist die Entlastung durch die rot-grüne Einkommensteuerreform von 1999 vor allem durch die Mehrwertsteuererhöhung der Großen Koalition von 2017 von 16 auf 19 Prozent eben mehr als aufgefressen worden; und seitdem hat sich für diese Menschen nichts verbessert.,Macroeconomics,0,Macroeconomics,Macroeconomics,Macroeconomics,19071_Tagesordnungspunkt_8_GRUENE_Paus_ID197107800_13.12.2018.csv
10,"Und deshalb habe ich wirklich tiefstes Verständnis für jeden dieser Menschen, der deswegen auf uns, auf die Politik, sauer ist.",Macroeconomics,0,Macroeconomics,Macroeconomics,Macroeconomics,19071_Tagesordnungspunkt_8_GRUENE_Paus_ID197107800_13.12.2018.csv
11,Wir haben da ein Gerechtigkeitsproblem.,Macroeconomics,0,Macroeconomics,Macroeconomics,Macroeconomics,19071_Tagesordnungspunkt_8_GRUENE_Paus_ID197107800_13.12.2018.csv
12,Wir brauchen die Entlastung der unteren und mittleren Einkommen.,Macroeconomics,0,Macroeconomics,Macroeconomics,Macroeconomics,19071_Tagesordnungspunkt_8_GRUENE_Paus_ID197107800_13.12.2018.csv
13,"Aber jetzt wird es schräg; denn jetzt kommen FDP, AfD und Union und versprechen, genau das einzulösen, worauf die Leute warten, nämlich endlich die unteren und mittleren Einkommen zu entlasten, und zwar mit der Abschaffung des Soli.",Macroeconomics,0,Macroeconomics,Macroeconomics,Macroeconomics,19071_Tagesordnungspunkt_8_GRUENE_Paus_ID197107800_13.12.2018.csv
14,"Nur, meine Damen und Herren, dieses Versprechen ist faul.",Macroeconomics,0,Macroeconomics,Macroeconomics,Macroeconomics,19071_Tagesordnungspunkt_8_GRUENE_Paus_ID197107800_13.12.2018.csv
15,Es ist schlicht nicht wahr!,Macroeconomics,0,Macroeconomics,Macroeconomics,Macroeconomics,19071_Tagesordnungspunkt_8_GRUENE_Paus_ID197107800_13.12.2018.csv
16,Es ist gelogen!,Macroeconomics,0,Macroeconomics,Macroeconomics,Macroeconomics,19071_Tagesordnungspunkt_8_GRUENE_Paus_ID197107800_13.12.2018.csv
17,"Denn diejenigen mit der höchsten Steuermehrbelastung gegenüber 1998 zahlen gar keinen Soli, sie haben also auch keinen Euro mehr im Portemonnaie, wenn er abgeschafft wird.",Macroeconomics,0,Macroeconomics,Macroeconomics,Macroeconomics,19071_Tagesordnungspunkt_8_GRUENE_Paus_ID197107800_13.12.2018.csv
18,"Ein Single zum Beispiel mit einem Monatsbrutto von 1 500 Euro oder eine Familie mit zwei Kindern mit einem Monatsbrutto von 4 300 Euro haben keinen einzigen Euro mehr, wenn wir, wie Sie es heute wollen, den Soli abschaffen.",Macroeconomics,0,Macroeconomics,Macroeconomics,Macroeconomics,19071_Tagesordnungspunkt_8_GRUENE_Paus_ID197107800_13.12.2018.csv
19,Trotzdem nehme auch ich wahr: Die Abschaffung des Soli ist populär.,Macroeconomics,0,Macroeconomics,Macroeconomics,Macroeconomics,19071_Tagesordnungspunkt_8_GRUENE_Paus_ID197107800_13.12.2018.csv
20,Aber woher kommt das eigentlich?,Macroeconomics,0,Macroeconomics,Macroeconomics,Macroeconomics,19071_Tagesordnungspunkt_8_GRUENE_Paus_ID197107800_13.12.2018.csv
21,"Weil der Soli seit 1999 so stark in die Einkommensteuer integriert ist, dass es auch verwirrende Beispiele gibt.",Macroeconomics,0,Macroeconomics,Macroeconomics,Macroeconomics,19071_Tagesordnungspunkt_8_GRUENE_Paus_ID197107800_13.12.2018.csv
22,"Bei Singles wird er deutlich früher fällig als bei Familien mit Kindern; und so gibt es zum Beispiel auch den Bäckereifachverkäufer mit 2 100 brutto, der doch um 9 Euro pro Monat entlastet würde, wenn der Soli abgeschafft würde, und der vielleicht dafür ist, weil er es in der „Bild“-Zeitung gelesen hat.",Macroeconomics,0,Macroeconomics,Macroeconomics,Macroeconomics,19071_Tagesordnungspunkt_8_GRUENE_Paus_ID197107800_13.12.2018.csv
23,Das verstehe ich auch.,Macroeconomics,0,Macroeconomics,Macroeconomics,Macroeconomics,19071_Tagesordnungspunkt_8_GRUENE_Paus_ID197107800_13.12.2018.csv
24,"Aber was Sie machen, ist trotzdem überhaupt nicht in Ordnung; denn Sie benutzen diesen Bäckereifachverkäufer.",Macroeconomics,0,Macroeconomics,Macroeconomics,Macroeconomics,19071_Tagesordnungspunkt_8_GRUENE_Paus_ID197107800_13.12.2018.csv
25,Sie veräppeln ihn.,Macroeconomics,0,Macroeconomics,Macroeconomics,Macroeconomics,19071_Tagesordnungspunkt_8_GRUENE_Paus_ID197107800_13.12.2018.csv
26,"Sie nutzen seinen guten Glauben, um wiederum die Interessen der Topverdiener, der Friedrich Merze Deutschlands, oder der geheimen Großspender durchzusetzen.",Macroeconomics,0,Macroeconomics,Macroeconomics,Macroeconomics,19071_Tagesordnungspunkt_8_GRUENE_Paus_ID197107800_13.12.2018.csv
27,"Ja, Sie von AfD, FDP und Union wissen nämlich, was Sie tun.",Macroeconomics,0,Macroeconomics,Macroeconomics,Macroeconomics,19071_Tagesordnungspunkt_8_GRUENE_Paus_ID197107800_13.12.2018.csv
28,"Sie wissen, dass von den 20 Milliarden Euro Solientlastung bei unserem Bäckereifachverkäufer und all denen, die so viel verdienen wie er, eben nur ganze 200 Millionen Euro landen, während über 11 Milliarden Euro an die Top 10 Prozent, an die Topverdiener in Deutschland gehen.",Macroeconomics,0,Macroeconomics,Macroeconomics,Macroeconomics,19071_Tagesordnungspunkt_8_GRUENE_Paus_ID197107800_13.12.2018.csv
29,Das ist das Gegenteil einer gerechten Politik; und deswegen lehnen jedenfalls wir dies ab.,Macroeconomics,0,Macroeconomics,Macroeconomics,Macroeconomics,19071_Tagesordnungspunkt_8_GRUENE_Paus_ID197107800_13.12.2018.csv
30,"Wenn Sie damit konfrontiert werden, argumentieren Sie gerne, ja, das stimme zwar, aber das zeige ja nur, dass eben die Top 10 Prozent vorher so einen Riesenbeitrag zum Aufbau Ost geleistet hätten; aber auch das ist schlichtweg falsch.",Macroeconomics,0,Macroeconomics,Macroeconomics,Macroeconomics,19071_Tagesordnungspunkt_8_GRUENE_Paus_ID197107800_13.12.2018.csv
31,"Denn tatsächlich tragen die Top 1 Prozent – nehmen wir eine noch kleinere Gruppe – heute sogar weniger zum Gesamtsteueraufkommen bei als vor 20 Jahren, und zwar um 4,8 Prozent.",Macroeconomics,0,Macroeconomics,Macroeconomics,Macroeconomics,19071_Tagesordnungspunkt_8_GRUENE_Paus_ID197107800_13.12.2018.csv
32,"Deswegen formuliert das Deutsche Institut für Wirtschaftsforschung, dass der Soli in den letzten 20 Jahren bei den Spitzenverdienern sogar schon zweimal abgeschafft worden sei.",Macroeconomics,0,Macroeconomics,Macroeconomics,Macroeconomics,19071_Tagesordnungspunkt_8_GRUENE_Paus_ID197107800_13.12.2018.csv
33,"Der Soli selbst lag für diese Steuerzahler all die Jahre zwar auch bei 5,5 Prozent, aber: Es wurde der Spitzensteuersatz von 53 auf 44,3 Prozent gesenkt, und das inklusive Soli.",Macroeconomics,0,Macroeconomics,Macroeconomics,Macroeconomics,19071_Tagesordnungspunkt_8_GRUENE_Paus_ID197107800_13.12.2018.csv
34,"Die Unternehmensteuern wurden zweimal gesenkt, das letzte Mal noch einmal um 10 Prozent.",Macroeconomics,0,Macroeconomics,Macroeconomics,Macroeconomics,19071_Tagesordnungspunkt_8_GRUENE_Paus_ID197107800_13.12.2018.csv
35,Die Abgeltungsteuer wurde eingeführt; das erleichtert die Steuerlast für Kapitalerträge.,Macroeconomics,0,Macroeconomics,Macroeconomics,Macroeconomics,19071_Tagesordnungspunkt_8_GRUENE_Paus_ID197107800_13.12.2018.csv
36,Die Vermögensteuer wurde abgeschafft.,Macroeconomics,0,Macroeconomics,Macroeconomics,Macroeconomics,19071_Tagesordnungspunkt_8_GRUENE_Paus_ID197107800_13.12.2018.csv
37,"Die Erbschaftsteuer auf Unternehmensübertragungen ist praktisch beseitigt. – All das hat dazu geführt, dass eben genau diese diesen Beitrag nicht geleistet haben.",Macroeconomics,0,Macroeconomics,Macroeconomics,Macroeconomics,19071_Tagesordnungspunkt_8_GRUENE_Paus_ID197107800_13.12.2018.csv
38,Auch deswegen lehnen wir Ihren Gesetzentwurf ab.,Macroeconomics,0,Macroeconomics,Macroeconomics,Macroeconomics,19071_Tagesordnungspunkt_8_GRUENE_Paus_ID197107800_13.12.2018.csv
39,"Frau Kollegin, kommen Sie bitte zum Ende.",Macroeconomics,0,Macroeconomics,Macroeconomics,Macroeconomics,19071_Tagesordnungspunkt_8_GRUENE_Paus_ID197107800_13.12.2018.csv
40,"Ich komme zum Schluss. – Ginge es Ihnen wirklich um die unteren und mittleren Einkommen, dann würden Sie die Umsatzsteuererhöhung wieder zurücknehmen.",Macroeconomics,0,Macroeconomics,Macroeconomics,Macroeconomics,19071_Tagesordnungspunkt_8_GRUENE_Paus_ID197107800_13.12.2018.csv
41,"Der „Soli“ besteht zwar seit über 20 Jahren als Name, und seine Abschaffung ist fällig.",Macroeconomics,0,Macroeconomics,Macroeconomics,Macroeconomics,19071_Tagesordnungspunkt_8_GRUENE_Paus_ID197107800_13.12.2018.csv
42,Aber er ist seit der Einkommensteuerreform 1999 faktisch ein genuiner Teil der Einkommensteuer.,Macroeconomics,0,Macroeconomics,Macroeconomics,Macroeconomics,19071_Tagesordnungspunkt_8_GRUENE_Paus_ID197107800_13.12.2018.csv
43,"Frau Kollegin, die Redezeit ist abgelaufen.",Macroeconomics,0,Macroeconomics,Macroeconomics,Macroeconomics,19071_Tagesordnungspunkt_8_GRUENE_Paus_ID197107800_13.12.2018.csv
44,"Deswegen sollte er endlich vollständig in die Einkommensteuer integriert und damit abgeschafft werden, und dann sollten die unteren und mittleren Einkommen gezielt entlastet werden.",Macroeconomics,0,Macroeconomics,Macroeconomics,Macroeconomics,19071_Tagesordnungspunkt_8_GRUENE_Paus_ID197107800_13.12.2018.csv
45,Herzlichen Dank.,*,0,Macroeconomics,Macroeconomics,Macroeconomics,19071_Tagesordnungspunkt_8_GRUENE_Paus_ID197107800_13.12.2018.csv
46,Für die SPD-Fraktion hat der Kollege Lothar Binding das Wort.,*,0,Macroeconomics,Macroeconomics,Macroeconomics,19071_Tagesordnungspunkt_8_GRUENE_Paus_ID197107800_13.12.2018.csv
