,text,label_gold,segment_id,label_bert,label_parlbert,label_svm,speech_id
0,Herr Präsident!,*,0,Macroeconomics,Government,Macroeconomics,19071_Tagesordnungspunkt_8_LINKE_De_Masi_ID197107700_13.12.2018.csv
1,Sehr geehrte Damen und Herren!,*,0,Macroeconomics,Government,Macroeconomics,19071_Tagesordnungspunkt_8_LINKE_De_Masi_ID197107700_13.12.2018.csv
2,Ich habe hier 160 Euro Steuergelder aus dem Geldautomaten der Sparkasse im Reichstagsgebäude.,Macroeconomics,0,Macroeconomics,Government,Macroeconomics,19071_Tagesordnungspunkt_8_LINKE_De_Masi_ID197107700_13.12.2018.csv
3,Warum Steuergelder?,Macroeconomics,0,Macroeconomics,Government,Macroeconomics,19071_Tagesordnungspunkt_8_LINKE_De_Masi_ID197107700_13.12.2018.csv
4,"Wenn ein Abgeordneter wie Sie oder ich zum Geldautomaten geht, dann zieht er Steuergelder; denn die Menschen, die hier oben auf den Tribünen sitzen, zahlen unser Gehalt.",Macroeconomics,0,Macroeconomics,Government,Macroeconomics,19071_Tagesordnungspunkt_8_LINKE_De_Masi_ID197107700_13.12.2018.csv
5,Warum 160 Euro?,Macroeconomics,0,Macroeconomics,Government,Macroeconomics,19071_Tagesordnungspunkt_8_LINKE_De_Masi_ID197107700_13.12.2018.csv
6,"Um 160 Euro würden Bundestagsabgeordnete, also Spitzenverdiener wie Sie und ich, Monat für Monat in der Spitze entlastet werden, wenn wir den Soli abschaffen.",Macroeconomics,0,Macroeconomics,Government,Macroeconomics,19071_Tagesordnungspunkt_8_LINKE_De_Masi_ID197107700_13.12.2018.csv
7,Das gilt für Unverheiratete ohne sonstige Abzüge.,Macroeconomics,0,Macroeconomics,Government,Macroeconomics,19071_Tagesordnungspunkt_8_LINKE_De_Masi_ID197107700_13.12.2018.csv
8,Leistung muss sich wieder lohnen.,Macroeconomics,0,Macroeconomics,Government,Macroeconomics,19071_Tagesordnungspunkt_8_LINKE_De_Masi_ID197107700_13.12.2018.csv
9,Eine Kellnerin oder ein Paketzusteller würde für 160 Euro zum Mindestlohn etwa zwei Tage schuften.,Macroeconomics,0,Macroeconomics,Government,Macroeconomics,19071_Tagesordnungspunkt_8_LINKE_De_Masi_ID197107700_13.12.2018.csv
10,Die Steuern sind dann noch nicht bezahlt.,Macroeconomics,0,Macroeconomics,Government,Macroeconomics,19071_Tagesordnungspunkt_8_LINKE_De_Masi_ID197107700_13.12.2018.csv
11,Sie hier müssen für dieses Geld einfach nur bei den Anträgen von AfD und FDP die Hand heben.,Macroeconomics,0,Macroeconomics,Government,Macroeconomics,19071_Tagesordnungspunkt_8_LINKE_De_Masi_ID197107700_13.12.2018.csv
12,"Das ist bequem, aber unanständig.",Macroeconomics,0,Macroeconomics,Government,Macroeconomics,19071_Tagesordnungspunkt_8_LINKE_De_Masi_ID197107700_13.12.2018.csv
13,"Es ist ein alter Trick: Wenn man sich selbst aus der Staatskasse bedient, erklärt man dem Rest der Bevölkerung, das sei auch gut für sie.",Macroeconomics,0,Macroeconomics,Government,Macroeconomics,19071_Tagesordnungspunkt_8_LINKE_De_Masi_ID197107700_13.12.2018.csv
14,"Wir sind in der Weihnachtszeit, da liest man sich gerne Märchen vor.",Macroeconomics,0,Macroeconomics,Government,Macroeconomics,19071_Tagesordnungspunkt_8_LINKE_De_Masi_ID197107700_13.12.2018.csv
15,Ich hingegen bin für Mut zur Wahrheit.,Macroeconomics,0,Macroeconomics,Government,Macroeconomics,19071_Tagesordnungspunkt_8_LINKE_De_Masi_ID197107700_13.12.2018.csv
16,Ein Faktencheck.,Macroeconomics,0,Macroeconomics,Government,Macroeconomics,19071_Tagesordnungspunkt_8_LINKE_De_Masi_ID197107700_13.12.2018.csv
17,"Erstens. 40 Prozent der Steuerzahler zahlen keinen Soli, weil sie zu wenig verdienen.",Macroeconomics,0,Macroeconomics,Government,Macroeconomics,19071_Tagesordnungspunkt_8_LINKE_De_Masi_ID197107700_13.12.2018.csv
18,"Der Soli wird von Ossis wie Wessis gezahlt, und er fließt nicht nur in den Osten, sondern auch nach Hamburg-Wilhelmsburg oder nach Duisburg-Marxloh; denn er hat im Haushalt keine Zweckbindung.",Macroeconomics,0,Macroeconomics,Government,Macroeconomics,19071_Tagesordnungspunkt_8_LINKE_De_Masi_ID197107700_13.12.2018.csv
19,Zweitens.,Macroeconomics,0,Macroeconomics,Government,Macroeconomics,19071_Tagesordnungspunkt_8_LINKE_De_Masi_ID197107700_13.12.2018.csv
20,Die einkommensstärksten 10 Prozent der Bevölkerung zahlen über 11 Milliarden Euro oder 62 Prozent des Soliaufkommens.,Macroeconomics,0,Macroeconomics,Government,Macroeconomics,19071_Tagesordnungspunkt_8_LINKE_De_Masi_ID197107700_13.12.2018.csv
21,"Die ärmere Hälfte der Bevölkerung trägt nur 0,3 Milliarden Euro oder 1,7 Prozent bei.",Macroeconomics,0,Macroeconomics,Government,Macroeconomics,19071_Tagesordnungspunkt_8_LINKE_De_Masi_ID197107700_13.12.2018.csv
22,Drittens.,Macroeconomics,0,Macroeconomics,Government,Macroeconomics,19071_Tagesordnungspunkt_8_LINKE_De_Masi_ID197107700_13.12.2018.csv
23,Eine vollständige Abschaffung des Soli ist daher nach Adam Riese eine Entlastung der Spitzenverdiener in diesem Land.,Macroeconomics,0,Macroeconomics,Government,Macroeconomics,19071_Tagesordnungspunkt_8_LINKE_De_Masi_ID197107700_13.12.2018.csv
24,In den letzten 20 Jahren wurden die unteren 70 Prozent der Bevölkerung steuerlich belastet und die oberen 30 Prozent stärker entlastet.,Macroeconomics,0,Macroeconomics,Government,Macroeconomics,19071_Tagesordnungspunkt_8_LINKE_De_Masi_ID197107700_13.12.2018.csv
25,"Es mag ja schlichte Gemüter geben, die meinen, die Wirtschaft läuft besser, wenn der Teufel sein Geschäft immer auf dem größten Haufen verrichtet.",Macroeconomics,0,Macroeconomics,Government,Macroeconomics,19071_Tagesordnungspunkt_8_LINKE_De_Masi_ID197107700_13.12.2018.csv
26,Mir leuchtet das nicht ein.,Macroeconomics,0,Macroeconomics,Government,Macroeconomics,19071_Tagesordnungspunkt_8_LINKE_De_Masi_ID197107700_13.12.2018.csv
27,Bei der FDP ist es konsistent; denn Sie sind die Partei der Besserverdiener.,Macroeconomics,0,Macroeconomics,Government,Macroeconomics,19071_Tagesordnungspunkt_8_LINKE_De_Masi_ID197107700_13.12.2018.csv
28,"Bei der AfD ist es einfach nur verlogen; denn Sie spielen den Staatsanwalt der kleinen Leute, dabei hängen Sie am Portemonnaie bzw. am Rockzipfel des Mövenpick-Spenders und Oligarchen Finck.",Macroeconomics,0,Macroeconomics,Government,Macroeconomics,19071_Tagesordnungspunkt_8_LINKE_De_Masi_ID197107700_13.12.2018.csv
29,"Die Mehrheit der Bevölkerung braucht aber Straßen, Brücken, Kitas oder Pflege.",Macroeconomics,0,Macroeconomics,Government,Macroeconomics,19071_Tagesordnungspunkt_8_LINKE_De_Masi_ID197107700_13.12.2018.csv
30,Bei einer vollständigen Abschaffung des Soli entgehen dem Bund jährlich bis zu 20 Milliarden Euro – Jahr für Jahr.,Macroeconomics,0,Macroeconomics,Government,Macroeconomics,19071_Tagesordnungspunkt_8_LINKE_De_Masi_ID197107700_13.12.2018.csv
31,"Deutschland hat einen riesigen Investitionsstau, gerade auf dem Land, wo mancherorts kaum noch Busse oder Bahnen fahren.",Macroeconomics,0,Macroeconomics,Government,Macroeconomics,19071_Tagesordnungspunkt_8_LINKE_De_Masi_ID197107700_13.12.2018.csv
32,Die Kommunen brauchen unsere Unterstützung.,Macroeconomics,0,Macroeconomics,Government,Macroeconomics,19071_Tagesordnungspunkt_8_LINKE_De_Masi_ID197107700_13.12.2018.csv
33,"Sie müssen also schon beantworten, wie Sie die ganze Asche wieder reinholen wollen.",Macroeconomics,0,Macroeconomics,Government,Macroeconomics,19071_Tagesordnungspunkt_8_LINKE_De_Masi_ID197107700_13.12.2018.csv
34,Wollen wir den Laden einfach dichtmachen oder demnächst die Mehrwertsteuer erhöhen?,Macroeconomics,0,Macroeconomics,Government,Macroeconomics,19071_Tagesordnungspunkt_8_LINKE_De_Masi_ID197107700_13.12.2018.csv
35,"Die Mehrwertsteuer trifft die Kassiererin bei Penny, die kaum etwas sparen kann und fast ihr gesamtes Geld für Lebensmittel oder Miete ausgeben muss.",Macroeconomics,0,Macroeconomics,Government,Macroeconomics,19071_Tagesordnungspunkt_8_LINKE_De_Masi_ID197107700_13.12.2018.csv
36,"Zur Ehrlichkeit gehört: Sie oder ich, wir fallen weich, weil wir einen geringeren Teil unseres Einkommens in den Supermarkt tragen.",Macroeconomics,0,Macroeconomics,Government,Macroeconomics,19071_Tagesordnungspunkt_8_LINKE_De_Masi_ID197107700_13.12.2018.csv
37,"Es gibt gute Gründe, warum der Soli weiterhin verfassungsfest begründet werden kann.",Macroeconomics,0,Macroeconomics,Government,Macroeconomics,19071_Tagesordnungspunkt_8_LINKE_De_Masi_ID197107700_13.12.2018.csv
38,"Wenn Sie das anders sehen, dann gehen Sie eben nach Karlsruhe und lassen die dort ihren Job machen und entscheiden.",Macroeconomics,0,Macroeconomics,Government,Macroeconomics,19071_Tagesordnungspunkt_8_LINKE_De_Masi_ID197107700_13.12.2018.csv
39,"Meine Fraktion wird die Hand nicht dafür heben, dass wir uns selbst zu Weihnachten beschenken.",Macroeconomics,0,Macroeconomics,Government,Macroeconomics,19071_Tagesordnungspunkt_8_LINKE_De_Masi_ID197107700_13.12.2018.csv
40,"Tun Sie endlich etwas für die hart arbeitenden Menschen in diesem Land, die sich anstrengen, aber auf keinen grünen Zweig kommen.",Macroeconomics,0,Macroeconomics,Government,Macroeconomics,19071_Tagesordnungspunkt_8_LINKE_De_Masi_ID197107700_13.12.2018.csv
41,Bereichern Sie sich nicht selbst.,Macroeconomics,0,Macroeconomics,Government,Macroeconomics,19071_Tagesordnungspunkt_8_LINKE_De_Masi_ID197107700_13.12.2018.csv
42,Vielen Dank.,*,0,Macroeconomics,Government,Macroeconomics,19071_Tagesordnungspunkt_8_LINKE_De_Masi_ID197107700_13.12.2018.csv
43,Die Kollegin Lisa Paus ist die nächste Rednerin für Bündnis 90/Die Grünen.,*,0,Macroeconomics,Government,Macroeconomics,19071_Tagesordnungspunkt_8_LINKE_De_Masi_ID197107700_13.12.2018.csv
