,text,label_gold,segment_id,label_bert,label_parlbert,label_svm,speech_id
0,Frau Präsidentin!,*,0,Macroeconomics,Macroeconomics,International,19071_Tagesordnungspunkt_8_CDU_CSU_Gutting_ID197107500_13.12.2018.csv
1,Werte Kolleginnen und Kollegen und Zuschauer auf den Tribünen hier!,*,0,Macroeconomics,Macroeconomics,International,19071_Tagesordnungspunkt_8_CDU_CSU_Gutting_ID197107500_13.12.2018.csv
2,Zum vierten Mal in diesem Jahr diskutieren wir über Anträge von AfD und FDP zum Soli.,Macroeconomics,0,Macroeconomics,Macroeconomics,International,19071_Tagesordnungspunkt_8_CDU_CSU_Gutting_ID197107500_13.12.2018.csv
3,Ein wenig kommt man sich vor wie in einer Zeitschleife.,Macroeconomics,0,Macroeconomics,Macroeconomics,International,19071_Tagesordnungspunkt_8_CDU_CSU_Gutting_ID197107500_13.12.2018.csv
4,"Ich habe Ihnen ja schon in der letzten Rede zu diesem Thema zugestanden, dass es Ihr gutes Recht in der Opposition ist, zu versuchen, die Regierung zu ärgern.",Macroeconomics,0,Macroeconomics,Macroeconomics,International,19071_Tagesordnungspunkt_8_CDU_CSU_Gutting_ID197107500_13.12.2018.csv
5,"Ich muss aber zugeben: Ein bissel nervt es schon, wenn Sie hier alle paar Wochen mit dem gleichen Thema kommen.",Macroeconomics,0,Macroeconomics,Macroeconomics,International,19071_Tagesordnungspunkt_8_CDU_CSU_Gutting_ID197107500_13.12.2018.csv
6,"Die Mittel, die Sie nutzen, werden langsam stumpf.",Macroeconomics,0,Macroeconomics,Macroeconomics,International,19071_Tagesordnungspunkt_8_CDU_CSU_Gutting_ID197107500_13.12.2018.csv
7,"Sie wissen ja nur zu gut, dass die Fraktion der CDU/CSU sich festgelegt hat, die Erhebung des Solis schnellstmöglich zu beenden, und zwar für alle.",Macroeconomics,0,Macroeconomics,Macroeconomics,International,19071_Tagesordnungspunkt_8_CDU_CSU_Gutting_ID197107500_13.12.2018.csv
8,"Am letzten Wochenende – wir haben es eben gehört – hat der CDU-Bundesparteitag in Hamburg folgenden Beschluss gefasst:
Die CDU Deutschlands will den Solidaritätszuschlag bis 2021 vollständig abschaffen.",Macroeconomics,0,Macroeconomics,Macroeconomics,International,19071_Tagesordnungspunkt_8_CDU_CSU_Gutting_ID197107500_13.12.2018.csv
9,Dabei halten wir am Ziel eines ausgeglichenen Haushalts … fest.,Macroeconomics,0,Macroeconomics,Macroeconomics,International,19071_Tagesordnungspunkt_8_CDU_CSU_Gutting_ID197107500_13.12.2018.csv
10,Klarer kann eine Position nicht sein.,Macroeconomics,0,Macroeconomics,Macroeconomics,International,19071_Tagesordnungspunkt_8_CDU_CSU_Gutting_ID197107500_13.12.2018.csv
11,"Dieser Beschluss, den wir dort gefasst haben, ist richtig.",Macroeconomics,0,Macroeconomics,Macroeconomics,International,19071_Tagesordnungspunkt_8_CDU_CSU_Gutting_ID197107500_13.12.2018.csv
12,Der Solidaritätszuschlag wurde vor über 20 Jahren zunächst als unbefristete Ergänzungsabgabe auf die Einkommensteuer und die Körperschaftsteuer eingeführt.,Macroeconomics,0,Macroeconomics,Macroeconomics,International,19071_Tagesordnungspunkt_8_CDU_CSU_Gutting_ID197107500_13.12.2018.csv
13,"Die Befristung, die er in sich trägt, kommt aus seiner Begründung; denn der Beitrag diente zur Vollendung der deutschen Einheit.",Macroeconomics,0,Macroeconomics,Macroeconomics,International,19071_Tagesordnungspunkt_8_CDU_CSU_Gutting_ID197107500_13.12.2018.csv
14,Und hier haben wir in den letzten 27 Jahren Erstaunliches geleistet.,Macroeconomics,0,Macroeconomics,Macroeconomics,International,19071_Tagesordnungspunkt_8_CDU_CSU_Gutting_ID197107500_13.12.2018.csv
15,Das muss man an dieser Stelle auch mal sagen.,Macroeconomics,0,Macroeconomics,Macroeconomics,International,19071_Tagesordnungspunkt_8_CDU_CSU_Gutting_ID197107500_13.12.2018.csv
16,Die wirtschaftliche Leistungsfähigkeit der neuen Länder hat sich in dieser Zeit mehr als verdoppelt.,Macroeconomics,0,Macroeconomics,Macroeconomics,International,19071_Tagesordnungspunkt_8_CDU_CSU_Gutting_ID197107500_13.12.2018.csv
17,Das verfügbare Einkommen je Einwohner hat sich um das Zweieinhalbfache erhöht.,Macroeconomics,0,Macroeconomics,Macroeconomics,International,19071_Tagesordnungspunkt_8_CDU_CSU_Gutting_ID197107500_13.12.2018.csv
18,Die Arbeitsmarktlage ist entspannt.,Macroeconomics,0,Macroeconomics,Macroeconomics,International,19071_Tagesordnungspunkt_8_CDU_CSU_Gutting_ID197107500_13.12.2018.csv
19,"Es kommen große Erfolge bei der Erneuerung und der Erweiterung der Infrastruktur, des Wohnungsmarktes und im Städtebau hinzu.",Macroeconomics,0,Macroeconomics,Macroeconomics,International,19071_Tagesordnungspunkt_8_CDU_CSU_Gutting_ID197107500_13.12.2018.csv
20,Und wir haben auch eine tolle Verbesserung der Umweltsituation.,Macroeconomics,0,Macroeconomics,Macroeconomics,International,19071_Tagesordnungspunkt_8_CDU_CSU_Gutting_ID197107500_13.12.2018.csv
21,Deshalb halten wir fest: Der Solidaritätszuschlag war wichtig; aber er hat auch sein Mindesthaltbarkeitsdatum überschritten.,Macroeconomics,0,Macroeconomics,Macroeconomics,International,19071_Tagesordnungspunkt_8_CDU_CSU_Gutting_ID197107500_13.12.2018.csv
22,"Herr Kollege, erlauben Sie eine Zwischenfrage?",*,0,Macroeconomics,Macroeconomics,International,19071_Tagesordnungspunkt_8_CDU_CSU_Gutting_ID197107500_13.12.2018.csv
23,"Nein, ich möchte fortfahren. – Es ist eine steuerpolitisch logische Konsequenz, dass wir nach dem Auslaufen des Solidarpaktes II eben auch den Abbau des Solidaritätszuschlags angehen.",Macroeconomics,1,Macroeconomics,Macroeconomics,Government,19071_Tagesordnungspunkt_8_CDU_CSU_Gutting_ID197107500_13.12.2018.csv
24,"Es geht hierbei gar nicht so sehr um Steuersenkungen, sondern das ist eine Frage der politischen Glaubwürdigkeit.",Macroeconomics,1,Macroeconomics,Macroeconomics,Government,19071_Tagesordnungspunkt_8_CDU_CSU_Gutting_ID197107500_13.12.2018.csv
25,"Wie Sie wissen, wurde im Koalitionsvertrag zwischen CDU, CSU und SPD vereinbart, dass wir den Ausstieg aus dem Solidaritätszuschlag in Schritten vollziehen wollen, wobei wir im ersten Schritt bereits 90 Prozent derjenigen, die heute den Solidaritätszuschlag zahlen, zukünftig von dieser Zahlung befreien werden. 90 Prozent werden dann keinen Solidaritätszuschlag mehr zahlen.",Macroeconomics,1,Macroeconomics,Macroeconomics,Government,19071_Tagesordnungspunkt_8_CDU_CSU_Gutting_ID197107500_13.12.2018.csv
26,"Ich glaube, das ist schon mal nicht schlecht.",Macroeconomics,1,Macroeconomics,Macroeconomics,Government,19071_Tagesordnungspunkt_8_CDU_CSU_Gutting_ID197107500_13.12.2018.csv
27,Aber wir in der Union wünschen uns mehr.,Macroeconomics,1,Macroeconomics,Macroeconomics,Government,19071_Tagesordnungspunkt_8_CDU_CSU_Gutting_ID197107500_13.12.2018.csv
28,Wir möchten den Abbau des Solidaritätszuschlags für alle.,Macroeconomics,1,Macroeconomics,Macroeconomics,Government,19071_Tagesordnungspunkt_8_CDU_CSU_Gutting_ID197107500_13.12.2018.csv
29,"Insbesondere wollen wir ihn nicht nur für die Einkommensteuerzahler, sondern auch für die Körperschaftsteuerzahler, also für die kleine Handwerks-GmbH, die beim aktuellen Vorhaben völlig durchs Raster fällt.",Macroeconomics,1,Macroeconomics,Macroeconomics,Government,19071_Tagesordnungspunkt_8_CDU_CSU_Gutting_ID197107500_13.12.2018.csv
30,Darüber sprechen wir mit unserem Koalitionspartner.,Macroeconomics,1,Macroeconomics,Macroeconomics,Government,19071_Tagesordnungspunkt_8_CDU_CSU_Gutting_ID197107500_13.12.2018.csv
31,"Aber eines ist klar: Wir haben einen Koalitionsvertrag, und an diesen Koalitionsvertrag halten wir uns.",Macroeconomics,1,Macroeconomics,Macroeconomics,Government,19071_Tagesordnungspunkt_8_CDU_CSU_Gutting_ID197107500_13.12.2018.csv
32,"Da der eine oder andere in der Opposition das mit dem Koalitionsvertrag vielleicht noch nicht so ganz verstanden hat, möchte ich die beiden antragstellenden Fraktionen daran erinnern, was ein Vertrag per Definition ist: Ein Vertrag ist die rechtsgültige Abmachung zwischen zwei oder mehreren Parteien.",Macroeconomics,1,Macroeconomics,Macroeconomics,Government,19071_Tagesordnungspunkt_8_CDU_CSU_Gutting_ID197107500_13.12.2018.csv
33,"Dieser Vertrag, den wir geschlossen haben, könnte heute anders aussehen.",Macroeconomics,1,Macroeconomics,Macroeconomics,Government,19071_Tagesordnungspunkt_8_CDU_CSU_Gutting_ID197107500_13.12.2018.csv
34,"Wenn Sie von der FDP sich vor einem Jahr nicht davongestohlen hätten, hätten wir heute einen anderen Koalitionsvertrag.",Macroeconomics,1,Macroeconomics,Macroeconomics,Government,19071_Tagesordnungspunkt_8_CDU_CSU_Gutting_ID197107500_13.12.2018.csv
35,"Aber: Verträge, die geschlossen sind, sind einzuhalten, und daran halten wir uns in der Union.",Macroeconomics,1,Macroeconomics,Macroeconomics,Government,19071_Tagesordnungspunkt_8_CDU_CSU_Gutting_ID197107500_13.12.2018.csv
36,"Ehrlich gesagt, ich weiß nicht, ob es der FDP wirklich politisch nützt, wenn sie hier immer wieder lautstark indirekt die Union zum Vertragsbruch auffordert.",Macroeconomics,1,Macroeconomics,Macroeconomics,Government,19071_Tagesordnungspunkt_8_CDU_CSU_Gutting_ID197107500_13.12.2018.csv
37,"Ich glaube, die Wählerinnen und Wähler verstehen ganz gut den Unterschied zwischen der Position einer Partei, der klaren Position der Union und der Notwendigkeit des Kompromisses in einer Regierungskoalition.",Macroeconomics,1,Macroeconomics,Macroeconomics,Government,19071_Tagesordnungspunkt_8_CDU_CSU_Gutting_ID197107500_13.12.2018.csv
38,"Verlässlichkeit, meine Damen und Herren, ist ein Wert an sich in der Politik.",Macroeconomics,1,Macroeconomics,Macroeconomics,Government,19071_Tagesordnungspunkt_8_CDU_CSU_Gutting_ID197107500_13.12.2018.csv
39,"Deswegen ist für uns klar, dass wir weiter Gespräche führen, dass wir weiterverhandeln, jedenfalls nicht diese Verlässlichkeit infrage stellen, dass wir unsere Verlässlichkeit nicht wie Sie vor einem Jahr beschädigen, sondern klar vertragstreu bleiben.",Macroeconomics,1,Macroeconomics,Macroeconomics,Government,19071_Tagesordnungspunkt_8_CDU_CSU_Gutting_ID197107500_13.12.2018.csv
40,"Unsere Position, die Position der Union ist klar: Wir wollen den vollständigen Abbau des Solidaritätszuschlags bis 2021 für alle.",Macroeconomics,1,Macroeconomics,Macroeconomics,Government,19071_Tagesordnungspunkt_8_CDU_CSU_Gutting_ID197107500_13.12.2018.csv
41,Wir wollen den Koalitionspartner überzeugen.,Macroeconomics,1,Macroeconomics,Macroeconomics,Government,19071_Tagesordnungspunkt_8_CDU_CSU_Gutting_ID197107500_13.12.2018.csv
42,Daran arbeiten wir unermüdlich weiter.,Macroeconomics,1,Macroeconomics,Macroeconomics,Government,19071_Tagesordnungspunkt_8_CDU_CSU_Gutting_ID197107500_13.12.2018.csv
43,"Aber wir werden heute und auch in Zukunft keine Koalitionsverträge brechen, schon gar nicht in der Adventszeit.",Macroeconomics,1,Macroeconomics,Macroeconomics,Government,19071_Tagesordnungspunkt_8_CDU_CSU_Gutting_ID197107500_13.12.2018.csv
44,"Ich will diesen Moment nutzen – weil das meine letzte Rede hier in diesem Jahr sein wird –, um allen jetzt schon ein gesegnetes und friedliches Weihnachtsfest zu wünschen.",*,1,Macroeconomics,Macroeconomics,Government,19071_Tagesordnungspunkt_8_CDU_CSU_Gutting_ID197107500_13.12.2018.csv
45,"Vielen Dank, Olav Gutting. – Nächster Redner: Christian Dürr für die FDP-Fraktion.",*,1,Macroeconomics,Macroeconomics,Government,19071_Tagesordnungspunkt_8_CDU_CSU_Gutting_ID197107500_13.12.2018.csv
