,text,label_gold,segment_id,label_bert,label_parlbert,label_svm,speech_id
0,Herr Präsident!,*,0,Macroeconomics,Macroeconomics,Government,19071_Tagesordnungspunkt_8_CDU_CSU_Michelbach_ID197108200_13.12.2018.csv
1,Liebe Kolleginnen und Kollegen!,*,0,Macroeconomics,Macroeconomics,Government,19071_Tagesordnungspunkt_8_CDU_CSU_Michelbach_ID197108200_13.12.2018.csv
2,Der Gesetzentwurf der FDP und der Antrag der AfD zur Abschaffung des Solidaritätszuschlags gleichen sich fast wie ein Ei dem anderen.,Macroeconomics,0,Macroeconomics,Macroeconomics,Government,19071_Tagesordnungspunkt_8_CDU_CSU_Michelbach_ID197108200_13.12.2018.csv
3,"Beide beschränken sich darauf, die Abschaffung zu fordern, bleiben aber eine haushalterische Unterlegung schuldig.",Macroeconomics,0,Macroeconomics,Macroeconomics,Government,19071_Tagesordnungspunkt_8_CDU_CSU_Michelbach_ID197108200_13.12.2018.csv
4,"Das, meine Damen und Herren, ist unredlich und unseriös.",Macroeconomics,0,Macroeconomics,Macroeconomics,Government,19071_Tagesordnungspunkt_8_CDU_CSU_Michelbach_ID197108200_13.12.2018.csv
5,Das ist ein leicht durchschaubares Propagandamanöver der FDP und der AfD.,Macroeconomics,0,Macroeconomics,Macroeconomics,Government,19071_Tagesordnungspunkt_8_CDU_CSU_Michelbach_ID197108200_13.12.2018.csv
6,Das ist die Situation.,Macroeconomics,0,Macroeconomics,Macroeconomics,Government,19071_Tagesordnungspunkt_8_CDU_CSU_Michelbach_ID197108200_13.12.2018.csv
7,"Meine Damen und Herren, damit erweisen Sie dem politischen Ziel einer vollständigen Abschaffung des Soli eher einen Bärendienst.",Macroeconomics,0,Macroeconomics,Macroeconomics,Government,19071_Tagesordnungspunkt_8_CDU_CSU_Michelbach_ID197108200_13.12.2018.csv
8,"Tatsache ist: Es gibt einen Koalitionsvertrag, eine Vereinbarung zur Soliabschaffung.",Macroeconomics,0,Macroeconomics,Macroeconomics,Government,19071_Tagesordnungspunkt_8_CDU_CSU_Michelbach_ID197108200_13.12.2018.csv
9,"Herr Kollege, gestatten Sie eine Zwischenfrage des Kollegen Christian Dürr?",*,0,Macroeconomics,Macroeconomics,Government,19071_Tagesordnungspunkt_8_CDU_CSU_Michelbach_ID197108200_13.12.2018.csv
10,"Ich glaube, alle wollen abstimmen, aber Herr Dürr möchte noch mal deutlich machen, dass die FDP einen Schaufensterantrag gestellt hat.",*,0,Macroeconomics,Macroeconomics,Government,19071_Tagesordnungspunkt_8_CDU_CSU_Michelbach_ID197108200_13.12.2018.csv
11,"Verehrter Herr Kollege Michelbach, da Sie die Beratungen über den Bundeshaushalt 2019 sicherlich, wie wir alle hier, intensiv mitverfolgt haben, wissen Sie, dass die Freien Demokraten im Deutschen Bundestag über 300 Änderungsanträge gestellt haben und Ihnen gezeigt haben, dass im Bundeshaushalt 2019 die Möglichkeit besteht, die Bundesschuld um 19  Milliarden Euro zu reduzieren.",Macroeconomics,0,Macroeconomics,Macroeconomics,Government,19071_Tagesordnungspunkt_8_CDU_CSU_Michelbach_ID197108200_13.12.2018.csv
12,"Damit wäre der Soli bereits im kommenden Jahr locker finanziert. –
Erste Bemerkung, meine Damen und Herren.",Macroeconomics,0,Macroeconomics,Macroeconomics,Government,19071_Tagesordnungspunkt_8_CDU_CSU_Michelbach_ID197108200_13.12.2018.csv
13,Die zweite Bemerkung.,Macroeconomics,0,Macroeconomics,Macroeconomics,Government,19071_Tagesordnungspunkt_8_CDU_CSU_Michelbach_ID197108200_13.12.2018.csv
14,Herr Dr.,Macroeconomics,0,Macroeconomics,Macroeconomics,Government,19071_Tagesordnungspunkt_8_CDU_CSU_Michelbach_ID197108200_13.12.2018.csv
15,"Michelbach, nachdem jetzt die SPD erklärt hat, dass der Soli abgeschafft wird, nachdem Herr Gutting erklärt hat: „Der Soli muss weg“, erklären Sie gerade: Der Soli muss weg. – Hier sitzt eine Fraktion, die gleich einem Gesetzentwurf zustimmen wird – ihrem eigenen –, mit dem der Soli abgeschafft werden soll.",Macroeconomics,0,Macroeconomics,Macroeconomics,Government,19071_Tagesordnungspunkt_8_CDU_CSU_Michelbach_ID197108200_13.12.2018.csv
16,"Wie erklären wir den Menschen in Deutschland, dass heute nicht beschlossen wird, den Soli abzuschaffen, wenn doch vier Parteien und drei Fraktionen der Auffassung sind, dass er abgeschafft werden muss?",Macroeconomics,0,Macroeconomics,Macroeconomics,Government,19071_Tagesordnungspunkt_8_CDU_CSU_Michelbach_ID197108200_13.12.2018.csv
17,Das hätte ich gerne gewusst.,Macroeconomics,0,Macroeconomics,Macroeconomics,Government,19071_Tagesordnungspunkt_8_CDU_CSU_Michelbach_ID197108200_13.12.2018.csv
18,"Herr Kollege Dürr, unsere Steuerzahler wollen natürlich eine Entlastung.",Macroeconomics,0,Macroeconomics,Macroeconomics,Government,19071_Tagesordnungspunkt_8_CDU_CSU_Michelbach_ID197108200_13.12.2018.csv
19,Sie wollen aber auch stabile haushaltspolitische Verhältnisse.,Macroeconomics,0,Macroeconomics,Macroeconomics,Government,19071_Tagesordnungspunkt_8_CDU_CSU_Michelbach_ID197108200_13.12.2018.csv
20,"Ich kann Ihnen nicht verwehren, die Abschaffung des Soli zu fordern.",Macroeconomics,0,Macroeconomics,Macroeconomics,Government,19071_Tagesordnungspunkt_8_CDU_CSU_Michelbach_ID197108200_13.12.2018.csv
21,Aber wo ist denn im Haushaltsausschuss Ihr Vorschlag zu Einsparungen?,Macroeconomics,0,Macroeconomics,Macroeconomics,Government,19071_Tagesordnungspunkt_8_CDU_CSU_Michelbach_ID197108200_13.12.2018.csv
22,"Da können Sie doch mal deutlich machen, was die Lösung sein soll.",Macroeconomics,0,Macroeconomics,Macroeconomics,Government,19071_Tagesordnungspunkt_8_CDU_CSU_Michelbach_ID197108200_13.12.2018.csv
23,Sie haben Haushaltskosmetik betrieben.,Macroeconomics,0,Macroeconomics,Macroeconomics,Government,19071_Tagesordnungspunkt_8_CDU_CSU_Michelbach_ID197108200_13.12.2018.csv
24,Sie haben keine klaren Einsparungen benannt.,Macroeconomics,0,Macroeconomics,Macroeconomics,Government,19071_Tagesordnungspunkt_8_CDU_CSU_Michelbach_ID197108200_13.12.2018.csv
25,Deswegen ist das unseriös und entspricht letzten Endes nicht stabilen haushaltspolitischen Verhältnissen.,Macroeconomics,0,Macroeconomics,Macroeconomics,Government,19071_Tagesordnungspunkt_8_CDU_CSU_Michelbach_ID197108200_13.12.2018.csv
26,"Ich bleibe dabei, dass Sie mit diesem Propagandamanöver der vollständigen Abschaffung des Soli eher einen Bärendienst erweisen.",Macroeconomics,0,Macroeconomics,Macroeconomics,Government,19071_Tagesordnungspunkt_8_CDU_CSU_Michelbach_ID197108200_13.12.2018.csv
27,"Tatsache ist: Es gibt einen Koalitionsvertrag, eine Vereinbarung zur Soliabschaffung.",Macroeconomics,0,Macroeconomics,Macroeconomics,Government,19071_Tagesordnungspunkt_8_CDU_CSU_Michelbach_ID197108200_13.12.2018.csv
28,Danach soll die Belastung für 90  Prozent der Solizahler im ersten Schritt wegfallen.,Macroeconomics,0,Macroeconomics,Macroeconomics,Government,19071_Tagesordnungspunkt_8_CDU_CSU_Michelbach_ID197108200_13.12.2018.csv
29,Aber wir wollen nach dem ersten Schritt einen Zeitplan für den endgültigen Abbau festlegen.,Macroeconomics,0,Macroeconomics,Macroeconomics,Government,19071_Tagesordnungspunkt_8_CDU_CSU_Michelbach_ID197108200_13.12.2018.csv
30,Unsere Parteitagsbeschlüsse sind hier ganz klar; sie sind ausdrücklich mit der Voraussetzung der Haushaltsdeckung verbunden.,Macroeconomics,0,Macroeconomics,Macroeconomics,Government,19071_Tagesordnungspunkt_8_CDU_CSU_Michelbach_ID197108200_13.12.2018.csv
31,"Sie beantworten die Frage der Haushaltsdeckung nicht, meine Damen und Herren.",Macroeconomics,0,Macroeconomics,Macroeconomics,Government,19071_Tagesordnungspunkt_8_CDU_CSU_Michelbach_ID197108200_13.12.2018.csv
32,"Nur Forderungen aufzustellen, ohne für eine Haushaltsdeckung zu sorgen, ist einfach zu kurz gesprungen.",Macroeconomics,0,Macroeconomics,Macroeconomics,Government,19071_Tagesordnungspunkt_8_CDU_CSU_Michelbach_ID197108200_13.12.2018.csv
33,"Sie erweisen der Abschaffung des Soli einen Bärendienst, weil die Glaubwürdigkeit fehlt.",Macroeconomics,0,Macroeconomics,Macroeconomics,Government,19071_Tagesordnungspunkt_8_CDU_CSU_Michelbach_ID197108200_13.12.2018.csv
34,"Wir wollen keine Steuersenkungen
durch Steuererhöhungen.",Macroeconomics,1,Macroeconomics,Macroeconomics,Macroeconomics,19071_Tagesordnungspunkt_8_CDU_CSU_Michelbach_ID197108200_13.12.2018.csv
35,"Wir wollen keine Steuersenkung auf Pump, die – ohne Haushaltsdeckung -haushaltspolitisch fehlgeleitet wäre.",Macroeconomics,1,Macroeconomics,Macroeconomics,Macroeconomics,19071_Tagesordnungspunkt_8_CDU_CSU_Michelbach_ID197108200_13.12.2018.csv
36,Wir wollen letzten Endes die willkürliche Spaltung der Steuerzahler verhindern.,Macroeconomics,1,Macroeconomics,Macroeconomics,Macroeconomics,19071_Tagesordnungspunkt_8_CDU_CSU_Michelbach_ID197108200_13.12.2018.csv
37,Das ist nach meiner Ansicht aus verfassungsrechtlichen Gründen geboten.,Macroeconomics,1,Macroeconomics,Macroeconomics,Macroeconomics,19071_Tagesordnungspunkt_8_CDU_CSU_Michelbach_ID197108200_13.12.2018.csv
38,"Das ist das Problem, das wir mit der SPD beraten müssen: Die meisten Staatsrechtler und Verfassungsrechtler bestätigen inzwischen die Meinung, dass eine willkürliche Teilung – 90 Prozent bzw. 10 Prozent der Steuerzahler –
letzten Endes nicht verfassungskonform ist.",Macroeconomics,1,Macroeconomics,Macroeconomics,Macroeconomics,19071_Tagesordnungspunkt_8_CDU_CSU_Michelbach_ID197108200_13.12.2018.csv
39,"Darüber werden wir reden, darüber werden wir beraten.",Macroeconomics,1,Macroeconomics,Macroeconomics,Macroeconomics,19071_Tagesordnungspunkt_8_CDU_CSU_Michelbach_ID197108200_13.12.2018.csv
40,"Unser Ziel ist, auch mit dem Koalitionspartner die Argumente auszutauschen und verfassungsrechtliche Fragen zu klären.",Macroeconomics,1,Macroeconomics,Macroeconomics,Macroeconomics,19071_Tagesordnungspunkt_8_CDU_CSU_Michelbach_ID197108200_13.12.2018.csv
41,Dafür sprechen gewichtige Gründe.,Macroeconomics,1,Macroeconomics,Macroeconomics,Macroeconomics,19071_Tagesordnungspunkt_8_CDU_CSU_Michelbach_ID197108200_13.12.2018.csv
42,"Der Soli wurde 1991 erstmals eingeführt, um die Belastungen der deutschen Einheit zu finanzieren.",Macroeconomics,1,Macroeconomics,Macroeconomics,Macroeconomics,19071_Tagesordnungspunkt_8_CDU_CSU_Michelbach_ID197108200_13.12.2018.csv
43,Der Solidarpakt II für den Aufbau Ost endet mit dem Jahr 2019.,Macroeconomics,1,Macroeconomics,Macroeconomics,Macroeconomics,19071_Tagesordnungspunkt_8_CDU_CSU_Michelbach_ID197108200_13.12.2018.csv
44,"Deswegen ist es auch eine Frage der politischen Glaubwürdigkeit, nicht nur 90  Prozent der Steuerzahler zu entlasten bzw. verfassungsrechtlich zu prüfen, ob eine willkürliche Teilung überhaupt rechtskonform ist, meine Damen und Herren.",Macroeconomics,1,Macroeconomics,Macroeconomics,Macroeconomics,19071_Tagesordnungspunkt_8_CDU_CSU_Michelbach_ID197108200_13.12.2018.csv
45,"Ich glaube, wer soziale Gerechtigkeit mit Sozialneid verwechselt und deshalb die angeblichen Besserverdienenden schröpfen will, sollte sich gerade bei dieser Steuerfrage genau überlegen, wen er mit dem Festhalten am Soli tatsächlich trifft.",Macroeconomics,1,Macroeconomics,Macroeconomics,Macroeconomics,19071_Tagesordnungspunkt_8_CDU_CSU_Michelbach_ID197108200_13.12.2018.csv
46,Gestatten Sie eine Zwischenfrage?,*,2,International,Macroeconomics,International,19071_Tagesordnungspunkt_8_CDU_CSU_Michelbach_ID197108200_13.12.2018.csv
47,"Nein, danke schön.",*,2,International,Macroeconomics,International,19071_Tagesordnungspunkt_8_CDU_CSU_Michelbach_ID197108200_13.12.2018.csv
48,Jetzt will man endgültig abstimmen. – Es träfe nämlich nicht nur ein paar Superreiche; es träfe 5 Millionen Menschen in diesem Land.,Macroeconomics,2,International,Macroeconomics,International,19071_Tagesordnungspunkt_8_CDU_CSU_Michelbach_ID197108200_13.12.2018.csv
49,Sie zahlen 50 Prozent des Soliaufkommens.,Macroeconomics,3,Domestic,Macroeconomics,Labor,19071_Tagesordnungspunkt_8_CDU_CSU_Michelbach_ID197108200_13.12.2018.csv
50,Das sind 10 Prozent der Steuerzahler; das sind keine Millionäre.,Macroeconomics,3,Domestic,Macroeconomics,Labor,19071_Tagesordnungspunkt_8_CDU_CSU_Michelbach_ID197108200_13.12.2018.csv
51,Es geht hier also nicht um eine Millionärsteuer.,Macroeconomics,3,Domestic,Macroeconomics,Labor,19071_Tagesordnungspunkt_8_CDU_CSU_Michelbach_ID197108200_13.12.2018.csv
52,Es gibt nicht 10 Prozent Superreiche in Deutschland.,Macroeconomics,3,Domestic,Macroeconomics,Labor,19071_Tagesordnungspunkt_8_CDU_CSU_Michelbach_ID197108200_13.12.2018.csv
53,"Es träfe die fleißigen und aufstiegsorientierten, qualifizierten Arbeitnehmer und Angestellten, den Ingenieur, den Krankenhausarzt, den Handwerksmeister, den risikobereiten Selbstständigen, die mittelständischen Betriebe insgesamt.",Macroeconomics,3,Domestic,Macroeconomics,Labor,19071_Tagesordnungspunkt_8_CDU_CSU_Michelbach_ID197108200_13.12.2018.csv
54,"Das sind letzten Endes die 10 Prozent, die betroffen sind.",Macroeconomics,3,Domestic,Macroeconomics,Labor,19071_Tagesordnungspunkt_8_CDU_CSU_Michelbach_ID197108200_13.12.2018.csv
55,Das sind auch oft Arbeitgeber.,Macroeconomics,3,Domestic,Macroeconomics,Labor,19071_Tagesordnungspunkt_8_CDU_CSU_Michelbach_ID197108200_13.12.2018.csv
56,"Wenn ich diese Leute entlaste, dann werden sie auch mehr Beschäftigung und mehr Investitionen erzielen, meine Damen und Herren.",Macroeconomics,3,Domestic,Macroeconomics,Labor,19071_Tagesordnungspunkt_8_CDU_CSU_Michelbach_ID197108200_13.12.2018.csv
57,"Deswegen wird ein Schuh daraus, dass wir die vollständige Abschaffung durchführen wollen.",Macroeconomics,3,Domestic,Macroeconomics,Labor,19071_Tagesordnungspunkt_8_CDU_CSU_Michelbach_ID197108200_13.12.2018.csv
58,Wir schenken mit der Soliabschaffung unseren Menschen nichts.,Macroeconomics,3,Domestic,Macroeconomics,Labor,19071_Tagesordnungspunkt_8_CDU_CSU_Michelbach_ID197108200_13.12.2018.csv
59,"Wir geben der arbeitenden, qualifizierten Bevölkerung bzw. den Steuerzahlern einen persönlichen Freiraum.",Macroeconomics,3,Domestic,Macroeconomics,Labor,19071_Tagesordnungspunkt_8_CDU_CSU_Michelbach_ID197108200_13.12.2018.csv
60,"Sie wissen selbst am besten, mit ihrem Geld sinnvoll umzugehen.",Macroeconomics,3,Domestic,Macroeconomics,Labor,19071_Tagesordnungspunkt_8_CDU_CSU_Michelbach_ID197108200_13.12.2018.csv
61,"„Mehr Netto vom Brutto“ und „Leistung muss sich lohnen“, das muss ein Prinzip der Besteuerung nach der Leistungsfähigkeit bleiben, meine Damen und Herren.",Macroeconomics,3,Domestic,Macroeconomics,Labor,19071_Tagesordnungspunkt_8_CDU_CSU_Michelbach_ID197108200_13.12.2018.csv
62,"Deshalb werden wir mit der SPD intensiv beraten, um eine ganzheitliche Solilösung, eine verfassungskonforme Lösung über die bisherige Formel des Koalitionsvertrages hinaus, hinzubekommen.",Macroeconomics,3,Domestic,Macroeconomics,Labor,19071_Tagesordnungspunkt_8_CDU_CSU_Michelbach_ID197108200_13.12.2018.csv
63,"Dazu gehört auch, dass wir selbstverständlich – und das betone ich noch mal – an der soliden Haushaltspolitik der schwarzen Null festhalten, also keine Soliabschaffung auf Pump.",Macroeconomics,3,Domestic,Macroeconomics,Labor,19071_Tagesordnungspunkt_8_CDU_CSU_Michelbach_ID197108200_13.12.2018.csv
64,Wir werden auch nicht wegen der FDP und wegen der AfD schon gar nicht den Koalitionsvertrag brechen oder der Koalition untreu werden.,Macroeconomics,3,Domestic,Macroeconomics,Labor,19071_Tagesordnungspunkt_8_CDU_CSU_Michelbach_ID197108200_13.12.2018.csv
65,Das machen wir nicht.,Macroeconomics,3,Domestic,Macroeconomics,Labor,19071_Tagesordnungspunkt_8_CDU_CSU_Michelbach_ID197108200_13.12.2018.csv
66,Eine gute Sachargumentation hat sich schon immer den Weg gebahnt.,Macroeconomics,3,Domestic,Macroeconomics,Labor,19071_Tagesordnungspunkt_8_CDU_CSU_Michelbach_ID197108200_13.12.2018.csv
67,"Wir werden unsere Argumente einbringen, und wir werden auch in der Zukunft gute Lösungen finden.",Macroeconomics,3,Domestic,Macroeconomics,Labor,19071_Tagesordnungspunkt_8_CDU_CSU_Michelbach_ID197108200_13.12.2018.csv
68,Deshalb darf ich zur Soliabschaffung sagen: Friede sei mit euch.,Macroeconomics,5,Government,Macroeconomics,Government,19071_Tagesordnungspunkt_8_CDU_CSU_Michelbach_ID197108200_13.12.2018.csv
69,Vielen Dank.,*,5,Government,Macroeconomics,Government,19071_Tagesordnungspunkt_8_CDU_CSU_Michelbach_ID197108200_13.12.2018.csv
70,Ich schließe die Aussprache.,*,5,Government,Macroeconomics,Government,19071_Tagesordnungspunkt_8_CDU_CSU_Michelbach_ID197108200_13.12.2018.csv
71,Wir kommen zur Abstimmung über den Gesetzentwurf der Fraktion der FDP zur Aufhebung des Solidaritätszuschlagsgesetzes von 1995.,*,5,Government,Macroeconomics,Government,19071_Tagesordnungspunkt_8_CDU_CSU_Michelbach_ID197108200_13.12.2018.csv
72,"Der Finanzausschuss empfiehlt unter Buchstabe a seiner Beschlussempfehlung auf Drucksache 19/6406 und Drucksache 19/6440, den Gesetzentwurf der Fraktion der FDP auf Drucksache 19/1038 abzulehnen.",*,5,Government,Macroeconomics,Government,19071_Tagesordnungspunkt_8_CDU_CSU_Michelbach_ID197108200_13.12.2018.csv
73,Wir stimmen nun über den Gesetzentwurf auf Verlangen der Fraktion der FDP namentlich ab.,*,5,Government,Macroeconomics,Government,19071_Tagesordnungspunkt_8_CDU_CSU_Michelbach_ID197108200_13.12.2018.csv
74,"Ich möchte darauf hinweisen, dass mir mehrere Erklärungen nach § 31 unserer Geschäftsordnung vorliegen.",*,5,Government,Macroeconomics,Government,19071_Tagesordnungspunkt_8_CDU_CSU_Michelbach_ID197108200_13.12.2018.csv
75,"Ich bitte die Schriftführerinnen und Schriftführer, die vorgesehenen Plätze einzunehmen. – Sind alle Urnen besetzt?",*,5,Government,Macroeconomics,Government,19071_Tagesordnungspunkt_8_CDU_CSU_Michelbach_ID197108200_13.12.2018.csv
76,– Das ist der Fall.,*,5,Government,Macroeconomics,Government,19071_Tagesordnungspunkt_8_CDU_CSU_Michelbach_ID197108200_13.12.2018.csv
77,Ich eröffne die namentliche Abstimmung über den Gesetzentwurf auf Drucksache 19/1038.,*,5,Government,Macroeconomics,Government,19071_Tagesordnungspunkt_8_CDU_CSU_Michelbach_ID197108200_13.12.2018.csv
78,"Ist ein Mitglied des Hauses anwesend, das seine Stimme noch nicht abgegeben hat?",*,5,Government,Macroeconomics,Government,19071_Tagesordnungspunkt_8_CDU_CSU_Michelbach_ID197108200_13.12.2018.csv
79,– Das ist nicht der Fall.,*,5,Government,Macroeconomics,Government,19071_Tagesordnungspunkt_8_CDU_CSU_Michelbach_ID197108200_13.12.2018.csv
80,"Ich schließe die Abstimmung und bitte die Schriftführerinnen und Schriftführer, mit der Auszählung zu beginnen.",*,5,Government,Macroeconomics,Government,19071_Tagesordnungspunkt_8_CDU_CSU_Michelbach_ID197108200_13.12.2018.csv
81,Das Ergebnis wird Ihnen später bekannt gegeben.,*,5,Government,Macroeconomics,Government,19071_Tagesordnungspunkt_8_CDU_CSU_Michelbach_ID197108200_13.12.2018.csv
82,Wir setzen die Abstimmung zu der Beschlussempfehlung des Finanzausschusses auf Drucksachen 19/6406 und 19/6440 fort.,*,5,Government,Macroeconomics,Government,19071_Tagesordnungspunkt_8_CDU_CSU_Michelbach_ID197108200_13.12.2018.csv
83,Der Ausschuss empfiehlt unter Buchstabe b seiner Beschlussempfehlung die Ablehnung des Antrags der Fraktion der AfD auf Drucksache 19/1179 mit dem Titel „Antrag auf sofortige und uneingeschränkte Abschaffung des Solidaritätszuschlags“.,*,5,Government,Macroeconomics,Government,19071_Tagesordnungspunkt_8_CDU_CSU_Michelbach_ID197108200_13.12.2018.csv
84,Wer stimmt für die Beschlussempfehlung?,*,5,Government,Macroeconomics,Government,19071_Tagesordnungspunkt_8_CDU_CSU_Michelbach_ID197108200_13.12.2018.csv
85,"– Das sind die Grünen, FDP, Die Linke, CDU/CSU und die SPD. – Gegenprobe!",*,5,Government,Macroeconomics,Government,19071_Tagesordnungspunkt_8_CDU_CSU_Michelbach_ID197108200_13.12.2018.csv
86,– AfD.,*,5,Government,Macroeconomics,Government,19071_Tagesordnungspunkt_8_CDU_CSU_Michelbach_ID197108200_13.12.2018.csv
87,Enthaltungen?,*,5,Government,Macroeconomics,Government,19071_Tagesordnungspunkt_8_CDU_CSU_Michelbach_ID197108200_13.12.2018.csv
88,– Keine.,*,5,Government,Macroeconomics,Government,19071_Tagesordnungspunkt_8_CDU_CSU_Michelbach_ID197108200_13.12.2018.csv
89,Damit ist die Beschlussempfehlung angenommen.,*,5,Government,Macroeconomics,Government,19071_Tagesordnungspunkt_8_CDU_CSU_Michelbach_ID197108200_13.12.2018.csv
