,text,label_gold,segment_id,label_bert,label_parlbert,label_svm,speech_id
0,"Herr Kollege Binding, ich habe Ihrer Rede mit großer Begeisterung gelauscht.",*,0,Government,Macroeconomics,Macroeconomics,19071_Tagesordnungspunkt_8_FDP_Kubicki_ID197108000_13.12.2018.csv
1,"Dabei sind mir einige Dinge aufgefallen, an welchen ich Sie gern teilhaben lassen möchte.",*,0,Government,Macroeconomics,Macroeconomics,19071_Tagesordnungspunkt_8_FDP_Kubicki_ID197108000_13.12.2018.csv
2,Erste Anmerkung.,*,0,Government,Macroeconomics,Macroeconomics,19071_Tagesordnungspunkt_8_FDP_Kubicki_ID197108000_13.12.2018.csv
3,"Sie haben den Kollegen Dürr massiv angegriffen, er fordere die Union zum Vertragsbruch auf.",Macroeconomics,0,Government,Macroeconomics,Macroeconomics,19071_Tagesordnungspunkt_8_FDP_Kubicki_ID197108000_13.12.2018.csv
4,"Ich weiß gar nicht, ob Ihnen aufgefallen ist, dass die Union am Wochenende den Vertragsbruch beschlossen hat.",Macroeconomics,0,Government,Macroeconomics,Macroeconomics,19071_Tagesordnungspunkt_8_FDP_Kubicki_ID197108000_13.12.2018.csv
5,"Denn sie hat beschlossen, dass bis zum Jahre 2021 der Solidaritätszuschlag vollständig abgebaut werden soll.",Macroeconomics,0,Government,Macroeconomics,Macroeconomics,19071_Tagesordnungspunkt_8_FDP_Kubicki_ID197108000_13.12.2018.csv
6,"Also werfen Sie nicht Herrn Dürr etwas vor, was Sie eigentlich Ihrem Koalitionspartner vorwerfen müssten, der sich auf dem Parteitag als nicht vertragstreu erwiesen hat.",Macroeconomics,0,Government,Macroeconomics,Macroeconomics,19071_Tagesordnungspunkt_8_FDP_Kubicki_ID197108000_13.12.2018.csv
7,Zweite Anmerkung.,Macroeconomics,0,Government,Macroeconomics,Macroeconomics,19071_Tagesordnungspunkt_8_FDP_Kubicki_ID197108000_13.12.2018.csv
8,"Ich habe zur Kenntnis genommen, wie schnell die SPD dabei ist, ihre Vorsitzenden auszuwechseln; aber ich kann mich erinnern, dass im August 2017 Ihr damaliger Spitzenkandidat Martin Schulz öffentlich erklärt hat, dass die SPD bis zum Jahre 2021 den Solidaritätszuschlag vollständig abschaffen werde.",Macroeconomics,0,Government,Macroeconomics,Macroeconomics,19071_Tagesordnungspunkt_8_FDP_Kubicki_ID197108000_13.12.2018.csv
9,"Nun kann man sich fragen: Führt der Austausch von Vorsitzenden dazu, dass man sich auf Aussagen der SPD nicht mehr verlassen kann?",Macroeconomics,0,Government,Macroeconomics,Macroeconomics,19071_Tagesordnungspunkt_8_FDP_Kubicki_ID197108000_13.12.2018.csv
10,"Stehen Sie nicht mehr dazu, oder war es eine Wählertäuschung im Jahre 2017?",Macroeconomics,0,Government,Macroeconomics,Macroeconomics,19071_Tagesordnungspunkt_8_FDP_Kubicki_ID197108000_13.12.2018.csv
11,Dazu müssen Sie sich vielleicht auch verhalten.,Macroeconomics,0,Government,Macroeconomics,Macroeconomics,19071_Tagesordnungspunkt_8_FDP_Kubicki_ID197108000_13.12.2018.csv
12,Dritte Anmerkung.,Macroeconomics,0,Government,Macroeconomics,Macroeconomics,19071_Tagesordnungspunkt_8_FDP_Kubicki_ID197108000_13.12.2018.csv
13,"Ich halte es wirklich für logisch und auch nachvollziehbar, dass Menschen, die keine Steuern zahlen, von einer Steuerreform oder einer Absenkung von Steuern überhaupt nichts haben, weil das nur bei denen der Fall ist, die Steuern zahlen.",Macroeconomics,0,Government,Macroeconomics,Macroeconomics,19071_Tagesordnungspunkt_8_FDP_Kubicki_ID197108000_13.12.2018.csv
14,"Insofern ist der dauernde Hinweis darauf, dass die 40 Prozent, die keine Steuern zahlen, davon nicht betroffen wären, geradezu komisch.",Macroeconomics,0,Government,Macroeconomics,Macroeconomics,19071_Tagesordnungspunkt_8_FDP_Kubicki_ID197108000_13.12.2018.csv
15,"Es ist jedenfalls kein Argument dafür, dass diejenigen, die Steuern zahlen und in der Vergangenheit belastet wurden, jetzt nicht entlastet werden müssen, nachdem ihnen das seit Jahrzehnten versprochen worden ist.",Macroeconomics,0,Government,Macroeconomics,Macroeconomics,19071_Tagesordnungspunkt_8_FDP_Kubicki_ID197108000_13.12.2018.csv
16,"Herr Kollege Binding, wenn Sie antworten wollen, haben Sie jetzt Gelegenheit.",Macroeconomics,0,Government,Macroeconomics,Macroeconomics,19071_Tagesordnungspunkt_8_FDP_Kubicki_ID197108000_13.12.2018.csv
