,text,label_gold,segment_id,label_bert,label_parlbert,label_svm,speech_id
0,"Vielleicht ganz kurz. – Sie zitieren Martin Schulz, und da muss ich sagen, dass die halbe Wahrheit auch immer die halbe Lüge ist, weil ja die eine Hälfte dann fehlt.",Macroeconomics,0,Macroeconomics,Macroeconomics,Government,19071_Tagesordnungspunkt_8_SPD_Binding_ID197108100_13.12.2018.csv
1,"Sie haben recht: Er hat den Vorschlag gemacht, den Solidaritätszuschlag vollständig abzuschaffen.",Macroeconomics,0,Macroeconomics,Macroeconomics,Government,19071_Tagesordnungspunkt_8_SPD_Binding_ID197108100_13.12.2018.csv
2,Übrigens haben wir das auch in den Koalitionsverhandlungen vorgeschlagen.,Macroeconomics,0,Macroeconomics,Macroeconomics,Government,19071_Tagesordnungspunkt_8_SPD_Binding_ID197108100_13.12.2018.csv
3,"Sie können das nicht wissen – Ihre Koalitionsverhandlungen haben Sie abgebrochen, aber bei unseren war es so.
– Ja, da kann man sich auf die Schenkel klopfen.",Macroeconomics,0,Macroeconomics,Macroeconomics,Government,19071_Tagesordnungspunkt_8_SPD_Binding_ID197108100_13.12.2018.csv
4,Das ist klar.,Macroeconomics,0,Macroeconomics,Macroeconomics,Government,19071_Tagesordnungspunkt_8_SPD_Binding_ID197108100_13.12.2018.csv
5,"Ich bin sonst kein guter Bierzeltredner, aber heute scheint es zu gelingen.",Macroeconomics,0,Macroeconomics,Macroeconomics,Government,19071_Tagesordnungspunkt_8_SPD_Binding_ID197108100_13.12.2018.csv
6,"Martin Schulz hat auch gesagt, dass wir die Einkommensteuerstruktur, die Tarifkurve, ändern müssen,
dass wir den Spitzensteuersatz hochziehen müssen, später beginnen lassen müssen, dass wir den Steuersatz bei den unteren Einkommen absenken müssen.",Macroeconomics,0,Macroeconomics,Macroeconomics,Government,19071_Tagesordnungspunkt_8_SPD_Binding_ID197108100_13.12.2018.csv
7,"Das hätte den Effekt gehabt, dass wir die mittleren Einkommen entlasten und die hohen Einkommen – da haben Sie recht – etwas mehr belasten, weil wir der Meinung sind: Wenn jemand im Staat meint, man komme mit 12 000 Euro im Jahr aus, dann muss den anderen 10 000 Euro am Tag genügen. – Da kommen wir hin, wenn wir den Spitzensteuersatz – ich würde mal sagen: noch ein gutes Stück – nach oben ziehen.",Macroeconomics,1,Macroeconomics,Macroeconomics,Macroeconomics,19071_Tagesordnungspunkt_8_SPD_Binding_ID197108100_13.12.2018.csv
8,"Wenn Sie diese Hälfte mitdenken, dürfen Sie sagen: Wir wollen den Soli vollständig abschaffen.",Macroeconomics,1,Macroeconomics,Macroeconomics,Macroeconomics,19071_Tagesordnungspunkt_8_SPD_Binding_ID197108100_13.12.2018.csv
9,Der letzte Redner zu diesem Tagesordnungspunkt ist der Kollege Dr.,*,1,Macroeconomics,Macroeconomics,Macroeconomics,19071_Tagesordnungspunkt_8_SPD_Binding_ID197108100_13.12.2018.csv
10,"Hans Michelbach, CDU/CSU-Fraktion.",*,1,Macroeconomics,Macroeconomics,Macroeconomics,19071_Tagesordnungspunkt_8_SPD_Binding_ID197108100_13.12.2018.csv
