,text,label_gold,segment_id,label_bert,label_parlbert,label_svm,speech_id
0,Frau Präsidentin!,*,0,Government,Government,Government,19071_Tagesordnungspunkt_8_FDP_Duerr_ID197107600_13.12.2018.csv
1,Verehrte Damen und Herren!,*,0,Government,Government,Government,19071_Tagesordnungspunkt_8_FDP_Duerr_ID197107600_13.12.2018.csv
2,"Liebe Kolleginnen und Kollegen der CDU, Sie hatten am Wochenende einen sehr spannenden Bundesparteitag.",Macroeconomics,0,Government,Government,Government,19071_Tagesordnungspunkt_8_FDP_Duerr_ID197107600_13.12.2018.csv
3,Mit seinem Spitzenpersonal entscheidet man über die politische Richtung.,Macroeconomics,0,Government,Government,Government,19071_Tagesordnungspunkt_8_FDP_Duerr_ID197107600_13.12.2018.csv
4,"Wir haben davor großen Respekt – ich sage das in aller Klarheit – und wünschen Ihrer neuen Vorsitzenden, auch im Interesse des Landes, eine glückliche Hand.",Macroeconomics,0,Government,Government,Government,19071_Tagesordnungspunkt_8_FDP_Duerr_ID197107600_13.12.2018.csv
5,"Viel eindeutiger als die Wahl der Bundesvorsitzenden war allerdings der Beschluss, den der Kollege Gutting gerade angesprochen hat, nämlich zur Abschaffung des Solidaritätszuschlaggesetzes.",Macroeconomics,0,Government,Government,Government,19071_Tagesordnungspunkt_8_FDP_Duerr_ID197107600_13.12.2018.csv
6,Wir begrüßen den Beschluss des CDU-Bundesparteitags ausdrücklich.,Macroeconomics,0,Government,Government,Government,19071_Tagesordnungspunkt_8_FDP_Duerr_ID197107600_13.12.2018.csv
7,Er ist richtig.,Macroeconomics,0,Government,Government,Government,19071_Tagesordnungspunkt_8_FDP_Duerr_ID197107600_13.12.2018.csv
8,"Liebe Kollegen, Sie haben bereits heute die Möglichkeit, das, was Sie auf dem Bundesparteitag beschlossen haben, im Deutschen Bundestag zu billigen.",Macroeconomics,0,Government,Government,Government,19071_Tagesordnungspunkt_8_FDP_Duerr_ID197107600_13.12.2018.csv
9,Ich fordere Sie auf: Stimmen Sie unserem vorliegenden Gesetzentwurf zu.,Macroeconomics,0,Government,Government,Government,19071_Tagesordnungspunkt_8_FDP_Duerr_ID197107600_13.12.2018.csv
10,"Herr Gutting, ich muss mich schon ein bisschen wundern, wenn ich jetzt höre, wie Sie sich hier vorne – vorsichtig formuliert – etwas gewunden haben.",Macroeconomics,0,Government,Government,Government,19071_Tagesordnungspunkt_8_FDP_Duerr_ID197107600_13.12.2018.csv
11,"Sie haben gerade sieben Minuten Redezeit darauf verwendet, deutlich zu machen, dass die Freien Demokraten die richtige Position vertreten, dass es richtig ist, über den vorliegenden Gesetzentwurf abzustimmen und ihm zuzustimmen.",Macroeconomics,0,Government,Government,Government,19071_Tagesordnungspunkt_8_FDP_Duerr_ID197107600_13.12.2018.csv
12,"Wenn es Ihnen um Glaubwürdigkeit geht, Herr Gutting, dann erwarte ich in der namentlichen Abstimmung eine Zustimmung der Kolleginnen und Kollegen der CDU Deutschlands, um das in aller Klarheit zu sagen.",Macroeconomics,0,Government,Government,Government,19071_Tagesordnungspunkt_8_FDP_Duerr_ID197107600_13.12.2018.csv
13,"Wer am Sonntag Parteitagsbeschlüsse fällt, wer sich am Sonntag vor den Augen der deutschen Öffentlichkeit dafür einsetzt, dass der Solidaritätszuschlag mit dem Ende des Solidarpaktes Ost ausläuft, wer das politisch beschließt, der muss im Bundestag politisch Taten folgen lassen.",Macroeconomics,0,Government,Government,Government,19071_Tagesordnungspunkt_8_FDP_Duerr_ID197107600_13.12.2018.csv
14,Der Soli gehört abgeschafft.,Macroeconomics,0,Government,Government,Government,19071_Tagesordnungspunkt_8_FDP_Duerr_ID197107600_13.12.2018.csv
15,"Sie müssen zustimmen nach Ihrem Parteitagsbeschluss, Herr Kollege Gutting, liebe Kollegen der CDU.",Macroeconomics,0,Government,Government,Government,19071_Tagesordnungspunkt_8_FDP_Duerr_ID197107600_13.12.2018.csv
16,"Sie haben es vorhin gesagt: Damals in den 90er-Jahren war es ein Versprechen der CDU Deutschlands, dass der Soli abgeschafft wird, wenn die Solidarhilfen für Ostdeutschland auslaufen.",Macroeconomics,0,Government,Government,Government,19071_Tagesordnungspunkt_8_FDP_Duerr_ID197107600_13.12.2018.csv
17,"Es war ein Versprechen von Helmut Kohl, der gesagt hat: Wir müssen den Soli abschaffen, wenn der Grund entfällt. – Der Grund entfällt Ende 2019.",Macroeconomics,0,Government,Government,Government,19071_Tagesordnungspunkt_8_FDP_Duerr_ID197107600_13.12.2018.csv
18,Deswegen darf der Soli am 1.,Macroeconomics,0,Government,Government,Government,19071_Tagesordnungspunkt_8_FDP_Duerr_ID197107600_13.12.2018.csv
19,"Januar 2020 von den Menschen in Deutschland auch nicht mehr gezahlt werden, um das in aller Klarheit zu sagen.",Macroeconomics,0,Government,Government,Government,19071_Tagesordnungspunkt_8_FDP_Duerr_ID197107600_13.12.2018.csv
20,"Liebe Kollegen der CDU, das ist eine Frage des Anstands.",Macroeconomics,0,Government,Government,Government,19071_Tagesordnungspunkt_8_FDP_Duerr_ID197107600_13.12.2018.csv
21,"Der Soli ist eine Sondereinkommensteuer des Bundes, die im Grundgesetz nicht vorgesehen ist.",Macroeconomics,0,Government,Government,Government,19071_Tagesordnungspunkt_8_FDP_Duerr_ID197107600_13.12.2018.csv
22,Er ist eine absolute Ausnahme.,Macroeconomics,0,Government,Government,Government,19071_Tagesordnungspunkt_8_FDP_Duerr_ID197107600_13.12.2018.csv
23,"Der Soli ist nur gerechtfertigt, wenn es für ihn einen Grund gibt.",Macroeconomics,0,Government,Government,Government,19071_Tagesordnungspunkt_8_FDP_Duerr_ID197107600_13.12.2018.csv
24,"Er ist juristisch – Sie haben es angedeutet, Herr Gutting – nicht mehr gerechtfertigt.",Macroeconomics,0,Government,Government,Government,19071_Tagesordnungspunkt_8_FDP_Duerr_ID197107600_13.12.2018.csv
25,"Wer heute gegen den vorliegenden Gesetzentwurf der FDP stimmt, der ruft offen zum Rechtsbruch gegen die Verfassung Deutschlands auf, um das in aller Klarheit zu sagen.",Macroeconomics,0,Government,Government,Government,19071_Tagesordnungspunkt_8_FDP_Duerr_ID197107600_13.12.2018.csv
26,Das ist so.,Macroeconomics,0,Government,Government,Government,19071_Tagesordnungspunkt_8_FDP_Duerr_ID197107600_13.12.2018.csv
27,"Ich wundere mich fast, dass der Kollege Michelbach so ruhig bleibt;
eigentlich bin ich auf seine Zwischenrufe eingestellt.",Macroeconomics,0,Government,Government,Government,19071_Tagesordnungspunkt_8_FDP_Duerr_ID197107600_13.12.2018.csv
28,"Herr Kollege Gutting, Sie haben auf den November letzten Jahres Bezug genommen.",Macroeconomics,0,Government,Government,Government,19071_Tagesordnungspunkt_8_FDP_Duerr_ID197107600_13.12.2018.csv
29,"Wir als Freie Demokraten erinnern uns sehr gut, mit welch belehrendem Ton Sie dieser Tage unterwegs sind und wie Sie sich im November letzten Jahres geäußert haben.",Macroeconomics,0,Government,Government,Government,19071_Tagesordnungspunkt_8_FDP_Duerr_ID197107600_13.12.2018.csv
30,"Wir erinnern uns sehr gut an die Verhöhnung der Forderung der FDP durch Peter Altmaier und die Bundeskanzlerin, dass der Soli in dieser Wahlperiode wegfallen muss.",Macroeconomics,0,Government,Government,Government,19071_Tagesordnungspunkt_8_FDP_Duerr_ID197107600_13.12.2018.csv
31,"Ich will Ihnen vorlesen, was damals vom geschätzten Kollegen Eckhardt Rehberg gesagt worden ist – Zitat –: „Der vollständige Abbau des Solidaritätszuschlags … ist für den Bundeshaushalt nicht finanzierbar“.",Macroeconomics,0,Government,Government,Government,19071_Tagesordnungspunkt_8_FDP_Duerr_ID197107600_13.12.2018.csv
32,Das war am 10.,Macroeconomics,0,Government,Government,Government,19071_Tagesordnungspunkt_8_FDP_Duerr_ID197107600_13.12.2018.csv
33,November 2017.,Macroeconomics,0,Government,Government,Government,19071_Tagesordnungspunkt_8_FDP_Duerr_ID197107600_13.12.2018.csv
34,"Jetzt haben Sie die Entscheidung getroffen, dass der Soli weg muss.",Macroeconomics,0,Government,Government,Government,19071_Tagesordnungspunkt_8_FDP_Duerr_ID197107600_13.12.2018.csv
35,Lassen Sie Ihren Worten heute Taten folgen.,Macroeconomics,0,Government,Government,Government,19071_Tagesordnungspunkt_8_FDP_Duerr_ID197107600_13.12.2018.csv
36,Das ist Ihre bürgerliche Pflicht.,Macroeconomics,0,Government,Government,Government,19071_Tagesordnungspunkt_8_FDP_Duerr_ID197107600_13.12.2018.csv
37,Zum Schluss.,Macroeconomics,0,Government,Government,Government,19071_Tagesordnungspunkt_8_FDP_Duerr_ID197107600_13.12.2018.csv
38,"Es gibt nur einen einzigen Grund, warum der Soli heute nicht abgeschafft werden kann, und zwar, weil Sie es eigentlich politisch nicht wollen.",Macroeconomics,0,Government,Government,Government,19071_Tagesordnungspunkt_8_FDP_Duerr_ID197107600_13.12.2018.csv
39,Vor einem Jahr haben Sie sich hinter den Haushaltszahlen des Bundes versteckt.,Macroeconomics,0,Government,Government,Government,19071_Tagesordnungspunkt_8_FDP_Duerr_ID197107600_13.12.2018.csv
40,Heute verstecken Sie sich hinter Ihrem Koalitionspartner.,Macroeconomics,0,Government,Government,Government,19071_Tagesordnungspunkt_8_FDP_Duerr_ID197107600_13.12.2018.csv
41,"Meine Damen und Herren, Ihr Parteitagsbeschluss vom Sonntag bleibt, wenn Sie heute nicht zustimmen, pure Heuchelei, um das in aller Klarheit zu sagen.",Macroeconomics,0,Government,Government,Government,19071_Tagesordnungspunkt_8_FDP_Duerr_ID197107600_13.12.2018.csv
42,Herzlichen Dank.,*,0,Government,Government,Government,19071_Tagesordnungspunkt_8_FDP_Duerr_ID197107600_13.12.2018.csv
43,Der nächste Redner ist für die Fraktion Die Linke der Kollege Fabio De Masi.,*,0,Government,Government,Government,19071_Tagesordnungspunkt_8_FDP_Duerr_ID197107600_13.12.2018.csv
