,text,label_gold,segment_id,label_bert,label_parlbert,label_svm,speech_id
0,Frau Präsidentin!,*,0,Government,Domestic,Macroeconomics,19071_Tagesordnungspunkt_8_SPD_Esdar_ID197107300_13.12.2018.csv
1,Meine Damen und Herren!,*,0,Government,Domestic,Macroeconomics,19071_Tagesordnungspunkt_8_SPD_Esdar_ID197107300_13.12.2018.csv
2,"Es ist Weihnachtszeit, Zeit für kleine Aufmerksamkeiten, Zeit für Geschenke an die Liebsten.",Macroeconomics,0,Government,Domestic,Macroeconomics,19071_Tagesordnungspunkt_8_SPD_Esdar_ID197107300_13.12.2018.csv
3,AfD und FDP wollen in dieser Woche mit ihrem Antrag bzw.,Macroeconomics,0,Government,Domestic,Macroeconomics,19071_Tagesordnungspunkt_8_SPD_Esdar_ID197107300_13.12.2018.csv
4,Gesetzentwurf große Wohltaten für Reiche verteilen.,Macroeconomics,0,Government,Domestic,Macroeconomics,19071_Tagesordnungspunkt_8_SPD_Esdar_ID197107300_13.12.2018.csv
5,"Ich frage, ob es dafür auch an der Zeit ist.",Macroeconomics,0,Government,Domestic,Macroeconomics,19071_Tagesordnungspunkt_8_SPD_Esdar_ID197107300_13.12.2018.csv
6,Da sagen wir ganz klar Nein.,Macroeconomics,0,Government,Domestic,Macroeconomics,19071_Tagesordnungspunkt_8_SPD_Esdar_ID197107300_13.12.2018.csv
7,"Ich möchte das mit einem Rechenbeispiel verdeutlichen: Die durchschnittliche Vergütung für einen Vorstandsvorsitzenden eines deutschen DAX-Konzerns betrug im letzten Jahr 7,4 Millionen Euro.",Macroeconomics,0,Government,Domestic,Macroeconomics,19071_Tagesordnungspunkt_8_SPD_Esdar_ID197107300_13.12.2018.csv
8,"Nehmen wir dieses Jahreseinkommen und streichen den Soli komplett, so wie Sie es vorschlagen haben, dann spart der Herr Konzernboss 180 000 Euro Solidaritätszuschlag jedes Jahr.",Macroeconomics,0,Government,Domestic,Macroeconomics,19071_Tagesordnungspunkt_8_SPD_Esdar_ID197107300_13.12.2018.csv
9,Das ist Ihr Weg zu mehr Steuergerechtigkeit.,Macroeconomics,0,Government,Domestic,Macroeconomics,19071_Tagesordnungspunkt_8_SPD_Esdar_ID197107300_13.12.2018.csv
10,Ich sage ganz klar: Unser Weg ist es nicht.,Macroeconomics,0,Government,Domestic,Macroeconomics,19071_Tagesordnungspunkt_8_SPD_Esdar_ID197107300_13.12.2018.csv
11,"Ihr Ziel, Steuergeschenke an Topverdiener zu verteilen, lassen wir Ihnen und auch allen anderen Parteien in diesem Hause nicht durchgehen.",Macroeconomics,0,Government,Domestic,Macroeconomics,19071_Tagesordnungspunkt_8_SPD_Esdar_ID197107300_13.12.2018.csv
12,"Darum ist es gut, dass die SPD regiert.",Macroeconomics,0,Government,Domestic,Macroeconomics,19071_Tagesordnungspunkt_8_SPD_Esdar_ID197107300_13.12.2018.csv
13,"Diese Diskussion um weniger Steuern für Spitzenverdiener ist meines Erachtens hier fehl am Platz, und ich werde Ihnen auch darlegen, warum:
Erstens.",Macroeconomics,0,Government,Domestic,Macroeconomics,19071_Tagesordnungspunkt_8_SPD_Esdar_ID197107300_13.12.2018.csv
14,"Viele sagen, in Zeiten von sprudelnden Steuereinnahmen gebiete es die Steuergerechtigkeit, die Menschen zu entlasten, die die höchsten Steuern zahlen, die Vermögenden, die Einkommensstarken.",Macroeconomics,1,Macroeconomics,Macroeconomics,Macroeconomics,19071_Tagesordnungspunkt_8_SPD_Esdar_ID197107300_13.12.2018.csv
15,"Ich halte Ihnen an dieser Stelle eine gerade am letzten Freitag veröffentlichte Studie des Deutschen Institutes für Wirtschaftsforschung entgegen, die besagt, dass die Einkommensstarken seit Ende der 90er-Jahre bereits massiv entlastet worden sind.",Macroeconomics,1,Macroeconomics,Macroeconomics,Macroeconomics,19071_Tagesordnungspunkt_8_SPD_Esdar_ID197107300_13.12.2018.csv
16,"Ich zitiere mit Erlaubnis der Präsidentin das DIW:
Der Solidaritätszuschlag wurde bei den Spitzenverdienenden seit 1998 schon zwei- bis dreimal abgeschafft.",Macroeconomics,1,Macroeconomics,Macroeconomics,Macroeconomics,19071_Tagesordnungspunkt_8_SPD_Esdar_ID197107300_13.12.2018.csv
17,"Dagegen müssen einkommensschwächere Menschen heute einen deutlich höheren Anteil ihres Einkommens für Steuern entrichten, als es damals der Fall war.",Macroeconomics,1,Macroeconomics,Macroeconomics,Macroeconomics,19071_Tagesordnungspunkt_8_SPD_Esdar_ID197107300_13.12.2018.csv
18,Wir sagen: Das ist ungerecht.,Macroeconomics,1,Macroeconomics,Macroeconomics,Macroeconomics,19071_Tagesordnungspunkt_8_SPD_Esdar_ID197107300_13.12.2018.csv
19,Darum stärken wir als SPD die Geringverdienenden und die Mittelschicht.,Macroeconomics,1,Macroeconomics,Macroeconomics,Macroeconomics,19071_Tagesordnungspunkt_8_SPD_Esdar_ID197107300_13.12.2018.csv
20,"Zweitens fordern Sie, man müsse die deutschen Unternehmen von Steuern befreien, damit sie im globalen Wettbewerb bestehen können.",Macroeconomics,1,Macroeconomics,Macroeconomics,Macroeconomics,19071_Tagesordnungspunkt_8_SPD_Esdar_ID197107300_13.12.2018.csv
21,"Dabei zeigen doch die aktuellen wirtschaftlichen Kennzahlen, dass die Gewinne der deutschen Unternehmen unverändert hoch sind, weil wir in den letzten zwei Jahrzehnten bereits die Unternehmensteuer gesenkt, die Vermögensteuer abgeschafft und die Erbschaftsteuer bei Unternehmensübertragungen quasi beseitigt haben.",Macroeconomics,1,Macroeconomics,Macroeconomics,Macroeconomics,19071_Tagesordnungspunkt_8_SPD_Esdar_ID197107300_13.12.2018.csv
22,"Darum brauchen die Unternehmen in unserem Land keine Steuersenkungen, schon gar nicht mit der Gießkanne, sondern eine gute Infrastruktur und gezielte Unterstützung, damit sie innovativ bleiben können.",Macroeconomics,1,Macroeconomics,Macroeconomics,Macroeconomics,19071_Tagesordnungspunkt_8_SPD_Esdar_ID197107300_13.12.2018.csv
23,"Da liegen die wahren Herausforderungen, meine Damen und Herren.",Macroeconomics,1,Macroeconomics,Macroeconomics,Macroeconomics,19071_Tagesordnungspunkt_8_SPD_Esdar_ID197107300_13.12.2018.csv
24,"Und drittens meinen Sie, die Abschaffung des Soli und die damit verbundene Senkung der Einkommensteuer würde die Konsumnachfrage steigern.",Macroeconomics,1,Macroeconomics,Macroeconomics,Macroeconomics,19071_Tagesordnungspunkt_8_SPD_Esdar_ID197107300_13.12.2018.csv
25,"Das ist auch auf den ersten Blick nicht falsch, aber wie so oft lohnt es sich, ein zweites Mal genauer hinzusehen.",Macroeconomics,1,Macroeconomics,Macroeconomics,Macroeconomics,19071_Tagesordnungspunkt_8_SPD_Esdar_ID197107300_13.12.2018.csv
26,"Denn die guten, differenzierten Studien dazu zeigen sehr deutlich, dass eine Senkung der Einkommensteuer vor allem bei den Geringverdienenden und bei der Mittelschicht zu stärkerer Konsumnachfrage führt, bei den Spitzenverdienenden erhöhen Steuersenkungen vor allem die Sparquote.",Macroeconomics,1,Macroeconomics,Macroeconomics,Macroeconomics,19071_Tagesordnungspunkt_8_SPD_Esdar_ID197107300_13.12.2018.csv
27,"So ist es wirtschaftlich sinnvoll, Menschen mit einem eher geringeren Einkommen zu entlasten, mit dem Ziel, dass sich Arbeit wieder mehr lohnt.",Macroeconomics,1,Macroeconomics,Macroeconomics,Macroeconomics,19071_Tagesordnungspunkt_8_SPD_Esdar_ID197107300_13.12.2018.csv
28,"Genau das, meine Damen und Herren, haben wir als SPD mit der Union im Koalitionsvertrag festgeschrieben: Den Soli werden wir bis 2021 für 90 Prozent der Menschen, die ihn heute zahlen, abschaffen.",Macroeconomics,1,Macroeconomics,Macroeconomics,Macroeconomics,19071_Tagesordnungspunkt_8_SPD_Esdar_ID197107300_13.12.2018.csv
29,"Im Gegenwert von 10 Milliarden Euro werden wir damit diejenigen entlasten, die es im Portemonnaie spürbar bemerken werden.",Macroeconomics,1,Macroeconomics,Macroeconomics,Macroeconomics,19071_Tagesordnungspunkt_8_SPD_Esdar_ID197107300_13.12.2018.csv
30,"Ihr Konzept im vorgelegten Antrag, die Steuern per Gießkanne für die Reichen und Wohlhabenden zu senken,
wäre nichts anderes als ein Antrag gegen die Zukunftsfähigkeit Deutschlands.",Macroeconomics,1,Macroeconomics,Macroeconomics,Macroeconomics,19071_Tagesordnungspunkt_8_SPD_Esdar_ID197107300_13.12.2018.csv
31,"Mindestens 8 Milliarden Euro würden uns dann für Zukunftsinvestitionen in Bildung, Qualifizierung und Infrastruktur fehlen.",Macroeconomics,1,Macroeconomics,Macroeconomics,Macroeconomics,19071_Tagesordnungspunkt_8_SPD_Esdar_ID197107300_13.12.2018.csv
32,"Meine Damen und Herren, unser Staat hat wirklich andere Herausforderungen zu bewältigen, als sich um milliardenschwere Steuersenkungen für Millionäre zu sorgen.",Macroeconomics,1,Macroeconomics,Macroeconomics,Macroeconomics,19071_Tagesordnungspunkt_8_SPD_Esdar_ID197107300_13.12.2018.csv
33,Herzlichen Dank.,*,1,Macroeconomics,Macroeconomics,Macroeconomics,19071_Tagesordnungspunkt_8_SPD_Esdar_ID197107300_13.12.2018.csv
34,"Vielen Dank, Dr.",*,1,Macroeconomics,Macroeconomics,Macroeconomics,19071_Tagesordnungspunkt_8_SPD_Esdar_ID197107300_13.12.2018.csv
35,"Esdar. – Jetzt ist der nächste Redner dran, und zwar Stefan Keuter für die AfD-Fraktion.",*,1,Macroeconomics,Macroeconomics,Macroeconomics,19071_Tagesordnungspunkt_8_SPD_Esdar_ID197107300_13.12.2018.csv
