,text,label_gold,segment_id,label_bert,label_parlbert,label_svm,speech_id
0,Frau Präsidentin!,*,0,Macroeconomics,Macroeconomics,Government,19071_Tagesordnungspunkt_8_AfD_Keuter_ID197107400_13.12.2018.csv
1,Meine sehr geehrten Damen und Herren!,*,0,Macroeconomics,Macroeconomics,Government,19071_Tagesordnungspunkt_8_AfD_Keuter_ID197107400_13.12.2018.csv
2,"Seit März 2018, also seit gut neun Monaten, berät der Deutsche Bundestag über die Anträge der FDP-Fraktion und der AfD-Fraktion zur Abschaffung des Solidaritätszuschlages.",Macroeconomics,0,Macroeconomics,Macroeconomics,Government,19071_Tagesordnungspunkt_8_AfD_Keuter_ID197107400_13.12.2018.csv
3,In dieser Zeit trägt eine Frau normalerweise ein Kind aus.,Macroeconomics,0,Macroeconomics,Macroeconomics,Government,19071_Tagesordnungspunkt_8_AfD_Keuter_ID197107400_13.12.2018.csv
4,Betrachten wir einmal die Schwangerschaft dieses Antrags.,Macroeconomics,0,Macroeconomics,Macroeconomics,Government,19071_Tagesordnungspunkt_8_AfD_Keuter_ID197107400_13.12.2018.csv
5,Am 15.,Macroeconomics,0,Macroeconomics,Macroeconomics,Government,19071_Tagesordnungspunkt_8_AfD_Keuter_ID197107400_13.12.2018.csv
6,März hatte ich an dieser Stelle zu unserem Antrag gesprochen und diesen erläutert.,Macroeconomics,0,Macroeconomics,Macroeconomics,Government,19071_Tagesordnungspunkt_8_AfD_Keuter_ID197107400_13.12.2018.csv
7,Das Plenum hatte die Überweisung in den Finanzausschuss beschlossen.,Macroeconomics,0,Macroeconomics,Macroeconomics,Government,19071_Tagesordnungspunkt_8_AfD_Keuter_ID197107400_13.12.2018.csv
8,"In der zehnten bis zwölften Woche einer Schwangerschaft findet in der Regel eine große Vorsorgeuntersuchung statt, ein Ultraschallbild wird gefertigt, und der Frauenarzt
prüft die Gesundheit von Mutter und Kind auf Herz und Nieren.",Macroeconomics,0,Macroeconomics,Macroeconomics,Government,19071_Tagesordnungspunkt_8_AfD_Keuter_ID197107400_13.12.2018.csv
9,So war es auch hier: Gut drei Monate nach meiner Rede befasste sich der Finanzausschuss am 27.,Macroeconomics,0,Macroeconomics,Macroeconomics,Government,19071_Tagesordnungspunkt_8_AfD_Keuter_ID197107400_13.12.2018.csv
10,Juni in einer öffentlichen Anhörung mit namhaften Steuer- und Verfassungsexperten mit dem Thema Abschaffung des Solidaritätszuschlages.,Macroeconomics,0,Macroeconomics,Macroeconomics,Government,19071_Tagesordnungspunkt_8_AfD_Keuter_ID197107400_13.12.2018.csv
11,"Der ehemalige Präsident des Bundesverfassungsgerichts, Professor Hans-Jürgen Papier, führte hier noch mal sehr deutlich aus, dass die Erhebung des Solidaritätszuschlages von der Verfassung nicht mehr gedeckt sei.",Macroeconomics,0,Macroeconomics,Macroeconomics,Government,19071_Tagesordnungspunkt_8_AfD_Keuter_ID197107400_13.12.2018.csv
12,Der Solidaritätszuschlag darf nur zur Deckung eines wirklich bestehenden zusätzlichen Finanzbedarfes des Bundes erhoben werden.,Macroeconomics,0,Macroeconomics,Macroeconomics,Government,19071_Tagesordnungspunkt_8_AfD_Keuter_ID197107400_13.12.2018.csv
13,"Professor Papier erläuterte, dass dieser Finanzbedarf spätestens mit dem Ablauf des Solidarpaktes II offenkundig und objektiv nicht mehr bestehen wird.",Macroeconomics,0,Macroeconomics,Macroeconomics,Government,19071_Tagesordnungspunkt_8_AfD_Keuter_ID197107400_13.12.2018.csv
14,"Daher hat er hier verfassungsmäßige Bedenken, sollte der Solidaritätszuschlag weiter erhoben werden. – Voilà, volle AfD-Position.",Macroeconomics,0,Macroeconomics,Macroeconomics,Government,19071_Tagesordnungspunkt_8_AfD_Keuter_ID197107400_13.12.2018.csv
15,"Der Koalitionsvertrag sieht nun eine Abschaffung des Solis zum Ende der Legislaturperiode vor – das ist in knapp drei Jahren –, aber nur für 90 Prozent der Steuerzahler.",Macroeconomics,0,Macroeconomics,Macroeconomics,Government,19071_Tagesordnungspunkt_8_AfD_Keuter_ID197107400_13.12.2018.csv
16,"Die übrigen 10 Prozent zahlen weiterhin etwa die Hälfte des heutigen Soli-Aufkommens, welches inzwischen 18 Milliarden Euro jährlich beträgt.",Macroeconomics,0,Macroeconomics,Macroeconomics,Government,19071_Tagesordnungspunkt_8_AfD_Keuter_ID197107400_13.12.2018.csv
17,Dieses Vorhaben ist also bloße Augenwischerei.,Macroeconomics,0,Macroeconomics,Macroeconomics,Government,19071_Tagesordnungspunkt_8_AfD_Keuter_ID197107400_13.12.2018.csv
18,"Eine echte, spürbare Entlastung der Steuerzahler findet zumindest quantitativ gar nicht statt, wenn es überhaupt dazu kommen sollte.",Macroeconomics,0,Macroeconomics,Macroeconomics,Government,19071_Tagesordnungspunkt_8_AfD_Keuter_ID197107400_13.12.2018.csv
19,Aber zurück zur Schwangerschaft.,Macroeconomics,0,Macroeconomics,Macroeconomics,Government,19071_Tagesordnungspunkt_8_AfD_Keuter_ID197107400_13.12.2018.csv
20,In den weiteren Monaten wächst und gedeiht das Kind im Bauche der Mutter.,Macroeconomics,0,Macroeconomics,Macroeconomics,Government,19071_Tagesordnungspunkt_8_AfD_Keuter_ID197107400_13.12.2018.csv
21,"Auch wieder eine Parallele zu unserem Antrag: Es dauerte Monate, bis der Finanzausschuss eine Entscheidung traf.",Macroeconomics,0,Macroeconomics,Macroeconomics,Government,19071_Tagesordnungspunkt_8_AfD_Keuter_ID197107400_13.12.2018.csv
22,Man könnte dies auch zeitlich eingrenzen: bis nach den Landtagswahlen in Bayern und Hessen.,Macroeconomics,0,Macroeconomics,Macroeconomics,Government,19071_Tagesordnungspunkt_8_AfD_Keuter_ID197107400_13.12.2018.csv
23,"Offensichtlich hatten die Koalitionspartner CDU, CSU und SPD überhaupt gar kein Interesse, dieses für sie heikle Thema im Wahlkampf thematisiert zu wissen.",Macroeconomics,0,Macroeconomics,Macroeconomics,Government,19071_Tagesordnungspunkt_8_AfD_Keuter_ID197107400_13.12.2018.csv
24,"Es hieß immer, es gebe noch Beratungsbedarf.",Macroeconomics,0,Macroeconomics,Macroeconomics,Government,19071_Tagesordnungspunkt_8_AfD_Keuter_ID197107400_13.12.2018.csv
25,In fünf Sitzungen des Finanzausschusses im September und Oktober wurde das Thema nicht beraten.,Macroeconomics,0,Macroeconomics,Macroeconomics,Government,19071_Tagesordnungspunkt_8_AfD_Keuter_ID197107400_13.12.2018.csv
26,"Erst Ende November trug die SPD diese Verschleppungstaktik nicht mehr mit; also bis zur letzten Sitzung vor dem CDU-Parteitag. – Meine Damen und Herren, so taktieren Altparteien.",Macroeconomics,0,Macroeconomics,Macroeconomics,Government,19071_Tagesordnungspunkt_8_AfD_Keuter_ID197107400_13.12.2018.csv
27,Dies hat mit guter Politik für unser Land nichts mehr zu tun.,Macroeconomics,0,Macroeconomics,Macroeconomics,Government,19071_Tagesordnungspunkt_8_AfD_Keuter_ID197107400_13.12.2018.csv
28,"Schauen wir uns einmal die Standpunkte an: Die SPD – wir haben ja gerade gehört, welche Position sie vertritt – will den Soli am liebsten gar nicht abschaffen.",Macroeconomics,0,Macroeconomics,Macroeconomics,Government,19071_Tagesordnungspunkt_8_AfD_Keuter_ID197107400_13.12.2018.csv
29,"Sozis glauben ja grundsätzlich, dass der Staat mit dem Geld der Bürger besser wirtschaften kann als der Bürger selber.",Macroeconomics,0,Macroeconomics,Macroeconomics,Government,19071_Tagesordnungspunkt_8_AfD_Keuter_ID197107400_13.12.2018.csv
30,Die CDU/CSU hat das Geld schon verplant.,Macroeconomics,0,Macroeconomics,Macroeconomics,Government,19071_Tagesordnungspunkt_8_AfD_Keuter_ID197107400_13.12.2018.csv
31,Deshalb will sie den Soli erst zum Ende der Legislaturperiode schrittchenweise abschaffen.,Macroeconomics,0,Macroeconomics,Macroeconomics,Government,19071_Tagesordnungspunkt_8_AfD_Keuter_ID197107400_13.12.2018.csv
32,"Nun hat aber der CDU-Parteitag mehrheitlich beschlossen, den Solidaritätszuschlag schon zum Ende der Wahlperiode im Jahr 2021 für alle Bürger abzuschaffen.",Macroeconomics,0,Macroeconomics,Macroeconomics,Government,19071_Tagesordnungspunkt_8_AfD_Keuter_ID197107400_13.12.2018.csv
33,Ob dies der Koalitionspartner mitmacht?,Macroeconomics,0,Macroeconomics,Macroeconomics,Government,19071_Tagesordnungspunkt_8_AfD_Keuter_ID197107400_13.12.2018.csv
34,"Ich bin neugierig und gespannt, ob das so eintreten wird.",Macroeconomics,0,Macroeconomics,Macroeconomics,Government,19071_Tagesordnungspunkt_8_AfD_Keuter_ID197107400_13.12.2018.csv
35,Die AfD steht für eine sofortige Abschaffung des Solis.,Macroeconomics,0,Macroeconomics,Macroeconomics,Government,19071_Tagesordnungspunkt_8_AfD_Keuter_ID197107400_13.12.2018.csv
36,Die FDP möchte dies erst 2019 tun.,Macroeconomics,0,Macroeconomics,Macroeconomics,Government,19071_Tagesordnungspunkt_8_AfD_Keuter_ID197107400_13.12.2018.csv
37,Linke und Grüne wollen – wen wundert es?,Macroeconomics,0,Macroeconomics,Macroeconomics,Government,19071_Tagesordnungspunkt_8_AfD_Keuter_ID197107400_13.12.2018.csv
38,– am Soli festhalten.,Macroeconomics,0,Macroeconomics,Macroeconomics,Government,19071_Tagesordnungspunkt_8_AfD_Keuter_ID197107400_13.12.2018.csv
39,Unser Antrag auf sofortige Abschaffung des Solidaritätszuschlages wurde im Ausschuss abgelehnt.,Macroeconomics,0,Macroeconomics,Macroeconomics,Government,19071_Tagesordnungspunkt_8_AfD_Keuter_ID197107400_13.12.2018.csv
40,"Ich befürchte also, dass dieser Antrag eine Totgeburt sein wird.",Macroeconomics,0,Macroeconomics,Macroeconomics,Government,19071_Tagesordnungspunkt_8_AfD_Keuter_ID197107400_13.12.2018.csv
41,Wir werden es ja gleich sehen.,Macroeconomics,0,Macroeconomics,Macroeconomics,Government,19071_Tagesordnungspunkt_8_AfD_Keuter_ID197107400_13.12.2018.csv
42,"Wir stimmen hier gegen die Beschlussempfehlung des Ausschusses, um den Bürgern zu zeigen, dass wir diese verfassungswidrige Sondersteuer sofort abschaffen wollen.",Macroeconomics,0,Macroeconomics,Macroeconomics,Government,19071_Tagesordnungspunkt_8_AfD_Keuter_ID197107400_13.12.2018.csv
43,Ich sage hier heute ganz klar: Der Soli ist überflüssig wie ein Kropf.,Macroeconomics,0,Macroeconomics,Macroeconomics,Government,19071_Tagesordnungspunkt_8_AfD_Keuter_ID197107400_13.12.2018.csv
44,Er ist verfassungswidrig.,Macroeconomics,0,Macroeconomics,Macroeconomics,Government,19071_Tagesordnungspunkt_8_AfD_Keuter_ID197107400_13.12.2018.csv
45,"Geben wir den Bürgern zurück, was ihnen zusteht, und entlasten wir somit auch die Bürokratie, und das am besten sofort.",Macroeconomics,0,Macroeconomics,Macroeconomics,Government,19071_Tagesordnungspunkt_8_AfD_Keuter_ID197107400_13.12.2018.csv
46,"Dann klappt es auch wieder mit dem Wähler, so wie bei der AfD.",Macroeconomics,0,Macroeconomics,Macroeconomics,Government,19071_Tagesordnungspunkt_8_AfD_Keuter_ID197107400_13.12.2018.csv
47,"Vielen Dank, meine Damen und Herren.",*,0,Macroeconomics,Macroeconomics,Government,19071_Tagesordnungspunkt_8_AfD_Keuter_ID197107400_13.12.2018.csv
48,"Vielen Dank, Stefan Keuter. – Nächster Redner: Olav Gutting für die CDU/CSU-Fraktion.",*,0,Macroeconomics,Macroeconomics,Government,19071_Tagesordnungspunkt_8_AfD_Keuter_ID197107400_13.12.2018.csv
