,text,label_gold,segment_id,label_bert,label_parlbert,label_svm,speech_id
0,Herr Präsident!,*,0,Government,Government,Civil,19071_Tagesordnungspunkt_8_SPD_Binding_ID197107900_13.12.2018.csv
1,Sehr verehrte Damen und Herren!,*,0,Government,Government,Civil,19071_Tagesordnungspunkt_8_SPD_Binding_ID197107900_13.12.2018.csv
2,Liebe Kolleginnen und Kollegen!,*,0,Government,Government,Civil,19071_Tagesordnungspunkt_8_SPD_Binding_ID197107900_13.12.2018.csv
3,"Wenn ich das vorhin richtig verstanden habe, hat der Kollege Dürr die CDU-Fraktion zum Vertragsbruch aufgerufen.",Macroeconomics,0,Government,Government,Civil,19071_Tagesordnungspunkt_8_SPD_Binding_ID197107900_13.12.2018.csv
4,Das ist für eine Rechtsstaatspartei eine interessante Sache.,Macroeconomics,0,Government,Government,Civil,19071_Tagesordnungspunkt_8_SPD_Binding_ID197107900_13.12.2018.csv
5,"Jetzt wundert mich auch nicht mehr, warum Sie Sorge hatten, mit der CDU/CSU einen Koalitionsvertrag zu schließen; denn Sie hätten diese gleichzeitig aufgefordert, diesen zu brechen.",Macroeconomics,0,Government,Government,Civil,19071_Tagesordnungspunkt_8_SPD_Binding_ID197107900_13.12.2018.csv
6,Sie haben sich in die Falle zwischen „Appell folgen“ und „vertragstreu sein“ hineinbegeben.,Macroeconomics,0,Government,Government,Civil,19071_Tagesordnungspunkt_8_SPD_Binding_ID197107900_13.12.2018.csv
7,"Es stellt sich die Frage, was schlimmer wäre.",Macroeconomics,0,Government,Government,Civil,19071_Tagesordnungspunkt_8_SPD_Binding_ID197107900_13.12.2018.csv
8,Das ist ein ganz schwieriges Terrain.,Macroeconomics,0,Government,Government,Civil,19071_Tagesordnungspunkt_8_SPD_Binding_ID197107900_13.12.2018.csv
9,"Ich glaube, da muss man ein bisschen aufpassen.",Macroeconomics,0,Government,Government,Civil,19071_Tagesordnungspunkt_8_SPD_Binding_ID197107900_13.12.2018.csv
10,"Herr Kollege, gestatten Sie eine Zwischenfrage des Kollegen Kubicki?",Macroeconomics,0,Government,Government,Civil,19071_Tagesordnungspunkt_8_SPD_Binding_ID197107900_13.12.2018.csv
11,"Nein, ich trage geschlossen vor. – Ich will noch etwas sagen: Dahinter verbirgt sich aber noch ein Gedanke, den ich ganz gefährlich finde: Der CDU-Parteitag habe das beschlossen. – Natürlich, Parteitage beschließen, was Fraktionen hier machen, wenn die Partei und die Fraktion hier allein die Mehrheit hat.",Macroeconomics,0,Government,Government,Civil,19071_Tagesordnungspunkt_8_SPD_Binding_ID197107900_13.12.2018.csv
12,"Aber Sie sind ja gar nicht für eine Partei hier – und das ist der Unterschied –, sondern von einer Partei.",Macroeconomics,0,Government,Government,Civil,19071_Tagesordnungspunkt_8_SPD_Binding_ID197107900_13.12.2018.csv
13,"Jedenfalls ist das das Grundverständnis der SPD: Wir sind von einer Partei hier, aber für alle Bürger.",Macroeconomics,0,Government,Government,Civil,19071_Tagesordnungspunkt_8_SPD_Binding_ID197107900_13.12.2018.csv
14,"Deswegen zählen unsere Parteitage nur so viel, wie sich hier im Koalitionsvertrag wiederfindet.",Macroeconomics,0,Government,Government,Civil,19071_Tagesordnungspunkt_8_SPD_Binding_ID197107900_13.12.2018.csv
15,Das ist eine in sich konsistente Politik; und das sind auch ein fairer Umgang und Vertragstreue.,Macroeconomics,1,Macroeconomics,Macroeconomics,International,19071_Tagesordnungspunkt_8_SPD_Binding_ID197107900_13.12.2018.csv
16,"Und wenn Sie das mit dem Begriff der Heuchelei verbinden, dann müssen Sie das einmal genauer erklären.",Macroeconomics,1,Macroeconomics,Macroeconomics,International,19071_Tagesordnungspunkt_8_SPD_Binding_ID197107900_13.12.2018.csv
17,Seit 1995 gibt es einen Finanzierungsbedarf.,Macroeconomics,1,Macroeconomics,Macroeconomics,International,19071_Tagesordnungspunkt_8_SPD_Binding_ID197107900_13.12.2018.csv
18,Dieser ist auch begründet; das weiß jeder.,Macroeconomics,1,Macroeconomics,Macroeconomics,International,19071_Tagesordnungspunkt_8_SPD_Binding_ID197107900_13.12.2018.csv
19,"Dieser wird durch den Soli gedeckt, und dieser Bedarf nimmt stetig ab.",Macroeconomics,1,Macroeconomics,Macroeconomics,International,19071_Tagesordnungspunkt_8_SPD_Binding_ID197107900_13.12.2018.csv
20,"Deshalb wollen wir auch den Soli abschaffen, aber schrittweise.",Macroeconomics,1,Macroeconomics,Macroeconomics,International,19071_Tagesordnungspunkt_8_SPD_Binding_ID197107900_13.12.2018.csv
21,Und das ist auch verfassungsgemäß.,Macroeconomics,1,Macroeconomics,Macroeconomics,International,19071_Tagesordnungspunkt_8_SPD_Binding_ID197107900_13.12.2018.csv
22,"Und die Verfassungswidrigkeit stellt hier kein Redner fest, kein Gutachten und kein Antrag, sondern diese stellt das Bundesverfassungsgericht fest.",Macroeconomics,1,Macroeconomics,Macroeconomics,International,19071_Tagesordnungspunkt_8_SPD_Binding_ID197107900_13.12.2018.csv
23,Und darauf können Sie sich noch nicht berufen.,Macroeconomics,1,Macroeconomics,Macroeconomics,International,19071_Tagesordnungspunkt_8_SPD_Binding_ID197107900_13.12.2018.csv
24,"Und im Koalitionsvertrag – das haben wir schon gehört – –
– Ich habe gesagt: schrittweise. – Aber ihn für 90 Prozent im ersten Schritt abzuschaffen, ist schon ein ziemlich großer Schritt.",Macroeconomics,2,Macroeconomics,Macroeconomics,International,19071_Tagesordnungspunkt_8_SPD_Binding_ID197107900_13.12.2018.csv
25,Er wird für 90 Prozent aller Solizahler abgeschafft; und die obersten 10 Prozent bezahlen das.,Macroeconomics,2,Macroeconomics,Macroeconomics,International,19071_Tagesordnungspunkt_8_SPD_Binding_ID197107900_13.12.2018.csv
26,"Nun sagen ja FDP und AfD, er solle vollständig abgeschafft werden, und sie begründen das damit, dass man den Armen, denjenigen mit kleinen und mittleren Einkommen, helfen wolle.",Macroeconomics,3,Macroeconomics,Macroeconomics,Macroeconomics,19071_Tagesordnungspunkt_8_SPD_Binding_ID197107900_13.12.2018.csv
27,"Und jetzt frage ich, wie Sie auf diese Idee kommen.",Macroeconomics,3,Macroeconomics,Macroeconomics,Macroeconomics,19071_Tagesordnungspunkt_8_SPD_Binding_ID197107900_13.12.2018.csv
28,"Es wurde eben von Lisa Paus schon vorgetragen, dass die kleinen und mittleren Einkommen überhaupt keinen Soli bezahlen.",Macroeconomics,3,Macroeconomics,Macroeconomics,Macroeconomics,19071_Tagesordnungspunkt_8_SPD_Binding_ID197107900_13.12.2018.csv
29,Die kleinen Einkommen bezahlen noch nicht einmal Einkommensteuer.,Macroeconomics,3,Macroeconomics,Macroeconomics,Macroeconomics,19071_Tagesordnungspunkt_8_SPD_Binding_ID197107900_13.12.2018.csv
30,"Die kleinen Einkommen bezahlen also vorher nichts, und nach Ihrer großen Reform bezahlen sie wieder nichts, und deshalb haben sie davon nichts.",Macroeconomics,3,Macroeconomics,Macroeconomics,Macroeconomics,19071_Tagesordnungspunkt_8_SPD_Binding_ID197107900_13.12.2018.csv
31,Insofern ist das relativ einfach.,Macroeconomics,3,Macroeconomics,Macroeconomics,Macroeconomics,19071_Tagesordnungspunkt_8_SPD_Binding_ID197107900_13.12.2018.csv
32,"Und jetzt sagen Sie: Ja, aber wir wollen die mittleren Einkommen entlasten. – Dazu brauchen wir keinen Antrag; dass wir die mittleren Einkommen entlasten, steht in unserem Koalitionsvertrag.",Macroeconomics,3,Macroeconomics,Macroeconomics,Macroeconomics,19071_Tagesordnungspunkt_8_SPD_Binding_ID197107900_13.12.2018.csv
33,"Denn die Bezieher mittlerer Einkommen sind sicher diejenigen, die innerhalb dieser 90-Prozent-Zone liegen.",Macroeconomics,3,Macroeconomics,Macroeconomics,Macroeconomics,19071_Tagesordnungspunkt_8_SPD_Binding_ID197107900_13.12.2018.csv
34,Oder wollen Sie sagen: Die obersten 10 Prozent sind schon die Mitte?,Macroeconomics,3,Macroeconomics,Macroeconomics,Macroeconomics,19071_Tagesordnungspunkt_8_SPD_Binding_ID197107900_13.12.2018.csv
35,– Also diese Mitte müssen Sie mir noch einmal erklären.,Macroeconomics,3,Macroeconomics,Macroeconomics,Macroeconomics,19071_Tagesordnungspunkt_8_SPD_Binding_ID197107900_13.12.2018.csv
36,Das ist jedenfalls nicht mein Verständnis von Mitte und daher für mich nicht ganz leicht zu verstehen.,Macroeconomics,3,Macroeconomics,Macroeconomics,Macroeconomics,19071_Tagesordnungspunkt_8_SPD_Binding_ID197107900_13.12.2018.csv
37,Also insofern: Die Entlastung für die reichen Leute wäre riesig.,Macroeconomics,3,Macroeconomics,Macroeconomics,Macroeconomics,19071_Tagesordnungspunkt_8_SPD_Binding_ID197107900_13.12.2018.csv
38,"Aber Sie haben vielleicht auch ein bisschen recht, weil das schon ab 70 000 Euro greift.",Macroeconomics,3,Macroeconomics,Macroeconomics,Macroeconomics,19071_Tagesordnungspunkt_8_SPD_Binding_ID197107900_13.12.2018.csv
39,"Und es gibt Arbeitnehmer, die mit ihrem letzten, vorletzten oder drittletzten Euro schon in dieser Progressionszone beim Spitzensteuersatz liegen werden.",Macroeconomics,3,Macroeconomics,Macroeconomics,Macroeconomics,19071_Tagesordnungspunkt_8_SPD_Binding_ID197107900_13.12.2018.csv
40,"Aber für die ist das gar nicht so schlimm, weil nämlich die Belastung, die dort beginnt, klein ist.",Macroeconomics,3,Macroeconomics,Macroeconomics,Macroeconomics,19071_Tagesordnungspunkt_8_SPD_Binding_ID197107900_13.12.2018.csv
41,Aber – wir haben es schon gehört –: Wir als Abgeordnete profitieren davon sehr viel.,Macroeconomics,3,Macroeconomics,Macroeconomics,Macroeconomics,19071_Tagesordnungspunkt_8_SPD_Binding_ID197107900_13.12.2018.csv
42,Die Vorstände der DAX-Unternehmen profitieren davon sehr viel.,Macroeconomics,3,Macroeconomics,Macroeconomics,Macroeconomics,19071_Tagesordnungspunkt_8_SPD_Binding_ID197107900_13.12.2018.csv
43,"Und ich finde, es ist in Ordnung, dafür zu kämpfen.",Macroeconomics,3,Macroeconomics,Macroeconomics,Macroeconomics,19071_Tagesordnungspunkt_8_SPD_Binding_ID197107900_13.12.2018.csv
44,Aber sagen Sie dies.,Macroeconomics,3,Macroeconomics,Macroeconomics,Macroeconomics,19071_Tagesordnungspunkt_8_SPD_Binding_ID197107900_13.12.2018.csv
45,"Sagen Sie: „Wir machen für 10 Prozent der Reichsten Politik.“ Dann finde ich das in Ordnung und sage: Ja, die FDP sagt die Wahrheit. – Was heute passiert ist, war nicht die Wahrheit.",Macroeconomics,3,Macroeconomics,Macroeconomics,Macroeconomics,19071_Tagesordnungspunkt_8_SPD_Binding_ID197107900_13.12.2018.csv
46,Das ist völlig klar.,Macroeconomics,3,Macroeconomics,Macroeconomics,Macroeconomics,19071_Tagesordnungspunkt_8_SPD_Binding_ID197107900_13.12.2018.csv
47,"Vorhin wurde noch gesagt, dass es mit den Anträgen so lange gedauert hätte.",Macroeconomics,3,Macroeconomics,Macroeconomics,Macroeconomics,19071_Tagesordnungspunkt_8_SPD_Binding_ID197107900_13.12.2018.csv
48,Das stimmt wirklich.,Macroeconomics,3,Macroeconomics,Macroeconomics,Macroeconomics,19071_Tagesordnungspunkt_8_SPD_Binding_ID197107900_13.12.2018.csv
49,Dafür gab es verschiedene Gründe.,Macroeconomics,3,Macroeconomics,Macroeconomics,Macroeconomics,19071_Tagesordnungspunkt_8_SPD_Binding_ID197107900_13.12.2018.csv
50,Ich will es einmal so sagen: Der erste Grund war natürlich die Bayern-Wahl.,Macroeconomics,3,Macroeconomics,Macroeconomics,Macroeconomics,19071_Tagesordnungspunkt_8_SPD_Binding_ID197107900_13.12.2018.csv
51,Aber es gibt noch einen viel wichtigeren Grund.,Macroeconomics,3,Macroeconomics,Macroeconomics,Macroeconomics,19071_Tagesordnungspunkt_8_SPD_Binding_ID197107900_13.12.2018.csv
52,"Der ganz wichtige Grund ist, dass wir überall nach einer Gegenfinanzierung gesucht haben.",Macroeconomics,3,Macroeconomics,Macroeconomics,Macroeconomics,19071_Tagesordnungspunkt_8_SPD_Binding_ID197107900_13.12.2018.csv
53,Wir haben in allen Ecken und Enden gesucht und gefragt: Wer bezahlt diese 10 Milliarden eigentlich?,Macroeconomics,3,Macroeconomics,Macroeconomics,Macroeconomics,19071_Tagesordnungspunkt_8_SPD_Binding_ID197107900_13.12.2018.csv
54,In Ihren Anträgen sind wir nicht fündig geworden.,Macroeconomics,3,Macroeconomics,Macroeconomics,Macroeconomics,19071_Tagesordnungspunkt_8_SPD_Binding_ID197107900_13.12.2018.csv
55,Mit solchen Anträgen können Sie sicher nicht auf Unterstützung hoffen.,Macroeconomics,3,Macroeconomics,Macroeconomics,Macroeconomics,19071_Tagesordnungspunkt_8_SPD_Binding_ID197107900_13.12.2018.csv
56,"Vielen Dank, alles Gute und ein bisschen mehr Wahrheit.",*,3,Macroeconomics,Macroeconomics,Macroeconomics,19071_Tagesordnungspunkt_8_SPD_Binding_ID197107900_13.12.2018.csv
57,Zu einer Kurzintervention erteile ich dem Kollegen Wolfgang Kubicki das Wort.,*,3,Macroeconomics,Macroeconomics,Macroeconomics,19071_Tagesordnungspunkt_8_SPD_Binding_ID197107900_13.12.2018.csv
