,text,label_gold,segment_id,label_bert,label_parlbert,label_svm,speech_id
0,Sehr geehrter Herr Präsident!,*,0,Immigration,Immigration,International,19086_Zusatzpunkt_6_GRUENE_Polat_ID198605900_14.03.2019.csv
1,Meine Damen und Herren!,*,0,Immigration,Immigration,International,19086_Zusatzpunkt_6_GRUENE_Polat_ID198605900_14.03.2019.csv
2,Das Asylbewerberleistungsgesetz macht Geflüchtete in diesem Land zu Menschen dritter Klasse.,Immigration,0,Immigration,Immigration,International,19086_Zusatzpunkt_6_GRUENE_Polat_ID198605900_14.03.2019.csv
3,"Anders als der Titel der Aktuellen Stunde – Frau Jelpke hat es gesagt – vermuten lässt, geht es mitnichten um ein Taschengeld.",Immigration,0,Immigration,Immigration,International,19086_Zusatzpunkt_6_GRUENE_Polat_ID198605900_14.03.2019.csv
4,"Es geht um ein Grundrecht auf Gewährleistung eines menschenwürdigen Existenzminimums,
und zwar abgeleitet – ich erwähne es noch einmal als Nachhilfe für Sie, Herr Gauland –
aus unserer Verfassung: Artikel 1, Menschenwürde, und Artikel 20, Sozialstaatsprinzip.",Immigration,0,Immigration,Immigration,International,19086_Zusatzpunkt_6_GRUENE_Polat_ID198605900_14.03.2019.csv
5,"Die Bundesregierung ist somit gesetzlich verpflichtet, die Asylbewerberleistungen regelmäßig anzupassen.",Immigration,1,Immigration,Immigration,Civil,19086_Zusatzpunkt_6_GRUENE_Polat_ID198605900_14.03.2019.csv
6,Sie könnte es im Übrigen auch jetzt schon ohne eine Gesetzesänderung tun.,Immigration,1,Immigration,Immigration,Civil,19086_Zusatzpunkt_6_GRUENE_Polat_ID198605900_14.03.2019.csv
7,"Vor diesem Hintergrund ist die von Unionskollegen öffentlich losgetretene Debatte zynisch, meine Damen und Herren.",Immigration,1,Immigration,Immigration,Civil,19086_Zusatzpunkt_6_GRUENE_Polat_ID198605900_14.03.2019.csv
8,"Herr Weiß, bei uns entsteht der Eindruck, dass der Appell, den Sie gerade losgelassen haben, unsere Verfassung zu achten, an die Adresse Ihrer eigenen Fraktion gerichtet war.",Immigration,1,Immigration,Immigration,Civil,19086_Zusatzpunkt_6_GRUENE_Polat_ID198605900_14.03.2019.csv
9,"Denn gemessen am Bundesverfassungsgerichtsurteil – hören Sie gut zu – zum ALG II von 2010 zeigt sich doch, dass den noch viel niedrigeren Beträgen des Asylbewerberleistungsgesetzes eine Bemessungsgrundlage, die ja beim ALG II bezüglich ihrer Auslegung kritisiert wird, gänzlich fehlt.",Immigration,1,Immigration,Immigration,Civil,19086_Zusatzpunkt_6_GRUENE_Polat_ID198605900_14.03.2019.csv
10,Sie fehlt gänzlich.,Immigration,1,Immigration,Immigration,Civil,19086_Zusatzpunkt_6_GRUENE_Polat_ID198605900_14.03.2019.csv
11,Es gibt keine.,Immigration,1,Immigration,Immigration,Civil,19086_Zusatzpunkt_6_GRUENE_Polat_ID198605900_14.03.2019.csv
12,Das Asylbewerberleistungsgesetz ist auch in vielen weiteren Punkten verfassungsrechtlich sehr bedenklich.,Immigration,1,Immigration,Immigration,Civil,19086_Zusatzpunkt_6_GRUENE_Polat_ID198605900_14.03.2019.csv
13,Das verschweigen Sie.,Immigration,1,Immigration,Immigration,Civil,19086_Zusatzpunkt_6_GRUENE_Polat_ID198605900_14.03.2019.csv
14,"Dies betrifft beispielsweise das Sachleistungsprinzip, die Bezugsdauer, die betroffenen Personengruppen sowie die Krankenbehandlung.",Immigration,1,Immigration,Immigration,Civil,19086_Zusatzpunkt_6_GRUENE_Polat_ID198605900_14.03.2019.csv
15,Schauen Sie einmal in Ihre Gesetzesbegründung von 1993.,Immigration,1,Immigration,Immigration,Civil,19086_Zusatzpunkt_6_GRUENE_Polat_ID198605900_14.03.2019.csv
16,Die haben Sie wohl vergessen.,Immigration,1,Immigration,Immigration,Civil,19086_Zusatzpunkt_6_GRUENE_Polat_ID198605900_14.03.2019.csv
17,Die Einschränkung der Krankenbehandlung auf eine Art Notfallversorgung und die damit verbundene restriktive Praxis führen oftmals zur Verschleppung von Krankheiten und deren Chronifizierung.,Immigration,1,Immigration,Immigration,Civil,19086_Zusatzpunkt_6_GRUENE_Polat_ID198605900_14.03.2019.csv
18,Da brauchen Sie gar nicht zu grinsen.,Immigration,1,Immigration,Immigration,Civil,19086_Zusatzpunkt_6_GRUENE_Polat_ID198605900_14.03.2019.csv
19,"Selbst bei Kindern, insbesondere bei Eingliederungshilfen für Kinder mit Behinderung, sind die Leistungen erheblich reduziert.",Immigration,1,Immigration,Immigration,Civil,19086_Zusatzpunkt_6_GRUENE_Polat_ID198605900_14.03.2019.csv
20,Das vergessen Sie.,Immigration,1,Immigration,Immigration,Civil,19086_Zusatzpunkt_6_GRUENE_Polat_ID198605900_14.03.2019.csv
21,"Ich will auch noch einmal Folgendes festhalten, weil Sie immer von ausreisepflichtigen Personen sprechen: Wir sprechen hier von den Geduldeten, für die Sie jetzt eine zusätzliche gesetzliche Grundlage schaffen, damit sie in Arbeit bleiben können.",Immigration,1,Immigration,Immigration,Civil,19086_Zusatzpunkt_6_GRUENE_Polat_ID198605900_14.03.2019.csv
22,"Wir sprechen nämlich von denjenigen, die schon seit vier, sechs, acht Jahren hier sind, weil sie aufgrund des Systemversagens beim BAMF lange im Asylverfahrenssystem hingen und jetzt faktisch Inländer geworden sind.",Immigration,1,Immigration,Immigration,Civil,19086_Zusatzpunkt_6_GRUENE_Polat_ID198605900_14.03.2019.csv
23,"Sie haben 2016 die Unternehmen aufgerufen, diese Menschen in die Unternehmen zu integrieren.",Immigration,1,Immigration,Immigration,Civil,19086_Zusatzpunkt_6_GRUENE_Polat_ID198605900_14.03.2019.csv
24,Das haben die Unternehmen gemacht.,Immigration,1,Immigration,Immigration,Civil,19086_Zusatzpunkt_6_GRUENE_Polat_ID198605900_14.03.2019.csv
25,Diese Menschen mit einer Duldung sitzen jetzt in Baden-Württemberg an den Werkbänken.,Immigration,1,Immigration,Immigration,Civil,19086_Zusatzpunkt_6_GRUENE_Polat_ID198605900_14.03.2019.csv
26,Sie wollen diese Menschen eigentlich abschieben.,Immigration,1,Immigration,Immigration,Civil,19086_Zusatzpunkt_6_GRUENE_Polat_ID198605900_14.03.2019.csv
27,"Auf der anderen Seite diskutieren wir über eine Beschäftigungsduldung, damit Menschen hierbleiben können.",Immigration,1,Immigration,Immigration,Civil,19086_Zusatzpunkt_6_GRUENE_Polat_ID198605900_14.03.2019.csv
28,"Das Ganze ist also ein wenig schizophren in dieser Debatte, meine Damen und Herren.",Immigration,1,Immigration,Immigration,Civil,19086_Zusatzpunkt_6_GRUENE_Polat_ID198605900_14.03.2019.csv
29,"Kinder werden nachhaltig geschädigt, weil therapeutische Hilfen für chronisch kranke, besonders förderungsbedürftige und Kinder mit Behinderung verschleppt und verweigert werden.",Immigration,1,Immigration,Immigration,Civil,19086_Zusatzpunkt_6_GRUENE_Polat_ID198605900_14.03.2019.csv
30,"Kinder werden in unzulässiger Weise zu Objekten migrationspolitischer Steuerungs- und Sanktionsmaßnahmen, die eigentlich, vielleicht, in ihrer Begründung auf das Verhalten ihrer Eltern abzielen.",Immigration,1,Immigration,Immigration,Civil,19086_Zusatzpunkt_6_GRUENE_Polat_ID198605900_14.03.2019.csv
31,Sie konstruieren damit aber eine Sippenhaft.,Immigration,2,Immigration,Immigration,Immigration,19086_Zusatzpunkt_6_GRUENE_Polat_ID198605900_14.03.2019.csv
32,Um das auch noch einmal zu betonen: Bei den Geduldeten sind fast 60 Prozent Kinder und Jugendliche.,Immigration,2,Immigration,Immigration,Immigration,19086_Zusatzpunkt_6_GRUENE_Polat_ID198605900_14.03.2019.csv
33,"Dennoch will das Bundesministerium für Arbeit und Soziales am alten System grundsätzlich festhalten – obwohl schon der Name des Gesetzes eine Mogelpackung bleibt, wie Pro Asyl zu Recht feststellt.",Immigration,2,Immigration,Immigration,Immigration,19086_Zusatzpunkt_6_GRUENE_Polat_ID198605900_14.03.2019.csv
34,"Es geht nämlich nicht, Konstantin Kuhle, nur um Asylbewerberinnen, Asylsuchende, die im Verfahren sind, und es geht auch nicht nur um Geduldete, die ausreisepflichtig sind.",Immigration,2,Immigration,Immigration,Immigration,19086_Zusatzpunkt_6_GRUENE_Polat_ID198605900_14.03.2019.csv
35,"Nein – und das wissen viele nicht –, es geht auch um die Menschen, die bereits einen Aufenthaltstitel haben, nämlich aus humanitären Gründen.",Immigration,2,Immigration,Immigration,Immigration,19086_Zusatzpunkt_6_GRUENE_Polat_ID198605900_14.03.2019.csv
36,"Die haben Sie nämlich mit erfasst im Asylbewerberleistungsgesetz, und das ist aus unserer Sicht absolut abzulehnen, meine Damen und Herren.
– Die sollen arbeiten?",Immigration,2,Immigration,Immigration,Immigration,19086_Zusatzpunkt_6_GRUENE_Polat_ID198605900_14.03.2019.csv
37,"Dann sagen Sie mal Ihren Kollegen, auch in NRW, dass sie keine Arbeitsverbote erteilen sollen.",Immigration,2,Immigration,Immigration,Immigration,19086_Zusatzpunkt_6_GRUENE_Polat_ID198605900_14.03.2019.csv
38,"Es wird leider nicht statistisch erfasst, wie viele Menschen ein Arbeitsverbot in Deutschland haben, obwohl sie arbeiten wollen.",Immigration,2,Immigration,Immigration,Immigration,19086_Zusatzpunkt_6_GRUENE_Polat_ID198605900_14.03.2019.csv
39,Sie lassen die Menschen im Transfersystem versauern.,Immigration,2,Immigration,Immigration,Immigration,19086_Zusatzpunkt_6_GRUENE_Polat_ID198605900_14.03.2019.csv
40,"Die Leute wollen arbeiten, meine Damen und Herren.
– Melden Sie sich zu einer Frage, Herr Kuhle!",Immigration,2,Immigration,Immigration,Immigration,19086_Zusatzpunkt_6_GRUENE_Polat_ID198605900_14.03.2019.csv
41,"Herrn Minister Heil und den Kollegen der SPD möchte ich deshalb ein Zitat Ihres niedersächsischen SPD-Kollegen, Innenminister Pistorius – er hat im Übrigen heute Geburtstag –, nicht vorenthalten.",Immigration,2,Immigration,Immigration,Immigration,19086_Zusatzpunkt_6_GRUENE_Polat_ID198605900_14.03.2019.csv
42,"Er hat im Landtag gesagt:
Wir brauchen den Wegfall des Asylbewerberleistungsgesetzes.",Immigration,3,Immigration,Immigration,Civil,19086_Zusatzpunkt_6_GRUENE_Polat_ID198605900_14.03.2019.csv
43,"Meine Damen und Herren, recht hat er, und die SPD im Bund sollte sich an dieser Forderung ein Beispiel nehmen!",Immigration,3,Immigration,Immigration,Civil,19086_Zusatzpunkt_6_GRUENE_Polat_ID198605900_14.03.2019.csv
44,"Aber das BMAS will nicht nur an einem diskriminierenden Sondergesetz festhalten, sondern – wir haben es gehört – Sie schieben die nächste Neuberechnung auf 2020.",Immigration,3,Immigration,Immigration,Civil,19086_Zusatzpunkt_6_GRUENE_Polat_ID198605900_14.03.2019.csv
45,Für die Betroffenen bedeutet dies einen nicht hinnehmbaren Einschnitt in ihre verfassungsrechtlich garantierte Würde.,Immigration,3,Immigration,Immigration,Civil,19086_Zusatzpunkt_6_GRUENE_Polat_ID198605900_14.03.2019.csv
46,Die Betroffenen müssen vor Gericht ihre Leistungsanpassung mühselig einklagen.,Immigration,3,Immigration,Immigration,Civil,19086_Zusatzpunkt_6_GRUENE_Polat_ID198605900_14.03.2019.csv
47,"Meine Damen und Herren, ein breites Bündnis aus Wohlfahrtsverbänden, Pro Asyl und vielen weiteren zivilgesellschaftlichen Akteuren spricht sich deshalb nachdrücklich für eine vollständige Aufhebung des Asylbewerberleistungsgesetzes aus.",Immigration,3,Immigration,Immigration,Civil,19086_Zusatzpunkt_6_GRUENE_Polat_ID198605900_14.03.2019.csv
48,Diese Forderung teilt Bündnis 90/Die Grünen.,Immigration,3,Immigration,Immigration,Civil,19086_Zusatzpunkt_6_GRUENE_Polat_ID198605900_14.03.2019.csv
49,"Meine Damen und Herren, eine Menschenwürde mit Rabatt widerspricht dem Sozialstaatsprinzip und lässt sich mit dem Grundgesetz nicht vereinbaren.",Immigration,3,Immigration,Immigration,Civil,19086_Zusatzpunkt_6_GRUENE_Polat_ID198605900_14.03.2019.csv
50,Vielen Dank für Ihre Aufmerksamkeit.,*,4,Government,Government,Government,19086_Zusatzpunkt_6_GRUENE_Polat_ID198605900_14.03.2019.csv
51,Vielen Dank. – Nächster Redner ist der Kollege Thorsten Frei für die Fraktion CDU/CSU.,*,4,Government,Government,Government,19086_Zusatzpunkt_6_GRUENE_Polat_ID198605900_14.03.2019.csv
