,text,label_gold,segment_id,label_bert,label_parlbert,label_svm,speech_id
0,Herr Präsident!,*,0,Civil,Civil,Immigration,19086_Zusatzpunkt_6_CDU_CSU_Straubinger_ID198606300_14.03.2019.csv
1,Werte Kolleginnen und Kollegen!,*,0,Civil,Civil,Immigration,19086_Zusatzpunkt_6_CDU_CSU_Straubinger_ID198606300_14.03.2019.csv
2,"Wir beschäftigen uns heute wieder mit einem Antrag der Ein-Thema-Partei, nämlich der AfD, die nichts anderes weiß, als uns mit Ratschlägen zu beglücken, wie wir die Asylpolitik zu gestalten haben bzw. wie sie weitergeführt werden soll.",Immigration,0,Civil,Civil,Immigration,19086_Zusatzpunkt_6_CDU_CSU_Straubinger_ID198606300_14.03.2019.csv
3,"Es ist auch kein Wunder, dass die AfD kein anderes Thema hat; denn sie will hier in sozusagen volksverhetzerischer Weise auftreten; das zeigen die Darbietungen der Beiträge von Herrn Sichert und Herrn Dr.",Immigration,0,Civil,Civil,Immigration,19086_Zusatzpunkt_6_CDU_CSU_Straubinger_ID198606300_14.03.2019.csv
4,Curio.,Immigration,0,Civil,Civil,Immigration,19086_Zusatzpunkt_6_CDU_CSU_Straubinger_ID198606300_14.03.2019.csv
5,"Damit zeigt sich sehr deutlich das Gesicht der AfD und letztendlich auch, wie sie zum Rechtsstaat steht.",Immigration,0,Civil,Civil,Immigration,19086_Zusatzpunkt_6_CDU_CSU_Straubinger_ID198606300_14.03.2019.csv
6,"Man kann aber nichts anderes erwarten von einer Partei, deren Vorsitzender der Meinung ist, dass die zwölfjährige Nazizeit ein Vogelschiss in der tausendjährigen deutschen Geschichte ist.",Immigration,0,Civil,Civil,Immigration,19086_Zusatzpunkt_6_CDU_CSU_Straubinger_ID198606300_14.03.2019.csv
7,Das gehört zum Ausdruck dieser Partei.,Immigration,0,Civil,Civil,Immigration,19086_Zusatzpunkt_6_CDU_CSU_Straubinger_ID198606300_14.03.2019.csv
8,"Diese Partei kennt kein anderes Thema, als Hass, Neid, Missgunst in die Gesellschaft zu tragen.",Immigration,0,Civil,Civil,Immigration,19086_Zusatzpunkt_6_CDU_CSU_Straubinger_ID198606300_14.03.2019.csv
9,"Das ist letztendlich das Programm der AfD, und das haben wir heute wieder erlebt.",Immigration,0,Civil,Civil,Immigration,19086_Zusatzpunkt_6_CDU_CSU_Straubinger_ID198606300_14.03.2019.csv
10,"Es war auch sehr bezeichnend, dass kein einziger Vorschlag zur Lösung dargelegt worden ist.",Immigration,0,Civil,Civil,Immigration,19086_Zusatzpunkt_6_CDU_CSU_Straubinger_ID198606300_14.03.2019.csv
11,"Von den beiden Rednern kam kein einziger Vorschlag, sondern nur Anklagen, Neid, Missgunst und der Vorwurf, dass in Deutschland eine Bevorzugung der Asylsuchenden stattfinden würde.",Immigration,0,Civil,Civil,Immigration,19086_Zusatzpunkt_6_CDU_CSU_Straubinger_ID198606300_14.03.2019.csv
12,"Wir sind stolz darauf, dass wir Menschen, die in Not geraten sind, eine menschenwürdige Unterstützung zukommen lassen.",Immigration,0,Civil,Civil,Immigration,19086_Zusatzpunkt_6_CDU_CSU_Straubinger_ID198606300_14.03.2019.csv
13,Das ist letztendlich auch unserem christlichen Menschenbild geschuldet.,Immigration,0,Civil,Civil,Immigration,19086_Zusatzpunkt_6_CDU_CSU_Straubinger_ID198606300_14.03.2019.csv
14,Aber davon verstehen Sie ja auch nichts.,Immigration,0,Civil,Civil,Immigration,19086_Zusatzpunkt_6_CDU_CSU_Straubinger_ID198606300_14.03.2019.csv
15,"Ich möchte auf das, was Kollege Peter Weiß dargestellt hat, zurückkommen, nämlich dass wir auch Asylsuchenden ein Existenzminimum, auch wenn es abgespeckt ist – Kollege Frei hat darauf hingewiesen, dass dies im Asylbewerberleistungsgesetz festgelegt ist –, gewähren.",Immigration,0,Civil,Civil,Immigration,19086_Zusatzpunkt_6_CDU_CSU_Straubinger_ID198606300_14.03.2019.csv
16,"Frau Kollegin Jelpke, dass das statthaft ist, hat auch das Bundesverfassungsgericht zum Ausdruck gebracht.",Immigration,0,Civil,Civil,Immigration,19086_Zusatzpunkt_6_CDU_CSU_Straubinger_ID198606300_14.03.2019.csv
17,Das ist in keinster Weise in Zweifel zu ziehen.,Immigration,0,Civil,Civil,Immigration,19086_Zusatzpunkt_6_CDU_CSU_Straubinger_ID198606300_14.03.2019.csv
18,"Peter Weiß hatte auch vollkommen recht, als er von Fake News sprach; denn obwohl noch gar kein Gesetzentwurf vorliegt, gab es die Meldung, dass das Taschengeld angeblich um 15 Euro erhöht wird.",Immigration,0,Civil,Civil,Immigration,19086_Zusatzpunkt_6_CDU_CSU_Straubinger_ID198606300_14.03.2019.csv
19,"Ich weiß gar nicht, welche hellseherischen Fähigkeiten die Kollegen der AfD haben, aufgrund derer sie Erkenntnisse in diese Debatte einbringen.",Immigration,0,Civil,Civil,Immigration,19086_Zusatzpunkt_6_CDU_CSU_Straubinger_ID198606300_14.03.2019.csv
20,"Zuerst kommt es darauf an, wie der Gesetzestext formuliert ist.",Immigration,0,Civil,Civil,Immigration,19086_Zusatzpunkt_6_CDU_CSU_Straubinger_ID198606300_14.03.2019.csv
21,"Ob das insgesamt zu einer Mehrbelastung führen wird, muss man dann sehen.",Immigration,0,Civil,Civil,Immigration,19086_Zusatzpunkt_6_CDU_CSU_Straubinger_ID198606300_14.03.2019.csv
22,"Wir stehen dafür, so viel wie möglich über Sachleistungen in das Asylbewerberleistungsgesetz einzubringen.",Immigration,0,Civil,Civil,Immigration,19086_Zusatzpunkt_6_CDU_CSU_Straubinger_ID198606300_14.03.2019.csv
23,"Das heißt noch lange nicht, dass möglicherweise auch das Taschengeld erhöht wird.",Immigration,0,Civil,Civil,Immigration,19086_Zusatzpunkt_6_CDU_CSU_Straubinger_ID198606300_14.03.2019.csv
24,"Das sollten Sie zuerst einmal abwarten, bevor Sie hier solche volksverhetzerischen Reden halten.",Immigration,0,Civil,Civil,Immigration,19086_Zusatzpunkt_6_CDU_CSU_Straubinger_ID198606300_14.03.2019.csv
25,Das muss man berücksichtigen.,Immigration,0,Civil,Civil,Immigration,19086_Zusatzpunkt_6_CDU_CSU_Straubinger_ID198606300_14.03.2019.csv
26,"Entscheidend ist, einen Beitrag zu einer realistischen Asylpolitik zu leisten.",Immigration,0,Civil,Civil,Immigration,19086_Zusatzpunkt_6_CDU_CSU_Straubinger_ID198606300_14.03.2019.csv
27,Dazu sind Sie nicht fähig; das ist völlig klar.,Immigration,0,Civil,Civil,Immigration,19086_Zusatzpunkt_6_CDU_CSU_Straubinger_ID198606300_14.03.2019.csv
28,Sie schwimmen auf dieser Welle.,Immigration,0,Civil,Civil,Immigration,19086_Zusatzpunkt_6_CDU_CSU_Straubinger_ID198606300_14.03.2019.csv
29,"Wir haben großartige Erfolge vorzuweisen:
der ständige Rückgang der Asylbewerberzahlen und die Integration von arbeitswilligen Flüchtlingen, was besonders gut in Bayern funktioniert.
– Und in Hessen.",Immigration,0,Civil,Civil,Immigration,19086_Zusatzpunkt_6_CDU_CSU_Straubinger_ID198606300_14.03.2019.csv
30,"Danke schön, Herr Kollege. – Das ist ein wichtiger Maßstab für eine vernünftige und realitätsbezogene Asylpolitik.",Immigration,0,Civil,Civil,Immigration,19086_Zusatzpunkt_6_CDU_CSU_Straubinger_ID198606300_14.03.2019.csv
31,Dazu sind Sie nicht fähig; das ist den Bürgerinnen und Bürgern auch bewusst.,Immigration,0,Civil,Civil,Immigration,19086_Zusatzpunkt_6_CDU_CSU_Straubinger_ID198606300_14.03.2019.csv
32,"Wir haben Ordnung geschaffen in puncto humanitäre Aufnahme, Prüfung des Sachverhalts, Rückführung der Nichtasylberechtigten,
und wir haben gleichzeitig dafür gesorgt, dass diejenigen, die bei uns ein Aufenthaltsrecht haben, ein gesichertes Existenzminimum bekommen.",Immigration,0,Civil,Civil,Immigration,19086_Zusatzpunkt_6_CDU_CSU_Straubinger_ID198606300_14.03.2019.csv
33,Herzlichen Dank für die Aufmerksamkeit.,*,1,Immigration,Immigration,Social,19086_Zusatzpunkt_6_CDU_CSU_Straubinger_ID198606300_14.03.2019.csv
34,Das Wort hat Helge Lindh für die SPD-Fraktion.,*,1,Immigration,Immigration,Social,19086_Zusatzpunkt_6_CDU_CSU_Straubinger_ID198606300_14.03.2019.csv
