,text,label_gold,segment_id,label_bert,label_parlbert,label_svm,speech_id
0,Sehr geehrter Herr Präsident!,*,0,Civil,Health,International,19086_Zusatzpunkt_6_SPD_Diaby_ID198606200_14.03.2019.csv
1,Meine sehr geehrten Damen und Herren!,*,0,Civil,Health,International,19086_Zusatzpunkt_6_SPD_Diaby_ID198606200_14.03.2019.csv
2,Ertrinken ist ein leiser Tod.,Immigration,0,Civil,Health,International,19086_Zusatzpunkt_6_SPD_Diaby_ID198606200_14.03.2019.csv
3,"Es ist nicht wie in den Filmen, wo mit den Armen geschlagen wird und es laut ist.",Immigration,0,Civil,Health,International,19086_Zusatzpunkt_6_SPD_Diaby_ID198606200_14.03.2019.csv
4,"Die Lungen laufen mit Wasser voll, es gibt kein Rufen, es gibt nicht genug Luft zum Schreien, irgendwann ist der Mensch vollgesogen mit Wasser, der Körper krümmt sich, bevor er stirbt.",Immigration,0,Civil,Health,International,19086_Zusatzpunkt_6_SPD_Diaby_ID198606200_14.03.2019.csv
5,"Es ist, als ob der Mensch sich ein letztes Mal vor dem Leben verbeugt, bevor er sinkt.",Immigration,0,Civil,Health,International,19086_Zusatzpunkt_6_SPD_Diaby_ID198606200_14.03.2019.csv
6,Das schreibt die Autorin Mely Kiyak.,Immigration,0,Civil,Health,International,19086_Zusatzpunkt_6_SPD_Diaby_ID198606200_14.03.2019.csv
7,"Meine sehr verehrten Damen und Herren, glauben Sie wirklich, dass jemand in Deutschland bleiben will wegen 50 Cent –
wegen 50 Cent mehr am Tag?",Immigration,1,Government,Social,Defense,19086_Zusatzpunkt_6_SPD_Diaby_ID198606200_14.03.2019.csv
8,"Denn das ist genau die Anpassung, auf einen Tag umgerechnet, über die wir heute sprechen.",Immigration,1,Government,Social,Defense,19086_Zusatzpunkt_6_SPD_Diaby_ID198606200_14.03.2019.csv
9,"Glauben Sie wirklich, dass jemand sein Leben dafür aufs Spiel setzt?",Immigration,1,Government,Social,Defense,19086_Zusatzpunkt_6_SPD_Diaby_ID198606200_14.03.2019.csv
10,"Nein, ich denke, nicht.",Immigration,1,Government,Social,Defense,19086_Zusatzpunkt_6_SPD_Diaby_ID198606200_14.03.2019.csv
11,"Vorsichtig ausgedrückt: Das ist das Dümmste, was ich in meinem Leben gehört habe, und dabei bin ich mittlerweile 57 Jahre alt.",Immigration,1,Government,Social,Defense,19086_Zusatzpunkt_6_SPD_Diaby_ID198606200_14.03.2019.csv
12,Die Menschenwürde gilt für alle.,Immigration,1,Government,Social,Defense,19086_Zusatzpunkt_6_SPD_Diaby_ID198606200_14.03.2019.csv
13,"Gleichheit sollten wir nicht nur in der Theorie gut finden, sondern auch in der Wirklichkeit leben.",Immigration,2,Macroeconomics,Immigration,Government,19086_Zusatzpunkt_6_SPD_Diaby_ID198606200_14.03.2019.csv
14,"Das Bundesverfassungsgericht hat bereits 2012 – das wurde von Kolleginnen und Kollegen mehrfach betont – verkündet, dass die sozialstaatliche Mindestsicherung regelmäßig an die Lebenshaltungskosten anzupassen ist.",Immigration,2,Macroeconomics,Immigration,Government,19086_Zusatzpunkt_6_SPD_Diaby_ID198606200_14.03.2019.csv
15,Das gilt für Hartz IV genauso wie für Leistungen an Asylbewerber.,Immigration,2,Macroeconomics,Immigration,Government,19086_Zusatzpunkt_6_SPD_Diaby_ID198606200_14.03.2019.csv
16,Wir sind also drei Jahre im Verzug.,Immigration,2,Macroeconomics,Immigration,Government,19086_Zusatzpunkt_6_SPD_Diaby_ID198606200_14.03.2019.csv
17,Auch Sie von der AfD müssen das zur Kenntnis nehmen.,Immigration,2,Macroeconomics,Immigration,Government,19086_Zusatzpunkt_6_SPD_Diaby_ID198606200_14.03.2019.csv
18,"Meine lieben Damen und Herren, die Anpassung der Mindestsicherung ist ein Menschenrecht.",Immigration,2,Macroeconomics,Immigration,Government,19086_Zusatzpunkt_6_SPD_Diaby_ID198606200_14.03.2019.csv
19,"Ja, wir haben in Deutschland eine steigende Ungleichheit der Einkommen, die zu gewissen Verfehlungen führt.",Immigration,2,Macroeconomics,Immigration,Government,19086_Zusatzpunkt_6_SPD_Diaby_ID198606200_14.03.2019.csv
20,"Aber das liegt nicht an den Geflüchteten, das liegt nicht an den Migrantinnen und Migranten;
das liegt an den Menschen, die ihr Geld in irgendwelchen Steueroasen bunkern.",Immigration,2,Macroeconomics,Immigration,Government,19086_Zusatzpunkt_6_SPD_Diaby_ID198606200_14.03.2019.csv
21,"Das liegt an den Superreichen, die zu wenig Steuern zahlen.",Immigration,2,Macroeconomics,Immigration,Government,19086_Zusatzpunkt_6_SPD_Diaby_ID198606200_14.03.2019.csv
22,Es liegt an Lohnungerechtigkeiten in unserem Land.,Immigration,3,Immigration,Immigration,Civil,19086_Zusatzpunkt_6_SPD_Diaby_ID198606200_14.03.2019.csv
23,"Mit diesem Antrag wird erneut der Versuch unternommen, von diesen Problemen abzulenken und die Gesellschaft zu spalten.",Immigration,3,Immigration,Immigration,Civil,19086_Zusatzpunkt_6_SPD_Diaby_ID198606200_14.03.2019.csv
24,Die AfD setzt dabei auf autoritäre Kontrollpolitik.,Immigration,3,Immigration,Immigration,Civil,19086_Zusatzpunkt_6_SPD_Diaby_ID198606200_14.03.2019.csv
25,Dazu gehört jede Forderung nach einer Verschärfung des Asylrechts und der Kontrolldichte bei Leistungsempfängern.,Immigration,3,Immigration,Immigration,Civil,19086_Zusatzpunkt_6_SPD_Diaby_ID198606200_14.03.2019.csv
26,"Das ist unwürdig, und das lehnen wir ab.",Immigration,3,Immigration,Immigration,Civil,19086_Zusatzpunkt_6_SPD_Diaby_ID198606200_14.03.2019.csv
27,"Wir als Sozialdemokratinnen und Sozialdemokraten setzen uns dafür ein, dass Menschen, die hier leben, Angebote erhalten, um an der Gesellschaft teilzuhaben.",Immigration,3,Immigration,Immigration,Civil,19086_Zusatzpunkt_6_SPD_Diaby_ID198606200_14.03.2019.csv
28,"Das bedeutet Sprachkurse, Bildung und Arbeit.",Immigration,3,Immigration,Immigration,Civil,19086_Zusatzpunkt_6_SPD_Diaby_ID198606200_14.03.2019.csv
29,"Dazu sollte eigentlich die Diskussion von heute sein, nicht zu 50 Cent pro Tag mehr an Mindestsicherung.",Immigration,3,Immigration,Immigration,Civil,19086_Zusatzpunkt_6_SPD_Diaby_ID198606200_14.03.2019.csv
30,"Meine Damen und Herren, ohne ein Rufen, ohne genug Luft zum Schreien zu haben, sind Tausende von Menschen auf dem Weg nach Europa im Mittelmeer ertrunken.",Immigration,3,Immigration,Immigration,Civil,19086_Zusatzpunkt_6_SPD_Diaby_ID198606200_14.03.2019.csv
31,"Wenn wir keine Verantwortung für diese Menschen übernehmen wollen, müssen wir wenigstens die Verantwortung für die Überlebenden übernehmen, die vor Krieg und Tod geflohen sind und es zu uns geschafft haben.",Immigration,3,Immigration,Immigration,Civil,19086_Zusatzpunkt_6_SPD_Diaby_ID198606200_14.03.2019.csv
32,Das ist das Minimum zur Achtung der Würde dieser Menschen.,Immigration,3,Immigration,Immigration,Civil,19086_Zusatzpunkt_6_SPD_Diaby_ID198606200_14.03.2019.csv
33,"Deshalb ist für mich absolut klar: Wir brauchen nicht weniger, sondern mehr Menschlichkeit.",Immigration,3,Immigration,Immigration,Civil,19086_Zusatzpunkt_6_SPD_Diaby_ID198606200_14.03.2019.csv
34,Danke schön.,*,3,Immigration,Immigration,Civil,19086_Zusatzpunkt_6_SPD_Diaby_ID198606200_14.03.2019.csv
35,Vielen Dank. – Nächster Redner ist der Kollege Max Straubinger für die Fraktion der CDU/CSU.,*,3,Immigration,Immigration,Civil,19086_Zusatzpunkt_6_SPD_Diaby_ID198606200_14.03.2019.csv
