,text,label_gold,segment_id,label_bert,label_parlbert,label_svm,speech_id
0,Herr Präsident!,*,0,Immigration,Immigration,Immigration,19086_Zusatzpunkt_6_CDU_CSU_Frei_ID198606000_14.03.2019.csv
1,Liebe Kolleginnen und Kollegen!,*,0,Immigration,Immigration,Immigration,19086_Zusatzpunkt_6_CDU_CSU_Frei_ID198606000_14.03.2019.csv
2,"Liebe Frau Polat, das war wirklich ein witziger Auftritt, den Sie hier geliefert haben.",*,0,Immigration,Immigration,Immigration,19086_Zusatzpunkt_6_CDU_CSU_Frei_ID198606000_14.03.2019.csv
3,"Sie beklagen, dass das Gesetz zur Anpassung der Asylbewerberleistungen 2016 nicht in Kraft getreten ist.",Immigration,0,Immigration,Immigration,Immigration,19086_Zusatzpunkt_6_CDU_CSU_Frei_ID198606000_14.03.2019.csv
4,Das ist aber den Grünen zu verdanken.,Immigration,0,Immigration,Immigration,Immigration,19086_Zusatzpunkt_6_CDU_CSU_Frei_ID198606000_14.03.2019.csv
5,Deswegen ist Ihr Beitrag im Grunde an Scheinheiligkeit nicht zu überbieten.,Immigration,0,Immigration,Immigration,Immigration,19086_Zusatzpunkt_6_CDU_CSU_Frei_ID198606000_14.03.2019.csv
6,"Aber der entscheidende Punkt ist doch, dass man auch diese Frage in einen größeren Zusammenhang rücken muss.",Immigration,0,Immigration,Immigration,Immigration,19086_Zusatzpunkt_6_CDU_CSU_Frei_ID198606000_14.03.2019.csv
7,"Wenn wir die Zielsetzung haben, dass wir die Zahl der Schutzsuchenden in Deutschland reduzieren möchten, wenn wir die Zielsetzung haben, dass abgelehnte Asylbewerber unser Land auch wieder verlassen, und wenn wir die Zielsetzung haben, dass die Migration die gesellschaftliche Akzeptanz nicht untergräbt und die Integrationsfähigkeit nicht überfordert,
dann müssen wir mit einem ganzen Bündel von Maßnahmen reagieren.",Immigration,0,Immigration,Immigration,Immigration,19086_Zusatzpunkt_6_CDU_CSU_Frei_ID198606000_14.03.2019.csv
8,"Im Grunde genommen hat der Kollege Peter Weiß sehr gut dargelegt, wie wir in dieser Situation reagieren können und dass es letztlich um Mosaiksteine in einem ganzen Maßnahmenbündel geht.",Immigration,0,Immigration,Immigration,Immigration,19086_Zusatzpunkt_6_CDU_CSU_Frei_ID198606000_14.03.2019.csv
9,"Deswegen würde ich gerne den Zusammenhang noch einmal herstellen:
Es geht ja nicht nur darum, dass man bestimmte Leistungen nach dem Asylbewerberleistungsgesetz anzupassen hat, sondern wir haben darüber hinaus natürlich auch den gesetzlichen und politischen Spielraum, andere Leistungen so zu kürzen, dass Sozialleistungen in Deutschland nicht wie ein Pull-Faktor wirken, sondern der Aufgabe gerecht werden, die sie tatsächlich haben.",Immigration,0,Immigration,Immigration,Immigration,19086_Zusatzpunkt_6_CDU_CSU_Frei_ID198606000_14.03.2019.csv
10,Ein Beispiel ist die Bezugsdauer der Asylbewerberleistungen.,Immigration,0,Immigration,Immigration,Immigration,19086_Zusatzpunkt_6_CDU_CSU_Frei_ID198606000_14.03.2019.csv
11,Da würde ich einen vollkommen anderen Weg einschlagen als Sie.,Immigration,0,Immigration,Immigration,Immigration,19086_Zusatzpunkt_6_CDU_CSU_Frei_ID198606000_14.03.2019.csv
12,Nach aktueller Rechtslage beträgt in Deutschland die Bezugsdauer der niedrigeren Asylbewerberleistungen 15 Monate.,Immigration,0,Immigration,Immigration,Immigration,19086_Zusatzpunkt_6_CDU_CSU_Frei_ID198606000_14.03.2019.csv
13,"Es ist mitnichten so, dass das Bundesverfassungsgericht in seiner Entscheidung gesagt hat, dass 15 Monate der richtige Zeitraum sind.",Immigration,0,Immigration,Immigration,Immigration,19086_Zusatzpunkt_6_CDU_CSU_Frei_ID198606000_14.03.2019.csv
14,"Es hat lediglich gesagt, dass 48 Monate zu lange sind.",Immigration,0,Immigration,Immigration,Immigration,19086_Zusatzpunkt_6_CDU_CSU_Frei_ID198606000_14.03.2019.csv
15,"Deswegen haben wir da natürlich einen politischen Spielraum, die Asylbewerberleistungen über einen deutlich längeren Zeitraum zu zahlen, als es derzeit der Fall ist.",Immigration,0,Immigration,Immigration,Immigration,19086_Zusatzpunkt_6_CDU_CSU_Frei_ID198606000_14.03.2019.csv
16,"Peter Weiß ist auf einen anderen Punkt eingegangen, nämlich darauf, dass wir dabei auch unterscheiden müssen zwischen denen, die ein Bleiberecht haben, und denen, die dieses Bleiberecht nicht haben.",Immigration,0,Immigration,Immigration,Immigration,19086_Zusatzpunkt_6_CDU_CSU_Frei_ID198606000_14.03.2019.csv
17,"Genau das werden wir mit dem Geordnete-Rückkehr-Gesetz auch tatsächlich in geltendes Recht umsetzen.
– Wie Sie vorhin richtigerweise gesagt haben, darf man in einer Aktuellen Stunde keine Fragen stellen; sonst hätte ich die Frage gerne zugelassen.",Immigration,0,Immigration,Immigration,Immigration,19086_Zusatzpunkt_6_CDU_CSU_Frei_ID198606000_14.03.2019.csv
18,"Ein weiterer Punkt, den wir ansprechen müssen, sind die Dublin-III-Flüchtlinge.",Immigration,0,Immigration,Immigration,Immigration,19086_Zusatzpunkt_6_CDU_CSU_Frei_ID198606000_14.03.2019.csv
19,Wir haben im letzten Jahr 55 000 Überstellungsersuche in andere EU-Staaten gehabt.,Immigration,0,Immigration,Immigration,Immigration,19086_Zusatzpunkt_6_CDU_CSU_Frei_ID198606000_14.03.2019.csv
20,"Das waren 55 000 Fälle, in denen Asylbewerber bereits in einem anderen europäischen Land einen Asylantrag gestellt haben.",Immigration,0,Immigration,Immigration,Immigration,19086_Zusatzpunkt_6_CDU_CSU_Frei_ID198606000_14.03.2019.csv
21,"Ich bin davon überzeugt: Wenn wir Binnenmigration in Europa in den Griff bekommen wollen, sollten wir Asylbewerbersozialleistungen für Dublin-III-Fälle auf null reduzieren.",Immigration,0,Immigration,Immigration,Immigration,19086_Zusatzpunkt_6_CDU_CSU_Frei_ID198606000_14.03.2019.csv
22,"Das ist das einzige – und wirksame – Mittel, um Binnenmigration in Europa zu verhindern.",Immigration,0,Immigration,Immigration,Immigration,19086_Zusatzpunkt_6_CDU_CSU_Frei_ID198606000_14.03.2019.csv
23,"Es würde im Übrigen auch einem Wertungswiderspruch gerecht werden: wenn wir beispielsweise für EU-Bürger, die nach Deutschland kommen, um hier einen Arbeitsplatz zu suchen, Sozialleistungen versagen.",Immigration,0,Immigration,Immigration,Immigration,19086_Zusatzpunkt_6_CDU_CSU_Frei_ID198606000_14.03.2019.csv
24,"Auch das wäre ein Punkt, wo wir reagieren könnten und, glaube ich, sehr wirksam unsere Ziele erreichen könnten.",Immigration,0,Immigration,Immigration,Immigration,19086_Zusatzpunkt_6_CDU_CSU_Frei_ID198606000_14.03.2019.csv
25,"Darüber hinaus – das will ich an dieser Stelle auch sagen – möchten wir, wenn wir uns mit dem Geordnete-Rückkehr-Gesetz beschäftigen, auch für diejenigen, die Sozialleistungsmissbrauch betreiben, eine angemessene Antwort finden.",Immigration,0,Immigration,Immigration,Immigration,19086_Zusatzpunkt_6_CDU_CSU_Frei_ID198606000_14.03.2019.csv
26,"Wir haben in den vergangenen Monaten immer wieder Beispiele gehört, wie Sozialleistungen durch Mehrfachidentitäten erschlichen worden sind.",Immigration,0,Immigration,Immigration,Immigration,19086_Zusatzpunkt_6_CDU_CSU_Frei_ID198606000_14.03.2019.csv
27,Auch darauf brauchen wir eine Antwort.,Immigration,0,Immigration,Immigration,Immigration,19086_Zusatzpunkt_6_CDU_CSU_Frei_ID198606000_14.03.2019.csv
28,"Das ist nicht nur unfair und inakzeptabel gegenüber dem Gastland, sondern letztlich auch gegenüber all den Flüchtlingen, die sich hier ordentlich und anständig verhalten und bei uns den Schutz suchen, den sie auch bekommen.",Immigration,0,Immigration,Immigration,Immigration,19086_Zusatzpunkt_6_CDU_CSU_Frei_ID198606000_14.03.2019.csv
29,"Wir werden – das haben wir mit den Sozialdemokraten im Koalitionsvertrag auch vereinbart – klar konstituieren, dass dort, wo Sozialleistungsmissbrauch stattfindet, auch ein überwiegendes Ausweisungsinteresse vorliegt, damit wir da auch entsprechend reagieren können.",Immigration,0,Immigration,Immigration,Immigration,19086_Zusatzpunkt_6_CDU_CSU_Frei_ID198606000_14.03.2019.csv
30,"Ich will im Übrigen darauf hinweisen, dass die Punkte, die ich angesprochen habe, nicht im luftleeren Raum stattfinden, sondern dass es dazu Beschlüsse gibt, die die Ministerpräsidentenkonferenz am 5.",Immigration,0,Immigration,Immigration,Immigration,19086_Zusatzpunkt_6_CDU_CSU_Frei_ID198606000_14.03.2019.csv
31,"Dezember in dieser Fassung getroffen hat: In einer 16-zu-0-Entscheidung – und soweit ich weiß, gibt es auch einen Linken-Ministerpräsidenten und einen Grünen-Ministerpräsidenten – wird die Bundesregierung aufgefordert, § 1a des Asylbewerberleistungsgesetzes so zu ändern, dass abgesenkte Leistungen möglich sind.",Immigration,0,Immigration,Immigration,Immigration,19086_Zusatzpunkt_6_CDU_CSU_Frei_ID198606000_14.03.2019.csv
32,"In diesem Sinne, glaube ich, sind die Ministerpräsidenten sehr nah an der Realität, und das sollte uns doch auch hier im Deutschen Bundestag zu denken geben.",Immigration,0,Immigration,Immigration,Immigration,19086_Zusatzpunkt_6_CDU_CSU_Frei_ID198606000_14.03.2019.csv
33,Herzlichen Dank.,*,0,Immigration,Immigration,Immigration,19086_Zusatzpunkt_6_CDU_CSU_Frei_ID198606000_14.03.2019.csv
34,Vielen Dank. – Nächster Redner ist Martin Sichert für die Fraktion der AfD.,*,0,Immigration,Immigration,Immigration,19086_Zusatzpunkt_6_CDU_CSU_Frei_ID198606000_14.03.2019.csv
