,text,label_gold,segment_id,label_bert,label_parlbert,label_svm,speech_id
0,Frau Präsidentin!,*,0,Government,Civil,Government,19086_Zusatzpunkt_6_SPD_Lindh_ID198606400_14.03.2019.csv
1,Liebe Kolleginnen und Kollegen!,*,0,Government,Civil,Government,19086_Zusatzpunkt_6_SPD_Lindh_ID198606400_14.03.2019.csv
2,"Ich habe vernommen, dass in dieser Aktuellen Stunde Hubertus Heil, sein Ministerium und die SPD insgesamt auf der Anklagebank sitzen.",Immigration,0,Government,Civil,Government,19086_Zusatzpunkt_6_SPD_Lindh_ID198606400_14.03.2019.csv
3,Und wessen sind sie angeklagt?,Immigration,0,Government,Civil,Government,19086_Zusatzpunkt_6_SPD_Lindh_ID198606400_14.03.2019.csv
4,"Sie sind angeklagt – da muss man genau zuhören – wegen des Versuchs, ein Verfassungsgerichtsurteil in diesem Land umzusetzen.",Immigration,0,Government,Civil,Government,19086_Zusatzpunkt_6_SPD_Lindh_ID198606400_14.03.2019.csv
5,Was für ein Vergehen!,Immigration,0,Government,Civil,Government,19086_Zusatzpunkt_6_SPD_Lindh_ID198606400_14.03.2019.csv
6,Wir sind schwer getroffen.,Immigration,0,Government,Civil,Government,19086_Zusatzpunkt_6_SPD_Lindh_ID198606400_14.03.2019.csv
7,"Klagende ist diese komische Partei; ich habe die Namen derer, die vorhin gesprochen haben, auch schon wieder vergessen.",Immigration,0,Government,Civil,Government,19086_Zusatzpunkt_6_SPD_Lindh_ID198606400_14.03.2019.csv
8,"Was ich nicht vergessen habe, ist, dass ich mich während der beiden Reden, während der Hetztiraden wieder einmal besonders stolz gefühlt habe, Mitglied dieser Partei und Sozialdemokrat zu sein.",Immigration,0,Government,Civil,Government,19086_Zusatzpunkt_6_SPD_Lindh_ID198606400_14.03.2019.csv
9,Und wenn die SPD so unbedeutend und unwichtig ist – das habe ich auch nicht verstanden –: Warum erwähnen Sie sie geradezu manisch in Ihren Reden?,Immigration,0,Government,Civil,Government,19086_Zusatzpunkt_6_SPD_Lindh_ID198606400_14.03.2019.csv
10,"Ich denke, die komische Partei hat ein SPD-Trauma, und das ehrt uns in unserer Fraktion besonders.",Immigration,0,Government,Civil,Government,19086_Zusatzpunkt_6_SPD_Lindh_ID198606400_14.03.2019.csv
11,Ansonsten ist der ganze Fall höchst verwunderlich; einiges wurde schon beschrieben.,Immigration,0,Government,Civil,Government,19086_Zusatzpunkt_6_SPD_Lindh_ID198606400_14.03.2019.csv
12,Es geht hier um ein ganz sachliches Verfahren.,Immigration,0,Government,Civil,Government,19086_Zusatzpunkt_6_SPD_Lindh_ID198606400_14.03.2019.csv
13,"Obwohl wir noch nicht einmal die Ressortabstimmung hatten und noch gar keine Zahlen veröffentlicht sind, wird plötzlich von manchen, die keine politisch Handelnden, sondern eher krakeelende Skandalisierer sind, versucht, ein ganz sachliches, nüchternes Verfahren zu verhetzen.",Immigration,0,Government,Civil,Government,19086_Zusatzpunkt_6_SPD_Lindh_ID198606400_14.03.2019.csv
14,Es gibt eine Einkommens- und Verbrauchsstichprobe.,Immigration,0,Government,Civil,Government,19086_Zusatzpunkt_6_SPD_Lindh_ID198606400_14.03.2019.csv
15,"Es gibt Gesetzgebungen, wie Regelbeiträge angepasst werden müssen.",Immigration,0,Government,Civil,Government,19086_Zusatzpunkt_6_SPD_Lindh_ID198606400_14.03.2019.csv
16,"Das Ministerium wird sich auf den Weg machen, genau das umzusetzen, und zwar, weil es sich an die Verfassung dieses Landes hält.",Immigration,0,Government,Civil,Government,19086_Zusatzpunkt_6_SPD_Lindh_ID198606400_14.03.2019.csv
17,"Wenn ein Ministerium so etwas tut, ist das kein Grund für Wut.",Immigration,0,Government,Civil,Government,19086_Zusatzpunkt_6_SPD_Lindh_ID198606400_14.03.2019.csv
18,Vielmehr erledigt dieses Ministerium seine Arbeit; das ist etwas Schönes und Begrüßenswertes.,Immigration,0,Government,Civil,Government,19086_Zusatzpunkt_6_SPD_Lindh_ID198606400_14.03.2019.csv
19,"Ich sage das in dem vollen Bewusstsein, dass wir hier ganz souverän und gelassen als Handelnde in der Migrationspolitik sprechen können.",Immigration,0,Government,Civil,Government,19086_Zusatzpunkt_6_SPD_Lindh_ID198606400_14.03.2019.csv
20,"Es gibt eine wirklich umfassende Dynamik, bei der wir selber – das können wir deutlich sagen – manchmal an die Schmerzgrenze dessen, was wir vertreten können, gehen.",Immigration,0,Government,Civil,Government,19086_Zusatzpunkt_6_SPD_Lindh_ID198606400_14.03.2019.csv
21,"Asylpolitik in diesem Land wird verändert, es werden Regellücken geschlossen, Regelungen werden teilweise verschärft.",Immigration,0,Government,Civil,Government,19086_Zusatzpunkt_6_SPD_Lindh_ID198606400_14.03.2019.csv
22,"Uns braucht keiner vorzuwerfen, wir würden nicht handeln.",Immigration,0,Government,Civil,Government,19086_Zusatzpunkt_6_SPD_Lindh_ID198606400_14.03.2019.csv
23,Unabhängig davon geht es aber schlicht und einfach um die Frage der Menschenwürde und eines menschenwürdigen Existenzminimums.,Civil Rights,0,Government,Civil,Government,19086_Zusatzpunkt_6_SPD_Lindh_ID198606400_14.03.2019.csv
24,"Bevor Sie Aktuelle Stunden beantragen, lohnt es sich, einfach einmal in das Urteil zu schauen.",Civil Rights,0,Government,Civil,Government,19086_Zusatzpunkt_6_SPD_Lindh_ID198606400_14.03.2019.csv
25,"Da steht eindeutig und unmissverständlich, dass migrationspolitisch die Menschenwürde nicht relativierbar ist – nicht relativierbar!",Civil Rights,0,Government,Civil,Government,19086_Zusatzpunkt_6_SPD_Lindh_ID198606400_14.03.2019.csv
26,"Menschenwürde hat die besondere Eigenschaft, auch nicht nationalisierbar zu sein, nicht nach Hautfarbe bemessen zu werden.",Civil Rights,0,Government,Civil,Government,19086_Zusatzpunkt_6_SPD_Lindh_ID198606400_14.03.2019.csv
27,"Es heißt Menschenwürde, nicht Deutschenwürde, nicht Würde der Vertreter der komischen Partei, sondern Menschenwürde.",Civil Rights,0,Government,Civil,Government,19086_Zusatzpunkt_6_SPD_Lindh_ID198606400_14.03.2019.csv
28,"Des Weiteren steht in diesem Urteil, dass wir nicht die Möglichkeit haben, Fragen des Existenzminimums und der Menschenwürde einfach davon abhängig zu machen, ob jemand seine Heimat verlässt und temporär in einem anderen Land lebt.",Civil Rights,0,Government,Civil,Government,19086_Zusatzpunkt_6_SPD_Lindh_ID198606400_14.03.2019.csv
29,"Das ist irrelevant, weil Menschenwürde nun einmal Menschenwürde ist.",Civil Rights,0,Government,Civil,Government,19086_Zusatzpunkt_6_SPD_Lindh_ID198606400_14.03.2019.csv
30,Kommen wir zu den Argumenten.,Immigration,0,Government,Civil,Government,19086_Zusatzpunkt_6_SPD_Lindh_ID198606400_14.03.2019.csv
31,"Ein Argument ist, dass wir Fehlanreize schaffen würden.",Immigration,0,Government,Civil,Government,19086_Zusatzpunkt_6_SPD_Lindh_ID198606400_14.03.2019.csv
32,"Das kommt übrigens nicht nur von rechts außen, sondern leider auch von anderen, die sich sonst maßvoller äußern.",Immigration,0,Government,Civil,Government,19086_Zusatzpunkt_6_SPD_Lindh_ID198606400_14.03.2019.csv
33,Diese These ist ziemlich abwegig.,Immigration,0,Government,Civil,Government,19086_Zusatzpunkt_6_SPD_Lindh_ID198606400_14.03.2019.csv
34,"Ich halte es für relativ absurd, dass sich Menschen wegen eines sogenannten Taschengeldes, das im Übrigen gar kein Taschengeld ist, auf diese Reisen begeben.",Immigration,0,Government,Civil,Government,19086_Zusatzpunkt_6_SPD_Lindh_ID198606400_14.03.2019.csv
35,"Es gab immer schon Bürgerkriegsflüchtlinge, Vertriebene, Migranten, weit vor den Regelungen des deutschen Asylbewerberleistungsgesetzes, und es wird sie auch weiterhin geben.",Immigration,0,Government,Civil,Government,19086_Zusatzpunkt_6_SPD_Lindh_ID198606400_14.03.2019.csv
36,Zum Zweiten gibt es bezogen auf den Anreiz eine Grenze; auch das steht im genannten Urteil.,Civil Rights,0,Government,Civil,Government,19086_Zusatzpunkt_6_SPD_Lindh_ID198606400_14.03.2019.csv
37,"Wir können nicht mit jedweder migrationspolitischen Argumentation Leistungen unterhalb des Existenzminimums auszahlen, weil das die Menschenwürde gebietet.",Civil Rights,0,Government,Civil,Government,19086_Zusatzpunkt_6_SPD_Lindh_ID198606400_14.03.2019.csv
38,"Ein weiteres Argument ist häufig, dass man denkt – so scheint es mir –, wir müssten die Bedingungen für hier lebende Geflüchtete so schlecht wie nur möglich machen, alles rausquetschen, was geht, und möglichst abschreckend wirken, damit keine mehr kommen.",Civil Rights,0,Government,Civil,Government,19086_Zusatzpunkt_6_SPD_Lindh_ID198606400_14.03.2019.csv
39,"Auch das wird nach meiner Einschätzung nicht funktionieren; denn es wird vergessen, dass die Menschen hier leben, jetzt und künftig.",Civil Rights,0,Government,Civil,Government,19086_Zusatzpunkt_6_SPD_Lindh_ID198606400_14.03.2019.csv
40,Ist das wirklich unser Anspruch?,Civil Rights,0,Government,Civil,Government,19086_Zusatzpunkt_6_SPD_Lindh_ID198606400_14.03.2019.csv
41,Das meine ich jetzt ausgesprochen ernst; das ist eine Frage des Menschenbildes und hat überhaupt nichts mit Details zu tun.,Civil Rights,0,Government,Civil,Government,19086_Zusatzpunkt_6_SPD_Lindh_ID198606400_14.03.2019.csv
42,"Kann es unser Anspruch sein, stolz darauf zu sein, wenn wir die Bedingungen derjenigen, die ohnehin die Schwächsten sind, möglichst auf ein Minimum reduzieren, damit diejenigen, die nicht ganz so schwach sind, sich relativ besser fühlen?",Civil Rights,0,Government,Civil,Government,19086_Zusatzpunkt_6_SPD_Lindh_ID198606400_14.03.2019.csv
43,"Nein, das kann nicht unser Anspruch sein.",Civil Rights,0,Government,Civil,Government,19086_Zusatzpunkt_6_SPD_Lindh_ID198606400_14.03.2019.csv
44,"Die Antwort darauf ist, eine Grundrente einzuführen.",Social Welfare,0,Government,Civil,Government,19086_Zusatzpunkt_6_SPD_Lindh_ID198606400_14.03.2019.csv
45,"Die Antwort darauf ist, die Lebensbedingungen derjenigen, die arm sind – egal woher sie kommen –, zu verbessern.",Social Welfare,0,Government,Civil,Government,19086_Zusatzpunkt_6_SPD_Lindh_ID198606400_14.03.2019.csv
46,Das ist der entscheidende Punkt.,Social Welfare,0,Government,Civil,Government,19086_Zusatzpunkt_6_SPD_Lindh_ID198606400_14.03.2019.csv
47,Alles andere ist zutiefst zynisch und Verweigerung von Politik.,Social Welfare,0,Government,Civil,Government,19086_Zusatzpunkt_6_SPD_Lindh_ID198606400_14.03.2019.csv
48,"Kollege Lindh, tut mir leid, aber Sie müssen zum Schluss kommen.",Social Welfare,0,Government,Civil,Government,19086_Zusatzpunkt_6_SPD_Lindh_ID198606400_14.03.2019.csv
49,"Zum Schluss noch eines: Ich bitte uns alle hier, auch die Gemäßigteren, von Formulierungen wie „Wir müssen Schutzsuchende verteidigen und nicht Taschengeldsuchende“ abzusehen.",Civil Rights,0,Government,Civil,Government,19086_Zusatzpunkt_6_SPD_Lindh_ID198606400_14.03.2019.csv
50,"Geflüchtete sind nämlich, wie es Leoluca Orlando ganz deutlich gesagt hat, am Anfang und am Ende genau wie wir Menschen.",Civil Rights,0,Government,Civil,Government,19086_Zusatzpunkt_6_SPD_Lindh_ID198606400_14.03.2019.csv
51,"Sie sind nicht darauf zu reduzieren, dass sie unter bestimmten Bedingungen geflüchtet sind.",Civil Rights,0,Government,Civil,Government,19086_Zusatzpunkt_6_SPD_Lindh_ID198606400_14.03.2019.csv
52,"Kollege Lindh, Sie müssen jetzt einen Punkt setzen.",Civil Rights,0,Government,Civil,Government,19086_Zusatzpunkt_6_SPD_Lindh_ID198606400_14.03.2019.csv
53,Auch wir hätten das sein können.,Civil Rights,0,Government,Civil,Government,19086_Zusatzpunkt_6_SPD_Lindh_ID198606400_14.03.2019.csv
54,Vielen Dank.,Civil Rights,0,Government,Civil,Government,19086_Zusatzpunkt_6_SPD_Lindh_ID198606400_14.03.2019.csv
55,Das Wort hat der Kollege Thomas Heilmann für die CDU/CSU-Fraktion.,Civil Rights,0,Government,Civil,Government,19086_Zusatzpunkt_6_SPD_Lindh_ID198606400_14.03.2019.csv
