,text,label_gold,segment_id,label_bert,label_parlbert,label_svm,speech_id
0,Frau Präsidentin!,*,0,Immigration,Immigration,Immigration,19086_Zusatzpunkt_6_CDU_CSU_Heilmann_ID198606500_14.03.2019.csv
1,Meine Damen und Herren!,*,0,Immigration,Immigration,Immigration,19086_Zusatzpunkt_6_CDU_CSU_Heilmann_ID198606500_14.03.2019.csv
2,Meine Damen und Herren auf der Tribüne und an den digitalen Endgeräten!,*,0,Immigration,Immigration,Immigration,19086_Zusatzpunkt_6_CDU_CSU_Heilmann_ID198606500_14.03.2019.csv
3,"Gerade vorgestern bin ich von Schülern wieder, wie so oft, gefragt worden, wie die Arbeit denn nun sei, seit die AfD im Deutschen Bundestag ist, und wie die Debatten laufen.",Immigration,0,Immigration,Immigration,Immigration,19086_Zusatzpunkt_6_CDU_CSU_Heilmann_ID198606500_14.03.2019.csv
4,"Meine Antwort ist dann immer: Es ist fast egal, um welches Thema es geht, die Flüchtlinge sind das Problem.",Immigration,0,Immigration,Immigration,Immigration,19086_Zusatzpunkt_6_CDU_CSU_Heilmann_ID198606500_14.03.2019.csv
5,Das ist die Monopartei der AfD.,Immigration,0,Immigration,Immigration,Immigration,19086_Zusatzpunkt_6_CDU_CSU_Heilmann_ID198606500_14.03.2019.csv
6,"Wie zur Bestätigung haben Sie jetzt eilig diese Aktuelle Stunde beantragt, zu der es noch nicht mal einen vernünftigen Antragstext gibt.",Immigration,0,Immigration,Immigration,Immigration,19086_Zusatzpunkt_6_CDU_CSU_Heilmann_ID198606500_14.03.2019.csv
7,"Und wie zur Bestätigung, Herr Sichert, haben Sie heute in einem unsäglichen Beitrag alle möglichen sozialen Probleme und auch alle vorgetäuschten sozialen Probleme aufgezählt und in einen Zusammenhang gebracht, den es doch ehrlicherweise gar nicht gibt.",Immigration,0,Immigration,Immigration,Immigration,19086_Zusatzpunkt_6_CDU_CSU_Heilmann_ID198606500_14.03.2019.csv
8,Die Flüchtlinge sind nicht an anderen sozialen Problemen in unserem Land schuld.,Immigration,0,Immigration,Immigration,Immigration,19086_Zusatzpunkt_6_CDU_CSU_Heilmann_ID198606500_14.03.2019.csv
9,"Ich finde es unerhört, dass Sie dennoch immer und immer wieder einen Zusammenhang darstellen.",Immigration,0,Immigration,Immigration,Immigration,19086_Zusatzpunkt_6_CDU_CSU_Heilmann_ID198606500_14.03.2019.csv
10,Das bedient nicht nur alle Klischees.,Immigration,0,Immigration,Immigration,Immigration,19086_Zusatzpunkt_6_CDU_CSU_Heilmann_ID198606500_14.03.2019.csv
11,"Es ist auch sehr ärgerlich, weil die Rechtslage falsch wiedergegeben oder, wie heute, gleich ganz weggelassen wird – das haben meine Vorredner ja schon gesagt –, weil Sie die wahren wirtschaftlichen Zusammenhänge leugnen und weil Sie die Motive von Flüchtlingen – vorsichtig formuliert – grob verzerren.",Immigration,0,Immigration,Immigration,Immigration,19086_Zusatzpunkt_6_CDU_CSU_Heilmann_ID198606500_14.03.2019.csv
12,Zu den wirtschaftlichen Zusammenhängen würde ich gerne kurz etwas sagen.,Immigration,0,Immigration,Immigration,Immigration,19086_Zusatzpunkt_6_CDU_CSU_Heilmann_ID198606500_14.03.2019.csv
13,Es gibt Untersuchungen dazu.,Immigration,0,Immigration,Immigration,Immigration,19086_Zusatzpunkt_6_CDU_CSU_Heilmann_ID198606500_14.03.2019.csv
14,Im Schnitt kostet die Flucht aus dem Herkunftsland hierher über 7 000 Euro pro Flüchtling.,Immigration,0,Immigration,Immigration,Immigration,19086_Zusatzpunkt_6_CDU_CSU_Heilmann_ID198606500_14.03.2019.csv
15,"Glauben Sie im Ernst, die mickrigen Sozialleistungen, die wir hier bezahlen, sind ein echter Return?",Immigration,0,Immigration,Immigration,Immigration,19086_Zusatzpunkt_6_CDU_CSU_Heilmann_ID198606500_14.03.2019.csv
16,"60 Millionen Menschen sind auf der Flucht, aber nur ein Bruchteil kommt hierher.",Immigration,0,Immigration,Immigration,Immigration,19086_Zusatzpunkt_6_CDU_CSU_Heilmann_ID198606500_14.03.2019.csv
17,"Glauben Sie im Ernst, dass ihre Selbstbezogenheit auf das Asylbewerberleistungsgesetz der wahre Grund dafür ist, dass sich Menschen aus ihrem Heimatland hierher aufmachen?",Immigration,0,Immigration,Immigration,Immigration,19086_Zusatzpunkt_6_CDU_CSU_Heilmann_ID198606500_14.03.2019.csv
18,Das Gegenteil ist doch die Wahrheit.,Immigration,0,Immigration,Immigration,Immigration,19086_Zusatzpunkt_6_CDU_CSU_Heilmann_ID198606500_14.03.2019.csv
19,"Sie leugnen auch die wahren Motive, warum Menschen nach Deutschland kommen.",Immigration,0,Immigration,Immigration,Immigration,19086_Zusatzpunkt_6_CDU_CSU_Heilmann_ID198606500_14.03.2019.csv
20,Selbstverständlich gibt es auch dazu Untersuchungen.,Immigration,0,Immigration,Immigration,Immigration,19086_Zusatzpunkt_6_CDU_CSU_Heilmann_ID198606500_14.03.2019.csv
21,"Es ist die Wirtschaftskraft, es ist der Aufschwung,
es ist die Tatsache, dass wir nach dem Zweiten Weltkrieg unser Land wieder aufgebaut haben, es ist die erfolgreiche deutsche Einheit, und es sind insbesondere die Bildungsmöglichkeiten, die Deutschland für Flüchtlinge attraktiv erscheinen lassen.",Immigration,0,Immigration,Immigration,Immigration,19086_Zusatzpunkt_6_CDU_CSU_Heilmann_ID198606500_14.03.2019.csv
22,"Ich finde, wir sollten uns die wahren Motivlagen ansehen und nicht von Taschengeld­erhöhungen faseln, die so gar nicht beschlossen sind.",Immigration,0,Immigration,Immigration,Immigration,19086_Zusatzpunkt_6_CDU_CSU_Heilmann_ID198606500_14.03.2019.csv
23,Bei der Suche nach einer Antwort auf die Frage der Schüler: „Warum wiederholen sie eigentlich ihre einfachen und populistischen Behauptungen immer wieder?,Immigration,0,Immigration,Immigration,Immigration,19086_Zusatzpunkt_6_CDU_CSU_Heilmann_ID198606500_14.03.2019.csv
24,“ bin ich auf das in der Psychologie wissenschaftlich untersuchte Phänomen der sogenannten manipulativen Opferrollen gestoßen.,Immigration,0,Immigration,Immigration,Immigration,19086_Zusatzpunkt_6_CDU_CSU_Heilmann_ID198606500_14.03.2019.csv
25,"Laut dieser Wissenschaft gibt es fünf Faktoren, die kennzeichnen, wenn Menschen manipulativ sind und sich in eine Opferrolle begeben.",Immigration,0,Immigration,Immigration,Immigration,19086_Zusatzpunkt_6_CDU_CSU_Heilmann_ID198606500_14.03.2019.csv
26,"Ich will Ihnen die fünf Faktoren kurz vortragen:
Erstens.",Immigration,0,Immigration,Immigration,Immigration,19086_Zusatzpunkt_6_CDU_CSU_Heilmann_ID198606500_14.03.2019.csv
27,"Menschen, die solche Rollen einnehmen, schieben die Schuld immer auf andere. – Wie bei den Rentnern in Nürnberg, Herr Sichert!",Immigration,0,Immigration,Immigration,Immigration,19086_Zusatzpunkt_6_CDU_CSU_Heilmann_ID198606500_14.03.2019.csv
28,Zweitens.,Immigration,0,Immigration,Immigration,Immigration,19086_Zusatzpunkt_6_CDU_CSU_Heilmann_ID198606500_14.03.2019.csv
29,"Sie respektieren keine abweichenden Auffassungen. – Sie lachen, wenn Max Straubinger völlig zu Recht sagt, dass die Flüchtlingszahlen zurückgegangen sind und wir eine erstaunlich positive Integration in den Arbeitsmarkt hinbekommen haben.",Immigration,0,Immigration,Immigration,Immigration,19086_Zusatzpunkt_6_CDU_CSU_Heilmann_ID198606500_14.03.2019.csv
30,Das sind doch schlicht Tatsachen.,Immigration,0,Immigration,Immigration,Immigration,19086_Zusatzpunkt_6_CDU_CSU_Heilmann_ID198606500_14.03.2019.csv
31,"Wieso lachen Sie da eigentlich, obwohl Sie keine Argumente haben?",Immigration,0,Immigration,Immigration,Immigration,19086_Zusatzpunkt_6_CDU_CSU_Heilmann_ID198606500_14.03.2019.csv
32,Abweichende Auffassungen darf es bei Ihnen nicht geben.,Immigration,0,Immigration,Immigration,Immigration,19086_Zusatzpunkt_6_CDU_CSU_Heilmann_ID198606500_14.03.2019.csv
33,"Drittens zeichnen sich solche Menschen dadurch aus, dass sie Sorgen und Ängste verstärken und ausnutzen.",Immigration,0,Immigration,Immigration,Immigration,19086_Zusatzpunkt_6_CDU_CSU_Heilmann_ID198606500_14.03.2019.csv
34,"Nichts anderes tun Sie hier auch, indem Sie sagen: Alle Probleme, die wir in Deutschland haben, werden kleiner, wenn wir keine Flüchtlinge haben oder ihnen kein Geld zahlen.",Immigration,0,Immigration,Immigration,Immigration,19086_Zusatzpunkt_6_CDU_CSU_Heilmann_ID198606500_14.03.2019.csv
35,Viertens reden sie respektlos über andere. – Auch dafür haben Sie heute ein beredtes Beispiel abgegeben.,Immigration,0,Immigration,Immigration,Immigration,19086_Zusatzpunkt_6_CDU_CSU_Heilmann_ID198606500_14.03.2019.csv
36,"Fünftens – das ist sehr interessant; ursprünglich hat es ja gar nichts mit der AfD zu tun, es handelt sich, wie gesagt, um eine wissenschaftliche Untersuchung über manipulative Leute, die sich in eine Opferrolle begeben –: Diese Menschen sagen das eine und tun das andere. – Sie behaupten hier, eine Lösung zu wollen, erfreuen sich aber daran, das Thema immer wieder aufwärmen zu können.",Immigration,0,Immigration,Immigration,Immigration,19086_Zusatzpunkt_6_CDU_CSU_Heilmann_ID198606500_14.03.2019.csv
37,"Das ist es doch bei Ihnen, was zynisch und respektlos ist.",Immigration,1,Civil,Government,Labor,19086_Zusatzpunkt_6_CDU_CSU_Heilmann_ID198606500_14.03.2019.csv
38,"Wenn man Sie so reden hört, muss man feststellen, dass Sie zu diesen manipulativen Populisten gehören, und das lehnen wir ab.",Immigration,1,Civil,Government,Labor,19086_Zusatzpunkt_6_CDU_CSU_Heilmann_ID198606500_14.03.2019.csv
39,Ich fasse zusammen.,Immigration,1,Civil,Government,Labor,19086_Zusatzpunkt_6_CDU_CSU_Heilmann_ID198606500_14.03.2019.csv
40,"Ihre Behauptungen sind sachlich falsch, juristisch abenteuerlich bis nicht begründet und wirtschaftlich ahnungslos.",Immigration,1,Civil,Government,Labor,19086_Zusatzpunkt_6_CDU_CSU_Heilmann_ID198606500_14.03.2019.csv
41,Sie gehen mit den wahren Motiven unserer Flüchtlinge nicht ordentlich um.,Immigration,1,Civil,Government,Labor,19086_Zusatzpunkt_6_CDU_CSU_Heilmann_ID198606500_14.03.2019.csv
42,"Ich bedaure sehr, dass Sie eine solche Ein-Thema-Partei sind und finde es sehr bedauerlich, dass Sie für diese mangelhafte Arbeit sehr viel mehr Geld bekommen als nur ein Taschengeld.",Immigration,1,Civil,Government,Labor,19086_Zusatzpunkt_6_CDU_CSU_Heilmann_ID198606500_14.03.2019.csv
43,Damit ist die Aktuelle Stunde beendet.,*,1,Civil,Government,Labor,19086_Zusatzpunkt_6_CDU_CSU_Heilmann_ID198606500_14.03.2019.csv
