,text,label_gold,segment_id,label_bert,label_parlbert,label_svm,speech_id
0,Herr Präsident!,*,0,Immigration,Immigration,Immigration,19086_Zusatzpunkt_6_CDU_CSU_Weiss_ID198605500_14.03.2019.csv
1,Verehrte Kolleginnen und Kollegen!,*,0,Immigration,Immigration,Immigration,19086_Zusatzpunkt_6_CDU_CSU_Weiss_ID198605500_14.03.2019.csv
2,"Wenn man selber nichts auf dem Kasten hat, beantragt man eine Aktuelle Stunde mit Fake News, zu gut Deutsch: mit Falschnachrichten.",Immigration,0,Immigration,Immigration,Immigration,19086_Zusatzpunkt_6_CDU_CSU_Weiss_ID198605500_14.03.2019.csv
3,Deswegen einfach und schlicht: Um was geht es?,Immigration,0,Immigration,Immigration,Immigration,19086_Zusatzpunkt_6_CDU_CSU_Weiss_ID198605500_14.03.2019.csv
4,"Wir haben ein Urteil des Bundesverfassungsgerichts, das uns sehr präzise vorschreibt, wie wir die Leistungen des Asylbewerberleistungsgesetzes zu gestalten haben.",Immigration,0,Immigration,Immigration,Immigration,19086_Zusatzpunkt_6_CDU_CSU_Weiss_ID198605500_14.03.2019.csv
5,"Jetzt will ich mal Folgendes sagen: Wir als Parlamentarier sind zu Recht verpflichtet, erstens unsere Verfassung zu achten und zweitens – auch wenn es uns manchmal politisch nicht ganz passt – das zu achten,
was das Bundesverfassungsgericht als der berufene und bestellte Ausleger des Grundgesetzes uns als Gesetzgeber vorgibt.",Immigration,0,Immigration,Immigration,Immigration,19086_Zusatzpunkt_6_CDU_CSU_Weiss_ID198605500_14.03.2019.csv
6,Für uns ist klar: Wir halten uns an das Grundgesetz und an die Entscheidungen des Bundesverfassungsgerichts.,Immigration,0,Immigration,Immigration,Immigration,19086_Zusatzpunkt_6_CDU_CSU_Weiss_ID198605500_14.03.2019.csv
7,"Dass eine Fraktion dieses Hauses offenkundig Probleme hat, sich an die Verfassung und an die Entscheidungen des Bundesverfassungsgerichts zu halten, ist erstaunlich.",Immigration,0,Immigration,Immigration,Immigration,19086_Zusatzpunkt_6_CDU_CSU_Weiss_ID198605500_14.03.2019.csv
8,Und ich stelle hier fest: Das weisen wir mit Empörung zurück.,Immigration,0,Immigration,Immigration,Immigration,19086_Zusatzpunkt_6_CDU_CSU_Weiss_ID198605500_14.03.2019.csv
9,"Das Bundesverfassungsgericht sagt ausdrücklich, dass Artikel 1 unserer Verfassung „ein Grundrecht auf Gewährleistung eines menschenwürdigen Existenzminimums“ garantiert und „diesen Anspruch als Menschenrecht“ begründet.",Immigration,0,Immigration,Immigration,Immigration,19086_Zusatzpunkt_6_CDU_CSU_Weiss_ID198605500_14.03.2019.csv
10,"„Das Grundrecht steht deutschen und ausländischen Staatsbürgern zu, die sich in der Bundesrepublik … aufhalten.“ Der Gesetzgeber – so das Bundesverfassungsgericht weiter – „darf … bei der konkreten Ausgestaltung existenzsichernder Leistungen nicht pauschal nach dem Aufenthaltsstatus differenzieren.“ Aber es gibt Fraktionen in diesem Haus, die es nicht nötig haben, Bundesverfassungsgerichtsurteile zu lesen,
sondern lieber aus einer Laune heraus eine Aktuelle Stunde beantragen.",Immigration,0,Immigration,Immigration,Immigration,19086_Zusatzpunkt_6_CDU_CSU_Weiss_ID198605500_14.03.2019.csv
11,"Meine sehr geehrten Damen und Herren, allerdings kann man und wollen wir differenzieren.",Immigration,0,Immigration,Immigration,Immigration,19086_Zusatzpunkt_6_CDU_CSU_Weiss_ID198605500_14.03.2019.csv
12,"Wenn wir die notwendige Anpassung des Asylbewerberleistungsgesetzes hier ins Parlament einbringen, dann werden wir gleichzeitig für abgelehnte und ausreisepflichtige Asylbewerber, also diejenigen, die nicht hierbleiben können und nicht hierbleiben sollen, vorsehen, dass sie keinen Anspruch auf volle Leistungen haben.",Immigration,0,Immigration,Immigration,Immigration,19086_Zusatzpunkt_6_CDU_CSU_Weiss_ID198605500_14.03.2019.csv
13,"Das ist jetzt schon die Rechtslage, und wir werden sie – so ist es geplant – noch einmal deutlich präzisieren und auch verschärfen, insbesondere, wenn solche ausreisepflichtigen Asylbewerber ihre Mitwirkungspflichten nicht wahrnehmen, beispielsweise bei der Beschaffung von Pass- und Personaldokumenten.",Immigration,0,Immigration,Immigration,Immigration,19086_Zusatzpunkt_6_CDU_CSU_Weiss_ID198605500_14.03.2019.csv
14,"Das heißt: Für ausreisepflichtige Asylbewerber wird es künftig nicht mehr, sondern weniger Leistungen geben.",Immigration,0,Immigration,Immigration,Immigration,19086_Zusatzpunkt_6_CDU_CSU_Weiss_ID198605500_14.03.2019.csv
15,"Das ist die klare Botschaft an all diejenigen, die kein Aufenthaltsrecht in Deutschland haben.",Immigration,0,Immigration,Immigration,Immigration,19086_Zusatzpunkt_6_CDU_CSU_Weiss_ID198605500_14.03.2019.csv
16,"Meine sehr geehrten Damen und Herren, im privaten Leben und in der Politik gilt: Lügen haben kurze Beine.",Immigration,0,Immigration,Immigration,Immigration,19086_Zusatzpunkt_6_CDU_CSU_Weiss_ID198605500_14.03.2019.csv
17,"Sobald die Gesetzentwürfe, über die derzeit die Bundesregierung berät, hier ins Parlament eingebracht werden, kann jeder, der des Lesens kundig ist, schwarz auf weiß nachlesen: Für den, der ausreisepflichtig ist und die Frist für die freiwillige Ausreise versäumt, wird es eng.",Immigration,0,Immigration,Immigration,Immigration,19086_Zusatzpunkt_6_CDU_CSU_Weiss_ID198605500_14.03.2019.csv
18,"Wir unterscheiden klar zwischen denen, die wegen Krieg, Verfolgung und Lebensgefahr bei uns in Deutschland bleiben dürfen und denen wir selbstverständlich Schutz gewähren, und denen, die zur Ausreise verpflichtet sind.",Immigration,0,Immigration,Immigration,Immigration,19086_Zusatzpunkt_6_CDU_CSU_Weiss_ID198605500_14.03.2019.csv
19,"Diese klare Trennung ist das, was die Bürgerinnen und Bürger zu Recht von uns erwarten.",Immigration,0,Immigration,Immigration,Immigration,19086_Zusatzpunkt_6_CDU_CSU_Weiss_ID198605500_14.03.2019.csv
20,"Meine sehr geehrten Damen und Herren, es gibt keine Notwendigkeit, Aktuelle Stunden zu Fake News, also Falschnachrichten, zu beantragen, sondern es reicht aus, Gesetzestexte zu lesen, die wir demnächst hier im Deutschen Bundestag beraten können.",Immigration,0,Immigration,Immigration,Immigration,19086_Zusatzpunkt_6_CDU_CSU_Weiss_ID198605500_14.03.2019.csv
21,Vielen Dank.,*,0,Immigration,Immigration,Immigration,19086_Zusatzpunkt_6_CDU_CSU_Weiss_ID198605500_14.03.2019.csv
22,Vielen Dank. – Nächster Redner ist der Kollege Konstantin Kuhle für die Fraktion der FDP.,*,0,Immigration,Immigration,Immigration,19086_Zusatzpunkt_6_CDU_CSU_Weiss_ID198605500_14.03.2019.csv
