,text,label_gold,segment_id,label_bert,label_parlbert,label_svm,speech_id
0,Sehr geehrter Präsident!,*,0,Immigration,Immigration,Immigration,19086_Zusatzpunkt_6_AfD_Curio_ID198605400_14.03.2019.csv
1,Meine Damen und Herren!,*,0,Immigration,Immigration,Immigration,19086_Zusatzpunkt_6_AfD_Curio_ID198605400_14.03.2019.csv
2,Die SPD sucht händeringend ihr Profil.,Immigration,0,Immigration,Immigration,Immigration,19086_Zusatzpunkt_6_AfD_Curio_ID198605400_14.03.2019.csv
3,Arbeitsminister Heil hat für die ehemalige Partei des deutschen Arbeiters jetzt tatsächlich etwas entdeckt: das Heil selbst noch von Rechtsbrechern.,Immigration,0,Immigration,Immigration,Immigration,19086_Zusatzpunkt_6_AfD_Curio_ID198605400_14.03.2019.csv
4,"Lockte bisher schon die Politik der offenen Grenze samt bedingungsloser Vollversorgung Migranten aus aller Welt herbei, so soll nach Willen der SPD das Sahnehäubchen Taschengeld jetzt auch noch auf 150 Euro erhöht werden, und zwar für alle, auch für judiziert Unberechtigte.",Immigration,0,Immigration,Immigration,Immigration,19086_Zusatzpunkt_6_AfD_Curio_ID198605400_14.03.2019.csv
5,"Das ist nicht nur das falsche Signal, wie auch CDU-Fraktionsvize Frei der „Bild“ sagte, sondern es zeigt auch: Das und nicht die realen Sorgen der Bürger sind die neuen Prioritäten der Genossen.",Immigration,0,Immigration,Immigration,Immigration,19086_Zusatzpunkt_6_AfD_Curio_ID198605400_14.03.2019.csv
6,"So ein Taschengeld
wird zusätzlich zum Existenzminimum gezahlt – zur Teilnahme am gesellschaftlichen und kulturellen Leben.",Immigration,0,Immigration,Immigration,Immigration,19086_Zusatzpunkt_6_AfD_Curio_ID198605400_14.03.2019.csv
7,"CSU-Generalsekretär Blume meint, die Erhöhung „untergräbt … die Akzeptanz des Asylsystems“.",Immigration,0,Immigration,Immigration,Immigration,19086_Zusatzpunkt_6_AfD_Curio_ID198605400_14.03.2019.csv
8,"Es ist der Tropfen, der das Fass zum Überlaufen bringt.",Immigration,0,Immigration,Immigration,Immigration,19086_Zusatzpunkt_6_AfD_Curio_ID198605400_14.03.2019.csv
9,"Er legt das ganze Ausmaß einer unverantwortbaren, milliardenschweren Migrantenpolitik beispielhaft bloß.",Immigration,0,Immigration,Immigration,Immigration,19086_Zusatzpunkt_6_AfD_Curio_ID198605400_14.03.2019.csv
10,Nur scheinbar wird einem Gesetz entsprochen.,Immigration,0,Immigration,Immigration,Immigration,19086_Zusatzpunkt_6_AfD_Curio_ID198605400_14.03.2019.csv
11,"Erst 2022 wäre es nötig, und die Ausdehnung einer Vollversorgungspflicht auf vollständig ausjudizierte Fälle von abgelehnten und ausreisepflichtigen Asylbewerbern entspricht weder Recht noch Rechtsempfinden.",Immigration,0,Immigration,Immigration,Immigration,19086_Zusatzpunkt_6_AfD_Curio_ID198605400_14.03.2019.csv
12,"Das ist der Bevölkerung schlicht nicht mehr vermittelbar, meine Damen und Herren.",Immigration,0,Immigration,Immigration,Immigration,19086_Zusatzpunkt_6_AfD_Curio_ID198605400_14.03.2019.csv
13,"Der arbeitende Bürger lernt: Mitgereiste Sechsjährige müssen 97 Euro Taschengeld pro Monat vom Staat bekommen;
weniger wäre ein Angriff auf ihre Menschenwürde.",Immigration,0,Immigration,Immigration,Immigration,19086_Zusatzpunkt_6_AfD_Curio_ID198605400_14.03.2019.csv
14,"Mancher Enkel wird das in die Verhandlungen mit seiner Oma, ob der monatliche Zehner reicht, einfließen lassen.",Immigration,0,Immigration,Immigration,Immigration,19086_Zusatzpunkt_6_AfD_Curio_ID198605400_14.03.2019.csv
15,Dabei sind Hunderttausende abgelehnter Asylbewerber unter Vorspiegelung falscher Tatsachen im Land und müssten die erschlichenen Leistungen eigentlich zurückzahlen.,Immigration,0,Immigration,Immigration,Immigration,19086_Zusatzpunkt_6_AfD_Curio_ID198605400_14.03.2019.csv
16,Aber die Altparteien lassen für ihren Großmut einfach die arbeitende Bevölkerung zahlen.,Immigration,0,Immigration,Immigration,Immigration,19086_Zusatzpunkt_6_AfD_Curio_ID198605400_14.03.2019.csv
17,Sie haben den Status der Berechtigung der Unberechtigten erfunden: die Duldung.,Immigration,0,Immigration,Immigration,Immigration,19086_Zusatzpunkt_6_AfD_Curio_ID198605400_14.03.2019.csv
18,"Ein Attest findet sich – gesund genug, um nach Deutschland zu laufen, aber zu krank, um zurückgeflogen zu werden.",Immigration,0,Immigration,Immigration,Immigration,19086_Zusatzpunkt_6_AfD_Curio_ID198605400_14.03.2019.csv
19,"Selbst bei dem, der kein Duldungsfall, sondern vollziehbar ausreisepflichtig ist, sich aber dem Vollzug entzieht – schmeißt sich am Flughafen auf den Boden, simuliert Herzattacke, greift sich rechts auf die Brust –,
wird die Menschenwürde ohne Kulturtaschengeld verletzt.",Immigration,0,Immigration,Immigration,Immigration,19086_Zusatzpunkt_6_AfD_Curio_ID198605400_14.03.2019.csv
20,"So ist das mit solchen kulturinteressierten Leuten: Bei der Abschiebung tauchen sie unter, bei der Abhebung von Geld tauchen sie wieder auf.",Immigration,1,Immigration,Immigration,Immigration,19086_Zusatzpunkt_6_AfD_Curio_ID198605400_14.03.2019.csv
21,"Der SPD-Arbeitsminister hat erkannt, wofür eine deutsche Arbeiterpartei eintreten muss: All die Leute müssen nicht nur weiter versorgt werden, sondern auch besser – 11 Prozent mehr.",Immigration,1,Immigration,Immigration,Immigration,19086_Zusatzpunkt_6_AfD_Curio_ID198605400_14.03.2019.csv
22,"Wer, bitte, erklärt diesen Irrsinn den Bürgern, dem deutschen Arbeitslosen, der alleinerziehenden Mutter, dem Niedriglöhner, der seine Rente nicht mehr zusammenbekommt?",Immigration,1,Immigration,Immigration,Immigration,19086_Zusatzpunkt_6_AfD_Curio_ID198605400_14.03.2019.csv
23,Denen ist längst klar: Diese SPD vertritt ihre Interessen nicht mehr.,Immigration,1,Immigration,Immigration,Immigration,19086_Zusatzpunkt_6_AfD_Curio_ID198605400_14.03.2019.csv
24,"Die sagen sich zu Recht: Für die tut ihr alles, für uns tut ihr nichts.",Immigration,1,Immigration,Immigration,Immigration,19086_Zusatzpunkt_6_AfD_Curio_ID198605400_14.03.2019.csv
25,"Das ist die SPD, die Heizöl und Benzin verteuern will, die einen Spurwechsel für abgelehnte Asylbewerber will, die für nur subsidiär Geschützte mehr Familiennachzug will und die die letztes Jahr nicht ausgeschöpfte Nachzugsquote dieses Jahr extra haben will.",Immigration,1,Immigration,Immigration,Immigration,19086_Zusatzpunkt_6_AfD_Curio_ID198605400_14.03.2019.csv
26,"Erzählen Sie dann mal den Wohnungsuchenden, dass wir unbedingt mehr Zuzug brauchen!",Immigration,1,Immigration,Immigration,Immigration,19086_Zusatzpunkt_6_AfD_Curio_ID198605400_14.03.2019.csv
27,"170 000 Seniorinnen und Senioren können die Miete nicht mehr zahlen, aber Sie machen Quartier für immer mehr Geduldete.",Immigration,1,Immigration,Immigration,Immigration,19086_Zusatzpunkt_6_AfD_Curio_ID198605400_14.03.2019.csv
28,"Und der Berliner SPD-Bürgermeister will gar nicht mehr abschieben, sondern Duldung um jeden Preis.",Immigration,1,Immigration,Immigration,Immigration,19086_Zusatzpunkt_6_AfD_Curio_ID198605400_14.03.2019.csv
29,Die Ausländerbehörde soll ein Landesamt für Einwanderung werden.,Immigration,1,Immigration,Immigration,Immigration,19086_Zusatzpunkt_6_AfD_Curio_ID198605400_14.03.2019.csv
30,"Meine Damen und Herren, diese SPD hat fertig.",Immigration,1,Immigration,Immigration,Immigration,19086_Zusatzpunkt_6_AfD_Curio_ID198605400_14.03.2019.csv
31,Die braucht mal dringend ein paar Jahre auf der Reservebank.,Immigration,2,Immigration,Immigration,International,19086_Zusatzpunkt_6_AfD_Curio_ID198605400_14.03.2019.csv
32,"Meine Damen und Herren, Deutschland zahlt schon heute mit die höchsten Sozialleistungen in Europa.",Immigration,2,Immigration,Immigration,International,19086_Zusatzpunkt_6_AfD_Curio_ID198605400_14.03.2019.csv
33,"Sie lotsen doch damit die Menschen vorsätzlich aus Nachbarländern in Europa hierher –
Binnenmigration – und aus Afrika.",Immigration,2,Immigration,Immigration,International,19086_Zusatzpunkt_6_AfD_Curio_ID198605400_14.03.2019.csv
34,"In Syrien verdient ein Mensch im Schnitt monatlich 112 Euro, in Afghanistan 40 Euro, in Schwarzafrika noch weniger.",Immigration,2,Immigration,Immigration,International,19086_Zusatzpunkt_6_AfD_Curio_ID198605400_14.03.2019.csv
35,"Wer will noch leben wie Gott in Frankreich, wenn er als Asylbewerber in Deutschland leben kann?",Immigration,2,Immigration,Immigration,International,19086_Zusatzpunkt_6_AfD_Curio_ID198605400_14.03.2019.csv
36,Dänemark hat auf Sachleistungen umgestellt und so die Zahl der Asylanträge drastisch reduziert.,Immigration,2,Immigration,Immigration,International,19086_Zusatzpunkt_6_AfD_Curio_ID198605400_14.03.2019.csv
37,Sie geben erneut ein falsches Signal und wollen den Asylmagneten noch stärker stellen.,Immigration,2,Immigration,Immigration,International,19086_Zusatzpunkt_6_AfD_Curio_ID198605400_14.03.2019.csv
38,Vergessen Sie Ihre Weltbeglückung auf Kosten des deutschen Arbeiters.,Social Welfare,2,Immigration,Immigration,International,19086_Zusatzpunkt_6_AfD_Curio_ID198605400_14.03.2019.csv
39,Wir haben genug Bedürftige im eigenen Land.,Social Welfare,2,Immigration,Immigration,International,19086_Zusatzpunkt_6_AfD_Curio_ID198605400_14.03.2019.csv
40,"Ihnen, die berechtigt hier leben,
sollten Erhöhungen zuteilwerden.",Social Welfare,2,Immigration,Immigration,International,19086_Zusatzpunkt_6_AfD_Curio_ID198605400_14.03.2019.csv
41,"Wir, meine Damen und Herren, werden das tun.",Social Welfare,2,Immigration,Immigration,International,19086_Zusatzpunkt_6_AfD_Curio_ID198605400_14.03.2019.csv
42,Ich danke Ihnen.,*,2,Immigration,Immigration,International,19086_Zusatzpunkt_6_AfD_Curio_ID198605400_14.03.2019.csv
43,Als nächster Redner hat das Wort für die Fraktion der CDU/CSU der Kollege Peter Weiß.,*,2,Immigration,Immigration,International,19086_Zusatzpunkt_6_AfD_Curio_ID198605400_14.03.2019.csv
