,text,label_gold,segment_id,label_bert,label_parlbert,label_svm,speech_id
0,Sehr geehrter Herr Präsident!,*,0,Immigration,Immigration,Social,19086_Zusatzpunkt_6_SPD_Ruethrich_ID198605700_14.03.2019.csv
1,Liebe Kolleginnen und Kollegen!,*,0,Immigration,Immigration,Social,19086_Zusatzpunkt_6_SPD_Ruethrich_ID198605700_14.03.2019.csv
2,Meine älteste Tochter ist jetzt Schulkind.,Immigration,0,Immigration,Immigration,Social,19086_Zusatzpunkt_6_SPD_Ruethrich_ID198605700_14.03.2019.csv
3,Sie bekommt Taschengeld.,Immigration,0,Immigration,Immigration,Social,19086_Zusatzpunkt_6_SPD_Ruethrich_ID198605700_14.03.2019.csv
4,Das Kind freut sich darüber.,Immigration,0,Immigration,Immigration,Social,19086_Zusatzpunkt_6_SPD_Ruethrich_ID198605700_14.03.2019.csv
5,"Wenn wir hier von „Taschengeld für Asylbewerberinnen und Asylbewerber“ reden, muss ich sagen: Wir reden von erwachsenen Menschen, von Menschen, die nichts lieber wollen, als auf eigenen Beinen zu stehen, die ihr eigenes Geld verdienen wollen, um ihre Familien selber ernähren zu können.",Immigration,0,Immigration,Immigration,Social,19086_Zusatzpunkt_6_SPD_Ruethrich_ID198605700_14.03.2019.csv
6,Dieses Geld ist für den notwendigen persönlichen Bedarf; so heißt diese Leistung nämlich eigentlich.,Immigration,0,Immigration,Immigration,Social,19086_Zusatzpunkt_6_SPD_Ruethrich_ID198605700_14.03.2019.csv
7,"Das sagt, worum es hier geht: Das steht diesen Menschen zu; das ist kein Almosen, sondern ein Rechtsanspruch.",Immigration,0,Immigration,Immigration,Social,19086_Zusatzpunkt_6_SPD_Ruethrich_ID198605700_14.03.2019.csv
8,"Statt über dessen Höhe zu jammern, lassen Sie uns endlich einmal dafür sorgen, dass auch die zu uns Geflüchteten schnell auf eigenen Beinen stehen können, dass sie ihr eigenes Geld verdienen.",Immigration,0,Immigration,Immigration,Social,19086_Zusatzpunkt_6_SPD_Ruethrich_ID198605700_14.03.2019.csv
9,Dazu habe ich von Ihnen von der AfD noch nie auch nur einen einzigen konstruktiven Vorschlag gehört.,Immigration,0,Immigration,Immigration,Social,19086_Zusatzpunkt_6_SPD_Ruethrich_ID198605700_14.03.2019.csv
10,"Fangen Sie doch endlich mal an, für irgendein Problem in diesem Land eine zumindest halbwegs plausible Lösung vorzuschlagen.",Immigration,0,Immigration,Immigration,Social,19086_Zusatzpunkt_6_SPD_Ruethrich_ID198605700_14.03.2019.csv
11,"Liebe Kolleginnen und Kollegen, versetzen wir uns doch mal in die Lage derer, denen Sie hier nicht die Busfahrkarte, die Briefmarke, das Buch oder die Kosten für ein Telefonat gönnen: Einen Platz im Sprachkurs oder im Integrationskurs zu bekommen, das dauert mal locker ein halbes Jahr – nach der Anerkennung, wohlgemerkt.",Immigration,0,Immigration,Immigration,Social,19086_Zusatzpunkt_6_SPD_Ruethrich_ID198605700_14.03.2019.csv
12,"Ob ich das Glück habe, dass in der Zeit auch mein Kind betreut wird, hängt davon ab, wo ich wohne und ob ein Platz frei ist.",Immigration,0,Immigration,Immigration,Social,19086_Zusatzpunkt_6_SPD_Ruethrich_ID198605700_14.03.2019.csv
13,"Ob ich mich auf den Kurs einlassen kann, wenn ich Angst um meine Familie, um mein Kind, um meinen Mann haben muss?",Immigration,0,Immigration,Immigration,Social,19086_Zusatzpunkt_6_SPD_Ruethrich_ID198605700_14.03.2019.csv
14,Schwierig!,Immigration,0,Immigration,Immigration,Social,19086_Zusatzpunkt_6_SPD_Ruethrich_ID198605700_14.03.2019.csv
15,"Der Handwerksmeister nebenan würde mich zwar einstellen, aber er sagt: Ich investiere doch nicht in deine Ausbildung, und dann wirst du abgeschoben. – Genau deshalb kämpfen wir Sozialdemokratinnen und Sozialdemokraten dafür, dass Leute, die hier Arbeit haben oder in Ausbildung sind, bleiben können; weil das gut für alle ist und weil das einfach vernünftig ist.",Immigration,0,Immigration,Immigration,Social,19086_Zusatzpunkt_6_SPD_Ruethrich_ID198605700_14.03.2019.csv
16,"Ob ich hier eine Chance bekomme, ist fraglich, wenn ich gar niemanden kennenlernen kann, weil ich für Monate – künftig vielleicht für Jahre – in einer Massenunterkunft verwahrt werde.",Immigration,0,Immigration,Immigration,Social,19086_Zusatzpunkt_6_SPD_Ruethrich_ID198605700_14.03.2019.csv
17,"Und dann werfen Sie mir vor, dass ich den notwendigen persönlichen Bedarf aus dem Asylbewerberleistungsgesetz erhalte.",Immigration,0,Immigration,Immigration,Social,19086_Zusatzpunkt_6_SPD_Ruethrich_ID198605700_14.03.2019.csv
18,Im Ernst?,Immigration,0,Immigration,Immigration,Social,19086_Zusatzpunkt_6_SPD_Ruethrich_ID198605700_14.03.2019.csv
19,"Sie wollen verhindern, dass sich diese Familien bei uns integrieren können, nur um ihnen dann vorzuhalten, dass sie nicht ihr eigenes Geld verdienen.",Immigration,0,Immigration,Immigration,Social,19086_Zusatzpunkt_6_SPD_Ruethrich_ID198605700_14.03.2019.csv
20,Wie schäbig!,Immigration,0,Immigration,Immigration,Social,19086_Zusatzpunkt_6_SPD_Ruethrich_ID198605700_14.03.2019.csv
21,Die jetzt maximal 135 Euro für den notwendigen persönlichen Bedarf sollen nun nach drei Jahren ohne Anpassung an die steigenden Kosten auf 150 Euro angehoben werden.,Immigration,0,Immigration,Immigration,Social,19086_Zusatzpunkt_6_SPD_Ruethrich_ID198605700_14.03.2019.csv
22,So lesen wir das in den Zeitungen.,Immigration,0,Immigration,Immigration,Social,19086_Zusatzpunkt_6_SPD_Ruethrich_ID198605700_14.03.2019.csv
23,"Na, herzlichen Glückwunsch!",Immigration,0,Immigration,Immigration,Social,19086_Zusatzpunkt_6_SPD_Ruethrich_ID198605700_14.03.2019.csv
24,Das wäre eigentlich jährlich nötig.,Immigration,0,Immigration,Immigration,Social,19086_Zusatzpunkt_6_SPD_Ruethrich_ID198605700_14.03.2019.csv
25,"Eine jährliche Erhöhung wäre Ihnen wahrscheinlich am allerliebsten; denn dann könnten Sie jedes Jahr eine solche Aktuelle Stunde abhalten, die zu nichts anderem gut ist, als wieder einmal schlecht über andere Menschen zu reden und Ängste zu schüren.",Immigration,0,Immigration,Immigration,Social,19086_Zusatzpunkt_6_SPD_Ruethrich_ID198605700_14.03.2019.csv
26,Das ist ja Ihr einziges Lebenselixier.,Immigration,1,Immigration,International,International,19086_Zusatzpunkt_6_SPD_Ruethrich_ID198605700_14.03.2019.csv
27,"Im Übrigen gibt es dazu noch nicht einmal einen aktuellen Gesetzentwurf der Bundesregierung, der den Bundestag erreicht hätte.",Immigration,1,Immigration,International,International,19086_Zusatzpunkt_6_SPD_Ruethrich_ID198605700_14.03.2019.csv
28,"Es sei denn, Sie haben dazu nähere Informationen, sind näher dran als wir anderen.",Immigration,1,Immigration,International,International,19086_Zusatzpunkt_6_SPD_Ruethrich_ID198605700_14.03.2019.csv
29,Dann teilen Sie doch bitte Ihre tiefer gehenden Erkenntnisse mit uns.,Immigration,1,Immigration,International,International,19086_Zusatzpunkt_6_SPD_Ruethrich_ID198605700_14.03.2019.csv
30,"Denken Sie im Ernst, dass irgendwer in Eritrea, im Irak, in Bangladesch, Tschetschenien, Kolumbien, dass irgendwer in den Fluchtländern die deutsche Tageszeitung liest und sich dann denkt: Toll, jetzt gibt es da 15 Euro mehr, jetzt lohnt es sich doch, mein Leben auf der Flucht zu riskieren, alles hinter mir zu lassen, auf Monate und Jahre unterwegs zu sein, nur um nach Deutschland zu kommen. – Als wenn das die Flucht auslösen würde!",Immigration,1,Immigration,International,International,19086_Zusatzpunkt_6_SPD_Ruethrich_ID198605700_14.03.2019.csv
31,Als wenn das die Entscheidung für diese Menschen erleichtern würde!,Immigration,1,Immigration,International,International,19086_Zusatzpunkt_6_SPD_Ruethrich_ID198605700_14.03.2019.csv
32,"Als wenn das der einzige Grund wäre, weshalb man in Deutschland einen Asylantrag stellen möchte!",Immigration,1,Immigration,International,International,19086_Zusatzpunkt_6_SPD_Ruethrich_ID198605700_14.03.2019.csv
33,"Vielleicht liegt das ja auch daran, dass diese Menschen zu Recht bei uns auf rechtsstaatliche Verfahren und auf einen angemessenen Umgang hoffen dürfen.",Immigration,1,Immigration,International,International,19086_Zusatzpunkt_6_SPD_Ruethrich_ID198605700_14.03.2019.csv
34,"Liebe Kolleginnen und Kollegen, wir sind mitten in den Internationalen Wochen gegen Rassismus.",Immigration,1,Immigration,International,International,19086_Zusatzpunkt_6_SPD_Ruethrich_ID198605700_14.03.2019.csv
35,"Eine Aktuelle Stunde dazu wäre den Problemen und Sorgen vieler hier im Land wahrscheinlicher angemessener gewesen, als ausgerechnet jetzt wieder den bösen, kriminellen Anderen aus der Tüte zu holen.",Immigration,1,Immigration,International,International,19086_Zusatzpunkt_6_SPD_Ruethrich_ID198605700_14.03.2019.csv
36,"Es spaltet unsere Gesellschaft, wenn die Unterschiede zwischen uns immer mehr vertieft werden.",Immigration,1,Immigration,International,International,19086_Zusatzpunkt_6_SPD_Ruethrich_ID198605700_14.03.2019.csv
37,Sie spalten die Gesellschaft!,Immigration,1,Immigration,International,International,19086_Zusatzpunkt_6_SPD_Ruethrich_ID198605700_14.03.2019.csv
38,"Wir dagegen wollen eine faire, eine rechtsstaatliche, eine mitmenschliche Politik und eben auch eine solche Asylpolitik.",Immigration,1,Immigration,International,International,19086_Zusatzpunkt_6_SPD_Ruethrich_ID198605700_14.03.2019.csv
39,"Wir wollen endlich ein richtiges Einwanderungsgesetz, das diesen Namen auch verdient.",Immigration,1,Immigration,International,International,19086_Zusatzpunkt_6_SPD_Ruethrich_ID198605700_14.03.2019.csv
40,"Wir wollen auch, dass sich alle im Land sicher sein können, nicht in Armut und sozialer Not leben zu müssen.",Social Welfare,1,Immigration,International,International,19086_Zusatzpunkt_6_SPD_Ruethrich_ID198605700_14.03.2019.csv
41,"Deshalb brauchen wir Kindergrundsicherung, Bürgergeld, anständige Arbeit und am Ende des Arbeitslebens eine anständige Rente.",Social Welfare,1,Immigration,International,International,19086_Zusatzpunkt_6_SPD_Ruethrich_ID198605700_14.03.2019.csv
42,"Sie werten Menschen ab,
wie auch immer Sie dann noch in den Spiegel gucken können.",Social Welfare,1,Immigration,International,International,19086_Zusatzpunkt_6_SPD_Ruethrich_ID198605700_14.03.2019.csv
43,Wir reichen lieber unseren Mitmenschen die Hand.,Social Welfare,1,Immigration,International,International,19086_Zusatzpunkt_6_SPD_Ruethrich_ID198605700_14.03.2019.csv
44,Und dafür Glück auf!,Social Welfare,1,Immigration,International,International,19086_Zusatzpunkt_6_SPD_Ruethrich_ID198605700_14.03.2019.csv
45,Vielen Dank. – Nächste Rednerin ist die Kollegin Ulla Jelpke für die Fraktion Die Linke.,*,1,Immigration,International,International,19086_Zusatzpunkt_6_SPD_Ruethrich_ID198605700_14.03.2019.csv
