,text,label_gold,segment_id,label_bert,label_parlbert,label_svm,speech_id
0,Herr Präsident!,*,0,Immigration,Immigration,Immigration,19086_Zusatzpunkt_6_FDP_Kuhle_ID198605600_14.03.2019.csv
1,Meine Damen und Herren!,*,0,Immigration,Immigration,Immigration,19086_Zusatzpunkt_6_FDP_Kuhle_ID198605600_14.03.2019.csv
2,"Der Februar war ein guter Monat für die politischen Debatten in Deutschland; denn in dieser Zeit haben sich unterschiedliche Parteien, unterschiedliche Fraktionen in der deutschen Öffentlichkeit über ein Thema unterhalten, das eine persönliche Relevanz für das Leben vieler Menschen in Deutschland hat, das für viele Menschen wichtig ist.",Immigration,0,Immigration,Immigration,Immigration,19086_Zusatzpunkt_6_FDP_Kuhle_ID198605600_14.03.2019.csv
3,"Das ist das Thema Altersarmut, das ist das Thema Rente.",Immigration,0,Immigration,Immigration,Immigration,19086_Zusatzpunkt_6_FDP_Kuhle_ID198605600_14.03.2019.csv
4,"Dass wir uns darüber unterhalten haben, hatte einen positiven Nebeneffekt.",Immigration,0,Immigration,Immigration,Immigration,19086_Zusatzpunkt_6_FDP_Kuhle_ID198605600_14.03.2019.csv
5,"Das hatte den Nebeneffekt, dass die Umfragewerte für die AfD runtergegangen sind.",Immigration,0,Immigration,Immigration,Immigration,19086_Zusatzpunkt_6_FDP_Kuhle_ID198605600_14.03.2019.csv
6,"Jetzt haben wir Mitte März, und es sind noch zweieinhalb Monate bis zur Europawahl.",Immigration,0,Immigration,Immigration,Immigration,19086_Zusatzpunkt_6_FDP_Kuhle_ID198605600_14.03.2019.csv
7,"Deswegen bleibt der AfD natürlich nichts anderes übrig,
als hier eine Aktuelle Stunde zu beantragen, in der über irgendetwas mit Islam, Ausländern, Flüchtlingen, Migration diskutiert wird.",Immigration,0,Immigration,Immigration,Immigration,19086_Zusatzpunkt_6_FDP_Kuhle_ID198605600_14.03.2019.csv
8,"Irgendeines dieser Themen muss hier aufs Tableau gehoben werden, damit die Debatte ein bisschen angeheizt werden kann und wir im Europawahlkampf wieder eine hitzige Flüchtlingsdiskussion haben; denn das ist das Einzige, was die können.",Immigration,0,Immigration,Immigration,Immigration,19086_Zusatzpunkt_6_FDP_Kuhle_ID198605600_14.03.2019.csv
9,Sachliche Vorschläge zum Thema Rente oder Flüchtlinge?,Immigration,0,Immigration,Immigration,Immigration,19086_Zusatzpunkt_6_FDP_Kuhle_ID198605600_14.03.2019.csv
10,Fehlanzeige!,Immigration,0,Immigration,Immigration,Immigration,19086_Zusatzpunkt_6_FDP_Kuhle_ID198605600_14.03.2019.csv
11,"Meine Damen und Herren, wir sollten denen nicht den Gefallen tun, aus dem Europawahlkampf ein Wählerbeschaffungsprogramm für die AfD zu machen.",Immigration,0,Immigration,Immigration,Immigration,19086_Zusatzpunkt_6_FDP_Kuhle_ID198605600_14.03.2019.csv
12,"Deswegen haben wir alle miteinander die Verantwortung, unsere Hausaufgaben im Bereich der Migrationspolitik zu erledigen.",Immigration,0,Immigration,Immigration,Immigration,19086_Zusatzpunkt_6_FDP_Kuhle_ID198605600_14.03.2019.csv
13,Worum geht es in der Sache?,Immigration,0,Immigration,Immigration,Immigration,19086_Zusatzpunkt_6_FDP_Kuhle_ID198605600_14.03.2019.csv
14,"In der Sache geht es um den sogenannten notwendigen persönlichen Bedarf – der muss nach der Rechtsprechung des Bundesverfassungsgerichts angepasst werden; das ist auch völlig klar –, und zwar von Asylbewerbern.",Immigration,0,Immigration,Immigration,Immigration,19086_Zusatzpunkt_6_FDP_Kuhle_ID198605600_14.03.2019.csv
15,"In dem Wort „Asylbewerber“ steckt eigentlich schon drin, worum es sich hierbei handelt, nämlich um Menschen, bei denen noch nicht klar ist, ob sie ein Bleiberecht haben oder ob sie kein Bleiberecht haben.",Immigration,0,Immigration,Immigration,Immigration,19086_Zusatzpunkt_6_FDP_Kuhle_ID198605600_14.03.2019.csv
16,"Diese Definition führt uns aus Sicht der Freien Demokraten schon zum wichtigsten Ziel: Der Status des Asylbewerbers muss sich auf eine Gruppe erstrecken, die möglichst klein ist, und der Zeitraum mit diesem Status muss möglichst kurz andauern.",Immigration,0,Immigration,Immigration,Immigration,19086_Zusatzpunkt_6_FDP_Kuhle_ID198605600_14.03.2019.csv
17,"Es muss klar sein: Wer ein Bleiberecht hat, kann in Deutschland bleiben und muss schnellstmöglich dem Arbeitsmarkt zur Verfügung stehen, und wer kein Bleiberecht hat, muss Deutschland schnellstmöglich verlassen.",Immigration,0,Immigration,Immigration,Immigration,19086_Zusatzpunkt_6_FDP_Kuhle_ID198605600_14.03.2019.csv
18,"Die Menschen ewig lange in diesem Status des Asylbewerbers zu belassen, das ist doch das Problem.",Immigration,0,Immigration,Immigration,Immigration,19086_Zusatzpunkt_6_FDP_Kuhle_ID198605600_14.03.2019.csv
19,"Wenn wir das nicht klären, dann können wir das Ganze auch einfach über Sachleistungen regeln.",Immigration,0,Immigration,Immigration,Immigration,19086_Zusatzpunkt_6_FDP_Kuhle_ID198605600_14.03.2019.csv
20,Dann brauchen wir nicht über eine Verfestigung des Status des Asylbewerbers zu reden.,Immigration,0,Immigration,Immigration,Immigration,19086_Zusatzpunkt_6_FDP_Kuhle_ID198605600_14.03.2019.csv
21,Da müssen wir ran.,Immigration,0,Immigration,Immigration,Immigration,19086_Zusatzpunkt_6_FDP_Kuhle_ID198605600_14.03.2019.csv
22,"Deswegen müssen die Fraktionen, die hier versammelt sind, auch im Bereich der Migration ihre Hausaufgaben machen.",Immigration,0,Immigration,Immigration,Immigration,19086_Zusatzpunkt_6_FDP_Kuhle_ID198605600_14.03.2019.csv
23,Was muss geschehen?,Immigration,0,Immigration,Immigration,Immigration,19086_Zusatzpunkt_6_FDP_Kuhle_ID198605600_14.03.2019.csv
24,Zunächst muss es zu einer Beschleunigung der Verfahren kommen.,Immigration,0,Immigration,Immigration,Immigration,19086_Zusatzpunkt_6_FDP_Kuhle_ID198605600_14.03.2019.csv
25,"Wenn wir über eine Beschleunigung der Verfahren sprechen – wie bekommen wir es hin, dass schneller klar ist, ob jemand als Flüchtling anzuerkennen ist oder nicht?",Immigration,0,Immigration,Immigration,Immigration,19086_Zusatzpunkt_6_FDP_Kuhle_ID198605600_14.03.2019.csv
26,"–, dann müssen wir auch sagen: Es ist wichtig, dass Staaten wie die Maghreb-Staaten oder Georgien endlich zu sicheren Herkunftsstaaten erklärt werden.",Immigration,0,Immigration,Immigration,Immigration,19086_Zusatzpunkt_6_FDP_Kuhle_ID198605600_14.03.2019.csv
27,"Da müssen Sie, meine Damen und Herren von den Grünen, Ihre Blockadehaltung aufgeben.",Immigration,0,Immigration,Immigration,Immigration,19086_Zusatzpunkt_6_FDP_Kuhle_ID198605600_14.03.2019.csv
28,"Auch Sie haben eine Verantwortung dafür, meine Damen und Herren von den Grünen, dass aus dem Europawahlkampf kein Wählerbeschaffungsprogramm für die AfD wird.",Immigration,0,Immigration,Immigration,Immigration,19086_Zusatzpunkt_6_FDP_Kuhle_ID198605600_14.03.2019.csv
29,Das ist Ihre Verantwortung.,Immigration,0,Immigration,Immigration,Immigration,19086_Zusatzpunkt_6_FDP_Kuhle_ID198605600_14.03.2019.csv
30,"Wir sollten gemeinsam hier entscheiden und dafür sorgen, dass die Asylverfahren beschleunigt werden, dass wir da vorankommen.",Immigration,0,Immigration,Immigration,Immigration,19086_Zusatzpunkt_6_FDP_Kuhle_ID198605600_14.03.2019.csv
31,"Meine Damen und Herren von der SPD, auch Sie haben eine Verantwortung, wenn es darum geht, die Asylverfahren zu beschleunigen; denn die Frage der Rechtsklarheit hängt immer auch zusammen mit der Frage nach der Beschleunigung der Verfahren.",Immigration,0,Immigration,Immigration,Immigration,19086_Zusatzpunkt_6_FDP_Kuhle_ID198605600_14.03.2019.csv
32,"Und ein ganz wesentlicher Beitrag zur Rechtsklarheit wäre doch das Fachkräfteeinwanderungsgesetz, über das zwischen den Koalitionsparteien jetzt verhandelt wird.",Immigration,0,Immigration,Immigration,Immigration,19086_Zusatzpunkt_6_FDP_Kuhle_ID198605600_14.03.2019.csv
33,"Lassen Sie sich da bitte nicht von der Union über den Tisch ziehen,
sondern legen Sie noch vor der Europawahl den Entwurf eines Fachkräfteeinwanderungsgesetzes vor.",Immigration,0,Immigration,Immigration,Immigration,19086_Zusatzpunkt_6_FDP_Kuhle_ID198605600_14.03.2019.csv
34,"Wir müssen darüber nicht nur im Innenausschuss debattieren, sondern wir sollten darüber auch noch vor der Europawahl im Plenum des Deutschen Bundestages entscheiden, damit wir den Menschen noch vor der Europawahl zeigen können: Wir sind in der Lage, in der Migrationsfrage für Rechtsklarheit zu sorgen.",Immigration,0,Immigration,Immigration,Immigration,19086_Zusatzpunkt_6_FDP_Kuhle_ID198605600_14.03.2019.csv
35,Deswegen gehört das Fachkräfteeinwanderungsgesetz hier auf den Tisch.,Immigration,0,Immigration,Immigration,Immigration,19086_Zusatzpunkt_6_FDP_Kuhle_ID198605600_14.03.2019.csv
36,"Machen Sie der Union Druck, und lassen Sie sich nicht über den Tisch ziehen, meine Damen und Herren von der SPD!",Immigration,0,Immigration,Immigration,Immigration,19086_Zusatzpunkt_6_FDP_Kuhle_ID198605600_14.03.2019.csv
37,"Was die Union angeht, haben wir gestern im Innenausschuss wahrgenommen, dass es jetzt einen neuen Konnex gibt, ein Junktim zwischen dem Fachkräfteeinwanderungsgesetz auf der einen Seite und dem sogenannten Geordnete-Rückkehr-Gesetz auf der anderen Seite.",Immigration,0,Immigration,Immigration,Immigration,19086_Zusatzpunkt_6_FDP_Kuhle_ID198605600_14.03.2019.csv
38,"Ich dachte immer, das Fachkräfteeinwanderungsgesetz ist die Gegenleistung für Herrn Maaßen.",Immigration,0,Immigration,Immigration,Immigration,19086_Zusatzpunkt_6_FDP_Kuhle_ID198605600_14.03.2019.csv
39,Da wird jetzt offensichtlich noch was anderes draufgepackt und ein neues Junktim aufgemacht.,Immigration,0,Immigration,Immigration,Immigration,19086_Zusatzpunkt_6_FDP_Kuhle_ID198605600_14.03.2019.csv
40,"Ich will dazu nur so viel sagen: Wir als Fraktion der Freien Demokraten haben überhaupt nichts dagegen, wenn der Staat seine Bemühungen intensiviert, dass Menschen, die ausreisepflichtig sind, auch zurückgehen oder abgeschoben werden.",Immigration,0,Immigration,Immigration,Immigration,19086_Zusatzpunkt_6_FDP_Kuhle_ID198605600_14.03.2019.csv
41,"Aber dann sorgen Sie, meine Damen und Herren von der Union, auch dafür, dass die Abschiebehaftplätze in den Ländern auch ausgenutzt werden.",Immigration,0,Immigration,Immigration,Immigration,19086_Zusatzpunkt_6_FDP_Kuhle_ID198605600_14.03.2019.csv
42,"Und sorgen Sie in einem zweiten Schritt dafür, dass es mehr Abschiebehaftplätze gibt.",Immigration,0,Immigration,Immigration,Immigration,19086_Zusatzpunkt_6_FDP_Kuhle_ID198605600_14.03.2019.csv
43,Es ist wie immer: Das geltende Recht muss angewandt werden.,Immigration,0,Immigration,Immigration,Immigration,19086_Zusatzpunkt_6_FDP_Kuhle_ID198605600_14.03.2019.csv
44,"Wir brauchen auch im Bereich der Abschiebung keine neuen Gesetzesverschärfungen, wie Sie sie hier vorschlagen, sondern eine Durchsetzung des geltenden Rechts.",Immigration,0,Immigration,Immigration,Immigration,19086_Zusatzpunkt_6_FDP_Kuhle_ID198605600_14.03.2019.csv
45,"Wenn Sie diese Aufgaben erledigen, dann werden wir erleben, dass die Gruppe der Asylbewerber, über die wir hier sprechen, kleiner und die Dauer der Asylverfahren weiter verkürzt wird.",Immigration,0,Immigration,Immigration,Immigration,19086_Zusatzpunkt_6_FDP_Kuhle_ID198605600_14.03.2019.csv
46,"Dann entpuppt sich diese Debatte als eine Randdebatte, die nichts mit den wahren Problemen in diesem Land zu tun hat.",Immigration,0,Immigration,Immigration,Immigration,19086_Zusatzpunkt_6_FDP_Kuhle_ID198605600_14.03.2019.csv
47,"Wir sollten weiter über Fragen diskutieren, die den Menschen wirklich auf der Seele brennen, und hier der Rechtsprechung des Bundesverfassungsgerichts folgen.",Immigration,0,Immigration,Immigration,Immigration,19086_Zusatzpunkt_6_FDP_Kuhle_ID198605600_14.03.2019.csv
48,Vielen Dank.,*,0,Immigration,Immigration,Immigration,19086_Zusatzpunkt_6_FDP_Kuhle_ID198605600_14.03.2019.csv
49,Vielen Dank. – Nächste Rednerin ist für die Fraktion der SPD die Kollegin Susann Rüthrich.,*,0,Immigration,Immigration,Immigration,19086_Zusatzpunkt_6_FDP_Kuhle_ID198605600_14.03.2019.csv
