,text,label_gold,segment_id,label_bert,label_parlbert,label_svm,speech_id
0,Wertes Präsidium!,*,0,Immigration,Immigration,Immigration,19086_Zusatzpunkt_6_AfD_Sichert_ID198606100_14.03.2019.csv
1,Meine Damen und Herren!,*,0,Immigration,Immigration,Immigration,19086_Zusatzpunkt_6_AfD_Sichert_ID198606100_14.03.2019.csv
2,"Während wir in vielen anderen Bereichen in Deutschland hinterherhinken, sind wir beim Taschengeld für Asylbewerber tatsächlich Spitzenreiter.",Immigration,0,Immigration,Immigration,Immigration,19086_Zusatzpunkt_6_AfD_Sichert_ID198606100_14.03.2019.csv
3,"Im reichen Luxemburg liegt es bei 25 Euro, in Österreich bei 40 Euro und selbst im so armutszuwandererfreundlichen Schweden bei 70 Euro.",Immigration,0,Immigration,Immigration,Immigration,19086_Zusatzpunkt_6_AfD_Sichert_ID198606100_14.03.2019.csv
4,"Hierzulande sind wir bereits jetzt bei 135 Euro, die Sie von der SPD weiter, auf 150 Euro, erhöhen wollen.",Immigration,0,Immigration,Immigration,Immigration,19086_Zusatzpunkt_6_AfD_Sichert_ID198606100_14.03.2019.csv
5,Bei der Rente hingegen liegen wir weit unter dem OECD-Durchschnitt bei der Ersatzquote.,Social Welfare,0,Immigration,Immigration,Immigration,19086_Zusatzpunkt_6_AfD_Sichert_ID198606100_14.03.2019.csv
6,In kaum einem anderen Land der Erde bekommen die Menschen weniger Rente als in Deutschland.,Social Welfare,0,Immigration,Immigration,Immigration,19086_Zusatzpunkt_6_AfD_Sichert_ID198606100_14.03.2019.csv
7,Im Ergebnis rutschen folglich immer mehr Deutsche in Altersarmut ab.,Social Welfare,0,Immigration,Immigration,Immigration,19086_Zusatzpunkt_6_AfD_Sichert_ID198606100_14.03.2019.csv
8,Viele Rentner haben weniger als 150 Euro im Monat zur freien Verfügung.,Social Welfare,0,Immigration,Immigration,Immigration,19086_Zusatzpunkt_6_AfD_Sichert_ID198606100_14.03.2019.csv
9,"Wohnung, Essen, Kleidung, Zuzahlungen beim Arzt und andere Dinge, die Asylbewerber kostenlos bekommen, müssen die Rentner nämlich selbst bezahlen, selbst wenn die Rente unter dem Existenzniveau liegt.",Social Welfare,0,Immigration,Immigration,Immigration,19086_Zusatzpunkt_6_AfD_Sichert_ID198606100_14.03.2019.csv
10,"Die Rentner haben im Gegensatz zu den Asylbewerbern ihr Leben in Deutschland verbracht, hierzulande Jahrzehnte gearbeitet und Steuern gezahlt.",Social Welfare,0,Immigration,Immigration,Immigration,19086_Zusatzpunkt_6_AfD_Sichert_ID198606100_14.03.2019.csv
11,"Nach einem langen Erwerbsleben müssen sie schauen, wie sie mit einer mickrigen Rente über die Runden kommen, während Asylbewerber bereits jetzt ein Vielfaches des Taschengelds bekommen, was sie in anderen europäischen Ländern bekommen würden.",Social Welfare,0,Immigration,Immigration,Immigration,19086_Zusatzpunkt_6_AfD_Sichert_ID198606100_14.03.2019.csv
12,"Während Ausländer jedes Jahr etliche Milliarden in ihre Heimatländer transferieren, können sich viele Rentner nicht einmal die Geschenke für ihre Enkel zum Geburtstag oder zu Weihnachten leisten.",Social Welfare,0,Immigration,Immigration,Immigration,19086_Zusatzpunkt_6_AfD_Sichert_ID198606100_14.03.2019.csv
13,Wir haben vorhin schon Beispiele aus Bayern gehört.,Housing,0,Immigration,Immigration,Immigration,19086_Zusatzpunkt_6_AfD_Sichert_ID198606100_14.03.2019.csv
14,Ich will eins hinzufügen.,Housing,0,Immigration,Immigration,Immigration,19086_Zusatzpunkt_6_AfD_Sichert_ID198606100_14.03.2019.csv
15,"In meiner Heimatstadt, in Nürnberg, gibt es einen Vater von fünf Kindern, der voll berufstätig und obdachlos ist.",Housing,0,Immigration,Immigration,Immigration,19086_Zusatzpunkt_6_AfD_Sichert_ID198606100_14.03.2019.csv
16,Warum ist er obdachlos?,Housing,0,Immigration,Immigration,Immigration,19086_Zusatzpunkt_6_AfD_Sichert_ID198606100_14.03.2019.csv
17,"Weil er durch die Unterhaltszahlungen für seine Kinder so wenig Geld hat, dass er sich die Miete spart, um seinen Kindern wenigstens ab und zu mal was gönnen zu können.",Housing,0,Immigration,Immigration,Immigration,19086_Zusatzpunkt_6_AfD_Sichert_ID198606100_14.03.2019.csv
18,Das ist die bittere Realität in Deutschland.,Housing,0,Immigration,Immigration,Immigration,19086_Zusatzpunkt_6_AfD_Sichert_ID198606100_14.03.2019.csv
19,"Alles, was Ihnen als SPD dazu einfällt, ist, für Asylbewerber, die in Deutschland eh schon weit mehr Leistungen als in anderen europäischen Ländern bekommen, zusätzlich das Taschengeld zu erhöhen.",Immigration,0,Immigration,Immigration,Immigration,19086_Zusatzpunkt_6_AfD_Sichert_ID198606100_14.03.2019.csv
20,"Wo ist denn die soziale Gerechtigkeit, von der Sie immer reden?",Immigration,0,Immigration,Immigration,Immigration,19086_Zusatzpunkt_6_AfD_Sichert_ID198606100_14.03.2019.csv
21,Wo ist sie?,Immigration,0,Immigration,Immigration,Immigration,19086_Zusatzpunkt_6_AfD_Sichert_ID198606100_14.03.2019.csv
22,"Ich will Ihnen sagen, wo die soziale Gerechtigkeit in diesem Land ist.",Immigration,0,Immigration,Immigration,Immigration,19086_Zusatzpunkt_6_AfD_Sichert_ID198606100_14.03.2019.csv
23,Sie sitzt nämlich da drüben.,Immigration,0,Immigration,Immigration,Immigration,19086_Zusatzpunkt_6_AfD_Sichert_ID198606100_14.03.2019.csv
24,"Wir sind der Anwalt all der braven, ehrlichen und fleißigen Menschen im Land.",Immigration,0,Immigration,Immigration,Immigration,19086_Zusatzpunkt_6_AfD_Sichert_ID198606100_14.03.2019.csv
25,Wie wollen Sie denn den Bürgern Ihre Politik erklären?,Immigration,0,Immigration,Immigration,Immigration,19086_Zusatzpunkt_6_AfD_Sichert_ID198606100_14.03.2019.csv
26,"Der kleine Mann, der die SPD einst großgemacht hat, der wendet sich doch heute mit Grausen ab.",Immigration,0,Immigration,Immigration,Immigration,19086_Zusatzpunkt_6_AfD_Sichert_ID198606100_14.03.2019.csv
27,Um satte 11 Prozent wollen Sie das Taschengeld für Asylbewerber erhöhen – 11 Prozent!,Immigration,0,Immigration,Immigration,Immigration,19086_Zusatzpunkt_6_AfD_Sichert_ID198606100_14.03.2019.csv
28,"Wann wurde denn das letzte Mal das Kindergeld um 11 Prozent erhöht, und wann die Rente?",Immigration,0,Immigration,Immigration,Immigration,19086_Zusatzpunkt_6_AfD_Sichert_ID198606100_14.03.2019.csv
29,"Und warum denken Sie ständig über neue Wohltaten für Armutszuwanderer nach, anstatt sich endlich um arme Deutsche zu kümmern?",Immigration,0,Immigration,Immigration,Immigration,19086_Zusatzpunkt_6_AfD_Sichert_ID198606100_14.03.2019.csv
30,"Wenn man ein bisschen nachdenkt und nicht ständig laut rumschreit, dann wird ganz klar, warum Sie das tun: Sie wollen nämlich gar keine Politik, die für die Bürger gut ist oder die die Bürger verstehen können, sondern Sie wollen bewusst den Rassismus im Land schüren.",Immigration,0,Immigration,Immigration,Immigration,19086_Zusatzpunkt_6_AfD_Sichert_ID198606100_14.03.2019.csv
31,"Je mehr Sie Asylbewerbern zukommen lassen und je mehr Deutsche zugleich in Armut abrutschen, desto mehr spalten Sie die Gesellschaft, desto mehr schüren Sie den Neid, und desto mehr schüren Sie die Fremdenfeindlichkeit.",Immigration,0,Immigration,Immigration,Immigration,19086_Zusatzpunkt_6_AfD_Sichert_ID198606100_14.03.2019.csv
32,"Ja, Sie von der SPD sind die Partei,
die bei uns im Land ganz an vorderster Front Fremdenfeindlichkeit und Rassismus schürt.",Immigration,1,Civil,Civil,Civil,19086_Zusatzpunkt_6_AfD_Sichert_ID198606100_14.03.2019.csv
33,"Leider sind Sie damit nicht allein;
denn die Linken und die Grünen machen da immer mit großer Begeisterung mit.",Immigration,1,Civil,Civil,Civil,19086_Zusatzpunkt_6_AfD_Sichert_ID198606100_14.03.2019.csv
34,"Wir wissen auch, warum sie das tun: damit Sie gute Argumente haben, ihre Freunde von der Amadeu-­Antonio-Stiftung, von der Antifa und den zahllosen Orga­nisationen gegen rechts mit sicheren Posten zu versorgen – lauter Gestalten, denen Sie sehr nahestehen und die wie viele von Ihnen völlig untauglich für das normale Berufsleben sind.",Immigration,1,Civil,Civil,Civil,19086_Zusatzpunkt_6_AfD_Sichert_ID198606100_14.03.2019.csv
35,"Sie brauchen den Rassismus, den Sie schüren, damit Sie den Menschen weiter Angst machen können und Ihre Existenzberechtigung aus dem Kampf gegen rechts ziehen können.",Immigration,1,Civil,Civil,Civil,19086_Zusatzpunkt_6_AfD_Sichert_ID198606100_14.03.2019.csv
36,"Das ist nämlich die einzige Existenzberechtigung, die die SPD heute noch hat; denn den kleinen Mann haben Sie schon längst aufgegeben.",Immigration,1,Civil,Civil,Civil,19086_Zusatzpunkt_6_AfD_Sichert_ID198606100_14.03.2019.csv
37,"Der kleine Mann ist bei Ihnen nur jemand, den Sie ausquetschen wie eine Zitrone, solange noch ein bisschen Saft vorhanden ist, und wenn dann irgendwann nichts mehr zu holen ist, dann muss er selbst schauen, wie er über die Runden kommt.",Immigration,1,Civil,Civil,Civil,19086_Zusatzpunkt_6_AfD_Sichert_ID198606100_14.03.2019.csv
38,"Aber um Anreize für weitere Armutszuwanderer zu erhöhen, ist bei Ihnen immer unbegrenzt Geld vorhanden; denn je mehr kommen und je mehr Sonderleistungen diese empfangen, desto mehr gärt es in der Gesellschaft.",Immigration,1,Civil,Civil,Civil,19086_Zusatzpunkt_6_AfD_Sichert_ID198606100_14.03.2019.csv
39,"Damit bekämpfen Sie dann eine Fremdenfeindlichkeit, die es ohne Ihre Politik gar nicht gäbe.",Immigration,1,Civil,Civil,Civil,19086_Zusatzpunkt_6_AfD_Sichert_ID198606100_14.03.2019.csv
40,"Wir hingegen setzen uns dafür ein, dass Lebensleistung belohnt wird, und wir setzen uns dafür ein, dass Deutsche nicht schlechtergestellt werden als Armutszuwanderer.",Immigration,1,Civil,Civil,Civil,19086_Zusatzpunkt_6_AfD_Sichert_ID198606100_14.03.2019.csv
41,"Wir sorgen für den sozialen Frieden im Land, während Sie mit Ihrer Politik die Menschen gegeneinander aufhetzen und Rassismus schüren.",Immigration,1,Civil,Civil,Civil,19086_Zusatzpunkt_6_AfD_Sichert_ID198606100_14.03.2019.csv
42,Schämen Sie sich dafür!,Immigration,1,Civil,Civil,Civil,19086_Zusatzpunkt_6_AfD_Sichert_ID198606100_14.03.2019.csv
43,Nächster Redner ist für die Fraktion der SPD der Kollege Dr.,*,1,Civil,Civil,Civil,19086_Zusatzpunkt_6_AfD_Sichert_ID198606100_14.03.2019.csv
44,Karamba Diaby.,*,1,Civil,Civil,Civil,19086_Zusatzpunkt_6_AfD_Sichert_ID198606100_14.03.2019.csv
