,text,label_gold,segment_id,label_bert,label_parlbert,label_svm,speech_id
0,Herr Präsident!,*,0,Immigration,Social,International,19086_Zusatzpunkt_6_LINKE_Jelpke_ID198605800_14.03.2019.csv
1,Meine Damen und Herren!,*,0,Immigration,Social,International,19086_Zusatzpunkt_6_LINKE_Jelpke_ID198605800_14.03.2019.csv
2,"In der Tat zeigt schon der Titel dieser Aktuellen Stunde, welche verfassungswidrige Haltung die AfD hier erneut hineinbringt.",Immigration,0,Immigration,Social,International,19086_Zusatzpunkt_6_LINKE_Jelpke_ID198605800_14.03.2019.csv
3,Das ist einfach nur schäbig und widerlich.,Immigration,0,Immigration,Social,International,19086_Zusatzpunkt_6_LINKE_Jelpke_ID198605800_14.03.2019.csv
4,Der Kollege Weiß hat zu Recht auf das Verfassungsgerichtsurteil von 2012 verwiesen.,Immigration,0,Immigration,Social,International,19086_Zusatzpunkt_6_LINKE_Jelpke_ID198605800_14.03.2019.csv
5,"Herr Kollege Weiß, das Verfassungsgericht hat aber auch sehr deutlich gemacht, dass – ich zitiere – die Menschenwürde migrationspolitisch nicht relativiert werden darf.",Immigration,0,Immigration,Social,International,19086_Zusatzpunkt_6_LINKE_Jelpke_ID198605800_14.03.2019.csv
6,"Sie haben jetzt ankündigt, dass Sie erneute Repressionen planen.",Immigration,0,Immigration,Social,International,19086_Zusatzpunkt_6_LINKE_Jelpke_ID198605800_14.03.2019.csv
7,Wir haben das ja schon in einem ersten Entwurf lesen dürfen.,Immigration,0,Immigration,Social,International,19086_Zusatzpunkt_6_LINKE_Jelpke_ID198605800_14.03.2019.csv
8,"Dazu muss ich Ihnen sagen: Es gibt immer wieder viele Gründe, warum Menschen aus diesem Land nicht ausreisen können.",Immigration,0,Immigration,Social,International,19086_Zusatzpunkt_6_LINKE_Jelpke_ID198605800_14.03.2019.csv
9,"Nehmen Sie das auch einmal zur Kenntnis, und schaffen Sie hier nicht ständig ein Misstrauen.",Immigration,0,Immigration,Social,International,19086_Zusatzpunkt_6_LINKE_Jelpke_ID198605800_14.03.2019.csv
10,"Denn die Mitwirkungspflicht kann unter Umständen auch einfach daran scheitern, dass man aus einem Land kommt, in dem man gar keine Papiere bekommt, wie das zum Beispiel in Syrien oder anderen Ländern der Fall ist.",Immigration,0,Immigration,Social,International,19086_Zusatzpunkt_6_LINKE_Jelpke_ID198605800_14.03.2019.csv
11,"Herr Weiß, wie Sie auch ganz genau wissen, hat die Bundesregierung erst kürzlich zugegeben, dass nach ihrer Auffassung das menschenwürdige Existenzminimum nicht gesichert ist.",Immigration,0,Immigration,Social,International,19086_Zusatzpunkt_6_LINKE_Jelpke_ID198605800_14.03.2019.csv
12,"In diesem Zusammenhang ist doch der eigentliche Skandal, dass dieses niedrige Taschengeld von 135 Euro erst jetzt nach drei Jahren auf 150 Euro erhöht wird.",Immigration,0,Immigration,Social,International,19086_Zusatzpunkt_6_LINKE_Jelpke_ID198605800_14.03.2019.csv
13,Das ist doch nahezu lächerlich.,Immigration,0,Immigration,Social,International,19086_Zusatzpunkt_6_LINKE_Jelpke_ID198605800_14.03.2019.csv
14,"Denn – das hat Herr Weiß hier auch gesagt – der Bund hat sich sogar verpflichtet, die Leistungen der Asylsuchenden jährlich an die Inflation anzupassen.",Immigration,0,Immigration,Social,International,19086_Zusatzpunkt_6_LINKE_Jelpke_ID198605800_14.03.2019.csv
15,Das wäre seit 2016 notwendig gewesen.,Immigration,0,Immigration,Social,International,19086_Zusatzpunkt_6_LINKE_Jelpke_ID198605800_14.03.2019.csv
16,Alleinstehende Erwachsene sollen künftig mit 150 Euro – bislang waren es 135 Euro – Taschengeld auskommen.,Immigration,0,Immigration,Social,International,19086_Zusatzpunkt_6_LINKE_Jelpke_ID198605800_14.03.2019.csv
17,Zwar werden Unterkunft und Verpflegung bezahlt.,Immigration,0,Immigration,Social,International,19086_Zusatzpunkt_6_LINKE_Jelpke_ID198605800_14.03.2019.csv
18,Aber was muss von dem Taschengeld alles bezahlt werden?,Immigration,0,Immigration,Social,International,19086_Zusatzpunkt_6_LINKE_Jelpke_ID198605800_14.03.2019.csv
19,"Zum Beispiel Handykarten, Bustickets, Zigaretten.
– Ja, da lachen Sie.",Immigration,0,Immigration,Social,International,19086_Zusatzpunkt_6_LINKE_Jelpke_ID198605800_14.03.2019.csv
20,"Das müssen gerade diejenigen tun, die zurzeit in Spendenaffären ersticken und ihre Kohle von den Reichen abzocken.",Immigration,0,Immigration,Social,International,19086_Zusatzpunkt_6_LINKE_Jelpke_ID198605800_14.03.2019.csv
21,"Selbst Medikamente, die von den Kassen nicht bezahlt werden, müssen von diesen Geldern bezahlt werden.",Immigration,0,Immigration,Social,International,19086_Zusatzpunkt_6_LINKE_Jelpke_ID198605800_14.03.2019.csv
22,"Da bleibt für Freizeit, Kultur oder dafür, auch einmal einen Kaffee mit Freunden zu trinken, nicht allzu viel übrig.",Immigration,0,Immigration,Social,International,19086_Zusatzpunkt_6_LINKE_Jelpke_ID198605800_14.03.2019.csv
23,"Meine Damen und Herren, so darf Integration in unserem Land nicht aussehen.",Immigration,0,Immigration,Social,International,19086_Zusatzpunkt_6_LINKE_Jelpke_ID198605800_14.03.2019.csv
24,Stattdessen hören wir ja auch aus Bayern Töne.,Immigration,0,Immigration,Social,International,19086_Zusatzpunkt_6_LINKE_Jelpke_ID198605800_14.03.2019.csv
25,"Ich will einmal daran erinnern, dass CSU-Generalsekretär Markus Blume gesagt hat – ich zitiere –:
Das Asylrecht ist für Schutzsuchende, nicht für Taschengeldsuchende.",Immigration,0,Immigration,Social,International,19086_Zusatzpunkt_6_LINKE_Jelpke_ID198605800_14.03.2019.csv
26,Auch damit wird meiner Meinung nach wieder einmal ein Grundmisstrauen gegenüber Schutzsuchenden vorgetragen.,Immigration,1,Immigration,Immigration,Immigration,19086_Zusatzpunkt_6_LINKE_Jelpke_ID198605800_14.03.2019.csv
27,Das ist einfach unerträglich.,Immigration,1,Immigration,Immigration,Immigration,19086_Zusatzpunkt_6_LINKE_Jelpke_ID198605800_14.03.2019.csv
28,Ich will noch ein weiteres Beispiel aus Bayern bringen.,Immigration,1,Immigration,Immigration,Immigration,19086_Zusatzpunkt_6_LINKE_Jelpke_ID198605800_14.03.2019.csv
29,"In Bamberg hat das Sozialamt Flüchtlingen, die trotz der Dublin-Regelungen hier sind, das Taschengeld entzogen, also gar kein Bargeld mehr ausgezahlt.",Immigration,1,Immigration,Immigration,Immigration,19086_Zusatzpunkt_6_LINKE_Jelpke_ID198605800_14.03.2019.csv
30,"Als Begründung hieß es, Betroffene seien nur nach Deutschland weitergereist, um hier Sozialleistungen abzukassieren.",Immigration,1,Immigration,Immigration,Immigration,19086_Zusatzpunkt_6_LINKE_Jelpke_ID198605800_14.03.2019.csv
31,Das Bayerische Landessozialgericht hat diese illegale Praxis zurückgewiesen.,Immigration,1,Immigration,Immigration,Immigration,19086_Zusatzpunkt_6_LINKE_Jelpke_ID198605800_14.03.2019.csv
32,Das Geld muss gezahlt werden.,Immigration,1,Immigration,Immigration,Immigration,19086_Zusatzpunkt_6_LINKE_Jelpke_ID198605800_14.03.2019.csv
33,"Auch hier zeigt sich wieder, wo Sie stehen, wenn Sie so etwas bejubeln.",Immigration,1,Immigration,Immigration,Immigration,19086_Zusatzpunkt_6_LINKE_Jelpke_ID198605800_14.03.2019.csv
34,"Meine Damen und Herren, Menschen fliehen nicht, weil sie sich ein Taschengeld erhoffen,
sondern weil sie Schutz suchen
vor Krieg, vor Verfolgung und vor Armut.",Immigration,1,Immigration,Immigration,Immigration,19086_Zusatzpunkt_6_LINKE_Jelpke_ID198605800_14.03.2019.csv
35,Das sollten auch ganz besonders Sie von der AfD sich einmal hinter die Ohren schreiben.,Immigration,1,Immigration,Immigration,Immigration,19086_Zusatzpunkt_6_LINKE_Jelpke_ID198605800_14.03.2019.csv
36,Insbesondere das Asylbewerberleistungsgesetz macht Geflüchtete sozialpolitisch ohnehin schon zu Menschen dritter Klasse.,Immigration,1,Immigration,Immigration,Immigration,19086_Zusatzpunkt_6_LINKE_Jelpke_ID198605800_14.03.2019.csv
37,Es drängt Flüchtlinge mit Regelsätzen unter dem Hartz-Niveau weiter unter das Existenzminimum; es schließt Asylsuchende von einer umfassenden medizinischen Versorgung aus; es entmündigt sie durch das Sachleistungsprinzip.,Immigration,1,Immigration,Immigration,Immigration,19086_Zusatzpunkt_6_LINKE_Jelpke_ID198605800_14.03.2019.csv
38,"Deshalb muss das Asylbewerberleistungsgesetz endlich abgeschafft werden, wie Grüne und Linke das schon seit vielen Jahren fordern.",Immigration,1,Immigration,Immigration,Immigration,19086_Zusatzpunkt_6_LINKE_Jelpke_ID198605800_14.03.2019.csv
39,"Meine Damen und Herren, was die AfD hier aufführt, ist eine ganz miese Nummer.",Immigration,1,Immigration,Immigration,Immigration,19086_Zusatzpunkt_6_LINKE_Jelpke_ID198605800_14.03.2019.csv
40,"Denn wenn jemand Sozialneid schürt und hier auch nicht nur ein einziges Mal eine Debatte führt, die irgendwie nach vorne bringt,
aber gleichzeitig als Partei ständig Steuergeschenke annimmt, ist das wirklich schändlich.",Macroeconomics,1,Immigration,Immigration,Immigration,19086_Zusatzpunkt_6_LINKE_Jelpke_ID198605800_14.03.2019.csv
41,"Meines Erachtens bräuchten wir hier eine Debatte darüber, wie man für die Reichen und die Superreichen einmal die Steuern erhöht, beispielsweise indem man eine Millionärssteuer einführt.",Macroeconomics,1,Immigration,Immigration,Immigration,19086_Zusatzpunkt_6_LINKE_Jelpke_ID198605800_14.03.2019.csv
42,Dann könnte man wirklich für alle – ich betone: alle – Bedürftigen in diesem Land die Lage verbessern.,Macroeconomics,1,Immigration,Immigration,Immigration,19086_Zusatzpunkt_6_LINKE_Jelpke_ID198605800_14.03.2019.csv
43,"Das wäre das, was wirklich vorantreibt – und nicht die Spendenabzocker und Betrüger, Frau Weidel, die solche Dinge abziehen wie Sie.",Macroeconomics,1,Immigration,Immigration,Immigration,19086_Zusatzpunkt_6_LINKE_Jelpke_ID198605800_14.03.2019.csv
44,"Es ist einfach nur schändlich, den Ärmsten in diesem Land auch noch die paar Euro zu nehmen.",Macroeconomics,1,Immigration,Immigration,Immigration,19086_Zusatzpunkt_6_LINKE_Jelpke_ID198605800_14.03.2019.csv
45,"Sie sollten sich wirklich dafür schämen, dass Sie Zehntausende, fast Hunderttausende von Reichen abzocken und nicht einmal dazu stehen.",Macroeconomics,1,Immigration,Immigration,Immigration,19086_Zusatzpunkt_6_LINKE_Jelpke_ID198605800_14.03.2019.csv
46,"Frau Jelpke, jetzt ist die Redezeit aber wirklich um. – Nächste Rednerin ist die Kollegin Filiz Polat für die Fraktion Bündnis 90/Die Grünen.",*,1,Immigration,Immigration,Immigration,19086_Zusatzpunkt_6_LINKE_Jelpke_ID198605800_14.03.2019.csv
