,text,label_gold,segment_id,label_bert,label_parlbert,label_svm,speech_id
0,Vielen Dank. – Herr Präsident!,*,0,International,International,International,19115_Tagesordnungspunkt_10_SPD_Schulz_ID1911510400_26.09.2019.csv
1,Meine sehr verehrten Kolleginnen und Kollegen!,*,0,International,International,International,19115_Tagesordnungspunkt_10_SPD_Schulz_ID1911510400_26.09.2019.csv
2,Die internationale Entwicklung stellt die Europäische Union und die Integration in Europa vor nie dagewesene Herausforderungen.,International Affairs,0,International,International,International,19115_Tagesordnungspunkt_10_SPD_Schulz_ID1911510400_26.09.2019.csv
3,"Vor allen Dingen geht es um eine zentrale Herausforderung: Wird in der internationalen Entwicklung, in der weltweiten Entwicklung, die globalisiert und digitalisiert sein wird, ein System sich durchsetzen, in dem sich autoritäre Regierungen ihrer wirtschaftlichen Macht bedienen, um die zivilen Grundwerte, die wir mit unserer Wirtschaft in Europa verbinden – dass wirtschaftliches Handeln, transnationale Demokratie sich immer an der Garantie individueller, sozialer, ökologischer Grundrechte orientieren müssen; das ist die Idee von Europa –, auszuhebeln, oder werden diejenigen sich durchsetzen, die durch die Missachtung genau dieser Rechte auffallen, die den niedrigsten Lohn, das geringste Menschenrecht, die hemmungsloseste Ausbeutung der natürlichen Grundlagen zum Instrument ihres ökonomischen Erfolgs machen?",International Affairs,0,International,International,International,19115_Tagesordnungspunkt_10_SPD_Schulz_ID1911510400_26.09.2019.csv
4,Um diesen Kampf in der Welt geht es.,International Affairs,0,International,International,International,19115_Tagesordnungspunkt_10_SPD_Schulz_ID1911510400_26.09.2019.csv
5,Das ist in Peking ein Programm.,International Affairs,0,International,International,International,19115_Tagesordnungspunkt_10_SPD_Schulz_ID1911510400_26.09.2019.csv
6,Das ist in Moskau ein Programm.,International Affairs,0,International,International,International,19115_Tagesordnungspunkt_10_SPD_Schulz_ID1911510400_26.09.2019.csv
7,Wie wir von diesem verwirrten Präsidenten der USA wissen: Es ist auch sein Programm.,International Affairs,0,International,International,International,19115_Tagesordnungspunkt_10_SPD_Schulz_ID1911510400_26.09.2019.csv
8,"Ist die Alternative dazu, dass Europa sich darauf besinnt, dass die transnationale Demokratie einen Zweck hat, nämlich individuelle Menschenrechte, die Garantie sozialer Rechte und den Schutz der natürlichen Lebensgrundlagen zur Grundlage des gemeinsamen Handels über staatliche Grenzen hinweg zu machen?",International Affairs,0,International,International,International,19115_Tagesordnungspunkt_10_SPD_Schulz_ID1911510400_26.09.2019.csv
9,"Diese Idee von Europa wird innerhalb Europas bedroht, innerhalb der Mitgliedstaaten bedroht, in Deutschland wie in Frankreich; aber beide Länder haben eine überwältigende Mehrheit in ihrer Bevölkerung von Menschen, die eine Alternative dazu wollen, nämlich die, dass die Verfassungsdemokratien Deutschland und Frankreich an der Spitze eines sozial verantwortlichen, friedlichen und vor allen Dingen seine natürlichen Lebensgrundlagen schützenden Europas steht.",International Affairs,0,International,International,International,19115_Tagesordnungspunkt_10_SPD_Schulz_ID1911510400_26.09.2019.csv
10,"Deshalb ist die deutsch-französische Zusammenarbeit wichtiger als je zuvor, wenn es darum geht, das europäische Gesellschaftsmodell zu stabilisieren und gegen die Angriffe zu verteidigen.",International Affairs,0,International,International,International,19115_Tagesordnungspunkt_10_SPD_Schulz_ID1911510400_26.09.2019.csv
11,"Das, meine Damen und Herren, ist der Sinn des Vertrages von Aachen.",International Affairs,0,International,International,International,19115_Tagesordnungspunkt_10_SPD_Schulz_ID1911510400_26.09.2019.csv
12,"Die Konvergenz zwischen diesen beiden Ländern muss vertieft werden; denn ohne eine deutsch-französische Reformagenda, ohne eine deutsch-französische Reforminitiative wird Europa nicht vorankommen.",International Affairs,0,International,International,International,19115_Tagesordnungspunkt_10_SPD_Schulz_ID1911510400_26.09.2019.csv
13,Dabei ist dieser Vertrag kein exklusives Verhandeln von Deutschland und Frankreich.,International Affairs,0,International,International,International,19115_Tagesordnungspunkt_10_SPD_Schulz_ID1911510400_26.09.2019.csv
14,"Es muss offen bleiben für all diejenigen, die mitmachen wollen.",International Affairs,0,International,International,International,19115_Tagesordnungspunkt_10_SPD_Schulz_ID1911510400_26.09.2019.csv
15,"Aber es wird auch nicht funktionieren, wenn sich Deutschland und Frankreich nicht an die Spitze einer gemeinsamen Reformbewegung in Europa setzen.",International Affairs,0,International,International,International,19115_Tagesordnungspunkt_10_SPD_Schulz_ID1911510400_26.09.2019.csv
16,"Diese beiden Länder machen 40 Prozent der Wirtschaftskraft der EU aus, und sie haben über 50 Prozent der Wirtschaftskraft innerhalb der Euro-Zone.",International Affairs,0,International,International,International,19115_Tagesordnungspunkt_10_SPD_Schulz_ID1911510400_26.09.2019.csv
17,"Deshalb gibt es eigentlich für all diejenigen, die unser Gesellschaftsmodell verteidigen und stärken wollen gegenüber den dieses Modell infrage stellenden internationalen Bewegungen, keinen besseren Weg als den, den unser gemeinsamer Antrag hier beschreibt: die Vertiefung der deutsch-französischen Grundlage, unter anderem auch in dem Geist – das will ich hier zum Schluss sagen, Herr Präsident –, den ein heute verstorbener französischer Staatspräsident gemeinsam mit einem Bundeskanzler dieses Landes, wie ich finde, als Ruhmesblatt in der Geschichte unserer beiden Länder praktiziert hat: dass völkerrechtswidrige Kriege nicht zu führen sind.",International Affairs,0,International,International,International,19115_Tagesordnungspunkt_10_SPD_Schulz_ID1911510400_26.09.2019.csv
18,In diesem Sinne Respekt vor dem verstorbenen Präsidenten Jacques Chirac!,International Affairs,0,International,International,International,19115_Tagesordnungspunkt_10_SPD_Schulz_ID1911510400_26.09.2019.csv
19,Vielen Dank.,*,0,International,International,International,19115_Tagesordnungspunkt_10_SPD_Schulz_ID1911510400_26.09.2019.csv
20,Der nächste Redner: für die AfD-Fraktion der Kollege Norbert Kleinwächter.,*,0,International,International,International,19115_Tagesordnungspunkt_10_SPD_Schulz_ID1911510400_26.09.2019.csv
