,text,label_gold,segment_id,label_bert,label_parlbert,label_svm,speech_id
0,Sehr geehrter Herr Präsident!,*,0,International,International,International,19115_Tagesordnungspunkt_10_SPD_Gloeckner_ID1911511000_26.09.2019.csv
1,Liebe Kolleginnen und Kollegen!,*,0,International,International,International,19115_Tagesordnungspunkt_10_SPD_Gloeckner_ID1911511000_26.09.2019.csv
2,"Herr Kollege von der AfD, ich habe in Ihren Ausführungen vernommen: Die Artikel können Sie frei vortragen; den Geist des Aachener Vertrages haben Sie nicht verstanden.",International Affairs,0,International,International,International,19115_Tagesordnungspunkt_10_SPD_Gloeckner_ID1911511000_26.09.2019.csv
3,"Wir reden hier nämlich nicht über Krieg, sondern wir reden über Frieden.",International Affairs,0,International,International,International,19115_Tagesordnungspunkt_10_SPD_Gloeckner_ID1911511000_26.09.2019.csv
4,"Wenn wir über die deutsch-französische Freundschaft reden, dann geht es hier nicht nur um gute nachbarschaftliche Beziehungen.",International Affairs,0,International,International,International,19115_Tagesordnungspunkt_10_SPD_Gloeckner_ID1911511000_26.09.2019.csv
5,"Es geht um mehr; denn die deutsch-französischen Beziehungen, sie sind der Beweis dafür, dass aus ehemaligen Gegnern Freunde werden können.",International Affairs,0,International,International,International,19115_Tagesordnungspunkt_10_SPD_Gloeckner_ID1911511000_26.09.2019.csv
6,"Sie sind eine starke, eine stabile Gemeinschaft – das gerade in international schwieriger Zeit –, und sie sind die Basis für Wohlstand und Frieden für die Menschen in unserem Land.",International Affairs,0,International,International,International,19115_Tagesordnungspunkt_10_SPD_Gloeckner_ID1911511000_26.09.2019.csv
7,Sie sind vor allem eines: Sie sind das Rückgrat der Europäischen Union.,International Affairs,0,International,International,International,19115_Tagesordnungspunkt_10_SPD_Gloeckner_ID1911511000_26.09.2019.csv
8,"In diesem Wissen haben unsere Länder, aufbauend auf den Werten des Élysée-Vertrags, im Januar dieses Jahres den Vertrag von Aachen geschlossen.",International Affairs,0,International,International,International,19115_Tagesordnungspunkt_10_SPD_Gloeckner_ID1911511000_26.09.2019.csv
9,"Heute wollen wir als Parlament einen weiteren wichtigen Schritt gehen, um diese deutsch-französischen Beziehungen weiter zu vertiefen.",International Affairs,0,International,International,International,19115_Tagesordnungspunkt_10_SPD_Gloeckner_ID1911511000_26.09.2019.csv
10,"Am Montag haben sich 100 Parlamentarier aus Deutschland und Frankreich hier in Berlin getroffen und haben eine Entschließung auf den Weg gebracht, der wir heute in diesem Bundestag zustimmen sollen.",International Affairs,0,International,International,International,19115_Tagesordnungspunkt_10_SPD_Gloeckner_ID1911511000_26.09.2019.csv
11,"Frau Brantner, ich kann mich wirklich nur wundern.",International Affairs,0,International,International,International,19115_Tagesordnungspunkt_10_SPD_Gloeckner_ID1911511000_26.09.2019.csv
12,Sie haben diese Entschließung unterschrieben.,International Affairs,0,International,International,International,19115_Tagesordnungspunkt_10_SPD_Gloeckner_ID1911511000_26.09.2019.csv
13,"Ich verstehe den Turnaround in Ihrer Haltung, den Sie jetzt hier äußern, ehrlich gesagt, nicht.
– Sie haben etwas anderes artikuliert, als Sie das mit Ihrer Unterschrift getan haben.",International Affairs,0,International,International,International,19115_Tagesordnungspunkt_10_SPD_Gloeckner_ID1911511000_26.09.2019.csv
14,"Das ist für mich eine sehr konträre Haltung, und das möchte ich hier einfach äußern.",International Affairs,0,International,International,International,19115_Tagesordnungspunkt_10_SPD_Gloeckner_ID1911511000_26.09.2019.csv
15,"Ich finde, das hier ist einmalig und etwas sehr Besonderes.",International Affairs,0,International,International,International,19115_Tagesordnungspunkt_10_SPD_Gloeckner_ID1911511000_26.09.2019.csv
16,Gestatten Sie eine Zwischenfrage der Kollegin Brantner?,International Affairs,0,International,International,International,19115_Tagesordnungspunkt_10_SPD_Gloeckner_ID1911511000_26.09.2019.csv
17,Ich möchte gern weiter ausführen. – Ergänzend zu der Arbeit unserer Regierung können wir nämlich künftig als Parlamentarier das Heft in die Hand nehmen.,International Affairs,1,International,International,International,19115_Tagesordnungspunkt_10_SPD_Gloeckner_ID1911511000_26.09.2019.csv
18,"Wir können uns regelmäßig treffen, um wichtige Themen für unsere Parlamente auf den Weg zu bringen.",International Affairs,1,International,International,International,19115_Tagesordnungspunkt_10_SPD_Gloeckner_ID1911511000_26.09.2019.csv
19,"Das ist heute ganz besonders wichtig, in Zeiten des Brexit und in international unsicheren Zeiten.",International Affairs,1,International,International,International,19115_Tagesordnungspunkt_10_SPD_Gloeckner_ID1911511000_26.09.2019.csv
20,"Und ja, natürlich werden wir uns mit Themen wie „faire Arbeit“ und „Wettbewerbsbedingungen“ befassen.",International Affairs,1,International,International,International,19115_Tagesordnungspunkt_10_SPD_Gloeckner_ID1911511000_26.09.2019.csv
21,"Wir werden dafür sorgen, dass wir uns auch mit dem wichtigen Thema „künstliche Intelligenz“ beschäftigen.",International Affairs,1,International,International,International,19115_Tagesordnungspunkt_10_SPD_Gloeckner_ID1911511000_26.09.2019.csv
22,"Natürlich ist es uns als Sozialdemokraten ganz wichtig, dass wir einen menschengerechten Umgang mit diesem wichtigen Thema finden.",International Affairs,1,International,International,International,19115_Tagesordnungspunkt_10_SPD_Gloeckner_ID1911511000_26.09.2019.csv
23,"Genauso ist es für uns selbstverständlich, dass wir uns grenzüberschreitend um Klimaschutz kümmern.",International Affairs,1,International,International,International,19115_Tagesordnungspunkt_10_SPD_Gloeckner_ID1911511000_26.09.2019.csv
24,"Ich habe mich auch gefreut, dass es möglich war, die grenzüberschreitende Zusammenarbeit und diese Initiativen in den Fokus zu nehmen.",International Affairs,1,International,International,International,19115_Tagesordnungspunkt_10_SPD_Gloeckner_ID1911511000_26.09.2019.csv
25,"Mein Wahlkreis liegt an der deutsch-französischen Grenze, und ich weiß, wie spürbar es dort ist, wenn sich in den deutsch-französischen Beziehungen etwas tut.",International Affairs,1,International,International,International,19115_Tagesordnungspunkt_10_SPD_Gloeckner_ID1911511000_26.09.2019.csv
26,"Ich will auch sagen: Bei allem, was wir tun, bei allen Entscheidungen, die wir als Parlamentarier gemeinsam treffen können: immer mit der ausgestreckten Hand zu unseren europäischen Freunden und den Mitgliedstaaten der Europäischen Union.",International Affairs,1,International,International,International,19115_Tagesordnungspunkt_10_SPD_Gloeckner_ID1911511000_26.09.2019.csv
27,"Liebe Kolleginnen und Kollegen, wir können vieles gemeinsam auf den Weg bringen, wichtige Entscheidungen auf den Weg bringen.",International Affairs,1,International,International,International,19115_Tagesordnungspunkt_10_SPD_Gloeckner_ID1911511000_26.09.2019.csv
28,Frankreich wird am 3.,International Affairs,1,International,International,International,19115_Tagesordnungspunkt_10_SPD_Gloeckner_ID1911511000_26.09.2019.csv
29,"Oktober zustimmen – das ist, finde ich, eine sehr wichtige Geste –, am Tag unserer Wiedervereinigung.",International Affairs,1,International,International,International,19115_Tagesordnungspunkt_10_SPD_Gloeckner_ID1911511000_26.09.2019.csv
30,Ich bitte Sie sehr um Ihre Zustimmung.,International Affairs,1,International,International,International,19115_Tagesordnungspunkt_10_SPD_Gloeckner_ID1911511000_26.09.2019.csv
31,Vielen Dank.,*,1,International,International,International,19115_Tagesordnungspunkt_10_SPD_Gloeckner_ID1911511000_26.09.2019.csv
32,Ich erteile das Wort zu einer Kurzintervention der Kollegin Franziska Brantner.,*,1,International,International,International,19115_Tagesordnungspunkt_10_SPD_Gloeckner_ID1911511000_26.09.2019.csv
