,text,label_gold,segment_id,label_bert,label_parlbert,label_svm,speech_id
0,Herr Präsident!,*,0,International,International,International,19115_Tagesordnungspunkt_10_CDU_CSU_Jung_ID1911510600_26.09.2019.csv
1,Liebe Kolleginnen und Kollegen!,*,0,International,International,International,19115_Tagesordnungspunkt_10_CDU_CSU_Jung_ID1911510600_26.09.2019.csv
2,Wir verlieren heute einen guten Freund und trauern mit unseren französischen Freunden um den früheren Präsidenten Jacques Chirac.,International Affairs,0,International,International,International,19115_Tagesordnungspunkt_10_CDU_CSU_Jung_ID1911510600_26.09.2019.csv
3,"Jacques Chirac war der erste ausländische Staatsgast, der an diesem Rednerpult im neugestalteten Reichstagsgebäude gesprochen hat, und er hat damals eine deutsch-französische Reformagenda für Europa in den Mittelpunkt gestellt.",International Affairs,0,International,International,International,19115_Tagesordnungspunkt_10_CDU_CSU_Jung_ID1911510600_26.09.2019.csv
4,"Er hat gemeinsam mit Gerhard Schröder den Vorschlag gemacht, zum 40.",International Affairs,0,International,International,International,19115_Tagesordnungspunkt_10_CDU_CSU_Jung_ID1911510600_26.09.2019.csv
5,Jubiläum des Élysée-Vertrags den 22.,International Affairs,0,International,International,International,19115_Tagesordnungspunkt_10_CDU_CSU_Jung_ID1911510600_26.09.2019.csv
6,Januar als Geburtstag dieses deutsch-französischen Freundschaftsvertrags zum Deutsch-Französischen Tag zu machen.,International Affairs,0,International,International,International,19115_Tagesordnungspunkt_10_CDU_CSU_Jung_ID1911510600_26.09.2019.csv
7,Wir werden ihm ein ehrendes Andenken bewahren und sind ihm dankbar für die vielen Impulse für die deutsch-französische Freundschaft.,International Affairs,0,International,International,International,19115_Tagesordnungspunkt_10_CDU_CSU_Jung_ID1911510600_26.09.2019.csv
8,Just an diesem 22.,International Affairs,0,International,International,International,19115_Tagesordnungspunkt_10_CDU_CSU_Jung_ID1911510600_26.09.2019.csv
9,"Januar ist es gewesen, als die Parlamente auf beiden Seiten, der Bundestag und die Assemblée nationale, im vergangenen Jahr gesagt haben: Ja, wir sollten die Initiative, das Angebot, den Vorschlag von Emmanuel Macron aufnehmen, und wir sollten gemeinsam einen neuen Freundschaftsvertrag erarbeiten.",International Affairs,0,International,International,International,19115_Tagesordnungspunkt_10_CDU_CSU_Jung_ID1911510600_26.09.2019.csv
10,"Es waren diese Parlamente, die gesagt haben: Wenn wir einen neuen Freundschaftsvertrag machen, dann darf sich dieser nicht in schönen Worten erschöpfen, sondern er muss ganz konkrete Fortschritte für die Menschen in Deutschland und Frankreich bringen.",International Affairs,0,International,International,International,19115_Tagesordnungspunkt_10_CDU_CSU_Jung_ID1911510600_26.09.2019.csv
11,Er muss neue Impulse für Europa bringen.,International Affairs,0,International,International,International,19115_Tagesordnungspunkt_10_CDU_CSU_Jung_ID1911510600_26.09.2019.csv
12,"Der neue Vertrag muss, nachdem der Élysée-Vertrag für Freundschaft und Aussöhnung, für Partnerschaft und Begegnung gestanden hat mit dem Erbe des Deutsch-Französischen Jugendwerkes, auf die Herausforderungen der Gegenwart und der Zukunft Antworten geben.",International Affairs,0,International,International,International,19115_Tagesordnungspunkt_10_CDU_CSU_Jung_ID1911510600_26.09.2019.csv
13,"Das kommt im Übrigen durch das deutsch-französische Zukunftswerk zum Ausdruck, das in diesem Vertrag jetzt verankert ist.",International Affairs,0,International,International,International,19115_Tagesordnungspunkt_10_CDU_CSU_Jung_ID1911510600_26.09.2019.csv
14,Das ist unser Anspruch.,International Affairs,0,International,International,International,19115_Tagesordnungspunkt_10_CDU_CSU_Jung_ID1911510600_26.09.2019.csv
15,Deutsch-französische Partnerschaft wird heute dringend gebraucht.,International Affairs,0,International,International,International,19115_Tagesordnungspunkt_10_CDU_CSU_Jung_ID1911510600_26.09.2019.csv
16,"Sie wird für Europa in einer Zeit gebraucht, in der die transatlantische Partnerschaft nicht mehr in der Weise verlässlich ist, wie wir uns das wünschen würden, in der wir die Diskussion über den Brexit haben.",International Affairs,0,International,International,International,19115_Tagesordnungspunkt_10_CDU_CSU_Jung_ID1911510600_26.09.2019.csv
17,"Deshalb ist es richtig, dass wir die deutsch-französische Partnerschaft nie in dem Sinne eines Einigelns verstehen, sondern immer als Offenheit für alle europäischen Partner.",International Affairs,0,International,International,International,19115_Tagesordnungspunkt_10_CDU_CSU_Jung_ID1911510600_26.09.2019.csv
18,Wir wollen gemeinsam Europa voranbringen.,International Affairs,0,International,International,International,19115_Tagesordnungspunkt_10_CDU_CSU_Jung_ID1911510600_26.09.2019.csv
19,"Von Jacques Chirac kommt das Zitat: Wenn der deutsch-französische Motor stillsteht, dann tritt Europa auf der Stelle. – Das gilt heute so wie damals.",International Affairs,0,International,International,International,19115_Tagesordnungspunkt_10_CDU_CSU_Jung_ID1911510600_26.09.2019.csv
20,Wir wollen gemeinsam Impulse für Europa geben.,International Affairs,0,International,International,International,19115_Tagesordnungspunkt_10_CDU_CSU_Jung_ID1911510600_26.09.2019.csv
21,"Es ist, wie ich finde, etwas sehr Besonderes, dass wir diesem Vertrag der Regierungen, den wir heute ratifizieren, ein Parlamentsabkommen an die Seite stellen, einen deutsch-französischen Parlamentsvertrag, dessen Herzstück die Deutsch-Französische Parlamentarische Versammlung ist.",International Affairs,0,International,International,International,19115_Tagesordnungspunkt_10_CDU_CSU_Jung_ID1911510600_26.09.2019.csv
22,Sie wurde im Februar gegründet und hat an diesem Montag zum ersten Mal hier in Berlin getagt.,International Affairs,0,International,International,International,19115_Tagesordnungspunkt_10_CDU_CSU_Jung_ID1911510600_26.09.2019.csv
23,"Ich finde: Ein sehr besonderer Moment, wenn man sich vergegenwärtigt, dass es wenig mehr als hundert Jahre her ist, dass in den Parlamenten Kriegskredite beschlossen wurden, um gegeneinander Krieg zu führen.",International Affairs,0,International,International,International,19115_Tagesordnungspunkt_10_CDU_CSU_Jung_ID1911510600_26.09.2019.csv
24,"Dass jetzt 50 deutsche und 50 französische Abgeordnete gemeinsam ringen, gemeinsam Impulse geben, gemeinsam Vorschläge machen, gemeinsam an der deutsch-französischen Partnerschaft für Europa arbeiten, ist etwas sehr Besonderes, das seinesgleichen in der Zusammenarbeit anderer Parlamente sucht.",International Affairs,0,International,International,International,19115_Tagesordnungspunkt_10_CDU_CSU_Jung_ID1911510600_26.09.2019.csv
25,Das hebt auch die Partnerschaft auf eine andere Ebene.,International Affairs,0,International,International,International,19115_Tagesordnungspunkt_10_CDU_CSU_Jung_ID1911510600_26.09.2019.csv
26,Deutsch-französische Freundschaft ist mehr als ein Regierungsabkommen.,International Affairs,0,International,International,International,19115_Tagesordnungspunkt_10_CDU_CSU_Jung_ID1911510600_26.09.2019.csv
27,Sie ist im Kern die Freundschaft der Menschen in unseren beiden Ländern.,International Affairs,0,International,International,International,19115_Tagesordnungspunkt_10_CDU_CSU_Jung_ID1911510600_26.09.2019.csv
28,Wir als Parlamente haben dabei eine besonders wichtige Funktion.,International Affairs,0,International,International,International,19115_Tagesordnungspunkt_10_CDU_CSU_Jung_ID1911510600_26.09.2019.csv
29,Die parlamentarische Komponente in der deutsch-französischen Partnerschaft wird gestärkt.,International Affairs,0,International,International,International,19115_Tagesordnungspunkt_10_CDU_CSU_Jung_ID1911510600_26.09.2019.csv
30,Daran sollten wir weiter arbeiten.,International Affairs,0,International,International,International,19115_Tagesordnungspunkt_10_CDU_CSU_Jung_ID1911510600_26.09.2019.csv
31,"Deshalb gibt es heute eine weitere Besonderheit: Wir ratifizieren nicht einfach das Regierungsabkommen, den Regierungsvertrag, sondern wir haben in der Deutsch-Französischen Parlamentarischen Versammlung eine Entschließung vorgeschlagen, die heute im Deutschen Bundestag und am 3.",International Affairs,0,International,International,International,19115_Tagesordnungspunkt_10_CDU_CSU_Jung_ID1911510600_26.09.2019.csv
32,"Oktober in der Assemblée nationale ratifiziert wird; ich finde, es ist eine wunderbare Geste der französischen Freunde, dass sie an unserem Nationalfeiertag den gemeinsamen Vertrag ratifizieren.",International Affairs,0,International,International,International,19115_Tagesordnungspunkt_10_CDU_CSU_Jung_ID1911510600_26.09.2019.csv
33,Dann werden die Franzosen eine gleichlautende Resolution wie wir heute verabschieden.,International Affairs,0,International,International,International,19115_Tagesordnungspunkt_10_CDU_CSU_Jung_ID1911510600_26.09.2019.csv
34,"Deren Gedanke ist, dass das, was im Vertrag steht, jetzt zügig und konsequent umgesetzt werden muss: das deutsch-französische Zukunftswerk, das ich erwähnt habe, der Bürgerfonds, der unbürokratisch die Initiativen in der Gesellschaft voranbringen soll, die grenzüberschreitende Partnerschaft, die Initiativen für künstliche Intelligenz, die Vertiefung eines deutsch-französischen Wirtschaftsraums und viele weitere Initiativen.",International Affairs,0,International,International,International,19115_Tagesordnungspunkt_10_CDU_CSU_Jung_ID1911510600_26.09.2019.csv
35,Hier sagen wir: Wir bleiben dran.,International Affairs,0,International,International,International,19115_Tagesordnungspunkt_10_CDU_CSU_Jung_ID1911510600_26.09.2019.csv
36,"Als Parlamentarier werden wir dafür arbeiten, dass das, was auf dem Papier steht, nicht geduldig bleibt, sondern schnell, zügig und konsequent und im Sinne der Bürger umgesetzt wird.",International Affairs,0,International,International,International,19115_Tagesordnungspunkt_10_CDU_CSU_Jung_ID1911510600_26.09.2019.csv
37,Das alles bringt uns voran.,International Affairs,0,International,International,International,19115_Tagesordnungspunkt_10_CDU_CSU_Jung_ID1911510600_26.09.2019.csv
38,Herzlichen Dank.,*,0,International,International,International,19115_Tagesordnungspunkt_10_CDU_CSU_Jung_ID1911510600_26.09.2019.csv
39,Für die FDP-Fraktion hat das Wort der Kollege Dr.,*,0,International,International,International,19115_Tagesordnungspunkt_10_CDU_CSU_Jung_ID1911510600_26.09.2019.csv
40,Christoph Hoffmann.,*,0,International,International,International,19115_Tagesordnungspunkt_10_CDU_CSU_Jung_ID1911510600_26.09.2019.csv
