,text,label_gold,segment_id,label_bert,label_parlbert,label_svm,speech_id
0,Frau Dr.,*,0,International,Government,International,19115_Tagesordnungspunkt_10_SPD_Gloeckner_ID1911511200_26.09.2019.csv
1,"Brantner,
– wenn ich jetzt vielleicht ausführen darf!",*,0,International,Government,International,19115_Tagesordnungspunkt_10_SPD_Gloeckner_ID1911511200_26.09.2019.csv
2,"–, ich finde, Sie haben die Chancen des Vertrages, den wir hier jetzt auf den Weg bringen, nicht wirklich zum Ausdruck gebracht.",International Affairs,0,International,Government,International,19115_Tagesordnungspunkt_10_SPD_Gloeckner_ID1911511200_26.09.2019.csv
3,"Sie werden die Chancen so auch nicht nutzen.
– Ich würde gern ausführen.",International Affairs,0,International,Government,International,19115_Tagesordnungspunkt_10_SPD_Gloeckner_ID1911511200_26.09.2019.csv
4,Sie reden viel über Klimaschutz.,International Affairs,0,International,Government,International,19115_Tagesordnungspunkt_10_SPD_Gloeckner_ID1911511200_26.09.2019.csv
5,"Wir sind fest davon überzeugt, dass es möglich ist, gemeinsame Lösungen zu erarbeiten, gerade als deutsch-französische Partner.",International Affairs,0,International,Government,International,19115_Tagesordnungspunkt_10_SPD_Gloeckner_ID1911511200_26.09.2019.csv
6,"Sie haben hier den Eindruck erweckt, als würde das alles nicht auf den Weg gebracht.",International Affairs,0,International,Government,International,19115_Tagesordnungspunkt_10_SPD_Gloeckner_ID1911511200_26.09.2019.csv
7,"Liebe Kollegen, hören Sie doch bitte zu.",International Affairs,0,International,Government,International,19115_Tagesordnungspunkt_10_SPD_Gloeckner_ID1911511200_26.09.2019.csv
8,Ich hätte mir von Ihnen mehr Klarheit und mehr Deutlichkeit gewünscht.,International Affairs,0,International,Government,International,19115_Tagesordnungspunkt_10_SPD_Gloeckner_ID1911511200_26.09.2019.csv
9,Vielleicht können wir das ja in einer späteren Plenardebatte hinbekommen.,International Affairs,0,International,Government,International,19115_Tagesordnungspunkt_10_SPD_Gloeckner_ID1911511200_26.09.2019.csv
10,Vielen Dank.,*,0,International,Government,International,19115_Tagesordnungspunkt_10_SPD_Gloeckner_ID1911511200_26.09.2019.csv
11,Der letzte Redner zu diesem Tagesordnungspunkt ist der Kollege Dr.,*,0,International,Government,International,19115_Tagesordnungspunkt_10_SPD_Gloeckner_ID1911511200_26.09.2019.csv
12,"Reinhard Brandl, CDU/CSU-Fraktion.",*,0,International,Government,International,19115_Tagesordnungspunkt_10_SPD_Gloeckner_ID1911511200_26.09.2019.csv
