,text,label_gold,segment_id,label_bert,label_parlbert,label_svm,speech_id
0,Sehr geehrter Herr Präsident!,*,0,International,International,International,19115_Tagesordnungspunkt_10_GRUENE_Brantner_ID1911510900_26.09.2019.csv
1,Sehr geehrte Damen und Herren!,*,0,International,International,International,19115_Tagesordnungspunkt_10_GRUENE_Brantner_ID1911510900_26.09.2019.csv
2,Herr Jung hat es schon gesagt: Heute ist ein Trauertag in Frankreich. – Auch wir trauern mit unseren französischen Freunden um Jacques Chirac.,International Affairs,0,International,International,International,19115_Tagesordnungspunkt_10_GRUENE_Brantner_ID1911510900_26.09.2019.csv
3,"Er hat das Denken von Franzosen und Deutschen einander nähergebracht, gerade auch mit seinem Anstoßen der Aufarbeitung der französischen Rolle während der Zeit von 1939 bis 1945.",International Affairs,0,International,International,International,19115_Tagesordnungspunkt_10_GRUENE_Brantner_ID1911510900_26.09.2019.csv
4,Das sollten wir nicht vergessen.,International Affairs,0,International,International,International,19115_Tagesordnungspunkt_10_GRUENE_Brantner_ID1911510900_26.09.2019.csv
5,Das hat uns einander wesentlich nähergebracht.,International Affairs,0,International,International,International,19115_Tagesordnungspunkt_10_GRUENE_Brantner_ID1911510900_26.09.2019.csv
6,Der Vertrag von Aachen soll die deutsch-französische Freundschaft festigen und die europäische Integration vorantreiben.,International Affairs,0,International,International,International,19115_Tagesordnungspunkt_10_GRUENE_Brantner_ID1911510900_26.09.2019.csv
7,"Das ist auch bitter nötig, wenn man sich Spalter wie Boris Johnson und Co anschaut.",International Affairs,0,International,International,International,19115_Tagesordnungspunkt_10_GRUENE_Brantner_ID1911510900_26.09.2019.csv
8,"Aber der Vertrag dafür war von Anfang an nicht ambitioniert genug, und seit Januar wurde es auch nicht viel besser; im Gegenteil.",International Affairs,0,International,International,International,19115_Tagesordnungspunkt_10_GRUENE_Brantner_ID1911510900_26.09.2019.csv
9,"Die Bundesregierung versagt nicht nur national beim Klimaschutz, sondern auch europäisch.",Environment,0,International,International,International,19115_Tagesordnungspunkt_10_GRUENE_Brantner_ID1911510900_26.09.2019.csv
10,Das unambitionierte Klimapaket wird nur noch übertroffen von Deutschlands Blockade bei europäischen Verhandlungen für mehr Klimaschutz.,Environment,0,International,International,International,19115_Tagesordnungspunkt_10_GRUENE_Brantner_ID1911510900_26.09.2019.csv
11,Dafür gebe ich mal ein deutsch-französisches Beispiel: Wir haben gerade die Verhandlungen über den nächsten mehrjährigen Finanzrahmen auf europäischer Ebene.,Environment,0,International,International,International,19115_Tagesordnungspunkt_10_GRUENE_Brantner_ID1911510900_26.09.2019.csv
12,"Macron sagt: 30 Prozent davon fürs Klima, 10 Prozent für die Biodiversität. – Ihm haben sich mittlerweile mehr als zehn Länder angeschlossen.",Environment,0,International,International,International,19115_Tagesordnungspunkt_10_GRUENE_Brantner_ID1911510900_26.09.2019.csv
13,Was sagt die deutsche Bundesregierung?,Environment,0,International,International,International,19115_Tagesordnungspunkt_10_GRUENE_Brantner_ID1911510900_26.09.2019.csv
14,Weiterhin 25 Prozent für diesen Bereich!,Environment,0,International,International,International,19115_Tagesordnungspunkt_10_GRUENE_Brantner_ID1911510900_26.09.2019.csv
15,Wo ist denn da die deutsch-französische Kooperation fürs Klima?,Environment,0,International,International,International,19115_Tagesordnungspunkt_10_GRUENE_Brantner_ID1911510900_26.09.2019.csv
16,"Sie ist nicht existent, und es ist eine Schande, dass wir das nicht gemeinsam europäisch hinbekommen.",Environment,0,International,International,International,19115_Tagesordnungspunkt_10_GRUENE_Brantner_ID1911510900_26.09.2019.csv
17,Frau von der Leyen fordert 1 000 Milliarden fürs Klima in Europa.,Environment,0,International,International,International,19115_Tagesordnungspunkt_10_GRUENE_Brantner_ID1911510900_26.09.2019.csv
18,Und was sagt die deutsche Bundesregierung?,Environment,0,International,International,International,19115_Tagesordnungspunkt_10_GRUENE_Brantner_ID1911510900_26.09.2019.csv
19,"Das 1-Prozent-Ziel für den europäischen Haushalt bleibt, und bitte an den Ausgaben darf man aber auch nichts ändern.",Environment,0,International,International,International,19115_Tagesordnungspunkt_10_GRUENE_Brantner_ID1911510900_26.09.2019.csv
20,Jeder Cent soll weiterhin fließen.,Environment,0,International,International,International,19115_Tagesordnungspunkt_10_GRUENE_Brantner_ID1911510900_26.09.2019.csv
21,"Das bedeutet de facto: nicht 1 Cent mehr fürs Klima, ein Nein zu von der Leyens Programm. – Es ist eigentlich traurig, dass die CDU sie da nicht unterstützt.",Environment,0,International,International,International,19115_Tagesordnungspunkt_10_GRUENE_Brantner_ID1911510900_26.09.2019.csv
22,"Was in Deutschland die Obsession mit der schwarzen Null ist, das ist in Europa dieses 1-Prozent-Ziel.",International Affairs,0,International,International,International,19115_Tagesordnungspunkt_10_GRUENE_Brantner_ID1911510900_26.09.2019.csv
23,"Ich kann nur sagen, auch an die liebe SPD: Ein Aufbruch für Europa sieht doch ganz anders aus.",International Affairs,0,International,International,International,19115_Tagesordnungspunkt_10_GRUENE_Brantner_ID1911510900_26.09.2019.csv
24,"Herr Staatsminister Roth, wenn Sie mir erlauben, das am Ende noch zu sagen: Wir waren echt, richtig enttäuscht, als wir gesehen haben, dass Sie für den neuen Ausschuss für grenzüberschreitende Zusammenarbeit, der die Grenzregionen, die unterschiedlichen Ebenen zusammenbringen soll, nur drei Abgeordnete aus dem Bundestag vorgesehen haben.",International Affairs,0,International,International,International,19115_Tagesordnungspunkt_10_GRUENE_Brantner_ID1911510900_26.09.2019.csv
25,Kein Platz für die demokratische Opposition!,International Affairs,0,International,International,International,19115_Tagesordnungspunkt_10_GRUENE_Brantner_ID1911510900_26.09.2019.csv
26,Das ist ein Unding.,International Affairs,0,International,International,International,19115_Tagesordnungspunkt_10_GRUENE_Brantner_ID1911510900_26.09.2019.csv
27,Das sollten wir dringend ändern.,International Affairs,1,Government,Government,Government,19115_Tagesordnungspunkt_10_GRUENE_Brantner_ID1911510900_26.09.2019.csv
28,"Wir haben unseren Entschließungsantrag hier eingebracht, damit die demokratische Opposition in diesem Gremium vertreten ist.",International Affairs,1,Government,Government,Government,19115_Tagesordnungspunkt_10_GRUENE_Brantner_ID1911510900_26.09.2019.csv
29,"Ich kann auch gar nicht nachvollziehen, dass Sie glauben, dass wir das den Bürgerinnen und Bürgern näherbringen, wenn wir das ohne demokratische Opposition machen.",International Affairs,1,Government,Government,Government,19115_Tagesordnungspunkt_10_GRUENE_Brantner_ID1911510900_26.09.2019.csv
30,"Herr Jung, ich zähle auf Sie, auf alle im Parlament, dass wir das noch ändern und dass wir am Ende da auch vertreten sind.",International Affairs,1,Government,Government,Government,19115_Tagesordnungspunkt_10_GRUENE_Brantner_ID1911510900_26.09.2019.csv
31,Ich danke Ihnen und hoffe auf weiterhin gute Kooperation.,*,1,Government,Government,Government,19115_Tagesordnungspunkt_10_GRUENE_Brantner_ID1911510900_26.09.2019.csv
32,Die Kollegin Angelika Glöckner ist die nächste Rednerin für die SPD-Fraktion.,*,1,Government,Government,Government,19115_Tagesordnungspunkt_10_GRUENE_Brantner_ID1911510900_26.09.2019.csv
