,text,label_gold,segment_id,label_bert,label_parlbert,label_svm,speech_id
0,Herr Präsident!,*,0,International,Defense,Defense,19115_Tagesordnungspunkt_10_LINKE_De_Masi_ID1911510800_26.09.2019.csv
1,Sehr geehrte Damen und Herren!,*,0,International,Defense,Defense,19115_Tagesordnungspunkt_10_LINKE_De_Masi_ID1911510800_26.09.2019.csv
2,"Heute ist der frühere Präsident Frankreichs, Jacques Chirac, gestorben.",International Affairs,0,International,Defense,Defense,19115_Tagesordnungspunkt_10_LINKE_De_Masi_ID1911510800_26.09.2019.csv
3,Ich habe als Schüler gegen seine Atomwaffentests demonstriert.,International Affairs,0,International,Defense,Defense,19115_Tagesordnungspunkt_10_LINKE_De_Masi_ID1911510800_26.09.2019.csv
4,Aber er hat mit seiner Ablehnung des Irakkrieges unseren Respekt verdient.,International Affairs,0,International,Defense,Defense,19115_Tagesordnungspunkt_10_LINKE_De_Masi_ID1911510800_26.09.2019.csv
5,"Meine Fraktion lehnt den Aachener Vertrag ab, nicht obwohl, sondern weil wir Anhänger der deutsch-französischen Freundschaft sind.",International Affairs,0,International,Defense,Defense,19115_Tagesordnungspunkt_10_LINKE_De_Masi_ID1911510800_26.09.2019.csv
6,Im Mittelpunkt des Aachener Vertrags steht die gemeinsame Rüstung.,Defense,0,International,Defense,Defense,19115_Tagesordnungspunkt_10_LINKE_De_Masi_ID1911510800_26.09.2019.csv
7,"Meine Fraktion meint, es ist geschichtsvergessen, Europa ausgerechnet über die Rüstung einigen zu wollen.",Defense,0,International,Defense,Defense,19115_Tagesordnungspunkt_10_LINKE_De_Masi_ID1911510800_26.09.2019.csv
8,Bei gemeinsamen Rüstungsvorhaben wollen Deutschland und Frankreich bei abgestimmten Schwellenwerten auf eine gegenseitige Blockade von Rüstungsexporten verzichten.,Defense,0,International,Defense,Defense,19115_Tagesordnungspunkt_10_LINKE_De_Masi_ID1911510800_26.09.2019.csv
9,"Dies bedeutet im Klartext, dass zum Beispiel auch Panzer und anderes Kriegsgerät an Diktaturen wie Saudi-Arabien verkauft werden können, Saudi-Arabien, das einen blutigen Krieg im Jemen führt.",Defense,0,International,Defense,Defense,19115_Tagesordnungspunkt_10_LINKE_De_Masi_ID1911510800_26.09.2019.csv
10,"In der gemeinsamen Erklärung der Bundeskanzlerin mit Boris Johnson und Emmanuel Macron zur Krise am Persischen Golf ist von „uneingeschränkter Solidarität mit Saudi-Arabien“ die Rede;
wohlgemerkt mit einem Regime, das den IS hochfinanziert hat,
gegen den Sie heute Bundeswehrsoldaten in den Antiterroreinsatz schicken; ein Regime, das Menschen hinrichtet.",Defense,0,International,Defense,Defense,19115_Tagesordnungspunkt_10_LINKE_De_Masi_ID1911510800_26.09.2019.csv
11,Das ist völlig inakzeptabel.,Defense,1,International,International,Transportation,19115_Tagesordnungspunkt_10_LINKE_De_Masi_ID1911510800_26.09.2019.csv
12,"Meine Damen und Herren, Europa steht vor großen Herausforderungen: dem Brexit, der Klimakrise, dem Handelskrieg zwischen USA und China.",International Affairs,1,International,International,Transportation,19115_Tagesordnungspunkt_10_LINKE_De_Masi_ID1911510800_26.09.2019.csv
13,Unsere Menschen wünschen sich Hoffnung statt Depression.,International Affairs,1,International,International,Transportation,19115_Tagesordnungspunkt_10_LINKE_De_Masi_ID1911510800_26.09.2019.csv
14,Wir waren kürzlich mit dem Finanzausschuss in China und sind innerhalb von vier Stunden die Strecke von Peking bis Schanghai gefahren.,International Affairs,1,International,International,Transportation,19115_Tagesordnungspunkt_10_LINKE_De_Masi_ID1911510800_26.09.2019.csv
15,Das ist weiter als die Strecke Berlin–Paris.,International Affairs,1,International,International,Transportation,19115_Tagesordnungspunkt_10_LINKE_De_Masi_ID1911510800_26.09.2019.csv
16,Aber wir haben die Nachtzüge nach Paris eingestellt.,International Affairs,1,International,International,Transportation,19115_Tagesordnungspunkt_10_LINKE_De_Masi_ID1911510800_26.09.2019.csv
17,"Wir brauchen jetzt gegen den Abschwung Investitionen, und zwar in Bahnen statt Flugzeugträger.",International Affairs,1,International,International,Transportation,19115_Tagesordnungspunkt_10_LINKE_De_Masi_ID1911510800_26.09.2019.csv
18,"Wir brauchen Investitionen zur Erreichung der UN-Klimaziele von Paris.
1,5-Grad- statt 2-Prozent-Rüstung-Ziel der NATO, verehrte Damen und Herren!",International Affairs,1,International,International,Transportation,19115_Tagesordnungspunkt_10_LINKE_De_Masi_ID1911510800_26.09.2019.csv
19,In Frankreich sind Menschen in gelben Westen auf die Straße gegangen.,International Affairs,1,International,International,Transportation,19115_Tagesordnungspunkt_10_LINKE_De_Masi_ID1911510800_26.09.2019.csv
20,"Friseure, Taxifahrerinnen, Krankenschwestern hatten Angst, weil sie sich die Miete in den Innenstädten nicht mehr leisten können, und Angst, dass sie die Erhöhung der Benzinsteuern trifft.",International Affairs,1,International,International,Transportation,19115_Tagesordnungspunkt_10_LINKE_De_Masi_ID1911510800_26.09.2019.csv
21,"Deswegen müssen wir den Menschen doch Alternativen geben und wieder Hoffnung stiften, und dafür müssen wir die soziale Ungleichheit in unseren Gesellschaften bekämpfen.",International Affairs,1,International,International,Transportation,19115_Tagesordnungspunkt_10_LINKE_De_Masi_ID1911510800_26.09.2019.csv
22,"Deswegen ist die Entsenderichtlinie nicht irgendein bürokratisches Monstrum;
vielmehr soll sie Deutsche und Franzosen links und rechts des Rheins vor Ausbeutung auf dem Arbeitsmarkt schützen.",International Affairs,1,International,International,Transportation,19115_Tagesordnungspunkt_10_LINKE_De_Masi_ID1911510800_26.09.2019.csv
23,Darum muss es gehen in Europa.,International Affairs,2,International,Labor,Civil,19115_Tagesordnungspunkt_10_LINKE_De_Masi_ID1911510800_26.09.2019.csv
24,Das gelingt mit dem Aachener Vertrag nicht.,International Affairs,2,International,Labor,Civil,19115_Tagesordnungspunkt_10_LINKE_De_Masi_ID1911510800_26.09.2019.csv
25,Deswegen sagen wir: Es ist kein Dokument der Hoffnung; es ist ein Dokument der Vergangenheit.,International Affairs,2,International,Labor,Civil,19115_Tagesordnungspunkt_10_LINKE_De_Masi_ID1911510800_26.09.2019.csv
26,Meine Fraktion lehnt den Aachener Vertrag ab.,International Affairs,2,International,Labor,Civil,19115_Tagesordnungspunkt_10_LINKE_De_Masi_ID1911510800_26.09.2019.csv
27,Für Bündnis 90/Die Grünen hat das Wort die Kollegin Dr.,*,2,International,Labor,Civil,19115_Tagesordnungspunkt_10_LINKE_De_Masi_ID1911510800_26.09.2019.csv
28,Franziska Brantner.,*,2,International,Labor,Civil,19115_Tagesordnungspunkt_10_LINKE_De_Masi_ID1911510800_26.09.2019.csv
