,text,label_gold,segment_id,label_bert,label_parlbert,label_svm,speech_id
0,Herr Präsident!,*,0,International,International,International,19115_Tagesordnungspunkt_10_CDU_CSU_Brandl_ID1911511300_26.09.2019.csv
1,Verehrte Kolleginnen und Kollegen!,*,0,International,International,International,19115_Tagesordnungspunkt_10_CDU_CSU_Brandl_ID1911511300_26.09.2019.csv
2,"Im Sommer hatte ich ein langes Gespräch mit einem Franzosen, der in Paris Deutsch unterrichtet.",International Affairs,0,International,International,International,19115_Tagesordnungspunkt_10_CDU_CSU_Brandl_ID1911511300_26.09.2019.csv
3,"Er ist ein echter Deutschlandfan, aber er hat mir ganz nüchtern berichtet, wie schwer es in der Zwischenzeit für ihn geworden ist, junge Franzosen dazu zu motivieren, Deutsch zu lernen.",International Affairs,0,International,International,International,19115_Tagesordnungspunkt_10_CDU_CSU_Brandl_ID1911511300_26.09.2019.csv
4,"Die deutsche Sprache verliert leider an Bedeutung, während Spanisch an Bedeutung gewinnt, und das nicht nur, weil die Sprache für die Franzosen leichter zu erlernen ist, sondern auch, weil Spanien und das südeuropäische Lebensgefühl den Franzosen in mancherlei Hinsicht näher sind.",International Affairs,0,International,International,International,19115_Tagesordnungspunkt_10_CDU_CSU_Brandl_ID1911511300_26.09.2019.csv
5,"Das steht jetzt nicht stellvertretend für alle Franzosen und auch nicht für die deutsch-französischen Beziehungen; aber es war für mich doch ein Warnsignal: Die deutsch-französischen Beziehungen sind kein Selbstläufer, sie vertiefen sich nicht automatisch immer weiter, sondern sie brauchen immer wieder neuen Schwung, und wir in der Politik sollten diesen Beziehungen auch Schwung geben.",International Affairs,0,International,International,International,19115_Tagesordnungspunkt_10_CDU_CSU_Brandl_ID1911511300_26.09.2019.csv
6,Jetzt kann man sich fragen: Warum lassen wir das nicht einfach laufen?,International Affairs,0,International,International,International,19115_Tagesordnungspunkt_10_CDU_CSU_Brandl_ID1911511300_26.09.2019.csv
7,"Es gibt doch viele Länder, zu denen wir gute Beziehungen haben.",International Affairs,0,International,International,International,19115_Tagesordnungspunkt_10_CDU_CSU_Brandl_ID1911511300_26.09.2019.csv
8,Warum müssen wir uns da einmischen?,International Affairs,0,International,International,International,19115_Tagesordnungspunkt_10_CDU_CSU_Brandl_ID1911511300_26.09.2019.csv
9,"Meine Damen und Herren, liebe Kolleginnen und Kollegen, das kann man für viele Länder sagen, aber die deutsch-französischen Beziehungen fallen unter eine andere Kategorie.",International Affairs,0,International,International,International,19115_Tagesordnungspunkt_10_CDU_CSU_Brandl_ID1911511300_26.09.2019.csv
10,"Sie sind von strategischer Bedeutung nicht nur für unsere beiden Länder, sondern für ganz Europa.",International Affairs,0,International,International,International,19115_Tagesordnungspunkt_10_CDU_CSU_Brandl_ID1911511300_26.09.2019.csv
11,Nach dem Brexit werden Deutschland und Frankreich die beiden wirtschaftsstärksten Länder Europas sein.,International Affairs,0,International,International,International,19115_Tagesordnungspunkt_10_CDU_CSU_Brandl_ID1911511300_26.09.2019.csv
12,"Die Zukunft und der Erfolg der Europäischen Union werden ganz wesentlich davon abhängen, ob diese beiden starken Länder gemeinsam an einem Strang ziehen oder ob sie in Konkurrenz zueinander stehen und vielleicht zwei unterschiedliche Blöcke in Europa – Nord und Süd – repräsentieren und sich gegenseitig und damit Europa blockieren und lähmen.",International Affairs,0,International,International,International,19115_Tagesordnungspunkt_10_CDU_CSU_Brandl_ID1911511300_26.09.2019.csv
13,"Deutschland und Frankreich haben Europa schon einmal zusammengeführt, nach dem Zweiten Weltkrieg.",International Affairs,0,International,International,International,19115_Tagesordnungspunkt_10_CDU_CSU_Brandl_ID1911511300_26.09.2019.csv
14,Ein wichtiger Meilenstein dabei war der Élysée-Vertrag.,International Affairs,0,International,International,International,19115_Tagesordnungspunkt_10_CDU_CSU_Brandl_ID1911511300_26.09.2019.csv
15,Aber das war die Herausforderung des 20.,International Affairs,0,International,International,International,19115_Tagesordnungspunkt_10_CDU_CSU_Brandl_ID1911511300_26.09.2019.csv
16,Jahrhunderts.,International Affairs,0,International,International,International,19115_Tagesordnungspunkt_10_CDU_CSU_Brandl_ID1911511300_26.09.2019.csv
17,Wir sind jetzt im 21.,International Affairs,0,International,International,International,19115_Tagesordnungspunkt_10_CDU_CSU_Brandl_ID1911511300_26.09.2019.csv
18,Jahrhundert und stehen vor einer ganz anderen Herausforderung.,International Affairs,0,International,International,International,19115_Tagesordnungspunkt_10_CDU_CSU_Brandl_ID1911511300_26.09.2019.csv
19,"Wir stehen vor der Herausforderung, unser gemeinsames europäisches Modell von einem Leben in Freiheit, in Frieden, in Sicherheit und mit Demokratie gemeinsam zu verteidigen.",International Affairs,0,International,International,International,19115_Tagesordnungspunkt_10_CDU_CSU_Brandl_ID1911511300_26.09.2019.csv
20,"Und dieses europäische Modell wird herausgefordert: wirtschaftlich, technologisch und militärisch.",International Affairs,0,International,International,International,19115_Tagesordnungspunkt_10_CDU_CSU_Brandl_ID1911511300_26.09.2019.csv
21,"Der Vertrag von Aachen, den wir heute hier ratifizieren, ist das gemeinsame Versprechen unserer beiden Länder, auf diese Herausforderungen eine gemeinsame Antwort zu geben und unsere Politik besser aufeinander abzustimmen.",International Affairs,0,International,International,International,19115_Tagesordnungspunkt_10_CDU_CSU_Brandl_ID1911511300_26.09.2019.csv
22,"Das gilt sowohl für die Wirtschaftspolitik, für die Außen- und Sicherheitspolitik, für die Technologiepolitik als auch für die Klimapolitik.",International Affairs,0,International,International,International,19115_Tagesordnungspunkt_10_CDU_CSU_Brandl_ID1911511300_26.09.2019.csv
23,"Aber, meine Damen und Herren, der Vertrag geht darüber hinaus.",International Affairs,0,International,International,International,19115_Tagesordnungspunkt_10_CDU_CSU_Brandl_ID1911511300_26.09.2019.csv
24,Es geht nicht nur um Abstimmung.,International Affairs,0,International,International,International,19115_Tagesordnungspunkt_10_CDU_CSU_Brandl_ID1911511300_26.09.2019.csv
25,"Es geht konkret um bessere Zusammenarbeit, insbesondere in den Grenzregionen.",International Affairs,0,International,International,International,19115_Tagesordnungspunkt_10_CDU_CSU_Brandl_ID1911511300_26.09.2019.csv
26,"Ich grüße von dieser Stelle aus ganz besonders die Freunde in Karlsruhe, genauso wie die in Freiburg, in Saarbrücken, in Metz, in Colmar, in Straßburg und rufe sie dazu auf, die Instrumente der gemeinsamen verstärkten Zusammenarbeit, die sich aus dem Vertrag ergeben, auch zu nutzen.",International Affairs,0,International,International,International,19115_Tagesordnungspunkt_10_CDU_CSU_Brandl_ID1911511300_26.09.2019.csv
27,"Wir wollen der deutsch-französischen Freundschaft, der deutsch-französischen Zusammenarbeit mit diesem Vertrag von Aachen neuen Schwung geben und die Herausforderungen des 21.",International Affairs,0,International,International,International,19115_Tagesordnungspunkt_10_CDU_CSU_Brandl_ID1911511300_26.09.2019.csv
28,Jahrhunderts meistern.,International Affairs,0,International,International,International,19115_Tagesordnungspunkt_10_CDU_CSU_Brandl_ID1911511300_26.09.2019.csv
29,"Ich hoffe, dass wir damit auch erreichen, Deutschland in Frankreich wieder populärer zu machen und auch wieder mehr Franzosen dazu zu motivieren, Deutsch zu lernen.",International Affairs,0,International,International,International,19115_Tagesordnungspunkt_10_CDU_CSU_Brandl_ID1911511300_26.09.2019.csv
30,In diesem Sinne bitte ich um Ihre Zustimmung.,International Affairs,0,International,International,International,19115_Tagesordnungspunkt_10_CDU_CSU_Brandl_ID1911511300_26.09.2019.csv
31,Herzlichen Dank.,*,0,International,International,International,19115_Tagesordnungspunkt_10_CDU_CSU_Brandl_ID1911511300_26.09.2019.csv
32,"Vielen Dank, lieber Kollege Dr.",*,0,International,International,International,19115_Tagesordnungspunkt_10_CDU_CSU_Brandl_ID1911511300_26.09.2019.csv
33,Brandl. – Ich schließe die Aussprache zu diesem Tagesordnungspunkt.,*,0,International,International,International,19115_Tagesordnungspunkt_10_CDU_CSU_Brandl_ID1911511300_26.09.2019.csv
