,text,label_gold,segment_id,label_bert,label_parlbert,label_svm,speech_id
0,Herr Präsident!,*,0,International,International,International,19115_Tagesordnungspunkt_10_FDP_Hoffmann_ID1911510700_26.09.2019.csv
1,Meine sehr geehrten Kolleginnen und Kollegen!,*,0,International,International,International,19115_Tagesordnungspunkt_10_FDP_Hoffmann_ID1911510700_26.09.2019.csv
2,Salut!,International Affairs,0,International,International,International,19115_Tagesordnungspunkt_10_FDP_Hoffmann_ID1911510700_26.09.2019.csv
3,"Ganget aufs Trottoir, und nimm’ den Parapluie mit!",International Affairs,0,International,International,International,19115_Tagesordnungspunkt_10_FDP_Hoffmann_ID1911510700_26.09.2019.csv
4,So spricht man in Südbaden.,International Affairs,0,International,International,International,19115_Tagesordnungspunkt_10_FDP_Hoffmann_ID1911510700_26.09.2019.csv
5,Da gibt es viele französische Wörter in der Sprache.,International Affairs,0,International,International,International,19115_Tagesordnungspunkt_10_FDP_Hoffmann_ID1911510700_26.09.2019.csv
6,Das sind wir in unserem Dialekt gewohnt.,International Affairs,0,International,International,International,19115_Tagesordnungspunkt_10_FDP_Hoffmann_ID1911510700_26.09.2019.csv
7,"Wir leben mit Frankreich, wir leben neben Frankreich, und wir leben sehr, sehr gut damit.",International Affairs,0,International,International,International,19115_Tagesordnungspunkt_10_FDP_Hoffmann_ID1911510700_26.09.2019.csv
8,"Nach dem Zweiten Weltkrieg haben uns die Franzosen mit dem Élysée-Vertrag in kluger Weise die Hand gereicht; klug deshalb, weil dies noch heute als beispielhafte Konfliktbewältigung gelten kann.",International Affairs,0,International,International,International,19115_Tagesordnungspunkt_10_FDP_Hoffmann_ID1911510700_26.09.2019.csv
9,"Welche Weitsicht, welche Geste der Franzosen in dieser Zeit!",International Affairs,0,International,International,International,19115_Tagesordnungspunkt_10_FDP_Hoffmann_ID1911510700_26.09.2019.csv
10,"Umso bitterer ist es, wenn ich hier diese Worte der AfD höre, die dem Geschichtsbild der letzten Jahrtausende entsprechen, aber überhaupt nicht dem heutigen Zustand.",International Affairs,0,International,International,International,19115_Tagesordnungspunkt_10_FDP_Hoffmann_ID1911510700_26.09.2019.csv
11,"Freundschaften muss man pflegen, sonst schlafen sie ein.",International Affairs,0,International,International,International,19115_Tagesordnungspunkt_10_FDP_Hoffmann_ID1911510700_26.09.2019.csv
12,Der französische Präsident Macron hat viele Vorschläge für Europa gemacht.,International Affairs,0,International,International,International,19115_Tagesordnungspunkt_10_FDP_Hoffmann_ID1911510700_26.09.2019.csv
13,Doch die Bundesregierung ist in der Europapolitik schlichtweg nicht sichtbar.,International Affairs,0,International,International,International,19115_Tagesordnungspunkt_10_FDP_Hoffmann_ID1911510700_26.09.2019.csv
14,Frau Merkel hat ihn am langen Arm verhungern lassen; inzwischen hat Macron eigentlich aufgegeben.,International Affairs,0,International,International,International,19115_Tagesordnungspunkt_10_FDP_Hoffmann_ID1911510700_26.09.2019.csv
15,Wir brauchen aber dringend Impulse und Geschlossenheit mit Frankreich.,International Affairs,0,International,International,International,19115_Tagesordnungspunkt_10_FDP_Hoffmann_ID1911510700_26.09.2019.csv
16,"Denken Sie an die Themen Verteidigung, Diplomatie, Entwicklungszusammenarbeit.",International Affairs,0,International,International,International,19115_Tagesordnungspunkt_10_FDP_Hoffmann_ID1911510700_26.09.2019.csv
17,"Zum Glück gibt es neben den Regierungen aber auch Parlamente, die dies antreiben.",International Affairs,0,International,International,International,19115_Tagesordnungspunkt_10_FDP_Hoffmann_ID1911510700_26.09.2019.csv
18,Wir haben am Montag in der Deutsch-Französischen Parlamentarischen Versammlung – das war wirklich ein bewegender Moment – eine gemeinsame Vereinbarung verabschiedet.,International Affairs,0,International,International,International,19115_Tagesordnungspunkt_10_FDP_Hoffmann_ID1911510700_26.09.2019.csv
19,Diese fordert die umfassende Beteiligung der Versammlung an der deutsch-französischen Zusammenarbeit.,International Affairs,0,International,International,International,19115_Tagesordnungspunkt_10_FDP_Hoffmann_ID1911510700_26.09.2019.csv
20,"Also, das ist die Umsetzung des Aachener Vertrags, und das ist gut so.",International Affairs,0,International,International,International,19115_Tagesordnungspunkt_10_FDP_Hoffmann_ID1911510700_26.09.2019.csv
21,Deshalb stimmen die Freien Demokraten als europafreundliche Partei heute zu.,International Affairs,0,International,International,International,19115_Tagesordnungspunkt_10_FDP_Hoffmann_ID1911510700_26.09.2019.csv
22,"Aber wir akzeptieren auch nicht, dass die Regierungen sich ohne Absprache mit uns, dem Parlament, auf drei Parlamentarier pro Seite für den bedeutenden grenzüberschreitenden Ausschuss geeinigt haben.",International Affairs,0,International,International,International,19115_Tagesordnungspunkt_10_FDP_Hoffmann_ID1911510700_26.09.2019.csv
23,Die Oppositionsfraktionen würden damit draußen bleiben.,International Affairs,0,International,International,International,19115_Tagesordnungspunkt_10_FDP_Hoffmann_ID1911510700_26.09.2019.csv
24,"Das geht nicht, das ist keine demokratische Übung.",International Affairs,0,International,International,International,19115_Tagesordnungspunkt_10_FDP_Hoffmann_ID1911510700_26.09.2019.csv
25,Das würde auch nur die Gerüchteküche der Selbstbedienung und der Geheimniskrämerei stützen.,International Affairs,0,International,International,International,19115_Tagesordnungspunkt_10_FDP_Hoffmann_ID1911510700_26.09.2019.csv
26,"Deshalb unterstützen wir den Antrag der Grünen mit der Forderung nach sieben Parlamentariern pro Land, damit auch die Opposition vertreten ist.",International Affairs,0,International,International,International,19115_Tagesordnungspunkt_10_FDP_Hoffmann_ID1911510700_26.09.2019.csv
27,"Aber ich möchte hier ausdrücklich Andreas Jung für seine Bemühungen für diesen Vertrag loben, auch für die Bemühungen, diese Regelung mit nur drei Parlamentariern pro Seite aufzuweichen.",International Affairs,0,International,International,International,19115_Tagesordnungspunkt_10_FDP_Hoffmann_ID1911510700_26.09.2019.csv
28,"Der Aachener Vertrag ist deshalb gelungen, weil er sehr, sehr konkret ist.",International Affairs,0,International,International,International,19115_Tagesordnungspunkt_10_FDP_Hoffmann_ID1911510700_26.09.2019.csv
29,Beispiel: die Bahnverbindung Freiburg–Colmar und eine neue Bahnbrücke über den Rhein.,International Affairs,0,International,International,International,19115_Tagesordnungspunkt_10_FDP_Hoffmann_ID1911510700_26.09.2019.csv
30,Der Breisacher Bürgermeister will gleich mit Neuf-Brisach und seiner Stadt eine gemeinsame Stadt machen.,International Affairs,0,International,International,International,19115_Tagesordnungspunkt_10_FDP_Hoffmann_ID1911510700_26.09.2019.csv
31,Nur so geht es.,International Affairs,0,International,International,International,19115_Tagesordnungspunkt_10_FDP_Hoffmann_ID1911510700_26.09.2019.csv
32,Wir müssen die Menschen an den Grenzen arbeiten lassen und die Grenzen noch weiter abbauen und gemeinsam an der Zukunft arbeiten.,Labor,0,International,International,International,19115_Tagesordnungspunkt_10_FDP_Hoffmann_ID1911510700_26.09.2019.csv
33,Wir wollen eine gute Nachbarschaft und eine verlässliche Politik.,Labor,0,International,International,International,19115_Tagesordnungspunkt_10_FDP_Hoffmann_ID1911510700_26.09.2019.csv
34,Die Bürger wollen Lösungen.,Labor,0,International,International,International,19115_Tagesordnungspunkt_10_FDP_Hoffmann_ID1911510700_26.09.2019.csv
35,Die Entsenderichtlinie zum Beispiel nervt viele Betriebe bei uns in Deutschland bei ihrer Arbeit jenseits der Grenzen.,Labor,0,International,International,International,19115_Tagesordnungspunkt_10_FDP_Hoffmann_ID1911510700_26.09.2019.csv
36,"Der Zeit- und Kostenaufwand durch diese Regelung ist viel zu hoch, der bürokratische Aufwand immens.",Labor,0,International,International,International,19115_Tagesordnungspunkt_10_FDP_Hoffmann_ID1911510700_26.09.2019.csv
37,"Hier müssen wir dringend Lösungen finden, wie auch für die Nachfolge des Atomkraftwerks in Fessenheim, das hoffentlich bald stillgelegt wird.",Labor,0,International,International,International,19115_Tagesordnungspunkt_10_FDP_Hoffmann_ID1911510700_26.09.2019.csv
38,"Ich nenne weiter: ein gemeinsamer Gewerbepark mit besonderen Regeln, auf die wir uns noch einigen müssen.",Labor,0,International,International,International,19115_Tagesordnungspunkt_10_FDP_Hoffmann_ID1911510700_26.09.2019.csv
39,"Herr Kollege, kommen Sie bitte zum Ende.",*,0,International,International,International,19115_Tagesordnungspunkt_10_FDP_Hoffmann_ID1911510700_26.09.2019.csv
40,Herzlichen Dank.,*,0,International,International,International,19115_Tagesordnungspunkt_10_FDP_Hoffmann_ID1911510700_26.09.2019.csv
41,Der Kollege Fabio De Masi ist der nächste Redner für die Fraktion Die Linke.,*,0,International,International,International,19115_Tagesordnungspunkt_10_FDP_Hoffmann_ID1911510700_26.09.2019.csv
