,text,label_gold,segment_id,label_bert,label_parlbert,label_svm,speech_id
0,Werter Herr Präsident!,Agriculture,0,International,Defense,Defense,19115_Tagesordnungspunkt_10_AfD_Kleinwaechter_ID1911510500_26.09.2019.csv
1,Sehr geehrte Kolleginnen und Kollegen!,Agriculture,0,International,Defense,Defense,19115_Tagesordnungspunkt_10_AfD_Kleinwaechter_ID1911510500_26.09.2019.csv
2,"Martin Schulz, lassen Sie doch endlich mal die Feindbilder stecken.",International Affairs,0,International,Defense,Defense,19115_Tagesordnungspunkt_10_AfD_Kleinwaechter_ID1911510500_26.09.2019.csv
3,Was wäre denn die SPD noch ohne das Feindnarrativ in der heutigen Zeit?,International Affairs,0,International,Defense,Defense,19115_Tagesordnungspunkt_10_AfD_Kleinwaechter_ID1911510500_26.09.2019.csv
4,"Ehrlich gesagt, bin ich besorgt.",International Affairs,0,International,Defense,Defense,19115_Tagesordnungspunkt_10_AfD_Kleinwaechter_ID1911510500_26.09.2019.csv
5,"Frankreich ist unser größter und wichtigster Partner und Freund, und gerade mit so einem Land sollten wir keinen Vertrag machen, der keinen Bestand haben kann.",International Affairs,0,International,Defense,Defense,19115_Tagesordnungspunkt_10_AfD_Kleinwaechter_ID1911510500_26.09.2019.csv
6,"Dieser Vertrag wird scheitern, und er muss scheitern; denn er ist hoch problematisch und dabei auch noch gefährlich.",International Affairs,0,International,Defense,Defense,19115_Tagesordnungspunkt_10_AfD_Kleinwaechter_ID1911510500_26.09.2019.csv
7,"Spätestens wenn die Bündnisverpflichtung greift oder wenn Deutschland oder Frankreich einmal wieder eine Regierung hat, die die Interessen ihres Volkes und ihres Landes tatsächlich vertritt, wird dieser Vertrag das deutsch-französische Verhältnis erheblich belasten.",International Affairs,0,International,Defense,Defense,19115_Tagesordnungspunkt_10_AfD_Kleinwaechter_ID1911510500_26.09.2019.csv
8,Er hätte jede Menge hoch ideologischer Komponenten.,International Affairs,0,International,Defense,Defense,19115_Tagesordnungspunkt_10_AfD_Kleinwaechter_ID1911510500_26.09.2019.csv
9,"Da gibt es einen Bürgerfonds, und keiner weiß: Wer zahlt da überhaupt ein, und wer kriegt irgendwas raus?",International Affairs,0,International,Defense,Defense,19115_Tagesordnungspunkt_10_AfD_Kleinwaechter_ID1911510500_26.09.2019.csv
10,Man träumt von deutsch-französischen Großprojekten wie der Eisenbahnstrecke zwischen Colmar und Freiburg.,Transportation,0,International,Defense,Defense,19115_Tagesordnungspunkt_10_AfD_Kleinwaechter_ID1911510500_26.09.2019.csv
11,Dabei bröckelt bei uns schon die Infrastruktur.,Transportation,0,International,Defense,Defense,19115_Tagesordnungspunkt_10_AfD_Kleinwaechter_ID1911510500_26.09.2019.csv
12,"Unsere Pendlerzüge sind nicht pünktlich, und übrigens bedürfte auch die Bahnstrecke zwischen Berlin und Kostrzyn einer Sanierung.",Transportation,0,International,Defense,Defense,19115_Tagesordnungspunkt_10_AfD_Kleinwaechter_ID1911510500_26.09.2019.csv
13,"Es gibt Polizeieinheiten, die für Stabilisierungsoperationen in Drittstaaten wie Mali vorgesehen werden.",International Affairs,0,International,Defense,Defense,19115_Tagesordnungspunkt_10_AfD_Kleinwaechter_ID1911510500_26.09.2019.csv
14,"Dabei haben wir im Inland schon nicht genügend Polizisten, und unsere Straftaten werden oftmals nicht aufgeklärt.",International Affairs,0,International,Defense,Defense,19115_Tagesordnungspunkt_10_AfD_Kleinwaechter_ID1911510500_26.09.2019.csv
15,"Gänzlich ideologisch wird es dann, wenn sich Deutschland und Frankreich in Artikel 18 des Vertrages von Aachen zum – festhalten!",International Affairs,0,International,Defense,Defense,19115_Tagesordnungspunkt_10_AfD_Kleinwaechter_ID1911510500_26.09.2019.csv
16,"– „Umbau ihrer Volkswirtschaften“ verpflichten und diesen Umbau der Volkswirtschaften einem deutsch-französischen Zukunftswerk in die Hand legen, das nicht von Parlamentariern oder demokratisch Gewählten besetzt wird – wo kämen wir denn da hin, wenn wir Demokratie praktizieren würden?",International Affairs,0,International,Defense,Defense,19115_Tagesordnungspunkt_10_AfD_Kleinwaechter_ID1911510500_26.09.2019.csv
17,"–, nein, von Interessenträgern und interessierten Akteuren.",International Affairs,0,International,Defense,Defense,19115_Tagesordnungspunkt_10_AfD_Kleinwaechter_ID1911510500_26.09.2019.csv
18,"Meine Damen und Herren, was mich aber besonders besorgt, das ist nicht das, sondern das ist die Bündnisverpflichtung, die in Artikel 4 Absatz 1 steht.",Defense,0,International,Defense,Defense,19115_Tagesordnungspunkt_10_AfD_Kleinwaechter_ID1911510500_26.09.2019.csv
19,Die beiden Länder sichern sich im Falle eines bewaffneten Angriffs auf ihre Hoheitsgebiete jede in ihrer Macht stehende Hilfe und Unterstützung zu.,Defense,0,International,Defense,Defense,19115_Tagesordnungspunkt_10_AfD_Kleinwaechter_ID1911510500_26.09.2019.csv
20,Dies schließt militärische Mittel ein.,Defense,0,International,Defense,Defense,19115_Tagesordnungspunkt_10_AfD_Kleinwaechter_ID1911510500_26.09.2019.csv
21,"Liebe Kolleginnen und Kollegen, haben Sie sich überlegt, was das bedeutet?",Defense,0,International,Defense,Defense,19115_Tagesordnungspunkt_10_AfD_Kleinwaechter_ID1911510500_26.09.2019.csv
22,"Wir haben aktuell zwei Bündnisstrukturen, in die wir eingebunden sind: Wir haben die NATO; wir haben die EU.",Defense,0,International,Defense,Defense,19115_Tagesordnungspunkt_10_AfD_Kleinwaechter_ID1911510500_26.09.2019.csv
23,In beiden Fällen ist eine militärische Hilfeleistung nicht verpflichtend; wir können auch nur zivil unterstützen.,Defense,0,International,Defense,Defense,19115_Tagesordnungspunkt_10_AfD_Kleinwaechter_ID1911510500_26.09.2019.csv
24,"Im Vertrag von Aachen – das bestätigt ein Gutachten des Wissenschaftlichen Dienstes – ist eine militärische Bündnisverpflichtung integriert, und das bedeutet: Wenn in Paris ein iranischer Terrorangriff oder ein russischer Cyberangriff oder was auch immer passiert, dann sind wir zur militärischen Hilfeleistung verpflichtet, dann gehen unsere Soldaten gen Iran oder gen Moskau.",Defense,0,International,Defense,Defense,19115_Tagesordnungspunkt_10_AfD_Kleinwaechter_ID1911510500_26.09.2019.csv
25,Wollen Sie das?,Defense,0,International,Defense,Defense,19115_Tagesordnungspunkt_10_AfD_Kleinwaechter_ID1911510500_26.09.2019.csv
26,Das steht dadrin; das ist da integriert.,Defense,0,International,Defense,Defense,19115_Tagesordnungspunkt_10_AfD_Kleinwaechter_ID1911510500_26.09.2019.csv
27,Das können Sie mir ruhig glauben.,Defense,0,International,Defense,Defense,19115_Tagesordnungspunkt_10_AfD_Kleinwaechter_ID1911510500_26.09.2019.csv
28,"Ich sage Ihnen ganz offen, sehr verehrte Damen und Herren: Sie sind hier in Ihren Abstimmungen nur Ihrem Gewissen verpflichtet.",Defense,0,International,Defense,Defense,19115_Tagesordnungspunkt_10_AfD_Kleinwaechter_ID1911510500_26.09.2019.csv
29,Ich appelliere an Ihr Gewissen: Ratifizieren Sie diesen hoch problematischen Vertrag nicht!,Defense,0,International,Defense,Defense,19115_Tagesordnungspunkt_10_AfD_Kleinwaechter_ID1911510500_26.09.2019.csv
30,Lassen Sie diese Bündnisverpflichtung nicht zu!,Defense,0,International,Defense,Defense,19115_Tagesordnungspunkt_10_AfD_Kleinwaechter_ID1911510500_26.09.2019.csv
31,Schützen Sie unser Land!,Defense,0,International,Defense,Defense,19115_Tagesordnungspunkt_10_AfD_Kleinwaechter_ID1911510500_26.09.2019.csv
32,Die Menschen werden es Ihnen danken.,Defense,0,International,Defense,Defense,19115_Tagesordnungspunkt_10_AfD_Kleinwaechter_ID1911510500_26.09.2019.csv
33,Vielen Dank.,*,0,International,Defense,Defense,19115_Tagesordnungspunkt_10_AfD_Kleinwaechter_ID1911510500_26.09.2019.csv
34,Für die Fraktion der CDU/CSU hat das Wort der Kollege Andreas Jung.,*,0,International,Defense,Defense,19115_Tagesordnungspunkt_10_AfD_Kleinwaechter_ID1911510500_26.09.2019.csv
