,text,label_gold,segment_id,label_bert,label_parlbert,label_svm,speech_id
0,"Frau Glöckner, Sie haben jetzt kritisiert, dass wir der Entschließung, die wir alle gemeinsam einbringen, zustimmen und dann kritisieren, dass nur drei Vertreter des Bundestages in dem Ausschuss sind.",International Affairs,0,International,International,Government,19115_Tagesordnungspunkt_10_GRUENE_Brantner_ID1911511100_26.09.2019.csv
1,"Ich lese Ihnen jetzt mal vor, was in der Entschließung steht: Der Deutsche Bundestag und die Assemblée nationale begrüßen – dann kommt es – die Einrichtung eines Ausschusses für grenzüberschreitende Zusammenarbeit. – Dazu stehen wir auch.",International Affairs,0,International,International,Government,19115_Tagesordnungspunkt_10_GRUENE_Brantner_ID1911511100_26.09.2019.csv
2,Natürlich begrüßen wir die Einrichtung dieses Ausschusses für grenzüberschreitende Zusammenarbeit.,International Affairs,0,International,International,Government,19115_Tagesordnungspunkt_10_GRUENE_Brantner_ID1911511100_26.09.2019.csv
3,"Da steht aber nicht, dass da nur drei Mitglieder aus dem Bundestag drin sein sollen.",International Affairs,0,International,International,Government,19115_Tagesordnungspunkt_10_GRUENE_Brantner_ID1911511100_26.09.2019.csv
4,"Und das kritisieren wir, und auch, dass da nur die Koalition mit der AfD drin ist und nicht die demokratische Opposition.",International Affairs,0,International,International,Government,19115_Tagesordnungspunkt_10_GRUENE_Brantner_ID1911511100_26.09.2019.csv
5,Wollen Sie antworten?,*,0,International,International,Government,19115_Tagesordnungspunkt_10_GRUENE_Brantner_ID1911511100_26.09.2019.csv
6,– Bitte schön.,*,0,International,International,Government,19115_Tagesordnungspunkt_10_GRUENE_Brantner_ID1911511100_26.09.2019.csv
