,text,label_gold,segment_id,label_bert,label_parlbert,label_svm,speech_id
0,Sehr geehrte Frau Präsidentin!,*,0,Culture,Culture,Culture,19128_Tagesordnungspunkt_31_LINKE_Freihold_ID1912807100_15.11.2019.csv
1,Meine Damen und Herren!,*,0,Culture,Culture,Culture,19128_Tagesordnungspunkt_31_LINKE_Freihold_ID1912807100_15.11.2019.csv
2,Die Beratende Kommission steht international seit Jahren in der Kritik.,Government Operations,0,Culture,Culture,Culture,19128_Tagesordnungspunkt_31_LINKE_Freihold_ID1912807100_15.11.2019.csv
3,"Das Deutsche Zentrum Kulturgutverluste entscheidet einerseits über die Zulässigkeit von Anträgen auf Schlichtung vor der Kommission, andererseits über Förderung der Provenienzforschung.",Government Operations,0,Culture,Culture,Culture,19128_Tagesordnungspunkt_31_LINKE_Freihold_ID1912807100_15.11.2019.csv
4,Während einer Anhörung im Kulturausschuss mahnte Dr.,Government Operations,0,Culture,Culture,Culture,19128_Tagesordnungspunkt_31_LINKE_Freihold_ID1912807100_15.11.2019.csv
5,"Peresztegi von der Commission for Art Recovery an, die Kommission transparent und effektiv zu gestalten, damit sich die Opfer von NS-Raubkunst und ihre Erben an sie wenden können.",Government Operations,0,Culture,Culture,Culture,19128_Tagesordnungspunkt_31_LINKE_Freihold_ID1912807100_15.11.2019.csv
6,Davon erfahren wir im Antrag der Koalition nichts.,Government Operations,0,Culture,Culture,Culture,19128_Tagesordnungspunkt_31_LINKE_Freihold_ID1912807100_15.11.2019.csv
7,"Vielmehr wird versucht, den bisherigen Status quo zu legitimieren und die massive Kritik der Überlebenden der NS-Verfolgung zu marginalisieren.",Government Operations,0,Culture,Culture,Culture,19128_Tagesordnungspunkt_31_LINKE_Freihold_ID1912807100_15.11.2019.csv
8,"Bei rund 2 800 Werken aus Reichsbesitz im Kunstbestand des Bundes wird vermutet, dass sie NS-verfolgungsbedingt entzogen wurden.",Government Operations,0,Culture,Culture,Culture,19128_Tagesordnungspunkt_31_LINKE_Freihold_ID1912807100_15.11.2019.csv
9,In den 15 Jahren ihres Bestehens wurde die Beratende Kommission jedoch nur fünfzehnmal angerufen – für die Bundesregierung ein vermeintlicher Beleg für die große Bereitschaft für faire Lösungen ohne ihre Vermittlung.,Government Operations,0,Culture,Culture,Culture,19128_Tagesordnungspunkt_31_LINKE_Freihold_ID1912807100_15.11.2019.csv
10,"Bemerkenswert hierbei: Mit der Untersuchung der Provenienz von Kulturobjekten des Bundes aus ehemaligem Reichsbesitz sind nur 2,8 Stellen befasst.",Government Operations,0,Culture,Culture,Culture,19128_Tagesordnungspunkt_31_LINKE_Freihold_ID1912807100_15.11.2019.csv
11,"Die Beschlussfassung der Beratenden Kommission soll für die Berechtigten bindend sein, deren Entscheidungen sind jedoch unverbindlich und nicht anfechtbar.",Government Operations,0,Culture,Culture,Culture,19128_Tagesordnungspunkt_31_LINKE_Freihold_ID1912807100_15.11.2019.csv
12,"Rechtsnormen, insbesondere jüngste Rechtsentwicklungen im internationalen Kulturgüterschutz- und Kunstrestitutionsrecht, werden von der Beratenden Kommission nicht als verbindliche Entscheidungsgrundlage anerkannt.",Government Operations,0,Culture,Culture,Culture,19128_Tagesordnungspunkt_31_LINKE_Freihold_ID1912807100_15.11.2019.csv
13,"Deshalb begrüßen wir auch den Vorstoß der FDP-Fraktion, die Arbeit der Kommission strukturell zu sanieren.",Government Operations,0,Culture,Culture,Culture,19128_Tagesordnungspunkt_31_LINKE_Freihold_ID1912807100_15.11.2019.csv
14,Unsere Vorschläge zur Schaffung einer Unabhängigen Kommission für die Restitution von kolonialem Raubgut beinhalten jedoch eine gleichzeitige und gleichwertige Lösung für die Opfer des deutschen Kolonialunrechts und eine gesetzliche Regelung der Restitution von Kulturgut aus kolonialem Unrecht.,Government Operations,0,Culture,Culture,Culture,19128_Tagesordnungspunkt_31_LINKE_Freihold_ID1912807100_15.11.2019.csv
15,Das Nürnberger Tribunal gegen die Hauptkriegsverbrecher bewertete den systematischen Kunstraub auch als Verbrechen gegen die Menschlichkeit.,Government Operations,0,Culture,Culture,Culture,19128_Tagesordnungspunkt_31_LINKE_Freihold_ID1912807100_15.11.2019.csv
16,Entschädigung bzw.,Government Operations,0,Culture,Culture,Culture,19128_Tagesordnungspunkt_31_LINKE_Freihold_ID1912807100_15.11.2019.csv
17,Rückgabe an die ursprünglichen Eigentümer stellen somit keinesfalls nur eine ethisch-moralische Selbstverpflichtung der Bundesrepublik dar.,Government Operations,0,Culture,Culture,Culture,19128_Tagesordnungspunkt_31_LINKE_Freihold_ID1912807100_15.11.2019.csv
18,"Meine Damen und Herren der Regierungskoalition, Ihr Antrag strotzt vor unverbindlichen Appellen.",Government Operations,0,Culture,Culture,Culture,19128_Tagesordnungspunkt_31_LINKE_Freihold_ID1912807100_15.11.2019.csv
19,"Sie leben in einer Parallelwelt, in der die rechtliche Verantwortung der Bundesrepublik für den im NS staatlich organisierten Kunst- und Kulturraub nicht existiert.",Government Operations,0,Culture,Culture,Culture,19128_Tagesordnungspunkt_31_LINKE_Freihold_ID1912807100_15.11.2019.csv
20,"Sie sind keine Aufarbeitungsweltmeister, sondern verschleppen die Rückgabe.",Government Operations,0,Culture,Culture,Culture,19128_Tagesordnungspunkt_31_LINKE_Freihold_ID1912807100_15.11.2019.csv
21,Erst 13 Jahre nach Errichtung der Beratenden Kommission wurde deren Verfahrensordnung veröffentlicht.,Government Operations,0,Culture,Culture,Culture,19128_Tagesordnungspunkt_31_LINKE_Freihold_ID1912807100_15.11.2019.csv
22,"Das trug bislang nicht dazu bei, Verfahren vor der Kommission gemäß den Washingtoner Prinzipien als gerecht und fair zu legitimieren.",Government Operations,0,Culture,Culture,Culture,19128_Tagesordnungspunkt_31_LINKE_Freihold_ID1912807100_15.11.2019.csv
23,"Aufgrund fehlender gemeinsamer Standards ist den Akteuren, Museen, Kunsthändlern und Sammlern, das jeweils anzuwendende Verfahren oft nicht klar.",Government Operations,0,Culture,Culture,Culture,19128_Tagesordnungspunkt_31_LINKE_Freihold_ID1912807100_15.11.2019.csv
24,"Wir fordern in einem gesonderten Antrag auf Bundestagsdrucksache 19/8273 eine Beweislastumkehr: Wer den rechtmäßigen Besitz nicht lückenlos nachweisen kann, soll gesetzlich zur Rückgabe verpflichtet werden.",Government Operations,0,Culture,Culture,Culture,19128_Tagesordnungspunkt_31_LINKE_Freihold_ID1912807100_15.11.2019.csv
25,In unserem hier vorgelegten Antrag fordern wir folgerichtig eine gesetzliche Grundlage für die Vermittlungstätigkeit der Beratenden Kommission bei der Rückerstattung von NS-Raubkunst auch für Private im Einklang mit Artikel 14 Absatz 3 des Grundgesetzes.,Government Operations,0,Culture,Culture,Culture,19128_Tagesordnungspunkt_31_LINKE_Freihold_ID1912807100_15.11.2019.csv
26,"Darüber hinaus sind umfassende Maßnahmen für die kulturelle und historische Bildung nötig, um die Wertschätzung von geraubten Kunstwerken und anderen Kulturgütern als Symbole und Beweise des jüdischen kulturellen Lebens und Erbes in Europa zu fördern.",Government Operations,0,Culture,Culture,Culture,19128_Tagesordnungspunkt_31_LINKE_Freihold_ID1912807100_15.11.2019.csv
27,"Kollegin Freihold, kommen Sie bitte zum Schluss.",Government Operations,0,Culture,Culture,Culture,19128_Tagesordnungspunkt_31_LINKE_Freihold_ID1912807100_15.11.2019.csv
28,Eine gesetzliche Regelung der Rückgabe könnte auch den Raub von Kulturgütern und den illegalen Handel eindämmen.,Government Operations,0,Culture,Culture,Culture,19128_Tagesordnungspunkt_31_LINKE_Freihold_ID1912807100_15.11.2019.csv
29,Dem Antrag der Koalition können wir aus genannten Gründen nicht zustimmen.,Government Operations,0,Culture,Culture,Culture,19128_Tagesordnungspunkt_31_LINKE_Freihold_ID1912807100_15.11.2019.csv
30,Herzlichen Dank.,*,0,Culture,Culture,Culture,19128_Tagesordnungspunkt_31_LINKE_Freihold_ID1912807100_15.11.2019.csv
31,Das Wort hat der Kollege Erhard Grundl für die Fraktion Bündnis 90/Die Grünen.,*,0,Culture,Culture,Culture,19128_Tagesordnungspunkt_31_LINKE_Freihold_ID1912807100_15.11.2019.csv
