,text,label_gold,segment_id,label_bert,label_parlbert,label_svm,speech_id
0,Frau Präsidentin!,*,0,Culture,Culture,Defense,19128_Tagesordnungspunkt_31_SPD_Lindh_ID1912806900_15.11.2019.csv
1,Liebe Kolleginnen und Kollegen!,*,0,Culture,Culture,Defense,19128_Tagesordnungspunkt_31_SPD_Lindh_ID1912806900_15.11.2019.csv
2,Ich begreife uns hier als Gemeinschaft.,Government Operations,0,Culture,Culture,Defense,19128_Tagesordnungspunkt_31_SPD_Lindh_ID1912806900_15.11.2019.csv
3,"Deshalb schäme ich mich, wenn Mitglieder dieses Parlaments ein Verhalten zeigen, dass des Moments und des Antrags nicht würdig ist.",Government Operations,0,Culture,Culture,Defense,19128_Tagesordnungspunkt_31_SPD_Lindh_ID1912806900_15.11.2019.csv
4,"Deshalb entschuldige ich mich in diesem Augenblick in unser aller Namen dafür, dass Kollege Jongen es wirklich gewagt hat, ausgerechnet das Thema des NS-Kunstraubes zu instrumentalisieren, um die vermeintlich kluge These von der Moralisierung der Bundesrepublik zu verbreiten.",Government Operations,0,Culture,Culture,Defense,19128_Tagesordnungspunkt_31_SPD_Lindh_ID1912806900_15.11.2019.csv
5,"Das ist zutiefst peinlich und beschämend, finde ich.",Government Operations,0,Culture,Culture,Defense,19128_Tagesordnungspunkt_31_SPD_Lindh_ID1912806900_15.11.2019.csv
6,"Sie geben aber unwissentlich genau das richtige Stichwort; denn eine bittere Lehre aus der Zeit des Nationalsozialismus und des systematischen Kunstraubs und des Entzugs von Kunst ist, dass man Recht, vermeintliches Recht eben nicht blind gegenüber Moral gestalten kann.",Government Operations,0,Culture,Culture,Defense,19128_Tagesordnungspunkt_31_SPD_Lindh_ID1912806900_15.11.2019.csv
7,"Denn das war ja die nächste Perfidie der Nazis, dass sie diese mit einer Scheinrechtlichkeit und durch Verklausulierungen – angebliche Führervorbehalte und Ähnliches – durchführten.",Government Operations,0,Culture,Culture,Defense,19128_Tagesordnungspunkt_31_SPD_Lindh_ID1912806900_15.11.2019.csv
8,Deshalb ist dies sehr wohl als rechtliche wie als moralische Frage zu betrachten.,Government Operations,0,Culture,Culture,Defense,19128_Tagesordnungspunkt_31_SPD_Lindh_ID1912806900_15.11.2019.csv
9,Denn warum stellen wir diesen Antrag?,Government Operations,0,Culture,Culture,Defense,19128_Tagesordnungspunkt_31_SPD_Lindh_ID1912806900_15.11.2019.csv
10,Warum bemühen wir uns überhaupt in dieser Frage?,Government Operations,0,Culture,Culture,Defense,19128_Tagesordnungspunkt_31_SPD_Lindh_ID1912806900_15.11.2019.csv
11,Es geht um konkrete Personen.,Government Operations,0,Culture,Culture,Defense,19128_Tagesordnungspunkt_31_SPD_Lindh_ID1912806900_15.11.2019.csv
12,"Es geht um Otto, Konrad und Kurt, Nachname Bernheimer.",Government Operations,0,Culture,Culture,Defense,19128_Tagesordnungspunkt_31_SPD_Lindh_ID1912806900_15.11.2019.csv
13,"Und es gibt viele von ihnen, mit anderen Namen, ganz individuelle, einzigartige Schicksale; aber alle schrecklicherweise geeint in diesem Unrecht, in dieser Demütigung, die sie durch den Nationalsozialismus, die Verfolgung und auch durch die Enteignung erfahren haben.",Government Operations,0,Culture,Culture,Defense,19128_Tagesordnungspunkt_31_SPD_Lindh_ID1912806900_15.11.2019.csv
14,"Und das ist keine ferne Geschichte, sondern eine Geschichte, die unmittelbar in unsere Gegenwart und unsere Nachbarschaft reicht.",Government Operations,0,Culture,Culture,Defense,19128_Tagesordnungspunkt_31_SPD_Lindh_ID1912806900_15.11.2019.csv
15,Ich komme aus dem Wahlkreis Wuppertal.,Government Operations,0,Culture,Culture,Defense,19128_Tagesordnungspunkt_31_SPD_Lindh_ID1912806900_15.11.2019.csv
16,"Vor Kurzem eröffneten wir dort eine Ausstellung zu dem verfemten, geächteten, als entartete Kunst Produzierenden begriffenen Künstler Oskar Schlemmer.",Government Operations,0,Culture,Culture,Defense,19128_Tagesordnungspunkt_31_SPD_Lindh_ID1912806900_15.11.2019.csv
17,"Er hat in den 40er-Jahren die Möglichkeit bekommen, bei dem Unternehmer Kurt Herberts, einem Wuppertaler Chemieproduzenten, der aber auch Lackkunst förderte, zu arbeiten.",Government Operations,0,Culture,Culture,Defense,19128_Tagesordnungspunkt_31_SPD_Lindh_ID1912806900_15.11.2019.csv
18,Selbiger Kurt Herberts kaufte von der sogenannten Kameradschaft der Künstler einen Sekretär der Familie Bernheimer.,Government Operations,0,Culture,Culture,Defense,19128_Tagesordnungspunkt_31_SPD_Lindh_ID1912806900_15.11.2019.csv
19,"Diese Kameradschaft der Künstler war nichts anderes als eine vermeintlich rechtlich korrekte Form der Arisierung jüdischen Eigentums durch das Deutsche Reich, das Unrechtsreich.",Government Operations,0,Culture,Culture,Defense,19128_Tagesordnungspunkt_31_SPD_Lindh_ID1912806900_15.11.2019.csv
20,"Heute, seit einigen Monaten, ringt nun sein Enkel, Konrad Bernheimer, in Bayern um die Frage der Restitution, weil mittlerweile, nach verschlungenen Wegen, ebendieser Sekretär im Eigentum des Bayerischen Nationalmuseums ist.",Government Operations,0,Culture,Culture,Defense,19128_Tagesordnungspunkt_31_SPD_Lindh_ID1912806900_15.11.2019.csv
21,"Er erfährt, welche Widrigkeiten mit einem solchen Prozess verbunden sind.",Government Operations,0,Culture,Culture,Defense,19128_Tagesordnungspunkt_31_SPD_Lindh_ID1912806900_15.11.2019.csv
22,"Der Vater des Konrad Bernheimer, der die Nachfolge als Kunsthändler antreten sollte, Sohn des Otto Bernheimer, versuchte einmal, 1948, wieder nach Deutschland einzureisen.",Government Operations,0,Culture,Culture,Defense,19128_Tagesordnungspunkt_31_SPD_Lindh_ID1912806900_15.11.2019.csv
23,"Aber er konnte es nicht ertragen und musste aufgrund posttraumatischer Störungen das Land wieder verlassen. 1954 versuchte er es wieder, doch er nahm sich vor der Einreise das Leben.",Government Operations,0,Culture,Culture,Defense,19128_Tagesordnungspunkt_31_SPD_Lindh_ID1912806900_15.11.2019.csv
24,"Das ist, wovon wir hier sprechen.",Government Operations,0,Culture,Culture,Defense,19128_Tagesordnungspunkt_31_SPD_Lindh_ID1912806900_15.11.2019.csv
25,"Wir sprechen in letzter Konsequenz nicht von der Restitution von Kunstwerken und Artefakten, wir sprechen von der Restitution von Würde und Menschenleben.",Government Operations,0,Culture,Culture,Defense,19128_Tagesordnungspunkt_31_SPD_Lindh_ID1912806900_15.11.2019.csv
26,"Wir sprechen davon, einen Moment der Versöhnung zu schaffen und den Menschen Gerechtigkeit widerfahren zu lassen.",Government Operations,0,Culture,Culture,Defense,19128_Tagesordnungspunkt_31_SPD_Lindh_ID1912806900_15.11.2019.csv
27,"Wenn wir – das ist ja auch in dem Antrag enthalten – von Provenienz und einer Weiterentwicklung der Provenienzforschung sprechen, so sollten wir uns auch klarmachen, dass es in diesen Fällen nicht primär um die Provenienz von Kunstwerken geht, nicht primär um die sicher wichtige wissenschaftliche Aufarbeitung der Herkunft und der ganzen Geschichte geht, sondern es letztlich um die Provenienz zerrütteter sozialer Verhältnisse geht.",Government Operations,0,Culture,Culture,Defense,19128_Tagesordnungspunkt_31_SPD_Lindh_ID1912806900_15.11.2019.csv
28,"Diese Kunstwerke gehörten Menschen, diese Kunstwerke waren eingebunden in ihr Leben und in ihre Realität, und diese Realität haben wir ihnen genommen.",Government Operations,0,Culture,Culture,Defense,19128_Tagesordnungspunkt_31_SPD_Lindh_ID1912806900_15.11.2019.csv
29,Das ist die Höhe des Auftrages.,Government Operations,0,Culture,Culture,Defense,19128_Tagesordnungspunkt_31_SPD_Lindh_ID1912806900_15.11.2019.csv
30,"Deshalb ist es auch wichtig, dass wir – erst recht hier – rechtlich wie moralisch argumentieren.",Government Operations,0,Culture,Culture,Defense,19128_Tagesordnungspunkt_31_SPD_Lindh_ID1912806900_15.11.2019.csv
31,Es geht um die Wiederherstellung der Würde von Menschen.,Government Operations,0,Culture,Culture,Defense,19128_Tagesordnungspunkt_31_SPD_Lindh_ID1912806900_15.11.2019.csv
32,"Daher bin ich ausdrücklich dankbar, dass die Kulturstaatsministerin, die BKM, aber auch Michelle Müntefering im Auswärtigen Amt schon frühzeitig verstärkte Anstrengungen unternommen haben – zusammen mit den Vereinigten Staaten, mit der Joint Declaration –, um einen entsprechenden verstärkten Prozess der Restitution und der Aufklärung auf den Weg zu bringen.",Government Operations,0,Culture,Culture,Defense,19128_Tagesordnungspunkt_31_SPD_Lindh_ID1912806900_15.11.2019.csv
33,"Ich bin dankbar dafür, dass die deutsche Regierung bei Fragen der Beutekunst sehr offensiv und sehr entschieden vorgeht.",Government Operations,0,Culture,Culture,Defense,19128_Tagesordnungspunkt_31_SPD_Lindh_ID1912806900_15.11.2019.csv
34,"Ich bin auch dankbar dafür, dass einige Schritte, die wir hier fordern, wie das Helpdesk, wie die einseitige Anrufung, bereits umgesetzt sind.",Government Operations,0,Culture,Culture,Defense,19128_Tagesordnungspunkt_31_SPD_Lindh_ID1912806900_15.11.2019.csv
35,"Aber ich denke, angesichts des Auftrages, den wir haben, sollten wir das mit aller Demut und Bescheidenheit machen.",Government Operations,0,Culture,Culture,Defense,19128_Tagesordnungspunkt_31_SPD_Lindh_ID1912806900_15.11.2019.csv
36,"Denn der Hintergrund ist ein einmaliges Versagen – und das werden wir niemals gutmachen können –: Das ist der Zivilisationsbruch des Nationalsozialismus, des Dritten Reiches.",Government Operations,0,Culture,Culture,Defense,19128_Tagesordnungspunkt_31_SPD_Lindh_ID1912806900_15.11.2019.csv
37,"Die Erkenntnis ist, dass es uns nie gelingen wird – mit keiner Restitution –, das wiedergutzumachen.",Government Operations,0,Culture,Culture,Defense,19128_Tagesordnungspunkt_31_SPD_Lindh_ID1912806900_15.11.2019.csv
38,"Was wir aber machen können, ist: Schluss machen mit dem Prozess des Scheiterns.",Government Operations,0,Culture,Culture,Defense,19128_Tagesordnungspunkt_31_SPD_Lindh_ID1912806900_15.11.2019.csv
39,"Und es ist leider oft passiert – das erlebt gerade auch Herr Bernheimer –, dass wir es nicht schaffen, die Opfer und ihre Nachfahren würdevoll in diesem Prozess der Aufklärung, der Restitution zu begleiten.",Government Operations,0,Culture,Culture,Defense,19128_Tagesordnungspunkt_31_SPD_Lindh_ID1912806900_15.11.2019.csv
40,"Das ist, was geschehen muss – und das ist genau der Geist dieses Antrages, um den ich für Zustimmung bitte –: Wir müssen begreifen, dass die Perspektive der Opfer und ihrer Nachfahren der Maßstab allen Handelns ist.",Government Operations,0,Culture,Culture,Defense,19128_Tagesordnungspunkt_31_SPD_Lindh_ID1912806900_15.11.2019.csv
41,Das allein ist der Maßstab.,Government Operations,0,Culture,Culture,Defense,19128_Tagesordnungspunkt_31_SPD_Lindh_ID1912806900_15.11.2019.csv
42,"Es gibt Hunderte von Gründen – Komplexität der Provenienzforschung, bürokratische Hemmnisse, all die Fragen, gute Gründe –, einen langwierigen Prozess zu beschreiten, auch Dinge zu verzögern, vielfach nachzufragen.",Government Operations,0,Culture,Culture,Defense,19128_Tagesordnungspunkt_31_SPD_Lindh_ID1912806900_15.11.2019.csv
43,"Aber es gibt einen Grund, der all diese guten Gründe bricht, und das ist der Grund, dass wir die Perspektive der Opfer werten und anerkennen müssen.",Government Operations,0,Culture,Culture,Defense,19128_Tagesordnungspunkt_31_SPD_Lindh_ID1912806900_15.11.2019.csv
44,"Genau das hat auch heute Herr Lauder, der Präsident des World Jewish Congress, in seiner Veröffentlichung in der „Süddeutschen Zeitung“ deutlich gemacht.",Government Operations,0,Culture,Culture,Defense,19128_Tagesordnungspunkt_31_SPD_Lindh_ID1912806900_15.11.2019.csv
45,"Das ist unser aller Aufgabe, und weniger können und dürfen wir nicht leisten.",Government Operations,0,Culture,Culture,Defense,19128_Tagesordnungspunkt_31_SPD_Lindh_ID1912806900_15.11.2019.csv
46,"Ich versuche auch noch, zu erklären, warum wir das tun müssen.",Government Operations,0,Culture,Culture,Defense,19128_Tagesordnungspunkt_31_SPD_Lindh_ID1912806900_15.11.2019.csv
47,"Es geht nicht darum, dass wir mit dieser Restitution, dass wir mit Formen des Gedenkens uns selbst ein Gedenken schaffen, dass wir uns stolz und glücklich fühlen, dass wir jetzt einen wirklich, wirklich guten Antrag auf den Weg bringen, der das Potenzial hat, eine fundamentale Verbesserung der Beratenden Kommission zu konstituieren.",Government Operations,0,Culture,Culture,Defense,19128_Tagesordnungspunkt_31_SPD_Lindh_ID1912806900_15.11.2019.csv
48,"Nein, es geht eben nicht um uns, sondern es geht um die anderen – in den Vereinigten Staaten, in vielen anderen Ländern –, die so schwer betroffen sind.",Government Operations,0,Culture,Culture,Defense,19128_Tagesordnungspunkt_31_SPD_Lindh_ID1912806900_15.11.2019.csv
49,Aber im letzten Schritt geht es eben doch um uns.,Government Operations,0,Culture,Culture,Defense,19128_Tagesordnungspunkt_31_SPD_Lindh_ID1912806900_15.11.2019.csv
50,"Denn die Bernheimers und die Schlemmers und all die anderen, das waren unsere Nachbarn, sie waren ein Teil von uns, und wir haben uns, das Deutsche Reich in seinem Unrecht, in seinem Schrecken hat sich damals selbst beraubt.",Government Operations,0,Culture,Culture,Defense,19128_Tagesordnungspunkt_31_SPD_Lindh_ID1912806900_15.11.2019.csv
51,"Deshalb tun wir uns auch selbst einen richtigen Dienst, wenn wir mit diesem Antrag, wenn wir mit den begleitenden Maßnahmen endlich die Restitution der Würde der Opfer und ihrer Nachkommen betreiben.",Government Operations,0,Culture,Culture,Defense,19128_Tagesordnungspunkt_31_SPD_Lindh_ID1912806900_15.11.2019.csv
52,Vielen Dank.,*,0,Culture,Culture,Defense,19128_Tagesordnungspunkt_31_SPD_Lindh_ID1912806900_15.11.2019.csv
53,Danke. – Das Wort hat der Kollege Hartmut Ebbing für die FDP-Fraktion.,*,0,Culture,Culture,Defense,19128_Tagesordnungspunkt_31_SPD_Lindh_ID1912806900_15.11.2019.csv
