,text,label_gold,segment_id,label_bert,label_parlbert,label_svm,speech_id
0,Sehr verehrte Frau Präsidentin!,*,0,Culture,Culture,International,19128_Tagesordnungspunkt_31_GRUENE_Grundl_ID1912807200_15.11.2019.csv
1,Meine Damen und Herren!,Government Operations,0,Culture,Culture,International,19128_Tagesordnungspunkt_31_GRUENE_Grundl_ID1912807200_15.11.2019.csv
2,Ich habe den Ausführungen von Frau Professor Grütters und auch von Herrn Lindh gelauscht.,Government Operations,0,Culture,Culture,International,19128_Tagesordnungspunkt_31_GRUENE_Grundl_ID1912807200_15.11.2019.csv
3,"Dem steht die Zahl von 15 Anrufungen der Kommission in 15 Jahren gegenüber, eine Zahl, die der heute schon oft zitierte Chef des World Jewish Congress, Ron Lauder, genannt hat.",Government Operations,0,Culture,Culture,International,19128_Tagesordnungspunkt_31_GRUENE_Grundl_ID1912807200_15.11.2019.csv
4,"Für mein Gefühl ist das ein Skandal, der die gesamte Herangehensweise betrifft, mit der man bisher an diese Kommission von politischer Seite herangetreten ist.",Government Operations,0,Culture,Culture,International,19128_Tagesordnungspunkt_31_GRUENE_Grundl_ID1912807200_15.11.2019.csv
5,"Denn zwangsverkauft weit unter Wert, als Reaktion auf den Terror, so gelangte zum Beispiel die „Borussia“ von Adolph Menzel aus dem Besitz der Familie von Mendelssohn über den Kunsthändler Haberstock 1940 in die Reichskanzlei.",Government Operations,0,Culture,Culture,International,19128_Tagesordnungspunkt_31_GRUENE_Grundl_ID1912807200_15.11.2019.csv
6,"Zum Schutz vor Bomben wird das Gemälde während des Krieges in das Salzbergwerk Altaussee gebracht und landet nach dem Krieg in der größten Kunstsammelstelle der Alliierten, im Central Collection Point in München.",Government Operations,0,Culture,Culture,International,19128_Tagesordnungspunkt_31_GRUENE_Grundl_ID1912807200_15.11.2019.csv
7,Schließlich wird es über ein Auktionshaus nach Berlin verkauft.,Government Operations,0,Culture,Culture,International,19128_Tagesordnungspunkt_31_GRUENE_Grundl_ID1912807200_15.11.2019.csv
8,"Es dauert lange, bis zum Jahr 2000, bis das Gemälde an die Familie von Mendelssohn restituiert wird.",Government Operations,0,Culture,Culture,International,19128_Tagesordnungspunkt_31_GRUENE_Grundl_ID1912807200_15.11.2019.csv
9,"Die Odyssee der „Borussia“ zeugt vom systematischen Kunstraub, den Deutsche und ihre Helfer im Nationalsozialismus betrieben.",Government Operations,0,Culture,Culture,International,19128_Tagesordnungspunkt_31_GRUENE_Grundl_ID1912807200_15.11.2019.csv
10,"Das alles liest sich wie ein Krimi, und kriminelle Energie war in der Tat nur zu oft die entscheidende Triebfeder in der gesamten Odyssee.",Government Operations,0,Culture,Culture,International,19128_Tagesordnungspunkt_31_GRUENE_Grundl_ID1912807200_15.11.2019.csv
11,"Ja, noch heute liegen allein in Nordrhein-Westfalen in den Museen circa 770 000 Kunstwerke unklarer Herkunft aus der NS-Zeit.",Government Operations,0,Culture,Culture,International,19128_Tagesordnungspunkt_31_GRUENE_Grundl_ID1912807200_15.11.2019.csv
12,"Aber auch knapp 75 Jahre nach Kriegsende und über 20 Jahre nach der Washingtoner Erklärung ist die Bilanz bei der Restitution von Kunstgütern, wie ich ausgeführt habe, spindeldürr.",Government Operations,0,Culture,Culture,International,19128_Tagesordnungspunkt_31_GRUENE_Grundl_ID1912807200_15.11.2019.csv
13,"Der vorliegende Antrag der Koalitionsfraktionen zur Weiterentwicklung der Beratenden Kommission ist ein Schritt in die richtige Richtung, aber auch nicht mehr.",Government Operations,0,Culture,Culture,International,19128_Tagesordnungspunkt_31_GRUENE_Grundl_ID1912807200_15.11.2019.csv
14,"Richtig ist, dass die Möglichkeit der einseitigen Anrufung der Kommission in einem Konfliktfall durch die BKM gestärkt wurde.",Government Operations,0,Culture,Culture,International,19128_Tagesordnungspunkt_31_GRUENE_Grundl_ID1912807200_15.11.2019.csv
15,"Doch in Bezug auf die Beratende Kommission bleibt der Anhang weit hinter dem zurück, was jetzt eigentlich ansteht.",Government Operations,0,Culture,Culture,International,19128_Tagesordnungspunkt_31_GRUENE_Grundl_ID1912807200_15.11.2019.csv
16,Die Kommission als Ansprechpartnerin der Opfer und ihrer Angehörigen muss ein klares eigenständiges Profil haben.,Government Operations,0,Culture,Culture,International,19128_Tagesordnungspunkt_31_GRUENE_Grundl_ID1912807200_15.11.2019.csv
17,Sie braucht eine eigene Geschäftsstelle.,Government Operations,0,Culture,Culture,International,19128_Tagesordnungspunkt_31_GRUENE_Grundl_ID1912807200_15.11.2019.csv
18,Die Kommission darf keine Zweigstelle des Deutschen Zentrums Kulturgutverluste sein.,Government Operations,0,Culture,Culture,International,19128_Tagesordnungspunkt_31_GRUENE_Grundl_ID1912807200_15.11.2019.csv
19,Das widerspricht dem Gedanken der Unabhängigkeit.,Government Operations,0,Culture,Culture,International,19128_Tagesordnungspunkt_31_GRUENE_Grundl_ID1912807200_15.11.2019.csv
20,Für ihre Aufgaben braucht sie mehr und vor allem qualifiziertes Personal mit internationaler Erfahrung.,Government Operations,0,Culture,Culture,International,19128_Tagesordnungspunkt_31_GRUENE_Grundl_ID1912807200_15.11.2019.csv
21,"Im Antrag fehlt der Ansatz, konkrete Stellen zur Provenienzforschung zu schaffen.",Government Operations,0,Culture,Culture,International,19128_Tagesordnungspunkt_31_GRUENE_Grundl_ID1912807200_15.11.2019.csv
22,"Das ist aber die Voraussetzung dafür, dass die Geschäftsstelle in der Lage ist, administrative Aufgaben zu erfüllen und Nachforschungen überhaupt anzustellen.",Government Operations,0,Culture,Culture,International,19128_Tagesordnungspunkt_31_GRUENE_Grundl_ID1912807200_15.11.2019.csv
23,Stattdessen – wir haben es gehört – soll ein Helpdesk für Antrags- und Übersetzungsfragen eingerichtet werden.,Government Operations,0,Culture,Culture,International,19128_Tagesordnungspunkt_31_GRUENE_Grundl_ID1912807200_15.11.2019.csv
24,"Sinnvoll wäre es, wenn der Helpdesk an die Geschäftsstelle angeschlossen und mit eigenem Personal ausgestattet würde.",Government Operations,0,Culture,Culture,International,19128_Tagesordnungspunkt_31_GRUENE_Grundl_ID1912807200_15.11.2019.csv
25,Sonst werden allerdings ineffektive Doppelstrukturen geschaffen.,Government Operations,0,Culture,Culture,International,19128_Tagesordnungspunkt_31_GRUENE_Grundl_ID1912807200_15.11.2019.csv
26,"Vorgesehen ist, dass Opfer und Erben nun auch aus dem Ausland Anträge stellen können.",Government Operations,0,Culture,Culture,International,19128_Tagesordnungspunkt_31_GRUENE_Grundl_ID1912807200_15.11.2019.csv
27,Das begrüßen wir.,Government Operations,0,Culture,Culture,International,19128_Tagesordnungspunkt_31_GRUENE_Grundl_ID1912807200_15.11.2019.csv
28,"Versäumt wird in dem Antrag aber, Betroffenen die Möglichkeit einzuräumen, selbst Gutachten externer Berater einzuholen und deren Expertise in die Provenienzklärung einzubeziehen.",Government Operations,0,Culture,Culture,International,19128_Tagesordnungspunkt_31_GRUENE_Grundl_ID1912807200_15.11.2019.csv
29,Nicht zuletzt werden in dem Antrag keine Zielmarken für die Digitalisierung staatlicher Kunstbestände gesetzt.,Government Operations,0,Culture,Culture,International,19128_Tagesordnungspunkt_31_GRUENE_Grundl_ID1912807200_15.11.2019.csv
30,"Meine Damen und Herren, die „Borussia“ von Menzel wurde 55 Jahre nach Kriegsende an die Familie von Mendelssohn restituiert.",Government Operations,0,Culture,Culture,International,19128_Tagesordnungspunkt_31_GRUENE_Grundl_ID1912807200_15.11.2019.csv
31,"Das ist spät, viel zu spät.",Government Operations,0,Culture,Culture,International,19128_Tagesordnungspunkt_31_GRUENE_Grundl_ID1912807200_15.11.2019.csv
32,"Jetzt, knapp 75 Jahre nach Kriegsende, ist dieser Teil deutscher Erinnerungskultur vor allem eines: ein nicht erfülltes Versprechen.",Government Operations,0,Culture,Culture,International,19128_Tagesordnungspunkt_31_GRUENE_Grundl_ID1912807200_15.11.2019.csv
33,"Friedensnobelpreisträger Elie Wiesel sagte in seiner Eröffnungsrede auf der Washingtoner Konferenz 1998:
Wir wollen hier nicht über Geld, wir wollen über Gewissen, Moral und Erinnerung sprechen.",Government Operations,0,Culture,Culture,International,19128_Tagesordnungspunkt_31_GRUENE_Grundl_ID1912807200_15.11.2019.csv
34,"Aus der Frage nach Gewissen, Moral und Erinnerung ist inzwischen auch eine Zeitfrage geworden.",Government Operations,1,Government,Government,Government,19128_Tagesordnungspunkt_31_GRUENE_Grundl_ID1912807200_15.11.2019.csv
35,"Wir brauchen eine effektivere Form der Beratenden Kommission, und das sehr schnell.",Government Operations,1,Government,Government,Government,19128_Tagesordnungspunkt_31_GRUENE_Grundl_ID1912807200_15.11.2019.csv
36,Ich danke Ihnen.,*,1,Government,Government,Government,19128_Tagesordnungspunkt_31_GRUENE_Grundl_ID1912807200_15.11.2019.csv
37,Das Wort hat der Kollege Ansgar Heveling für die CDU/CSU-Fraktion.,*,1,Government,Government,Government,19128_Tagesordnungspunkt_31_GRUENE_Grundl_ID1912807200_15.11.2019.csv
