,text,label_gold,segment_id,label_bert,label_parlbert,label_svm,speech_id
0,Frau Präsidentin!,*,0,Culture,Culture,Defense,19128_Tagesordnungspunkt_31_AfD_Jongen_ID1912806800_15.11.2019.csv
1,Meine Damen und Herren!,*,0,Culture,Culture,Defense,19128_Tagesordnungspunkt_31_AfD_Jongen_ID1912806800_15.11.2019.csv
2,Der Kunstraub durch die Nationalsozialisten mag Außenstehenden vielleicht als marginales Thema erscheinen.,Government Operations,0,Culture,Culture,Defense,19128_Tagesordnungspunkt_31_AfD_Jongen_ID1912806800_15.11.2019.csv
3,"Wenn man aber bedenkt, dass es zum größten Teil jüdische Bürger waren, denen die Nazis ihre Kunstwerke raubten oder unter erpresserischen Bedingungen für sehr wenig Geld abnahmen, dann sieht man, dass dieses düstere Kapitel mit dem Kapitalverbrechen des NS-Regimes, der Verfolgung und Vernichtung der Juden in Deutschland und Europa, aufs Engste zusammenhängt.",Government Operations,0,Culture,Culture,Defense,19128_Tagesordnungspunkt_31_AfD_Jongen_ID1912806800_15.11.2019.csv
4,Die Rückgabe dieser Kunstgegenstände an ihre vormaligen Besitzer oder deren Erben hat daher neben der materiellen Seite auch einen hohen Symbolgehalt.,Government Operations,0,Culture,Culture,Defense,19128_Tagesordnungspunkt_31_AfD_Jongen_ID1912806800_15.11.2019.csv
5,"Es ist richtig und findet unsere Unterstützung, dass die Washingtoner Erklärung dazu aufruft, auch nach der rechtlichen Verjährung der Rückgabeansprüche in begründeten Fällen nach einer gerechten und fairen Lösung zu suchen, wie es dort heißt.",Government Operations,0,Culture,Culture,Defense,19128_Tagesordnungspunkt_31_AfD_Jongen_ID1912806800_15.11.2019.csv
6,Das hat in der Vergangenheit nicht immer gut funktioniert.,Government Operations,0,Culture,Culture,Defense,19128_Tagesordnungspunkt_31_AfD_Jongen_ID1912806800_15.11.2019.csv
7,"In einigen Fällen wurden Schiedssprüche der Beratenden Kommission nicht akzeptiert und der Rechtsweg beschritten, in der Regel über US-amerikanische Gerichte.",Government Operations,0,Culture,Culture,Defense,19128_Tagesordnungspunkt_31_AfD_Jongen_ID1912806800_15.11.2019.csv
8,"Wir begrüßen ausdrücklich, dass der Antrag der GroKo jetzt die Möglichkeit vorsieht, dass die Beratende Kommission auch von nur einer der betroffenen Seiten angerufen werden kann.",Government Operations,0,Culture,Culture,Defense,19128_Tagesordnungspunkt_31_AfD_Jongen_ID1912806800_15.11.2019.csv
9,Hoffentlich kann die Anzahl der Klagen so reduziert werden.,Government Operations,0,Culture,Culture,Defense,19128_Tagesordnungspunkt_31_AfD_Jongen_ID1912806800_15.11.2019.csv
10,"Eines darf jedoch nicht passieren, meine Damen und Herren: dass beim Versuch der Wiedergutmachung vergangenen Unrechts neues Unrecht geschieht, dass über den moralischen Ansprüchen das Recht völlig ins Hintertreffen gerät.",Government Operations,0,Culture,Culture,Defense,19128_Tagesordnungspunkt_31_AfD_Jongen_ID1912806800_15.11.2019.csv
11,"Von Uwe Schneede, dem ehemaligen Vorsitzenden des Deutschen Zentrums Kulturgutverluste, hört man zum Beispiel Folgendes – Zitat –:
Ich finde die Washingtoner Erklärung absolut genial, weil sie über alle Legalisten, gesetzlichen Prinzipien hinweg die moralische Verantwortung viel höher ansetzt.",Government Operations,0,Culture,Culture,Defense,19128_Tagesordnungspunkt_31_AfD_Jongen_ID1912806800_15.11.2019.csv
12,Und das ist das Eigentliche.,Government Operations,0,Culture,Culture,Defense,19128_Tagesordnungspunkt_31_AfD_Jongen_ID1912806800_15.11.2019.csv
13,"Nein, meine Damen und Herren, Moral über Recht, das ist der Ungeist der Merkel-Regierung, das endet in einem schädlichen Moralismus, den wir aus der Asylpolitik kennen.",Government Operations,0,Culture,Culture,Defense,19128_Tagesordnungspunkt_31_AfD_Jongen_ID1912806800_15.11.2019.csv
14,Das darf hier nicht geschehen.,Government Operations,0,Culture,Culture,Defense,19128_Tagesordnungspunkt_31_AfD_Jongen_ID1912806800_15.11.2019.csv
15,"Was dieser Moralismus bewirkt, das hat der Fall des Gemäldes „Berliner Straßenszene“ des Brücke-Künstlers Ernst Ludwig Kirchner auf besonders skandalöse Weise gezeigt.",Government Operations,0,Culture,Culture,Defense,19128_Tagesordnungspunkt_31_AfD_Jongen_ID1912806800_15.11.2019.csv
16,"Wild entschlossen, Gutes zu tun, hat der rot-rote Berliner Senat im Jahr 2006 das Bild dem Brücke-Museum entzogen und es den Antragstellern übergeben.",Government Operations,0,Culture,Culture,Defense,19128_Tagesordnungspunkt_31_AfD_Jongen_ID1912806800_15.11.2019.csv
17,Diese hatten – ich zitiere – „nicht bestehende Ansprüche unter Instrumentalisierung des Holocaust und medial eingeforderter fragwürdiger Political Correctness durchzusetzen“ versucht – leider erfolgreich.,Government Operations,0,Culture,Culture,Defense,19128_Tagesordnungspunkt_31_AfD_Jongen_ID1912806800_15.11.2019.csv
18,"Das Zitat stammt von dem langjährigen Kulturstaatssekretär Berlins, Ludwig von Pufendorf, der den Fall akribisch aufgearbeitet hat.",Government Operations,0,Culture,Culture,Defense,19128_Tagesordnungspunkt_31_AfD_Jongen_ID1912806800_15.11.2019.csv
19,Wenige Wochen später erschien das Bild übrigens auf dem Kunstmarkt und erzielte dort einen Millionenbetrag.,Government Operations,0,Culture,Culture,Defense,19128_Tagesordnungspunkt_31_AfD_Jongen_ID1912806800_15.11.2019.csv
20,Genau diesen Missbrauch der Washingtoner Erklärung gilt es zu verhindern.,Government Operations,0,Culture,Culture,Defense,19128_Tagesordnungspunkt_31_AfD_Jongen_ID1912806800_15.11.2019.csv
21,"Dazu finden sich in Ihren Anträgen aber keinerlei Ansätze, werte Kollegen.",Government Operations,0,Culture,Culture,Defense,19128_Tagesordnungspunkt_31_AfD_Jongen_ID1912806800_15.11.2019.csv
22,"Im Gegenteil: Die Linke schwelgt in üblicher Art in Enteignungsfantasien, die FDP will eine eigene Stiftung gründen zur Aufarbeitung von Verdachtsfällen von NS-Raubkunst, also den Generalverdacht gewissermaßen institutionalisieren.",Government Operations,0,Culture,Culture,Defense,19128_Tagesordnungspunkt_31_AfD_Jongen_ID1912806800_15.11.2019.csv
23,"Wenn wir heute in der „Süddeutschen Zeitung“ lesen, es gebe allein in Nordrhein-Westfalen 770 000 Verdachtsfälle, dann wird klar, um welche Dimension es sich hier handelt.",Government Operations,0,Culture,Culture,Defense,19128_Tagesordnungspunkt_31_AfD_Jongen_ID1912806800_15.11.2019.csv
24,"Die Museen brauchen Rechtssicherheit, kein Damoklesschwert des Moralismus, das ihnen permanent sozusagen mit der Leerräumung droht.",Government Operations,0,Culture,Culture,Defense,19128_Tagesordnungspunkt_31_AfD_Jongen_ID1912806800_15.11.2019.csv
25,"Der Antrag der GroKo will, auf reichlich verklausulierte Art, nun auch private Eigentümer auf die Washingtoner Prinzipien verpflichten.",Government Operations,0,Culture,Culture,Defense,19128_Tagesordnungspunkt_31_AfD_Jongen_ID1912806800_15.11.2019.csv
26,"Rechtlich ist das nicht möglich, aber allein die Äußerung eines Verdachts wird dann ausreichen, um einen privaten Eigentümer zu teurer Provenienzforschung zu zwingen, wenn sein Kunstwerk keinen völligen Wertverlust erleiden soll, da es ja auf einen Schlag auf dem Kunstmarkt unveräußerlich geworden ist.",Government Operations,0,Culture,Culture,Defense,19128_Tagesordnungspunkt_31_AfD_Jongen_ID1912806800_15.11.2019.csv
27,"Der spektakuläre Fall Cornelius Gurlitt hat vor einigen Jahren gezeigt, wie ein privater Sammler von der moralischen Dampfwalze des Staates förmlich überfahren werden kann.",Government Operations,0,Culture,Culture,Defense,19128_Tagesordnungspunkt_31_AfD_Jongen_ID1912806800_15.11.2019.csv
28,Frau Grütters hat im Namen der Bundesregierung eine eigene Taskforce eingesetzt.,Government Operations,0,Culture,Culture,Defense,19128_Tagesordnungspunkt_31_AfD_Jongen_ID1912806800_15.11.2019.csv
29,Die gesamte Sammlung Gurlitts wurde beschlagnahmt.,Government Operations,0,Culture,Culture,Defense,19128_Tagesordnungspunkt_31_AfD_Jongen_ID1912806800_15.11.2019.csv
30,"Bis an das Kranken- und Sterbebett hat man den Mann bedrängt; nur sein vorzeitiger Tod hat verhindert, dass der Skandal ein gerichtliches Nachspiel hatte.",Government Operations,0,Culture,Culture,Defense,19128_Tagesordnungspunkt_31_AfD_Jongen_ID1912806800_15.11.2019.csv
31,"Ich kündige jetzt schon an, dass wir die Bundesregierung damit noch beschäftigen werden und dass wir namentlich Sie, Frau Grütters, nicht aus ihrer persönlichen Verantwortung dafür entlassen werden.",Government Operations,0,Culture,Culture,Defense,19128_Tagesordnungspunkt_31_AfD_Jongen_ID1912806800_15.11.2019.csv
32,"Bei der Restitution von NS-Raubkunst muss es unserer Ansicht nach eine Verwirkungsfrist von Ansprüchen geben, wenn diese über 20 Jahre in voller Kenntnis des Aufenthaltsortes eines Werkes nicht geltend gemacht worden sind.",Government Operations,0,Culture,Culture,Defense,19128_Tagesordnungspunkt_31_AfD_Jongen_ID1912806800_15.11.2019.csv
33,Das US-Berufungsgericht hat in dem bekannten Fall de Weerth genau so geurteilt und alle Rückgabeansprüche an ein Monet-Werk in öffentlicher Sammlung zurückgewiesen.,Government Operations,0,Culture,Culture,Defense,19128_Tagesordnungspunkt_31_AfD_Jongen_ID1912806800_15.11.2019.csv
34,"Wir sollten gerecht und fair bleiben, ja.",Government Operations,0,Culture,Culture,Defense,19128_Tagesordnungspunkt_31_AfD_Jongen_ID1912806800_15.11.2019.csv
35,Das sind wir auch den Opfern schuldig.,Government Operations,0,Culture,Culture,Defense,19128_Tagesordnungspunkt_31_AfD_Jongen_ID1912806800_15.11.2019.csv
36,Und das soll in jedem Einzelfall möglich sein.,Government Operations,0,Culture,Culture,Defense,19128_Tagesordnungspunkt_31_AfD_Jongen_ID1912806800_15.11.2019.csv
37,"Ihren Anträgen, die das eben nicht sind, können wir leider nicht zustimmen.",Government Operations,0,Culture,Culture,Defense,19128_Tagesordnungspunkt_31_AfD_Jongen_ID1912806800_15.11.2019.csv
38,Vielen Dank.,*,0,Culture,Culture,Defense,19128_Tagesordnungspunkt_31_AfD_Jongen_ID1912806800_15.11.2019.csv
39,Für die SPD-Fraktion hat nun der Kollege Helge Lindh das Wort.,*,0,Culture,Culture,Defense,19128_Tagesordnungspunkt_31_AfD_Jongen_ID1912806800_15.11.2019.csv
