,text,label_gold,segment_id,label_bert,label_parlbert,label_svm,speech_id
0,Sehr geehrte Frau Präsidentin!,*,0,Government,Government,Government,19128_Tagesordnungspunkt_31_FDP_Ebbing_ID1912807000_15.11.2019.csv
1,Liebe Kolleginnen und Kollegen!,*,0,Government,Government,Government,19128_Tagesordnungspunkt_31_FDP_Ebbing_ID1912807000_15.11.2019.csv
2,"Vor ziemlich genau einem Jahr war es die FDP-Fraktion, die einen weitreichenden Antrag zur Reform der Beratenden Kommission vorgelegt hat.",Government Operations,0,Government,Government,Government,19128_Tagesordnungspunkt_31_FDP_Ebbing_ID1912807000_15.11.2019.csv
3,"Ich freue mich, dass die Koalition nun endlich nachgezogen hat.",Government Operations,0,Government,Government,Government,19128_Tagesordnungspunkt_31_FDP_Ebbing_ID1912807000_15.11.2019.csv
4,"Aber ich frage mich auch, warum bei einem solch wichtigen Thema, bei dem aufgrund des hohen Alters der letzten Überlebenden der Shoah wirklich die Zeit davonläuft, die Koalition über ein Jahr gebraucht hat und dann so wenig dabei herausgekommen ist.",Government Operations,0,Government,Government,Government,19128_Tagesordnungspunkt_31_FDP_Ebbing_ID1912807000_15.11.2019.csv
5,"Ich möchte hier in aller Deutlichkeit meine Enttäuschung zum Ausdruck bringen, dass es aufgrund des Mauerns der Koalition nicht möglich war, bei dieser so wichtigen nationalen moralischen Verpflichtung einen fraktionsübergreifenden Antrag zu erarbeiten.",Government Operations,0,Government,Government,Government,19128_Tagesordnungspunkt_31_FDP_Ebbing_ID1912807000_15.11.2019.csv
6,"In unserer öffentlichen Anhörung vor dem Kulturausschuss haben Vertreter der Beratenden Kommission sehr deutlich gesagt, dass die Kommission längst an ihre Kapazitätsgrenzen gekommen ist.",Government Operations,0,Government,Government,Government,19128_Tagesordnungspunkt_31_FDP_Ebbing_ID1912807000_15.11.2019.csv
7,"Die Kommission brauche dringend Geld und eigenes Personal, um sich die wissenschaftliche Unterstützung zu holen, die sie unbedingt benötigt, um faire und gerechte Lösungen für die noch zahlreichen offenen Fälle zu finden.",Government Operations,0,Government,Government,Government,19128_Tagesordnungspunkt_31_FDP_Ebbing_ID1912807000_15.11.2019.csv
8,"Wie sieht es damit aus, Frau Grütters?",Government Operations,0,Government,Government,Government,19128_Tagesordnungspunkt_31_FDP_Ebbing_ID1912807000_15.11.2019.csv
9,Sind die Stellen schon ausgeschrieben und finanziert?,Government Operations,0,Government,Government,Government,19128_Tagesordnungspunkt_31_FDP_Ebbing_ID1912807000_15.11.2019.csv
10,Darüber hinaus haben Sie nach langem Ringen endlich ein Helpdesk versprochen.,Government Operations,0,Government,Government,Government,19128_Tagesordnungspunkt_31_FDP_Ebbing_ID1912807000_15.11.2019.csv
11,"Aber bis heute kann mir niemand richtig sagen, wo dieses angesiedelt sein soll.",Government Operations,0,Government,Government,Government,19128_Tagesordnungspunkt_31_FDP_Ebbing_ID1912807000_15.11.2019.csv
12,Am Deutschen Zentrum Kulturgutverluste in Magdeburg oder bei der neuen und hoffentlich unabhängigen Geschäftsstelle in Berlin?,Government Operations,0,Government,Government,Government,19128_Tagesordnungspunkt_31_FDP_Ebbing_ID1912807000_15.11.2019.csv
13,"Auch fordern Sie, Frau Grütters, den wichtigen Prozess der Digitalisierung der Sammlungen bundesgeförderter Kultureinrichtungen weiter voranzubringen und auf die Länder und Kommunen hinzuwirken, das Gleiche zu tun.",Government Operations,0,Government,Government,Government,19128_Tagesordnungspunkt_31_FDP_Ebbing_ID1912807000_15.11.2019.csv
14,"Sie übernehmen erfreulicherweise die Forderung der FDP nach einer einseitigen Anrufung der Beratenden Kommission durch die Anspruchsteller und wollen dieses Thema zum Gegenstand der Beratungen der halbjährlich stattfindenden Spitzengespräche von Bund, Ländern und Kommunen machen.",Government Operations,0,Government,Government,Government,19128_Tagesordnungspunkt_31_FDP_Ebbing_ID1912807000_15.11.2019.csv
15,Bitte legen Sie uns dazu bald einen konkreten Fahrplan vor.,Government Operations,0,Government,Government,Government,19128_Tagesordnungspunkt_31_FDP_Ebbing_ID1912807000_15.11.2019.csv
16,Und machen Sie bei den Gesprächen bitte auch die Digitalisierung zum Thema.,Government Operations,0,Government,Government,Government,19128_Tagesordnungspunkt_31_FDP_Ebbing_ID1912807000_15.11.2019.csv
17,Wie viel Geld planen Sie für die Digitalisierung ein?,Government Operations,0,Government,Government,Government,19128_Tagesordnungspunkt_31_FDP_Ebbing_ID1912807000_15.11.2019.csv
18,"Wissen Sie schon, wie viel die Einrichtungen für die Digitalisierung überhaupt brauchen?",Government Operations,0,Government,Government,Government,19128_Tagesordnungspunkt_31_FDP_Ebbing_ID1912807000_15.11.2019.csv
19,Haben Sie schon eine Bedarfsstudie in Auftrag gegeben?,Government Operations,0,Government,Government,Government,19128_Tagesordnungspunkt_31_FDP_Ebbing_ID1912807000_15.11.2019.csv
20,"Sie merken, es liegen noch einige Fragen auf dem Tisch – viele Fragen, die 74 Jahre nach Beendigung des Krieges noch nicht einmal im Ansatz geklärt sind.",Government Operations,0,Government,Government,Government,19128_Tagesordnungspunkt_31_FDP_Ebbing_ID1912807000_15.11.2019.csv
21,Die Kommission muss internationaler werden.,Government Operations,0,Government,Government,Government,19128_Tagesordnungspunkt_31_FDP_Ebbing_ID1912807000_15.11.2019.csv
22,Wie muss ein moderner Internetauftritt aussehen?,Government Operations,0,Government,Government,Government,19128_Tagesordnungspunkt_31_FDP_Ebbing_ID1912807000_15.11.2019.csv
23,"Ist es zumutbar, dass ein in den USA ansässiger Geschädigter die Geschäftsstelle nur zwischen 3 und 6 Uhr früh seiner Zeit erreichen kann?",Government Operations,0,Government,Government,Government,19128_Tagesordnungspunkt_31_FDP_Ebbing_ID1912807000_15.11.2019.csv
24,"Wir müssen endlich aufhören, darüber nachzudenken: „Was braucht Deutschland und seine Museumslandschaft?",Government Operations,0,Government,Government,Government,19128_Tagesordnungspunkt_31_FDP_Ebbing_ID1912807000_15.11.2019.csv
25,"“, müssen vielmehr fragen: Was braucht der Antragsteller?",Government Operations,0,Government,Government,Government,19128_Tagesordnungspunkt_31_FDP_Ebbing_ID1912807000_15.11.2019.csv
26,Einen Satz zu dem Antrag der Linken.,Government Operations,0,Government,Government,Government,19128_Tagesordnungspunkt_31_FDP_Ebbing_ID1912807000_15.11.2019.csv
27,"Ja, ein Restitutionsgesetz könnte Rechtssicherheit bringen und verhindern, dass Anspruchsteller in den USA statt in Deutschland klagen.",Government Operations,0,Government,Government,Government,19128_Tagesordnungspunkt_31_FDP_Ebbing_ID1912807000_15.11.2019.csv
28,Aber ein Gesetz braucht noch mehr Zeit als eine pragmatische Handlungsalternative.,Government Operations,0,Government,Government,Government,19128_Tagesordnungspunkt_31_FDP_Ebbing_ID1912807000_15.11.2019.csv
29,Gesetze sind in Schriftform gegossene Ethik- und Moralvorstellungen.,Government Operations,0,Government,Government,Government,19128_Tagesordnungspunkt_31_FDP_Ebbing_ID1912807000_15.11.2019.csv
30,Handeln wir endlich ethisch und moralisch bei der Aufarbeitung von NS-Raubkunst!,Government Operations,0,Government,Government,Government,19128_Tagesordnungspunkt_31_FDP_Ebbing_ID1912807000_15.11.2019.csv
31,"Sorgen Sie dafür, Frau Grütters, dass sich endlich die Mentalität der handelnden Personen und Institutionen ändert – weg vom Verhindern, hin zum Ermöglichen.",Government Operations,0,Government,Government,Government,19128_Tagesordnungspunkt_31_FDP_Ebbing_ID1912807000_15.11.2019.csv
32,Vielen Dank.,*,0,Government,Government,Government,19128_Tagesordnungspunkt_31_FDP_Ebbing_ID1912807000_15.11.2019.csv
33,Das Wort hat die Kollegin Brigitte Freihold für die Fraktion Die Linke.,*,0,Government,Government,Government,19128_Tagesordnungspunkt_31_FDP_Ebbing_ID1912807000_15.11.2019.csv
