,text,label_gold,segment_id,label_bert,label_parlbert,label_svm,speech_id
0,Frau Präsidentin!,*,0,Culture,Culture,Culture,19128_Tagesordnungspunkt_31_CDU_CSU_Heveling_ID1912807300_15.11.2019.csv
1,Liebe Kolleginnen und Kollegen!,*,0,Culture,Culture,Culture,19128_Tagesordnungspunkt_31_CDU_CSU_Heveling_ID1912807300_15.11.2019.csv
2,"„Und gerade auf das Zugeben Kommt’s an im Leben“, so heißt es in dem Gedicht „An Peter Scher“ von Joachim Ringelnatz.",Government Operations,0,Culture,Culture,Culture,19128_Tagesordnungspunkt_31_CDU_CSU_Heveling_ID1912807300_15.11.2019.csv
3,"Dass Ringelnatz nicht nur gedichtet, sondern auch gemalt hat, ist allerdings nur den wenigsten bekannt.",Government Operations,0,Culture,Culture,Culture,19128_Tagesordnungspunkt_31_CDU_CSU_Heveling_ID1912807300_15.11.2019.csv
4,"So geschah es, dass Ringelnatz’ 1925 entstandenes Ölgemälde „Makabre Szene – Dachgarten der Irrsinnigen“ aus dem Besitz des jüdischen Kunstkritikers und Sammlers Paul Westheim im Jahr 2000 in einer Ausstellung an der Uni Göttingen gezeigt wurde und so zum Ausgangspunkt einer nachfolgenden Schlichtung der „Beratenden Kommission im Zusammenhang mit der Rückgabe NS-verfolgungsbedingt entzogenen Kulturguts, insbesondere aus jüdischem Besitz“, wie die Kommission mit vollem Titel heißt, wurde.",Government Operations,0,Culture,Culture,Culture,19128_Tagesordnungspunkt_31_CDU_CSU_Heveling_ID1912807300_15.11.2019.csv
5,"Westheim, der im Jahr 1963 verstarb, hatte seine expressionistische Sammlung vor seiner Flucht aus Deutschland einer Freundin zur Verwahrung hinterlassen.",Government Operations,0,Culture,Culture,Culture,19128_Tagesordnungspunkt_31_CDU_CSU_Heveling_ID1912807300_15.11.2019.csv
6,Seine Sammlung bekam er nie zurück.,Government Operations,0,Culture,Culture,Culture,19128_Tagesordnungspunkt_31_CDU_CSU_Heveling_ID1912807300_15.11.2019.csv
7,"Schauen wir uns den Weg des Ringelnatz-Bildes an: Es tauchte irgendwann nach dem Krieg in einer Galerie auf, von wo es 1974 an das Clemens Sels Museum in Neuss verkauft wurde.",Government Operations,0,Culture,Culture,Culture,19128_Tagesordnungspunkt_31_CDU_CSU_Heveling_ID1912807300_15.11.2019.csv
8,"Im Clemens Sels Museum verweilte das Gemälde teils in einer Dauerausstellung, teils im Depot, ehe es dann eben 2000 für eine Ausstellung in Göttingen angefordert wurde.",Government Operations,0,Culture,Culture,Culture,19128_Tagesordnungspunkt_31_CDU_CSU_Heveling_ID1912807300_15.11.2019.csv
9,"Wieder über Umwege und wieder einige Jahre später wurde schließlich der Rückgabeanspruch der Westheim-Erben erhoben, und der Fall ging nach beiderseitiger Zustimmung, sowohl der Erben als auch des Clemens Sels Museums Neuss, zur Schlichtung an die Beratende Kommission.",Government Operations,0,Culture,Culture,Culture,19128_Tagesordnungspunkt_31_CDU_CSU_Heveling_ID1912807300_15.11.2019.csv
10,"In der Folge wurden die Erben entschädigt, und das Museum durfte das Bild behalten. – Wir sprechen vom Jahr 2013. 2000 wurde es erstmals wieder wahrgenommen, und 2013 erfolgte die Regelung.",Government Operations,0,Culture,Culture,Culture,19128_Tagesordnungspunkt_31_CDU_CSU_Heveling_ID1912807300_15.11.2019.csv
11,"Der Fall steht exemplarisch für eine Vielzahl verschiedenster Fallkonstellationen, in denen Kunstwerke, die entweder von den Nationalsozialisten beschlagnahmt, verfolgungsbedingt veräußert oder aufgrund von verfolgungsbedingter Emigration zurückgelassen wurden, in der Folge nicht an ihre ursprünglichen Eigentümer oder deren Erben zurückgegeben wurden.",Government Operations,0,Culture,Culture,Culture,19128_Tagesordnungspunkt_31_CDU_CSU_Heveling_ID1912807300_15.11.2019.csv
12,"Bis heute begleitet uns die Klärung dieser strittigen Eigentumsfragen. 20 Jahre nach der Washingtoner Konferenz ist es daher geboten, dass wir uns mit dem Stand der Umsetzung der damals festgelegten Prinzipien zur Rückgabe von NS-Raubkunst befassen.",Government Operations,0,Culture,Culture,Culture,19128_Tagesordnungspunkt_31_CDU_CSU_Heveling_ID1912807300_15.11.2019.csv
13,"Die seinerzeitige Verabschiedung der Grundsätze in Bezug auf Kunstwerke, die von den Nationalsozialisten verfolgungsbedingt entzogen wurden, war der Versuch, eine Einigung über nicht bindende Grundsätze in Anerkennung der unterschiedlichen Rechtssysteme der Teilnehmerstaaten zu schaffen.",Government Operations,0,Culture,Culture,Culture,19128_Tagesordnungspunkt_31_CDU_CSU_Heveling_ID1912807300_15.11.2019.csv
14,"Die Grundlage der Umsetzung dieser Grundsätze in Deutschland war dann die Gemeinsame Erklärung der Bundesregierung, der Länder und der kommunalen Spitzenverbände zur Auffindung und zur Rückgabe NS-verfolgungsbedingt entzogenen Kulturgutes, insbesondere aus jüdischem Besitz.",Government Operations,0,Culture,Culture,Culture,19128_Tagesordnungspunkt_31_CDU_CSU_Heveling_ID1912807300_15.11.2019.csv
15,"Die Gemeinsame Erklärung ist nach wie vor der rechtliche Kontext, innerhalb dessen Restitutionsverfahren geregelt werden, jedenfalls dann, wenn es um Kulturgüter geht, die sich im öffentlichen Bereich befinden.",Government Operations,0,Culture,Culture,Culture,19128_Tagesordnungspunkt_31_CDU_CSU_Heveling_ID1912807300_15.11.2019.csv
16,"Denn es ist eben eine nicht bindende Selbstverpflichtung, der sich der Staat unterworfen hat.",Government Operations,0,Culture,Culture,Culture,19128_Tagesordnungspunkt_31_CDU_CSU_Heveling_ID1912807300_15.11.2019.csv
17,Im Kern ist es rechtlich eine Frage des Verzichts auf die Einrede der Verjährung.,Government Operations,0,Culture,Culture,Culture,19128_Tagesordnungspunkt_31_CDU_CSU_Heveling_ID1912807300_15.11.2019.csv
18,"Die AfD-Fraktion hat in dem Zusammenhang die Frage angesprochen, die sich auch in unserem Antrag findet: Wie gehen wir zivilrechtlich, also wenn es um Private geht, mit der Restitution um?",Government Operations,0,Culture,Culture,Culture,19128_Tagesordnungspunkt_31_CDU_CSU_Heveling_ID1912807300_15.11.2019.csv
19,"Ich halte es nicht für richtig, die Frage zu stellen, ob jetzt Moral über Recht gestellt wird.",Government Operations,0,Culture,Culture,Culture,19128_Tagesordnungspunkt_31_CDU_CSU_Heveling_ID1912807300_15.11.2019.csv
20,"Denn die rechtliche Zuordnung ist im Grunde auch gegenüber Privaten klar: Da, wo man feststellen muss, dass das zivilrechtliche Eigentum abhandengekommen ist, kann kein weiterer Eigentumserwerb stattfinden.",Government Operations,0,Culture,Culture,Culture,19128_Tagesordnungspunkt_31_CDU_CSU_Heveling_ID1912807300_15.11.2019.csv
21,Insofern ist die rechtliche Zuordnung eigentlich glasklar.,Government Operations,0,Culture,Culture,Culture,19128_Tagesordnungspunkt_31_CDU_CSU_Heveling_ID1912807300_15.11.2019.csv
22,"Das Problem ist aber eben, dass man diesen Anspruch aufgrund der Einrede der Verjährung nicht geltend machen kann, und ist im Zusammenhang mit den zivilrechtlichen Fragen zu lösen.",Government Operations,0,Culture,Culture,Culture,19128_Tagesordnungspunkt_31_CDU_CSU_Heveling_ID1912807300_15.11.2019.csv
23,"Die Frage ist, ob diese Einrede der Verjährung, die dem Rechtsfrieden dienen soll, angesichts der Singularität des Geschehens, das hinter dem Entzug steht, tatsächlich der richtige Ansatzpunkt zum rechtlichen Umgang damit ist.",Government Operations,0,Culture,Culture,Culture,19128_Tagesordnungspunkt_31_CDU_CSU_Heveling_ID1912807300_15.11.2019.csv
24,"Wie zum einen aus der Konferenz zum Jubiläum der Washingtoner Prinzipien und zum anderen aus der öffentlichen Anhörung im Februar dieses Jahres hier im Deutschen Bundestag hervorging, lässt sich insgesamt festhalten, dass die Umsetzung der Washingtoner Prinzipien bei uns gelingt.",Government Operations,0,Culture,Culture,Culture,19128_Tagesordnungspunkt_31_CDU_CSU_Heveling_ID1912807300_15.11.2019.csv
25,"Unterstützt durch die Arbeit des Deutschen Zentrums Kulturgutverluste und der angegliederten Beratenden Kommission hat sich eine gute, eine zivile Praxis etabliert, Provenienzen zu erforschen und Restitutionen durchzuführen.",Government Operations,0,Culture,Culture,Culture,19128_Tagesordnungspunkt_31_CDU_CSU_Heveling_ID1912807300_15.11.2019.csv
26,Für eine erstaunliche Anzahl an Kulturgütern konnten in den vergangenen Jahren die Provenienzen geklärt werden.,Government Operations,0,Culture,Culture,Culture,19128_Tagesordnungspunkt_31_CDU_CSU_Heveling_ID1912807300_15.11.2019.csv
27,Die Restitutionen belaufen sich für den Zeitraum zwischen 1998 und 2018 auf mehr als 5 700 Kulturgüter und mehr als 11 000 Bücher.,Government Operations,0,Culture,Culture,Culture,19128_Tagesordnungspunkt_31_CDU_CSU_Heveling_ID1912807300_15.11.2019.csv
28,Diesen Zahlen steht mit mittlerweile 17 von der Beratenden Kommission bisher gelösten Fällen bzw. ausgesprochenen Empfehlungen eine vermeintlich kleine Zahl gegenüber.,Government Operations,0,Culture,Culture,Culture,19128_Tagesordnungspunkt_31_CDU_CSU_Heveling_ID1912807300_15.11.2019.csv
29,"Dabei ist es aber ganz wichtig, die prominenten und oft aufgrund ihrer Fallkonstellation eben besonders schwierigen Restitutionsfälle, die bei der Beratenden Kommission zur Klärung vorliegen, gerade nicht in Relation zu den zahlreichen Restitutionen zu setzen – sind die Zahlen doch eher ein Indiz dafür, dass offensichtlich zahlreiche Restitutionsverfahren so verlaufen, dass unter Anwendung der Washingtoner Prinzipien eine Lösung erfolgt und die Beratende Kommission gar nicht erst angerufen werden muss.",Government Operations,0,Culture,Culture,Culture,19128_Tagesordnungspunkt_31_CDU_CSU_Heveling_ID1912807300_15.11.2019.csv
30,Der Antrag der Koalitionsfraktionen begleitet die bisher gute Arbeit in Wissenschaft und Praxis unterstützend.,Government Operations,0,Culture,Culture,Culture,19128_Tagesordnungspunkt_31_CDU_CSU_Heveling_ID1912807300_15.11.2019.csv
31,"Die Stärkung der Provenienzrecherche, eine neue Geschäftsstelle für die Beratende Kommission, der Ausbau der Digitalisierung der Bestände, die Möglichkeit der einseitigen Anrufung der Kommission, dies alles wollen wir umsetzen und damit die Aufklärung des NS-Kunstraubs weiterhin – auch für die nächsten 20 Jahre – gut voranbringen.",Government Operations,0,Culture,Culture,Culture,19128_Tagesordnungspunkt_31_CDU_CSU_Heveling_ID1912807300_15.11.2019.csv
32,Vielen Dank.,*,0,Culture,Culture,Culture,19128_Tagesordnungspunkt_31_CDU_CSU_Heveling_ID1912807300_15.11.2019.csv
33,Ich schließe die Aussprache.,*,0,Culture,Culture,Culture,19128_Tagesordnungspunkt_31_CDU_CSU_Heveling_ID1912807300_15.11.2019.csv
