,text,label_gold,segment_id,label_bert,label_parlbert,label_svm,speech_id
0,Herr Präsident!,*,0,Labor,Labor,Labor,19135_Tagesordnungspunkt_23_SPD_Kaczmarek_ID1913500900_13.12.2019.csv
1,Meine Damen und Herren!,*,0,Labor,Labor,Labor,19135_Tagesordnungspunkt_23_SPD_Kaczmarek_ID1913500900_13.12.2019.csv
2,"Das ist ja wirklich ein interessanter Punkt in der bildungspolitischen Debatte; denn wir befinden uns in einem tiefgreifenden Wandel, der unsere Arbeitswelt, der den Alltag radikal verändert.",Education,0,Labor,Labor,Labor,19135_Tagesordnungspunkt_23_SPD_Kaczmarek_ID1913500900_13.12.2019.csv
3,"Es gibt Menschen, die sich fragen: Welche Antworten liefert eigentlich die Bildungspolitik auf diese Themen?",Education,0,Labor,Labor,Labor,19135_Tagesordnungspunkt_23_SPD_Kaczmarek_ID1913500900_13.12.2019.csv
4,"Es geht auch darum, worauf sie sich bei diesem Wandel verlassen können.",Education,0,Labor,Labor,Labor,19135_Tagesordnungspunkt_23_SPD_Kaczmarek_ID1913500900_13.12.2019.csv
5,"Wenn die Menschen mit diesem Wandel klarkommen sollen, dann brauchen sie vor allem Sicherheit und Selbstbestimmung.",Education,0,Labor,Labor,Labor,19135_Tagesordnungspunkt_23_SPD_Kaczmarek_ID1913500900_13.12.2019.csv
6,"Sie sollen selbst bestimmen, wie sie ihren Weg in diesem Wandel gestalten.",Education,0,Labor,Labor,Labor,19135_Tagesordnungspunkt_23_SPD_Kaczmarek_ID1913500900_13.12.2019.csv
7,"Sie sollen Chancen für Aufstieg und berufliche Weiterbildung bekommen, und zwar jeder Beschäftigte.",Education,0,Labor,Labor,Labor,19135_Tagesordnungspunkt_23_SPD_Kaczmarek_ID1913500900_13.12.2019.csv
8,"Das machen wir, weil wir getragen sind von der Auffassung, dass nur das die Innovationsfähigkeit von Wirtschaft und Gesellschaft erhält.",Education,0,Labor,Labor,Labor,19135_Tagesordnungspunkt_23_SPD_Kaczmarek_ID1913500900_13.12.2019.csv
9,"Ich will einmal darauf eingehen, dass wir hier im Bundestag und in der Koalition ein umfassendes Maßnahmenpaket für Weiterbildung im Wandel vereinbart haben und mit der klaren Botschaft auf die Menschen zugehen: Wir lassen niemanden im Wandel allein.",Education,0,Labor,Labor,Labor,19135_Tagesordnungspunkt_23_SPD_Kaczmarek_ID1913500900_13.12.2019.csv
10,Wir wollen Sicherheit im Wandel für alle Beschäftigten.,Education,0,Labor,Labor,Labor,19135_Tagesordnungspunkt_23_SPD_Kaczmarek_ID1913500900_13.12.2019.csv
11,"Hierzu gehört, dass das Aufstiegs-BAföG in einer politischen Linie mit weiteren Gesetzen und Vorhaben steht, die zweierlei Dinge verbinden, nämlich zum einen das Ansinnen, berufliche und akademische Bildung tatsächlich gleichwertig zu gestalten, Meister und Master wirklich zu gleichwertigen Optionen zu machen, und zum anderen die Weiterbildung als eigenständigen Bildungssektor auszubauen.",Education,0,Labor,Labor,Labor,19135_Tagesordnungspunkt_23_SPD_Kaczmarek_ID1913500900_13.12.2019.csv
12,"Dazu gehören mehrere Gesetze; ich nenne mal: das Qualifizierungschancengesetz, das wir hier schon vereinbart haben.",Education,0,Labor,Labor,Labor,19135_Tagesordnungspunkt_23_SPD_Kaczmarek_ID1913500900_13.12.2019.csv
13,"Es macht Weiterbildung einfacher zugänglich durch die Übernahme von Weiterbildungskosten, Zuschüsse zum Arbeitsentgelt bei der Weiterbildung oder die verbindliche Weiterbildungsberatung bei der Bundesagentur für Arbeit.",Education,0,Labor,Labor,Labor,19135_Tagesordnungspunkt_23_SPD_Kaczmarek_ID1913500900_13.12.2019.csv
14,Ferner ist zu nennen: das Berufsbildungsgesetz – es ist hier schon angesprochen worden.,Education,0,Labor,Labor,Labor,19135_Tagesordnungspunkt_23_SPD_Kaczmarek_ID1913500900_13.12.2019.csv
15,"Es beinhaltet nicht nur die Mindestausbildungsvergütung – das war schon ein großer Erfolg –, sondern auch die Öffnung des Rahmens für eine neue höhere Berufsbildung.",Education,0,Labor,Labor,Labor,19135_Tagesordnungspunkt_23_SPD_Kaczmarek_ID1913500900_13.12.2019.csv
16,"Dazu gehört die Nationale Weiterbildungsstrategie, die Minister Heil und Ministerin Karliczek gemeinsam auf den Weg gebracht haben.",Education,0,Labor,Labor,Labor,19135_Tagesordnungspunkt_23_SPD_Kaczmarek_ID1913500900_13.12.2019.csv
17,Diese Strategie vernetzt die Angebote der Weiterbildungsberatung und schafft Transparenz.,Education,0,Labor,Labor,Labor,19135_Tagesordnungspunkt_23_SPD_Kaczmarek_ID1913500900_13.12.2019.csv
18,Die Wege zur Weiterbildung werden für die Betroffenen zugänglicher durch die flächendeckende Vernetzung von lebensbegleitender Weiterbildungsberatung und durch die Stärkung – das ist ganz besonders wichtig – der Sozialpartner in diesem Weiterbildungsprozess.,Education,0,Labor,Labor,Labor,19135_Tagesordnungspunkt_23_SPD_Kaczmarek_ID1913500900_13.12.2019.csv
19,Damit noch nicht genug.,Education,0,Labor,Labor,Labor,19135_Tagesordnungspunkt_23_SPD_Kaczmarek_ID1913500900_13.12.2019.csv
20,"Hubertus Heil, unser Bundesarbeitsminister, plant ein Arbeit-von-morgen-Gesetz, das Sicherheit für alle schafft, die sich schon im Wandel befinden, deren Arbeitsplätze von akutem Wandel bedroht sind, die sich Gedanken machen: Wie geht es mit mir, mit meinem Arbeitsplatz weiter?",Labor,0,Labor,Labor,Labor,19135_Tagesordnungspunkt_23_SPD_Kaczmarek_ID1913500900_13.12.2019.csv
21,"Denjenigen wollen wir eine Perspektivqualifizierung und ein zukunftsfestes Kurzarbeitergeld anbieten, das auch berufliche Qualifizierung miteinbezieht.",Labor,0,Labor,Labor,Labor,19135_Tagesordnungspunkt_23_SPD_Kaczmarek_ID1913500900_13.12.2019.csv
22,"Meine Damen und Herren, das alles sind Maßnahmen, die wir schon auf den Weg gebracht haben, die Sicherheit im Wandel schaffen sollen und in die sich das Aufstiegs-BAföG nahtlos eingliedern lässt.",Labor,0,Labor,Labor,Labor,19135_Tagesordnungspunkt_23_SPD_Kaczmarek_ID1913500900_13.12.2019.csv
23,"Das Aufstiegs-BAföG richtet sich an alle, die aus eigener Überzeugung ihre Position am Arbeitsmarkt verbessern wollen, die sich höher qualifizieren wollen, die einen beruflichen Aufstieg planen.",Labor,0,Labor,Labor,Labor,19135_Tagesordnungspunkt_23_SPD_Kaczmarek_ID1913500900_13.12.2019.csv
24,"Wir richten uns an die Zimmerleute, an die Fleischerinnen und Fleischer, den Zahntechniker, die Handwerksmeister werden wollen.",Labor,0,Labor,Labor,Labor,19135_Tagesordnungspunkt_23_SPD_Kaczmarek_ID1913500900_13.12.2019.csv
25,"Wir richten uns an die Beschäftigten im Maschinenbau, in der Chemie, in der IT-Branche, die staatlich geprüfte Techniker werden wollen, und nicht zuletzt – das ist hier gerade schon gesagt worden – an diejenigen, die in den sozialen Berufen wichtige Verantwortung für unsere Gesellschaft übernehmen.",Labor,0,Labor,Labor,Labor,19135_Tagesordnungspunkt_23_SPD_Kaczmarek_ID1913500900_13.12.2019.csv
26,"All die, die ich angesprochen habe, ermuntern wir, sich auf den Weg zu machen.",Labor,0,Labor,Labor,Labor,19135_Tagesordnungspunkt_23_SPD_Kaczmarek_ID1913500900_13.12.2019.csv
27,"Wir geben ihnen den Rückhalt und die Unterstützung für ihren Weg, nicht nur mit Worten, sondern mit handfester Unterstützung, indem wir Sicherheit im Wandel schaffen.",Labor,0,Labor,Labor,Labor,19135_Tagesordnungspunkt_23_SPD_Kaczmarek_ID1913500900_13.12.2019.csv
28,"Niedrigschwellige Zugänge, neue Weiterbildungsmöglichkeiten, Transparenz und Beratung in der Weiterbildung, Sicherheit in Akutsituationen im Wandel, Chancen für Höherqualifizierung und Aufstieg – das alles bildet den Rahmen für eine neue Weiterbildungspolitik, die der Bund einleitet.",Education,0,Labor,Labor,Labor,19135_Tagesordnungspunkt_23_SPD_Kaczmarek_ID1913500900_13.12.2019.csv
29,Wir begleiten das Zeitalter des lebensbegleitenden Lernens aktiv und verbessern damit die Möglichkeiten für Weiterbildung auf allen Ebenen.,Education,0,Labor,Labor,Labor,19135_Tagesordnungspunkt_23_SPD_Kaczmarek_ID1913500900_13.12.2019.csv
30,So schaffen wir tatsächlich Sicherheit im Wandel.,Education,0,Labor,Labor,Labor,19135_Tagesordnungspunkt_23_SPD_Kaczmarek_ID1913500900_13.12.2019.csv
31,Herzlichen Dank.,*,0,Labor,Labor,Labor,19135_Tagesordnungspunkt_23_SPD_Kaczmarek_ID1913500900_13.12.2019.csv
32,Jetzt erteile ich das Wort dem Kollegen Dr.,*,0,Labor,Labor,Labor,19135_Tagesordnungspunkt_23_SPD_Kaczmarek_ID1913500900_13.12.2019.csv
33,"Thomas Sattelberger, FDP.",*,0,Labor,Labor,Labor,19135_Tagesordnungspunkt_23_SPD_Kaczmarek_ID1913500900_13.12.2019.csv
