,text,label_gold,segment_id,label_bert,label_parlbert,label_svm,speech_id
0,Sehr geehrter Herr Präsident!,*,0,Labor,Labor,Labor,19135_Tagesordnungspunkt_23_AfD_Pasemann_ID1913500800_13.12.2019.csv
1,Sehr geehrte Frau Ministerin!,*,0,Labor,Labor,Labor,19135_Tagesordnungspunkt_23_AfD_Pasemann_ID1913500800_13.12.2019.csv
2,Meine Damen und Herren!,*,0,Labor,Labor,Labor,19135_Tagesordnungspunkt_23_AfD_Pasemann_ID1913500800_13.12.2019.csv
3,Liebe Gäste auf den Rängen!,*,0,Labor,Labor,Labor,19135_Tagesordnungspunkt_23_AfD_Pasemann_ID1913500800_13.12.2019.csv
4,Wir erleben derzeit eine Gesellschaft im Wandel.,Education,0,Labor,Labor,Labor,19135_Tagesordnungspunkt_23_AfD_Pasemann_ID1913500800_13.12.2019.csv
5,Dieser Wandel betrifft auch und vor allem die Arbeitswelt.,Education,0,Labor,Labor,Labor,19135_Tagesordnungspunkt_23_AfD_Pasemann_ID1913500800_13.12.2019.csv
6,"Durch die verfehlte Wirtschafts-, Arbeitsmarkt- und Energiepolitik der Merkel-Regierung der letzten Jahre droht der Wirtschaftsstandort Deutschland immer weiter deindustrialisiert zu werden.",Education,0,Labor,Labor,Labor,19135_Tagesordnungspunkt_23_AfD_Pasemann_ID1913500800_13.12.2019.csv
7,Ohne Not lässt sich die Union von Linken und Grünen nicht nur in diesen Politikfeldern treiben.,Education,0,Labor,Labor,Labor,19135_Tagesordnungspunkt_23_AfD_Pasemann_ID1913500800_13.12.2019.csv
8,Völlig unabhängig von den derzeitigen deutschen Unzulänglichkeiten geht die Digitalisierung der Alltagswelt auf internationaler Ebene vonstatten und spiegelt sich auf der nationalen Ebene unserer Arbeitswelt wider.,Education,0,Labor,Labor,Labor,19135_Tagesordnungspunkt_23_AfD_Pasemann_ID1913500800_13.12.2019.csv
9,"Schon jetzt sehen sich Selbstständige und Arbeitnehmer vor eine bisher nicht dagewesene Situation gestellt: Was in der Jugend und im jungen Erwachsenenalter ge- und erlernt wurde, ist nach wenigen Jahren im Beruf Schnee von gestern.",Education,0,Labor,Labor,Labor,19135_Tagesordnungspunkt_23_AfD_Pasemann_ID1913500800_13.12.2019.csv
10,Das lebenslange Lernen gehört inzwischen zu unserem Alltag und wird von eigenverantwortlich denkenden und handelnden Bürgern längst umgesetzt.,Education,0,Labor,Labor,Labor,19135_Tagesordnungspunkt_23_AfD_Pasemann_ID1913500800_13.12.2019.csv
11,"Das hier vorgelegte Aufstiegsfortbildungsförderungsgesetz wird den Anforderungen beruflicher Weiterbildung in der Fläche nicht annähernd gerecht, aber die Novellierung ist ein Fortschritt.",Education,0,Labor,Labor,Labor,19135_Tagesordnungspunkt_23_AfD_Pasemann_ID1913500800_13.12.2019.csv
12,Der grüne Antrag zum sogenannten Weiterbildungs-BAföG ist dagegen ein weiteres trauriges Beispiel für die wirtschaftspolitische Realitätsferne der Grünen.,Education,0,Labor,Labor,Labor,19135_Tagesordnungspunkt_23_AfD_Pasemann_ID1913500800_13.12.2019.csv
13,"Der vorliegende Antrag lässt vollkommene Unklarheit darüber, nach welcher konkreten Maßgabe zukünftig gefördert werden soll, was das Ergebnis der Förderung sein soll und was dafür aufgewendet werden muss.",Education,0,Labor,Labor,Labor,19135_Tagesordnungspunkt_23_AfD_Pasemann_ID1913500800_13.12.2019.csv
14,Die Praxis der staatlich gestützten Weiterbildungsmaßnahmen in Deutschland hält mit dem eingangs erwähnten Wandel der Arbeitswelt nicht annähernd Schritt.,Education,0,Labor,Labor,Labor,19135_Tagesordnungspunkt_23_AfD_Pasemann_ID1913500800_13.12.2019.csv
15,Dieser Umstand wird sich in den nächsten Jahren noch erheblich verstärken.,Education,0,Labor,Labor,Labor,19135_Tagesordnungspunkt_23_AfD_Pasemann_ID1913500800_13.12.2019.csv
16,"Es ist angezeigt, gerade im Bereich der beruflichen Weiterbildung auf eigenverantwortliches Handeln sowie eigenes Bemühen der Bürger zu setzen und dies zu fördern.",Education,0,Labor,Labor,Labor,19135_Tagesordnungspunkt_23_AfD_Pasemann_ID1913500800_13.12.2019.csv
17,"Der Arbeitnehmer hat in seinem Arbeitsumfeld den aktiven Part zu übernehmen, um stets auf dem Stand der Technik und des notwendigen Fachwissens zu bleiben.",Education,0,Labor,Labor,Labor,19135_Tagesordnungspunkt_23_AfD_Pasemann_ID1913500800_13.12.2019.csv
18,Deutschland befindet sich mit der bisherigen Art der Wirtschafts- und Berufsbildungspolitik auf dem weltwirtschaftlichen Abstellgleis.,Education,0,Labor,Labor,Labor,19135_Tagesordnungspunkt_23_AfD_Pasemann_ID1913500800_13.12.2019.csv
19,Die Bundesregierung muss sich schleunigst abwenden von grüner und linker Klientelpolitik.,Education,0,Labor,Labor,Labor,19135_Tagesordnungspunkt_23_AfD_Pasemann_ID1913500800_13.12.2019.csv
20,"Es ist geradezu blanker Hohn, wenn die Bundesregierung unter dem Eindruck der Klimahysterie aus Schlüssel- und Spitzentechnologien aussteigt
und somit für Abertausende Arbeitslose sorgt, die dann über Bildungsmaßnahmen wieder in den Arbeitsmarkt integriert werden müssen.",Education,0,Labor,Labor,Labor,19135_Tagesordnungspunkt_23_AfD_Pasemann_ID1913500800_13.12.2019.csv
21,"Selbstständiges und eigenverantwortliches wirtschaftliches Handeln muss sich wieder lohnen und die arbeitenden Menschen in die sichere Lage versetzen, eine Familie mit Kindern gründen und ernähren zu können.",Education,0,Labor,Labor,Labor,19135_Tagesordnungspunkt_23_AfD_Pasemann_ID1913500800_13.12.2019.csv
22,"So richtig es auch ist, eine sozialverträgliche Weiterbildungsmöglichkeit zu schaffen, so falsch ist es, alles und jeden fördern zu wollen.",Education,0,Labor,Labor,Labor,19135_Tagesordnungspunkt_23_AfD_Pasemann_ID1913500800_13.12.2019.csv
23,"Was wir in Deutschland wieder viel mehr brauchen, sind keine theoretisierenden staatsnahen Geisteswissenschaftler,
sondern wertschöpfend tätige Bürger, die durch den Erfolg der eigenen Arbeit unsere Volkswirtschaft voranbringen.",Education,0,Labor,Labor,Labor,19135_Tagesordnungspunkt_23_AfD_Pasemann_ID1913500800_13.12.2019.csv
24,"Eine angemessene bildungspolitische Förderung durch den Staat erfolgt auch nicht über die Schaffung einer Vielzahl nichtssagender neuer Berufsbezeichnungen oder unspezifischer Förderungsmaßnahmen, sondern durch die substanzielle Unterstützung bei der Aus-, Fort- und Weiterbildung der bereits bestehenden konventionellen Ausbildungsberufe.",Education,0,Labor,Labor,Labor,19135_Tagesordnungspunkt_23_AfD_Pasemann_ID1913500800_13.12.2019.csv
25,Der Mittelstand und insbesondere das deutsche Handwerk waren und sind das Rückgrat unserer Wirtschaft.,Education,0,Labor,Labor,Labor,19135_Tagesordnungspunkt_23_AfD_Pasemann_ID1913500800_13.12.2019.csv
26,Hilfe zur Selbsthilfe wäre die sinnvollste Unterstützung.,Education,0,Labor,Labor,Labor,19135_Tagesordnungspunkt_23_AfD_Pasemann_ID1913500800_13.12.2019.csv
27,Minimieren Sie doch zum Beispiel die horrende Steuerlast des Mittelstandes.,Education,0,Labor,Labor,Labor,19135_Tagesordnungspunkt_23_AfD_Pasemann_ID1913500800_13.12.2019.csv
28,"Lassen Sie zu, dass Unternehmen sich mit dem Geld selbst um die Weiterbildung ihrer Arbeitnehmer kümmern können.",Education,0,Labor,Labor,Labor,19135_Tagesordnungspunkt_23_AfD_Pasemann_ID1913500800_13.12.2019.csv
29,Das wäre ein wahrhafter Ansatz im Interesse des Mittelstandes und der deutschen Wirtschaft.,Education,0,Labor,Labor,Labor,19135_Tagesordnungspunkt_23_AfD_Pasemann_ID1913500800_13.12.2019.csv
30,Vielen Dank.,*,0,Labor,Labor,Labor,19135_Tagesordnungspunkt_23_AfD_Pasemann_ID1913500800_13.12.2019.csv
31,"Oliver Kaczmarek, SPD, ist der nächste Redner.",*,0,Labor,Labor,Labor,19135_Tagesordnungspunkt_23_AfD_Pasemann_ID1913500800_13.12.2019.csv
