,text,label_gold,segment_id,label_bert,label_parlbert,label_svm,speech_id
0,Herr Präsident!,*,0,Labor,Labor,Labor,19135_Tagesordnungspunkt_23_CDU_CSU_Albani_ID1913500700_13.12.2019.csv
1,Meine Damen und Herren!,*,0,Labor,Labor,Labor,19135_Tagesordnungspunkt_23_CDU_CSU_Albani_ID1913500700_13.12.2019.csv
2,Das sind wirklich „Los Wochos“ für die berufliche Bildung.,Education,0,Labor,Labor,Labor,19135_Tagesordnungspunkt_23_CDU_CSU_Albani_ID1913500700_13.12.2019.csv
3,"Vor 14 Tagen haben wir erleben dürfen, wie das Berufsbildungsmodernisierungsgesetz durch den Bundesrat gegangen ist.",Education,0,Labor,Labor,Labor,19135_Tagesordnungspunkt_23_CDU_CSU_Albani_ID1913500700_13.12.2019.csv
4,Dann gab es – glücklicherweise – zwölf neue oder halbneue Meisterberufe zurück.,Education,0,Labor,Labor,Labor,19135_Tagesordnungspunkt_23_CDU_CSU_Albani_ID1913500700_13.12.2019.csv
5,Und heute das AFBG.,Education,0,Labor,Labor,Labor,19135_Tagesordnungspunkt_23_CDU_CSU_Albani_ID1913500700_13.12.2019.csv
6,"Also, das ist wirklich mal ein klarer Sprung und eine klare Aussage für die berufliche Bildung.",Education,0,Labor,Labor,Labor,19135_Tagesordnungspunkt_23_CDU_CSU_Albani_ID1913500700_13.12.2019.csv
7,Heute ist nun Weiterbildung das zentrale Thema.,Education,0,Labor,Labor,Labor,19135_Tagesordnungspunkt_23_CDU_CSU_Albani_ID1913500700_13.12.2019.csv
8,"Es wurde schon gesagt: Weiterbildung wird das Thema nicht nur der kommenden Jahre, sondern wahrscheinlich der kommenden Jahrzehnte sein, das uns beschäftigen wird.",Education,0,Labor,Labor,Labor,19135_Tagesordnungspunkt_23_CDU_CSU_Albani_ID1913500700_13.12.2019.csv
9,Weiterbildung ist selbstverständlich; aber wir möchten eigentlich mehr.,Education,0,Labor,Labor,Labor,19135_Tagesordnungspunkt_23_CDU_CSU_Albani_ID1913500700_13.12.2019.csv
10,"Wir möchten, dass sie nicht nur selbstverständlich, dass sie nicht nur ein Muss ist; sie soll ein „will“ sein, sodass gesagt wird: Wir möchten uns weiterbilden. – Interesse an Zukunft, Interesse und Freude an Veränderung – das ist das, was wir vermitteln wollen und wofür wir hier auch die Rahmenbedingungen schaffen wollen, damit es nicht am Finanziellen scheitert.",Education,0,Labor,Labor,Labor,19135_Tagesordnungspunkt_23_CDU_CSU_Albani_ID1913500700_13.12.2019.csv
11,"In jedem Fall müssen wir erreichen, dass zwei Punkte adressiert werden: Wir haben zum einen den Fachkräftemangel und zum anderen ein erhebliches Nachwuchsproblem.",Macroeconomics,0,Labor,Labor,Labor,19135_Tagesordnungspunkt_23_CDU_CSU_Albani_ID1913500700_13.12.2019.csv
12,Bei Ersterem wissen wir: Viele Unternehmen sind bereits akut von dem Mangel an Fachkräften betroffen.,Macroeconomics,0,Labor,Labor,Labor,19135_Tagesordnungspunkt_23_CDU_CSU_Albani_ID1913500700_13.12.2019.csv
13,Mehr als 60 Prozent der Unternehmen sehen darin eine Gefahr für ihre Geschäftsentwicklung.,Macroeconomics,0,Labor,Labor,Labor,19135_Tagesordnungspunkt_23_CDU_CSU_Albani_ID1913500700_13.12.2019.csv
14,"Der Fachkräftemangel als Entwicklungshemmnis ist aus Sicht der Unternehmen merklich angestiegen, und dem müssen wir begegnen.",Macroeconomics,0,Labor,Labor,Labor,19135_Tagesordnungspunkt_23_CDU_CSU_Albani_ID1913500700_13.12.2019.csv
15,Das Zweite ist der Nachwuchsmangel.,Macroeconomics,0,Labor,Labor,Labor,19135_Tagesordnungspunkt_23_CDU_CSU_Albani_ID1913500700_13.12.2019.csv
16,"Bis zum Jahr 2020 plant demnach beinahe jeder vierte Inhaber oder jede vierte Inhaberin eines Handwerksbetriebs, an eine Nachfolgerin oder einen Nachfolger zu übergeben.",Macroeconomics,0,Labor,Labor,Labor,19135_Tagesordnungspunkt_23_CDU_CSU_Albani_ID1913500700_13.12.2019.csv
17,Über 180 000 Inhaberinnen und Inhaber suchen also eine Nachfolge.,Macroeconomics,0,Labor,Labor,Labor,19135_Tagesordnungspunkt_23_CDU_CSU_Albani_ID1913500700_13.12.2019.csv
18,"Hierfür werden wir mit der Änderung des AFBG einen wichtigen begleitenden und unterstützenden Ansatz bieten, wobei das AFBG auch schon in der Vergangenheit ein großer Erfolg war.",Labor,0,Labor,Labor,Labor,19135_Tagesordnungspunkt_23_CDU_CSU_Albani_ID1913500700_13.12.2019.csv
19,"Seit Inkrafttreten des AFBG im Jahr 1996 konnten rund 2,8 Millionen berufliche Aufstiege zu Führungskräften, Mittelständlern und Ausbildern für Fachkräfte von morgen mit einer Förderungsleistung von insgesamt 9,2 Milliarden Euro ermöglicht werden.",Labor,0,Labor,Labor,Labor,19135_Tagesordnungspunkt_23_CDU_CSU_Albani_ID1913500700_13.12.2019.csv
20,"Die Zahl der Empfängerinnen und Empfänger von Leistungen nach dem Aufstiegsfortbildungsförderungsgesetz ist im Jahr 2018 gegenüber dem Vorjahr um 1,6 Prozent und damit um 2 600 auf 167 000 gestiegen.",Labor,0,Labor,Labor,Labor,19135_Tagesordnungspunkt_23_CDU_CSU_Albani_ID1913500700_13.12.2019.csv
21,"Ein Drittel der Geförderten – Frau Bahr hat es schon gesagt – sind Frauen, und diese Zahl ist – besonders erfreulich – in den letzten Jahren deutlich angestiegen.",Labor,0,Labor,Labor,Labor,19135_Tagesordnungspunkt_23_CDU_CSU_Albani_ID1913500700_13.12.2019.csv
22,"Ursächlich ist im Wesentlichen die schrittweise Anpassung der landesrechtlichen Regelungen für die Erzieherberufe, was uns an dieser Stelle sehr freut; denn es ist ein wichtiges Zeichen für unsere Gesellschaft und die Zukunft unserer Gesellschaft, gerade diese Berufe deutlich zu fördern.",Labor,0,Labor,Labor,Labor,19135_Tagesordnungspunkt_23_CDU_CSU_Albani_ID1913500700_13.12.2019.csv
23,Dadurch können Angehörige dieser Berufe bei entsprechenden Fortbildungsmaßnahmen auch Aufstiegs-BAföG erhalten.,Labor,0,Labor,Labor,Labor,19135_Tagesordnungspunkt_23_CDU_CSU_Albani_ID1913500700_13.12.2019.csv
24,"Ich denke, das, was wir jetzt machen, zeigt deutlich: Man kann Gutes auch noch verbessern.",Labor,0,Labor,Labor,Labor,19135_Tagesordnungspunkt_23_CDU_CSU_Albani_ID1913500700_13.12.2019.csv
25,Wir haben eine komplementäre Förderung.,Labor,0,Labor,Labor,Labor,19135_Tagesordnungspunkt_23_CDU_CSU_Albani_ID1913500700_13.12.2019.csv
26,"Es soll nun für jede Fortbildungsstufe, die den DQR-Niveaus 5, 6 und 7 entspricht, die wir im Berufsbildungsgesetz entsprechend adressiert haben, ein passgenauer Förderanspruch im AFBG bestehen.",Labor,0,Labor,Labor,Labor,19135_Tagesordnungspunkt_23_CDU_CSU_Albani_ID1913500700_13.12.2019.csv
27,Bisher gab es dies nur für eine.,Labor,0,Labor,Labor,Labor,19135_Tagesordnungspunkt_23_CDU_CSU_Albani_ID1913500700_13.12.2019.csv
28,"Ich denke, gerade hier können wir deutlich machen: Dass Karriere, Weiterbildung, Aufstiegschancen in allen Bereichen gegeben sein müssen, ist ein Zeichen von diesem Hause in den Markt hinein, das sehr richtig ist.",Labor,0,Labor,Labor,Labor,19135_Tagesordnungspunkt_23_CDU_CSU_Albani_ID1913500700_13.12.2019.csv
29,"Des Weiteren haben wir ein Modernisierungspaket, aber vor allen Dingen haben wir erhebliche Leistungsverbesserungen.",Labor,0,Labor,Labor,Labor,19135_Tagesordnungspunkt_23_CDU_CSU_Albani_ID1913500700_13.12.2019.csv
30,Die Unterhaltsförderung wurde zu einem Vollzuschuss ausgebaut.,Labor,0,Labor,Labor,Labor,19135_Tagesordnungspunkt_23_CDU_CSU_Albani_ID1913500700_13.12.2019.csv
31,Die Erhöhung des Kinderbetreuungszuschlages auf 150 Euro stärkt die Situation der Betroffenen und macht vor allen Dingen eines deutlich: Zwischen die Begriffe „Karriere“ und „Familie“ gehört ein „und“ und kein „oder“.,Labor,0,Labor,Labor,Labor,19135_Tagesordnungspunkt_23_CDU_CSU_Albani_ID1913500700_13.12.2019.csv
32,Dies muss deutlich gemacht werden.,Labor,0,Labor,Labor,Labor,19135_Tagesordnungspunkt_23_CDU_CSU_Albani_ID1913500700_13.12.2019.csv
33,"Aber vor allem – das ist das Entscheidende, und da freue ich mich, dass wir dies in den Verhandlungen geschafft haben; ich danke Herrn Rabanus, aber auch Frau Bahr, die das jetzt übernommen hat, ganz herzlich für die gute Zusammenarbeit in den Verhandlungen, auch mit dem Ministerium; diese Verhandlungen haben wir bereits seit Anfang dieses Jahres geführt – sendet dies ein klares Zeichen: Wer die Weiterbildungsstufen, die Fortbildungsstufen an dieser Stelle durchschreitet und dann bereit ist, Verantwortung zu übernehmen – einen Betrieb, einen elterlichen Betrieb zu übernehmen oder einen zu gründen –, der darf, muss und braucht nicht von einer Darlehensschuld belastet sein.",Labor,0,Labor,Labor,Labor,19135_Tagesordnungspunkt_23_CDU_CSU_Albani_ID1913500700_13.12.2019.csv
34,"Insofern wird denjenigen, die diesen Weg gehen, die Darlehensschuld vollständig erlassen.",Labor,0,Labor,Labor,Labor,19135_Tagesordnungspunkt_23_CDU_CSU_Albani_ID1913500700_13.12.2019.csv
35,"Ich glaube, ein deutlicheres Zeichen, sich auf diesen Weg zu machen, kann man sich an dieser Stelle gar nicht vorstellen.",Labor,0,Labor,Labor,Labor,19135_Tagesordnungspunkt_23_CDU_CSU_Albani_ID1913500700_13.12.2019.csv
36,"Ferner haben wir in den Fokus genommen, dass für eine Zinsfreistellung des Darlehens – es werden jetzt noch die Umsetzungswege geprüft – die Umsetzung angegangen wird, sodass zum 1.",Labor,0,Labor,Labor,Labor,19135_Tagesordnungspunkt_23_CDU_CSU_Albani_ID1913500700_13.12.2019.csv
37,Januar 2023 dies Ziel vorgesehen ist und damit ein entsprechender Wechsel der Systeme der Finanzierung vorgenommen wird.,Labor,0,Labor,Labor,Labor,19135_Tagesordnungspunkt_23_CDU_CSU_Albani_ID1913500700_13.12.2019.csv
38,"Ich glaube, auch dies ist im Sinne der Äquivalenz zwischen dem akademischen BAföG und dem genannten Meister-BAföG.",Labor,0,Labor,Labor,Labor,19135_Tagesordnungspunkt_23_CDU_CSU_Albani_ID1913500700_13.12.2019.csv
39,Das ist ein wichtiger Schritt.,Labor,0,Labor,Labor,Labor,19135_Tagesordnungspunkt_23_CDU_CSU_Albani_ID1913500700_13.12.2019.csv
40,Ein weiterer Punkt.,Education,0,Labor,Labor,Labor,19135_Tagesordnungspunkt_23_CDU_CSU_Albani_ID1913500700_13.12.2019.csv
41,Wir haben viele Formen der Weiterbildung.,Education,0,Labor,Labor,Labor,19135_Tagesordnungspunkt_23_CDU_CSU_Albani_ID1913500700_13.12.2019.csv
42,Wir sind momentan in der Diskussion über neue Weiterbildungsmethoden.,Education,0,Labor,Labor,Labor,19135_Tagesordnungspunkt_23_CDU_CSU_Albani_ID1913500700_13.12.2019.csv
43,"Ich freue mich auf die Diskussionen im Ausschuss, in denen wir schauen, wie wir Weiterbildung noch attraktiver machen.",Education,0,Labor,Labor,Labor,19135_Tagesordnungspunkt_23_CDU_CSU_Albani_ID1913500700_13.12.2019.csv
44,Wir haben in der Enquete-Kommission und auch im Ausschuss viele Ansätze bereits beraten und werden dies auch zukünftig tun.,Education,0,Labor,Labor,Labor,19135_Tagesordnungspunkt_23_CDU_CSU_Albani_ID1913500700_13.12.2019.csv
45,Aber man muss für ein sinnvolles politisches Verfahren immer ein Standbein und ein Spielbein haben.,Education,0,Labor,Labor,Labor,19135_Tagesordnungspunkt_23_CDU_CSU_Albani_ID1913500700_13.12.2019.csv
46,"Heute ist das Spielbein, mit dem wir vorangehen, das AFBG, das in der beschriebenen Form verändert wird.",Education,0,Labor,Labor,Labor,19135_Tagesordnungspunkt_23_CDU_CSU_Albani_ID1913500700_13.12.2019.csv
47,"Darüber freue ich mich, und darüber sollten wir alle auch nach draußen positiv berichten.",Education,0,Labor,Labor,Labor,19135_Tagesordnungspunkt_23_CDU_CSU_Albani_ID1913500700_13.12.2019.csv
48,"Zu guter Letzt möchte ich stellvertretend für alle, die sich auf den Weg der beruflichen Bildung machen, meinem Sohn gratulieren, der vor 25 Minuten seine erste Prüfung in der dualen Ausbildung bestanden hat.
– Lorenz.",Education,0,Labor,Labor,Labor,19135_Tagesordnungspunkt_23_CDU_CSU_Albani_ID1913500700_13.12.2019.csv
49,"Den Glückwünschen schließt sich das ganze Haus an, Herr Kollege.",Education,1,Civil,Government,International,19135_Tagesordnungspunkt_23_CDU_CSU_Albani_ID1913500700_13.12.2019.csv
50,"Nächster Redner ist der Kollege Frank Pasemann, AfD.",*,1,Civil,Government,International,19135_Tagesordnungspunkt_23_CDU_CSU_Albani_ID1913500700_13.12.2019.csv
