,text,label_gold,segment_id,label_bert,label_parlbert,label_svm,speech_id
0,Danke schön. – Sehr geehrter Herr Präsident!,*,0,Education,Labor,Education,19135_Tagesordnungspunkt_23_AfD_Froemming_ID1913500200_13.12.2019.csv
1,Sehr geehrte Frau Ministerin!,*,0,Education,Labor,Education,19135_Tagesordnungspunkt_23_AfD_Froemming_ID1913500200_13.12.2019.csv
2,Sehr geehrte Damen und Herren!,*,0,Education,Labor,Education,19135_Tagesordnungspunkt_23_AfD_Froemming_ID1913500200_13.12.2019.csv
3,Bei der Vorbereitung auf diese Rede fiel mir ein Roman von Hermann Hesse ein; vielleicht kennen ihn einige von Ihnen.,Education,0,Education,Labor,Education,19135_Tagesordnungspunkt_23_AfD_Froemming_ID1913500200_13.12.2019.csv
4,Er heißt „Narziß und Goldmund“.,Education,0,Education,Labor,Education,19135_Tagesordnungspunkt_23_AfD_Froemming_ID1913500200_13.12.2019.csv
5,"Während Narziß der Akademiker, der Theologe ist, der den Weg der Askese geht, ist Goldmund derjenige, der einen anderen Weg einschlägt.",Education,0,Education,Labor,Education,19135_Tagesordnungspunkt_23_AfD_Froemming_ID1913500200_13.12.2019.csv
6,Er wählt den Weg des Handwerkers.,Education,0,Education,Labor,Education,19135_Tagesordnungspunkt_23_AfD_Froemming_ID1913500200_13.12.2019.csv
7,Er wird Kunsthandwerker und zieht in die Welt hinaus.,Education,0,Education,Labor,Education,19135_Tagesordnungspunkt_23_AfD_Froemming_ID1913500200_13.12.2019.csv
8,"Bis zum Schluss merkt man, dass Hermann Hesse beide Figuren liebt, und es bleibt offen, welcher dieser Wege der richtige ist; am Ende führen sie beide zu Gott.",Education,0,Education,Labor,Education,19135_Tagesordnungspunkt_23_AfD_Froemming_ID1913500200_13.12.2019.csv
9,"Im Grunde, meine Damen und Herren, ist es so ein bisschen auch, wenn wir darüber diskutieren, ob denn nun die akademische Ausbildung oder die berufliche Ausbildung mehr zu fördern sei.",Education,0,Education,Labor,Education,19135_Tagesordnungspunkt_23_AfD_Froemming_ID1913500200_13.12.2019.csv
10,"Wir sind uns, glaube ich, inzwischen schon einig in diesem Hause: Sie sind nicht gleich, aber sie sind gleich viel wert.",Education,0,Education,Labor,Education,19135_Tagesordnungspunkt_23_AfD_Froemming_ID1913500200_13.12.2019.csv
11,"Meine Damen und Herren, der vorliegende Gesetzentwurf zur Novellierung des Aufstiegsfortbildungsförderungsgesetzes geht in die richtige Richtung.",Labor,0,Education,Labor,Education,19135_Tagesordnungspunkt_23_AfD_Froemming_ID1913500200_13.12.2019.csv
12,Er enthält im Vergleich zur bisherigen Regelung einige Verbesserungen.,Labor,0,Education,Labor,Education,19135_Tagesordnungspunkt_23_AfD_Froemming_ID1913500200_13.12.2019.csv
13,Die höhere Berufsbildung wird dadurch in der Tat aufgewertet.,Labor,0,Education,Labor,Education,19135_Tagesordnungspunkt_23_AfD_Froemming_ID1913500200_13.12.2019.csv
14,Neben deutlichen Leistungsverbesserungen bei der Unterhalts- und Maßnahmenförderung enthält der Gesetzentwurf eine wesentliche strukturelle Veränderung für den Leistungsbezug.,Labor,0,Education,Labor,Education,19135_Tagesordnungspunkt_23_AfD_Froemming_ID1913500200_13.12.2019.csv
15,Die bisherige Beschränkung der AFBG-Förderung auf eine einzige Fortbildung entfällt und wird auf bis zu drei Fortbildungen erhöht.,Labor,0,Education,Labor,Education,19135_Tagesordnungspunkt_23_AfD_Froemming_ID1913500200_13.12.2019.csv
16,"Das ist logisch und folgerichtig, da es den drei Fortbildungsstufen entspricht, die wir neu eingeführt haben.",Labor,0,Education,Labor,Education,19135_Tagesordnungspunkt_23_AfD_Froemming_ID1913500200_13.12.2019.csv
17,Über die englischen Begrifflichkeiten kann man sich in der Tat noch streiten; aber von der Sache her sind wir uns da ja einig.,Labor,0,Education,Labor,Education,19135_Tagesordnungspunkt_23_AfD_Froemming_ID1913500200_13.12.2019.csv
18,"Es ist gut und richtig, wenn wir die berufliche und die akademische Bildung in gleichem Maße wertschätzen.",Labor,0,Education,Labor,Education,19135_Tagesordnungspunkt_23_AfD_Froemming_ID1913500200_13.12.2019.csv
19,Diese Wertschätzung muss aber auch durch eine Gleichstellung bei der staatlichen Förderung zum Ausdruck gebracht werden.,Labor,0,Education,Labor,Education,19135_Tagesordnungspunkt_23_AfD_Froemming_ID1913500200_13.12.2019.csv
20,"Davon, meine Damen und Herren, sind wir aber noch ein ganzes Stück entfernt.",Labor,0,Education,Labor,Education,19135_Tagesordnungspunkt_23_AfD_Froemming_ID1913500200_13.12.2019.csv
21,Studenten erhalten durch die kostenlosen Studiengänge und die BAföG-Leistungen für den Lebensunterhalt in Deutschland eine sehr großzügige staatliche Unterstützung; erst vor Kurzem haben wir sie ja auch noch erhöht.,Education,0,Education,Labor,Education,19135_Tagesordnungspunkt_23_AfD_Froemming_ID1913500200_13.12.2019.csv
22,"Finanziert wird diese akademische Ausbildung auch durch die Steuerabgaben, die zum Beispiel Handwerker schon in jungen Jahren als Lehrlinge und Gesellen leisten.",Education,0,Education,Labor,Education,19135_Tagesordnungspunkt_23_AfD_Froemming_ID1913500200_13.12.2019.csv
23,"Wenn sich einer dieser Handwerker aber dann selbst fortbilden möchte, ist das für ihn nicht umsonst.",Labor,0,Education,Labor,Education,19135_Tagesordnungspunkt_23_AfD_Froemming_ID1913500200_13.12.2019.csv
24,Auch nach dieser Gesetzesnovelle muss er immer noch bis zu 25 Prozent der Kurs- und Prüfungsgebühren selbst finanzieren.,Labor,0,Education,Labor,Education,19135_Tagesordnungspunkt_23_AfD_Froemming_ID1913500200_13.12.2019.csv
25,"Nach Berechnungen des Zentralverbands des Deutschen Handwerks sind es immerhin 3 750 Euro, die für eine Fortbildung an Kurs- und Prüfungsgebühren zu zahlen sind.",Labor,0,Education,Labor,Education,19135_Tagesordnungspunkt_23_AfD_Froemming_ID1913500200_13.12.2019.csv
26,"Hinzu kommen die Kosten für das Meisterstück, die sich in einigen Berufen, zum Beispiel in der Zahntechnik, auf mehrere Tausend Euro belaufen können und die nur teilweise erstattet werden.",Labor,0,Education,Labor,Education,19135_Tagesordnungspunkt_23_AfD_Froemming_ID1913500200_13.12.2019.csv
27,"Bisher belief sich der staatliche Zuschuss für die Lehrgangs- und Prüfungsgebühren auf 40 Prozent, und ja, Frau Ministerin, dieser wird jetzt – Sie haben es gesagt – etwas erhöht.",Labor,0,Education,Labor,Education,19135_Tagesordnungspunkt_23_AfD_Froemming_ID1913500200_13.12.2019.csv
28,Die restlichen 60 Prozent wurden als Darlehen gewährt.,Labor,0,Education,Labor,Education,19135_Tagesordnungspunkt_23_AfD_Froemming_ID1913500200_13.12.2019.csv
29,Bei bestandener Prüfung wurden davon 40 Prozent erlassen.,Labor,0,Education,Labor,Education,19135_Tagesordnungspunkt_23_AfD_Froemming_ID1913500200_13.12.2019.csv
30,"Nun haben Sie sich also durchgerungen, statt einem Zuschuss von 40 Prozent einen Zuschuss von 50 Prozent zu zahlen und bei bestandener Prüfung die Hälfte des Darlehens zu erlassen; es sind also jeweils 10 Prozent obendrauf gekommen.",Labor,0,Education,Labor,Education,19135_Tagesordnungspunkt_23_AfD_Froemming_ID1913500200_13.12.2019.csv
31,Das ist zu wenig.,Labor,0,Education,Labor,Education,19135_Tagesordnungspunkt_23_AfD_Froemming_ID1913500200_13.12.2019.csv
32,"Frau Ministerin, hier hätten Sie klotzen müssen und nicht kleckern dürfen.",Labor,0,Education,Labor,Education,19135_Tagesordnungspunkt_23_AfD_Froemming_ID1913500200_13.12.2019.csv
33,"Meine Damen und Herren, zahlen denn Studenten in Deutschland für ihre Ausbildung und für die Prüfung Gebühren?",Labor,0,Education,Labor,Education,19135_Tagesordnungspunkt_23_AfD_Froemming_ID1913500200_13.12.2019.csv
34,"Nein, das tun sie nicht.",Labor,0,Education,Labor,Education,19135_Tagesordnungspunkt_23_AfD_Froemming_ID1913500200_13.12.2019.csv
35,Deshalb sollte bei bestandener Prüfung auch in der beruflichen Bildung das ganze Darlehen erlassen werden.,Labor,0,Education,Labor,Education,19135_Tagesordnungspunkt_23_AfD_Froemming_ID1913500200_13.12.2019.csv
36,Das fordert der Zentralverband des Deutschen Handwerks.,Labor,0,Education,Labor,Education,19135_Tagesordnungspunkt_23_AfD_Froemming_ID1913500200_13.12.2019.csv
37,"Wir, die AfD-Fraktion, schließen uns dieser Forderung ausdrücklich an.",Labor,0,Education,Labor,Education,19135_Tagesordnungspunkt_23_AfD_Froemming_ID1913500200_13.12.2019.csv
38,Ich freue mich auf die weitere Beratung im Ausschuss.,Labor,0,Education,Labor,Education,19135_Tagesordnungspunkt_23_AfD_Froemming_ID1913500200_13.12.2019.csv
39,Dort werden wir dann auch näher auf die Vorschläge der Oppositionsfraktionen eingehen.,Labor,0,Education,Labor,Education,19135_Tagesordnungspunkt_23_AfD_Froemming_ID1913500200_13.12.2019.csv
40,Vielen Dank.,*,0,Education,Labor,Education,19135_Tagesordnungspunkt_23_AfD_Froemming_ID1913500200_13.12.2019.csv
41,"Nächste Rednerin ist die Kollegin Ulrike Bahr, SPD.",*,0,Education,Labor,Education,19135_Tagesordnungspunkt_23_AfD_Froemming_ID1913500200_13.12.2019.csv
