,text,label_gold,segment_id,label_bert,label_parlbert,label_svm,speech_id
0,Sehr geehrter Herr Präsident!,*,0,Labor,Labor,Education,19135_Tagesordnungspunkt_23_SPD_Fahimi_ID1913501200_13.12.2019.csv
1,Liebe Kolleginnen und Kollegen!,*,0,Labor,Labor,Education,19135_Tagesordnungspunkt_23_SPD_Fahimi_ID1913501200_13.12.2019.csv
2,Verehrte Zuschauerinnen und Zuschauer!,*,0,Labor,Labor,Education,19135_Tagesordnungspunkt_23_SPD_Fahimi_ID1913501200_13.12.2019.csv
3,"Diese Bundesregierung baut Wege der beruflichen Bildung umfassend aus, und zwar belastbar, sicher und ohne unübersichtliche Kurven.",Education,0,Labor,Labor,Education,19135_Tagesordnungspunkt_23_SPD_Fahimi_ID1913501200_13.12.2019.csv
4,"Mein Kollege Stephan Albani hat es bereits beschrieben: Das, was wir in den letzten Monaten auf den Weg gebracht haben, ist insgesamt, im Paket, zu sehen.",Education,0,Labor,Labor,Education,19135_Tagesordnungspunkt_23_SPD_Fahimi_ID1913501200_13.12.2019.csv
5,"Allem voran stehen die Modernisierung des Berufsbildungsgesetzes und die Verbesserung der Ausbildungsbeihilfe, mit der wir gute, starke Rahmenbedingungen für eine qualifizierte Ausbildung geschaffen haben.",Education,0,Labor,Labor,Education,19135_Tagesordnungspunkt_23_SPD_Fahimi_ID1913501200_13.12.2019.csv
6,"Das, liebe Kolleginnen und Kollegen, ist nämlich unser Verständnis von Attraktivitätssteigerung.",Education,0,Labor,Labor,Education,19135_Tagesordnungspunkt_23_SPD_Fahimi_ID1913501200_13.12.2019.csv
7,Wir wollen keine ständigen Negativkampagnen gegen das Studieren.,Education,0,Labor,Labor,Education,19135_Tagesordnungspunkt_23_SPD_Fahimi_ID1913501200_13.12.2019.csv
8,"Die AfD aber wird nicht müde, diese bei jeder Debatte zur beruflichen Bildung zu führen,
weil es ihr am Ende um etwas ganz anderes geht.",Education,0,Labor,Labor,Education,19135_Tagesordnungspunkt_23_SPD_Fahimi_ID1913501200_13.12.2019.csv
9,"Es geht Ihnen nämlich nicht um die Stärkung der beruflichen Bildung, es geht Ihnen darum, den akademischen Raum abzuschotten für das, was Sie Leistungselite nennen.",Education,0,Labor,Labor,Education,19135_Tagesordnungspunkt_23_SPD_Fahimi_ID1913501200_13.12.2019.csv
10,Zurück zum Thema.,Education,0,Labor,Labor,Education,19135_Tagesordnungspunkt_23_SPD_Fahimi_ID1913501200_13.12.2019.csv
11,Das sogenannte Meister-BAföG schafft eine verlässliche Finanzierung und echte Planbarkeit.,Labor,0,Labor,Labor,Education,19135_Tagesordnungspunkt_23_SPD_Fahimi_ID1913501200_13.12.2019.csv
12,"Diese Leistungen kommen, lieber Jens Brandenburg, bei den Menschen an.",Labor,0,Labor,Labor,Education,19135_Tagesordnungspunkt_23_SPD_Fahimi_ID1913501200_13.12.2019.csv
13,"Mit diesem Gesetz schaffen wir eine klare Formulierung für das, was förderungsbedürftig ist.",Labor,0,Labor,Labor,Education,19135_Tagesordnungspunkt_23_SPD_Fahimi_ID1913501200_13.12.2019.csv
14,"Auch wenn man in den Ländern vielleicht Verbesserungen vornehmen kann, sollte man jetzt nicht das Haar in der Suppe suchen und sagen, dass es angeblich so kompliziert ist, sein Geburtsdatum in der Betreffzeile anzugeben.",Labor,0,Labor,Labor,Education,19135_Tagesordnungspunkt_23_SPD_Fahimi_ID1913501200_13.12.2019.csv
15,Vielleicht denken Sie noch einmal darüber nach.,Labor,0,Labor,Labor,Education,19135_Tagesordnungspunkt_23_SPD_Fahimi_ID1913501200_13.12.2019.csv
16,Planungssicherheit und finanzielle Förderung schaffen echte Gleichwertigkeit.,Labor,0,Labor,Labor,Education,19135_Tagesordnungspunkt_23_SPD_Fahimi_ID1913501200_13.12.2019.csv
17,"Das ist das Versprechen, das wir geben wollen: Selbstbestimmung auf dem Berufsweg und Anstrengungen, die anerkannt und gefördert werden.",Labor,0,Labor,Labor,Education,19135_Tagesordnungspunkt_23_SPD_Fahimi_ID1913501200_13.12.2019.csv
18,"Hier ist schon viel zu den Verbesserungen, die wir jetzt vornehmen, gesagt worden.",Labor,0,Labor,Labor,Education,19135_Tagesordnungspunkt_23_SPD_Fahimi_ID1913501200_13.12.2019.csv
19,Ich möchte noch einmal die konsekutive Mehrfachförderung herausstellen.,Education,0,Labor,Labor,Education,19135_Tagesordnungspunkt_23_SPD_Fahimi_ID1913501200_13.12.2019.csv
20,"Entlang der Fortbildungsstufen, die wir im Berufsbildungsgesetz geschaffen haben – das sind, Herr Sattelberger, auch wenn es wehtut: Berufsspezialist, Bachelor Professional, Master Professional –, wollen wir den Fortbildungswilligen dieselben Konditionen zugestehen, sodass sie nicht alles auf eine Karte setzen müssen.",Education,0,Labor,Labor,Education,19135_Tagesordnungspunkt_23_SPD_Fahimi_ID1913501200_13.12.2019.csv
21,"Das ist doch genau das, was wir in der Enquete-Kommission längst diskutieren: lebensbegleitende Fortbildung fördern, Altersbegrenzungen abschaffen und Qualitätsbausteine für eine echte Qualifizierung schaffen.",Education,0,Labor,Labor,Education,19135_Tagesordnungspunkt_23_SPD_Fahimi_ID1913501200_13.12.2019.csv
22,"Liebe Kolleginnen und Kollegen, ja, die Sozialpartner müssen dies auch aufgreifen und die Fortbildungsstufen jetzt noch mit Leben füllen.",Education,0,Labor,Labor,Education,19135_Tagesordnungspunkt_23_SPD_Fahimi_ID1913501200_13.12.2019.csv
23,"Aber wir machen doch insgesamt mit diesen Paketen eines deutlich: Wer sich auf den Weg zum Aufstieg durch Bildung macht, dem bestellen wir heute den Fahrstuhl.",Education,0,Labor,Labor,Education,19135_Tagesordnungspunkt_23_SPD_Fahimi_ID1913501200_13.12.2019.csv
24,"Unsere Botschaft an die jungen Menschen ist: Du hast die freie Wahl. – Wir wollen nicht wie die AfD, dass es vom Arbeitgeber abhängig ist.",Education,0,Labor,Labor,Education,19135_Tagesordnungspunkt_23_SPD_Fahimi_ID1913501200_13.12.2019.csv
25,"Wir sagen: Du hast die freie Wahl, dich zu entscheiden, und dieser Weg wird ein leichter sein.",Education,0,Labor,Labor,Education,19135_Tagesordnungspunkt_23_SPD_Fahimi_ID1913501200_13.12.2019.csv
26,Ich wünsche einen schönen dritten Advent!,*,0,Labor,Labor,Education,19135_Tagesordnungspunkt_23_SPD_Fahimi_ID1913501200_13.12.2019.csv
27,Damit schließe ich die Aussprache.,*,0,Labor,Labor,Education,19135_Tagesordnungspunkt_23_SPD_Fahimi_ID1913501200_13.12.2019.csv
