,text,label_gold,segment_id,label_bert,label_parlbert,label_svm,speech_id
0,Herr Präsident!,*,0,Education,Education,Education,19135_Tagesordnungspunkt_23_FDP_Brandenburg_ID1913500400_13.12.2019.csv
1,Liebe Kolleginnen und Kollegen!,*,0,Education,Education,Education,19135_Tagesordnungspunkt_23_FDP_Brandenburg_ID1913500400_13.12.2019.csv
2,Das Aufstiegs-BAföG ist eine große Erfolgsgeschichte.,Labor,0,Education,Education,Education,19135_Tagesordnungspunkt_23_FDP_Brandenburg_ID1913500400_13.12.2019.csv
3,Es hat Hunderttausenden den Weg in die berufliche Fortbildung eröffnet.,Labor,0,Education,Education,Education,19135_Tagesordnungspunkt_23_FDP_Brandenburg_ID1913500400_13.12.2019.csv
4,Nach der Erstausbildung muss ja nicht Schluss sein.,Labor,0,Education,Education,Education,19135_Tagesordnungspunkt_23_FDP_Brandenburg_ID1913500400_13.12.2019.csv
5,"Wer sich weiter anstrengt und in die Bildung investiert, kann mit dem Meister, Fachwirt oder Techniker weiter aufsteigen.",Labor,0,Education,Education,Education,19135_Tagesordnungspunkt_23_FDP_Brandenburg_ID1913500400_13.12.2019.csv
6,"Das Aufstiegs-BAföG unterstützt diese Menschen bei ihrer Fortbildung mit Zuschüssen für den Unterhalt oder auch für Bildungsmaßnahmen.
– Wer hat es erfunden?",Labor,0,Education,Education,Education,19135_Tagesordnungspunkt_23_FDP_Brandenburg_ID1913500400_13.12.2019.csv
7,"Schwarz-Gelb war das damals, Frau Fahimi.",Labor,0,Education,Education,Education,19135_Tagesordnungspunkt_23_FDP_Brandenburg_ID1913500400_13.12.2019.csv
8,Es gibt aber dennoch Reformbedarf.,Labor,0,Education,Education,Education,19135_Tagesordnungspunkt_23_FDP_Brandenburg_ID1913500400_13.12.2019.csv
9,"Denn einerseits können wir an unseren Hochschulen heute kostenfrei studieren, andererseits müssen wir für die Meisterausbildung selbst nach der Förderung immer noch mehrere Tausend Euro auf den Tisch legen.",Labor,0,Education,Education,Education,19135_Tagesordnungspunkt_23_FDP_Brandenburg_ID1913500400_13.12.2019.csv
10,Das ist ungerecht.,Labor,0,Education,Education,Education,19135_Tagesordnungspunkt_23_FDP_Brandenburg_ID1913500400_13.12.2019.csv
11,Berufliche Fortbildung darf nicht an finanziellen Hürden scheitern.,Labor,0,Education,Education,Education,19135_Tagesordnungspunkt_23_FDP_Brandenburg_ID1913500400_13.12.2019.csv
12,"Deshalb ist es höchste Zeit, das Aufstiegs-BAföG auszubauen.",Labor,0,Education,Education,Education,19135_Tagesordnungspunkt_23_FDP_Brandenburg_ID1913500400_13.12.2019.csv
13,Diese Reform ist überfällig.,Labor,0,Education,Education,Education,19135_Tagesordnungspunkt_23_FDP_Brandenburg_ID1913500400_13.12.2019.csv
14,"Es ist gut, dass sie jetzt endlich kommt, und das unterstützen wir auch.",Labor,0,Education,Education,Education,19135_Tagesordnungspunkt_23_FDP_Brandenburg_ID1913500400_13.12.2019.csv
15,"Aber glauben Sie bitte nicht, Frau Karliczek, dass damit schon alles erledigt sei.",Labor,0,Education,Education,Education,19135_Tagesordnungspunkt_23_FDP_Brandenburg_ID1913500400_13.12.2019.csv
16,"Bevor Sie jetzt zum großen Richtfest einladen, gibt es auf der BAföG-Baustelle noch einiges zu tun.",Labor,0,Education,Education,Education,19135_Tagesordnungspunkt_23_FDP_Brandenburg_ID1913500400_13.12.2019.csv
17,Passen wir die starren Vorschriften an die Lebenswirklichkeit der Menschen an.,Labor,0,Education,Education,Education,19135_Tagesordnungspunkt_23_FDP_Brandenburg_ID1913500400_13.12.2019.csv
18,"Beispielsweise steht der Unterhaltsbeitrag nur den Vollzeitgeförderten zur Verfügung, nicht aber denen in Teilzeit.",Labor,0,Education,Education,Education,19135_Tagesordnungspunkt_23_FDP_Brandenburg_ID1913500400_13.12.2019.csv
19,"Sie, Frau Karliczek, haben im Ausschuss behauptet, das sei ja gar nicht nötig.",Labor,0,Education,Education,Education,19135_Tagesordnungspunkt_23_FDP_Brandenburg_ID1913500400_13.12.2019.csv
20,Das ist doch Unsinn.,Labor,0,Education,Education,Education,19135_Tagesordnungspunkt_23_FDP_Brandenburg_ID1913500400_13.12.2019.csv
21,"Wenn Sie als Geselle oder als Kauffrau eine Familie zu ernähren haben, dann können Sie nicht einfach mal auf die Hälfte Ihres Einkommens verzichten.",Labor,0,Education,Education,Education,19135_Tagesordnungspunkt_23_FDP_Brandenburg_ID1913500400_13.12.2019.csv
22,"Wer beispielsweise Kinder erzieht oder Angehörige pflegt, kann auf Teilzeitfortbildungen angewiesen sein.",Labor,0,Education,Education,Education,19135_Tagesordnungspunkt_23_FDP_Brandenburg_ID1913500400_13.12.2019.csv
23,Lassen Sie uns diese Menschen unterstützen.,Labor,0,Education,Education,Education,19135_Tagesordnungspunkt_23_FDP_Brandenburg_ID1913500400_13.12.2019.csv
24,Sie haben es verdient.,Labor,0,Education,Education,Education,19135_Tagesordnungspunkt_23_FDP_Brandenburg_ID1913500400_13.12.2019.csv
25,"Vollzeitmaßnahmen fördern Sie nur dann, wenn pro Woche mindestens 25 Unterrichtsstunden erreicht werden.",Labor,0,Education,Education,Education,19135_Tagesordnungspunkt_23_FDP_Brandenburg_ID1913500400_13.12.2019.csv
26,Das ist ein Problem für saisonale Branchen wie die Landwirtschaft oder auch das Baugewerbe.,Labor,0,Education,Education,Education,19135_Tagesordnungspunkt_23_FDP_Brandenburg_ID1913500400_13.12.2019.csv
27,"Warum können wir Lehrgangsgebühren nicht auch dann fördern, wenn die Menschen beispielsweise im Sommer arbeiten und im Winter Blockunterricht nehmen?",Labor,0,Education,Education,Education,19135_Tagesordnungspunkt_23_FDP_Brandenburg_ID1913500400_13.12.2019.csv
28,"Ziehen Sie den Höfen im Sommer nicht die Arbeitskräfte ab, sondern schaffen Sie mehr Freiraum für Fortbildung.",Labor,0,Education,Education,Education,19135_Tagesordnungspunkt_23_FDP_Brandenburg_ID1913500400_13.12.2019.csv
29,Die Länder sollen ja seit 2016 eine elektronische Antragstellung ermöglichen.,Government Operations,0,Education,Education,Education,19135_Tagesordnungspunkt_23_FDP_Brandenburg_ID1913500400_13.12.2019.csv
30,Ich habe mir gestern Abend mal den Spaß gemacht und mir das für Baden-Württemberg angesehen.,Government Operations,0,Education,Education,Education,19135_Tagesordnungspunkt_23_FDP_Brandenburg_ID1913500400_13.12.2019.csv
31,"Es gibt ein umständliches Onlineformular, dessen Design und Funktionalität offenbar aus den 90er-Jahren übrig geblieben ist.",Government Operations,0,Education,Education,Education,19135_Tagesordnungspunkt_23_FDP_Brandenburg_ID1913500400_13.12.2019.csv
32,"Der einzige Vorteil gegenüber dem Papierformular ist, dass die IBAN automatisch auf Plausibilität geprüft wird.",Government Operations,0,Education,Education,Education,19135_Tagesordnungspunkt_23_FDP_Brandenburg_ID1913500400_13.12.2019.csv
33,Im allereinfachsten Fall müssen Sie in diesem Formular 26-mal auf „Weiter“ klicken.,Government Operations,0,Education,Education,Education,19135_Tagesordnungspunkt_23_FDP_Brandenburg_ID1913500400_13.12.2019.csv
34,Damit haben Sie in Estland drei Jahrzehnte lang Ihre Steuererklärung abgegeben.,Government Operations,0,Education,Education,Education,19135_Tagesordnungspunkt_23_FDP_Brandenburg_ID1913500400_13.12.2019.csv
35,"Dieses Ding kann noch nicht mal dann Ihren Wohnort erraten, wenn Sie vorher längst Ihre Postleitzahl angegeben haben.",Government Operations,0,Education,Education,Education,19135_Tagesordnungspunkt_23_FDP_Brandenburg_ID1913500400_13.12.2019.csv
36,"Sie bekommen dann am Ende ein ausgefülltes PDF, sollen dieses herunterladen und per hoffentlich bereits eingerichteter kostenpflichtiger De-Mail an das zuständige AFBG-Amt Ihres Landkreises schicken.",Government Operations,0,Education,Education,Education,19135_Tagesordnungspunkt_23_FDP_Brandenburg_ID1913500400_13.12.2019.csv
37,"Eine einfache Videoidentifikation per Smartphone, wie sie für die Einrichtung eines Bankkontos durchaus üblich ist, steht nicht zur Verfügung.",Government Operations,0,Education,Education,Education,19135_Tagesordnungspunkt_23_FDP_Brandenburg_ID1913500400_13.12.2019.csv
38,Das wäre ja zu einfach.,Government Operations,0,Education,Education,Education,19135_Tagesordnungspunkt_23_FDP_Brandenburg_ID1913500400_13.12.2019.csv
39,"In der Betreffzeile Ihrer E-Mail müssen Sie fein säuberlich Name, Vorname und Geburtsdatum eintragen; sonst ist das Amt offenbar überfordert.",Government Operations,0,Education,Education,Education,19135_Tagesordnungspunkt_23_FDP_Brandenburg_ID1913500400_13.12.2019.csv
40,"Wenn Ihr Anhang samt sämtlicher Nachweise mehr als 10 Megabyte beträgt, dann müssen Sie es auf mehrere E-Mails aufteilen.",Government Operations,0,Education,Education,Education,19135_Tagesordnungspunkt_23_FDP_Brandenburg_ID1913500400_13.12.2019.csv
41,"Eine Prognose, ob Sie überhaupt förderfähig sind und, wenn ja, in welcher Höhe, erhalten Sie nicht.",Government Operations,0,Education,Education,Education,19135_Tagesordnungspunkt_23_FDP_Brandenburg_ID1913500400_13.12.2019.csv
42,Das ist eine Blamage für die Länder.,Government Operations,0,Education,Education,Education,19135_Tagesordnungspunkt_23_FDP_Brandenburg_ID1913500400_13.12.2019.csv
43,"Das ist keine Digitalisierung, sondern eine elektronische Ausfüllerschwernis.",Government Operations,0,Education,Education,Education,19135_Tagesordnungspunkt_23_FDP_Brandenburg_ID1913500400_13.12.2019.csv
44,"Es ist mir ein Rätsel, wie Sie bundesweit 60 Freiwillige gefunden haben, die diese Tortur auf sich nehmen.",Government Operations,1,Social,Social,Education,19135_Tagesordnungspunkt_23_FDP_Brandenburg_ID1913500400_13.12.2019.csv
45,"Sorgen Sie endlich dafür, dass die Verwaltung im 21.",Government Operations,1,Social,Social,Education,19135_Tagesordnungspunkt_23_FDP_Brandenburg_ID1913500400_13.12.2019.csv
46,Jahrhundert ankommt.,Government Operations,1,Social,Social,Education,19135_Tagesordnungspunkt_23_FDP_Brandenburg_ID1913500400_13.12.2019.csv
47,"Es ist gut, dass wir das Aufstiegs-BAföG nun endlich ausbauen.",Government Operations,1,Social,Social,Education,19135_Tagesordnungspunkt_23_FDP_Brandenburg_ID1913500400_13.12.2019.csv
48,"Noch besser wäre eine große Reform gewesen, die Teilzeit erleichtert, Blockunterricht ermöglicht und die Digitalisierung vorantreibt.",Government Operations,1,Social,Social,Education,19135_Tagesordnungspunkt_23_FDP_Brandenburg_ID1913500400_13.12.2019.csv
49,"Lassen Sie uns die Ausschussberatungen nutzen, daran zu arbeiten.",Government Operations,1,Social,Social,Education,19135_Tagesordnungspunkt_23_FDP_Brandenburg_ID1913500400_13.12.2019.csv
50,Herzlichen Dank.,*,1,Social,Social,Education,19135_Tagesordnungspunkt_23_FDP_Brandenburg_ID1913500400_13.12.2019.csv
51,"Birke Bull-Bischoff, Die Linke, ist die nächste Rednerin.",*,1,Social,Social,Education,19135_Tagesordnungspunkt_23_FDP_Brandenburg_ID1913500400_13.12.2019.csv
