,text,label_gold,segment_id,label_bert,label_parlbert,label_svm,speech_id
0,Herr Präsident!,*,0,Education,Labor,Labor,19135_Tagesordnungspunkt_23_CDU_CSU_Staffler_ID1913501100_13.12.2019.csv
1,Liebe Kolleginnen und Kollegen!,*,0,Education,Labor,Labor,19135_Tagesordnungspunkt_23_CDU_CSU_Staffler_ID1913501100_13.12.2019.csv
2,Ich bin ja fast sprachlos: Ein Lob von Herrn Dr.,Labor,0,Education,Labor,Labor,19135_Tagesordnungspunkt_23_CDU_CSU_Staffler_ID1913501100_13.12.2019.csv
3,"Sattelberger zu bekommen, zeigt: Wir sind offensichtlich auf einem guten Weg.",Labor,0,Education,Labor,Labor,19135_Tagesordnungspunkt_23_CDU_CSU_Staffler_ID1913501100_13.12.2019.csv
4,Gestern haben wir hier im Plenum die Änderung der Handwerksordnung beschlossen und damit den Weg freigemacht für die Wiedereinführung der Meisterpflicht.,Labor,0,Education,Labor,Labor,19135_Tagesordnungspunkt_23_CDU_CSU_Staffler_ID1913501100_13.12.2019.csv
5,"Für das Führen eines Betriebs in den jetzt wieder zulassungspflichtigen Gewerken, also zum Beispiel Fliesen- und Parkettleger, Schilder- und Lichtreklamehersteller, Estrichleger, wird nun wieder ein Meisterbrief erforderlich sein.",Labor,0,Education,Labor,Labor,19135_Tagesordnungspunkt_23_CDU_CSU_Staffler_ID1913501100_13.12.2019.csv
6,"Damit verpflichten wir diejenigen, die solch einen Betrieb führen wollen, dass sie sich fortbilden, dass sie eine Aufstiegsfortbildung machen.",Labor,0,Education,Labor,Labor,19135_Tagesordnungspunkt_23_CDU_CSU_Staffler_ID1913501100_13.12.2019.csv
7,Letztens hat mir in diesem Zusammenhang ein Bürger aus meinem Wahlkreis geschrieben.,Labor,0,Education,Labor,Labor,19135_Tagesordnungspunkt_23_CDU_CSU_Staffler_ID1913501100_13.12.2019.csv
8,"Er hat gefragt, ob wir denn bei dieser ganzen Debatte über die Stärkung der beruflichen Bildung und gerade bei den Aufstiegsfortbildungen wie dem Meister vergessen haben, dass das Ganze was kostet.",Labor,0,Education,Labor,Labor,19135_Tagesordnungspunkt_23_CDU_CSU_Staffler_ID1913501100_13.12.2019.csv
9,"Er hat gesagt, dass die Kostenpflicht der Meisterschule immer noch junge Menschen davon abschrecken würde, diesen Weg einzuschlagen.",Labor,0,Education,Labor,Labor,19135_Tagesordnungspunkt_23_CDU_CSU_Staffler_ID1913501100_13.12.2019.csv
10,"Liebe Kolleginnen und Kollegen, er hat natürlich völlig recht.",Labor,0,Education,Labor,Labor,19135_Tagesordnungspunkt_23_CDU_CSU_Staffler_ID1913501100_13.12.2019.csv
11,"Wenn wir darüber sprechen, dass wir die berufliche Bildung stärken wollen, wenn wir darüber sprechen, dass die berufliche Bildung gleichwertig mit der akademischen Bildung sein soll, dann müssen wir natürlich auch die Frage der Finanzierung mitdenken; Beate Walter-Rosenheimer hat es gesagt: Nicht nur mitdenken, sondern auch mitmachen.",Labor,0,Education,Labor,Labor,19135_Tagesordnungspunkt_23_CDU_CSU_Staffler_ID1913501100_13.12.2019.csv
12,Genau das tun wir.,Labor,0,Education,Labor,Labor,19135_Tagesordnungspunkt_23_CDU_CSU_Staffler_ID1913501100_13.12.2019.csv
13,Wir arbeiten an der Finanzierung der beruflichen Aufstiegsfortbildung.,Labor,0,Education,Labor,Labor,19135_Tagesordnungspunkt_23_CDU_CSU_Staffler_ID1913501100_13.12.2019.csv
14,In der akademischen Bildung unterstützen wir unsere Studenten sehr wohl schon finanziell.,Labor,0,Education,Labor,Labor,19135_Tagesordnungspunkt_23_CDU_CSU_Staffler_ID1913501100_13.12.2019.csv
15,"Daher sehen wir uns als Union, im Sinne der Gleichwertigkeit, natürlich in der Pflicht, dass wir auch denjenigen finanziell genauso unterstützen, der durch eine berufliche Ausbildung aufsteigen will.",Labor,0,Education,Labor,Labor,19135_Tagesordnungspunkt_23_CDU_CSU_Staffler_ID1913501100_13.12.2019.csv
16,Genau diesen Menschen soll das Aufstiegs-BAföG jetzt zugutekommen.,Labor,0,Education,Labor,Labor,19135_Tagesordnungspunkt_23_CDU_CSU_Staffler_ID1913501100_13.12.2019.csv
17,"Mit der Modernisierung des Berufsbildungsgesetzes in diesem Jahr haben wir schon wichtige Strukturen und Maßnahmen geschaffen, um die berufliche Bildung zu stärken.",Labor,0,Education,Labor,Labor,19135_Tagesordnungspunkt_23_CDU_CSU_Staffler_ID1913501100_13.12.2019.csv
18,Die Diskussionen zu den neuen Abschlussbezeichnungen haben wir sicherlich alle noch gut in Erinnerung.,Labor,0,Education,Labor,Labor,19135_Tagesordnungspunkt_23_CDU_CSU_Staffler_ID1913501100_13.12.2019.csv
19,Mit der Novelle des Aufstiegs-BAföG setzen wir genau da wieder an: Wir unterstützen den beruflichen Aufstieg jetzt auch finanziell.,Labor,0,Education,Labor,Labor,19135_Tagesordnungspunkt_23_CDU_CSU_Staffler_ID1913501100_13.12.2019.csv
20,Die Ministerin und der Kollege Albani haben die wichtigsten Punkte der Novelle schon genannt.,Labor,0,Education,Labor,Labor,19135_Tagesordnungspunkt_23_CDU_CSU_Staffler_ID1913501100_13.12.2019.csv
21,"Zum Abschluss möchte ich die für mich wichtigsten Themen noch mal zusammenfassen: Wir wollen zukünftig nicht nur eine Fortbildungsstufe fördern, sondern mehrere.",Labor,0,Education,Labor,Labor,19135_Tagesordnungspunkt_23_CDU_CSU_Staffler_ID1913501100_13.12.2019.csv
22,"Wir wollen diejenigen unterstützen, die sich selbstständig machen oder einen Betrieb übernehmen wollen, indem wir ihnen die Kosten der Fortbildung nach drei Jahren erlassen.",Labor,0,Education,Labor,Labor,19135_Tagesordnungspunkt_23_CDU_CSU_Staffler_ID1913501100_13.12.2019.csv
23,"Wir wollen auch die Leistungen an sich verbessern – mit höheren Zuschussanteilen, mit höheren Freibeträgen und mit höheren Darlehenserlassen.",Labor,0,Education,Labor,Labor,19135_Tagesordnungspunkt_23_CDU_CSU_Staffler_ID1913501100_13.12.2019.csv
24,"Die aktuellen Zahlen des Bundesinstituts für Berufsbildung zeigen uns ja eines: Demografiebedingt sinken die Schulabgängerzahlen, und das schlägt heute schon auf den Ausbildungsmarkt durch.",Labor,0,Education,Labor,Labor,19135_Tagesordnungspunkt_23_CDU_CSU_Staffler_ID1913501100_13.12.2019.csv
25,"Wir hatten im Ausbildungsjahr 2018/19 erstmals weniger als 600 000 junge Leute, die sich für eine Karriere in der beruflichen Bildung entschieden haben.",Labor,0,Education,Labor,Labor,19135_Tagesordnungspunkt_23_CDU_CSU_Staffler_ID1913501100_13.12.2019.csv
26,"Auch die Zahl der abgeschlossenen Ausbildungsverträge ist erneut zurückgegangen, konkret um 6 300 auf jetzt 525 100 unterschriebene Verträge.",Labor,0,Education,Labor,Labor,19135_Tagesordnungspunkt_23_CDU_CSU_Staffler_ID1913501100_13.12.2019.csv
27,"Das sind 1,2 Prozent weniger als noch im letzten Jahr.",Labor,0,Education,Labor,Labor,19135_Tagesordnungspunkt_23_CDU_CSU_Staffler_ID1913501100_13.12.2019.csv
28,"Deswegen ist es, glaube ich, heute wichtiger denn je, die Arbeit am eigenen Bildungsaufstieg, dass also jeder Einzelne daran arbeitet, auf seinem beruflichen Weg aufsteigen zu können, attraktiver zu machen und diesen Weg für mehr Menschen zu öffnen.",Labor,0,Education,Labor,Labor,19135_Tagesordnungspunkt_23_CDU_CSU_Staffler_ID1913501100_13.12.2019.csv
29,"Es ist außerdem auffällig, dass von den jungen Menschen, die gerne eine berufliche Ausbildung machen und diesen Weg einschlagen möchten, aber keinen für sie persönlich passenden Ausbildungsplatz gefunden haben, zwei Drittel den mittleren Schulabschluss oder sogar eine Hochschulzulassungsberechtigung hatten.",Labor,0,Education,Labor,Labor,19135_Tagesordnungspunkt_23_CDU_CSU_Staffler_ID1913501100_13.12.2019.csv
30,Diesen Jugendlichen fehlen in vielen Berufen einfach die klaren Aufstiegsperspektiven.,Labor,0,Education,Labor,Labor,19135_Tagesordnungspunkt_23_CDU_CSU_Staffler_ID1913501100_13.12.2019.csv
31,"Deswegen: Wir brauchen abgestimmte und lebensnahe Fort- und Weiterbildungsangebote, die einen Aufstieg mit System vorwegdenken.",Labor,0,Education,Labor,Labor,19135_Tagesordnungspunkt_23_CDU_CSU_Staffler_ID1913501100_13.12.2019.csv
32,"Damit können wir dann die Attraktivität der beruflichen Bildung für die potenziellen Fachkräfte von morgen, für die Fachkräfte der Zukunft, steigern.",Labor,0,Education,Labor,Labor,19135_Tagesordnungspunkt_23_CDU_CSU_Staffler_ID1913501100_13.12.2019.csv
33,Die Chancen für junge Menschen sind nach 14 Jahren unionsgeführter Regierungen so gut wie nie zuvor.,Labor,0,Education,Labor,Labor,19135_Tagesordnungspunkt_23_CDU_CSU_Staffler_ID1913501100_13.12.2019.csv
34,"Mit dem Aufstiegs-BAföG hat die Regierung jetzt das letzte wichtige Gesetzesvorhaben zur Stärkung der beruflichen Bildung vorgelegt, im Übrigen nach nicht einmal zwei Jahren Regierungszeit.",Labor,0,Education,Labor,Labor,19135_Tagesordnungspunkt_23_CDU_CSU_Staffler_ID1913501100_13.12.2019.csv
35,Wir halten Wort.,Labor,0,Education,Labor,Labor,19135_Tagesordnungspunkt_23_CDU_CSU_Staffler_ID1913501100_13.12.2019.csv
36,"Wir machen Lust auf Bildung, egal ob im Ausbildungsbetrieb, im Hörsaal oder in der Meister- und Technikerschule.",Labor,0,Education,Labor,Labor,19135_Tagesordnungspunkt_23_CDU_CSU_Staffler_ID1913501100_13.12.2019.csv
37,"Deswegen kann ich mit gutem Gewissen dem Bürger aus meinem Wahlkreis, der mir geschrieben hat, antworten: Nein, wir haben die Meisterschüler eben nicht vergessen.",Labor,0,Education,Labor,Labor,19135_Tagesordnungspunkt_23_CDU_CSU_Staffler_ID1913501100_13.12.2019.csv
38,"Es tut sich etwas, nicht nur in der beruflichen Bildung an sich, sondern auch beim Bildungsaufstieg. – Das ist eine gute Botschaft für die Menschen in unserem Land.",Labor,0,Education,Labor,Labor,19135_Tagesordnungspunkt_23_CDU_CSU_Staffler_ID1913501100_13.12.2019.csv
39,Vielen Dank.,*,0,Education,Labor,Labor,19135_Tagesordnungspunkt_23_CDU_CSU_Staffler_ID1913501100_13.12.2019.csv
40,"Voraussichtlich letzte Rednerin in dieser Debatte ist die Kollegin Yasmin Fahimi, SPD.",*,0,Education,Labor,Labor,19135_Tagesordnungspunkt_23_CDU_CSU_Staffler_ID1913501100_13.12.2019.csv
