,text,label_gold,segment_id,label_bert,label_parlbert,label_svm,speech_id
0,Sehr geehrte Damen und Herren!,*,0,Labor,Labor,Education,19135_Tagesordnungspunkt_23_LINKE_Bull-Bischoff_ID1913500500_13.12.2019.csv
1,Sehr geehrter Herr Präsident!,*,0,Labor,Labor,Education,19135_Tagesordnungspunkt_23_LINKE_Bull-Bischoff_ID1913500500_13.12.2019.csv
2,"Die finanzielle Förderung von Aufstiegsfortbildung durch das AFBG unterstützt in der Tat viele, viele junge Leute durch Zuschüsse zum Lebensunterhalt und anderes.",Labor,0,Labor,Labor,Education,19135_Tagesordnungspunkt_23_LINKE_Bull-Bischoff_ID1913500500_13.12.2019.csv
3,Das ist in jedem Fall besser als nichts.,Labor,0,Labor,Labor,Education,19135_Tagesordnungspunkt_23_LINKE_Bull-Bischoff_ID1913500500_13.12.2019.csv
4,Man kann sagen: Es sind Schritte in die richtige Richtung.,Labor,0,Labor,Labor,Education,19135_Tagesordnungspunkt_23_LINKE_Bull-Bischoff_ID1913500500_13.12.2019.csv
5,"Ja, der vorliegende Entwurf verbessert diese Unterstützung.",Labor,0,Labor,Labor,Education,19135_Tagesordnungspunkt_23_LINKE_Bull-Bischoff_ID1913500500_13.12.2019.csv
6,Unter anderem deshalb ist er ja in der Kernzeit gelandet.,Labor,0,Labor,Labor,Education,19135_Tagesordnungspunkt_23_LINKE_Bull-Bischoff_ID1913500500_13.12.2019.csv
7,"Der Antrag von Bündnis 90/Die Grünen geht darüber hinaus – zu Recht, wie ich finde – und zeigt Vorstellungen und Prämissen, die wir als Linke bekanntermaßen weitgehend teilen:
Zum Ersten.",Labor,0,Labor,Labor,Education,19135_Tagesordnungspunkt_23_LINKE_Bull-Bischoff_ID1913500500_13.12.2019.csv
8,Wir brauchen ein Recht auf Weiterbildung.,Labor,0,Labor,Labor,Education,19135_Tagesordnungspunkt_23_LINKE_Bull-Bischoff_ID1913500500_13.12.2019.csv
9,Zum Zweiten.,Education,0,Labor,Labor,Education,19135_Tagesordnungspunkt_23_LINKE_Bull-Bischoff_ID1913500500_13.12.2019.csv
10,"Perspektivisch brauchen wir nicht viele kleine Gesetze, die Weiterbildung bzw.",Education,0,Labor,Labor,Education,19135_Tagesordnungspunkt_23_LINKE_Bull-Bischoff_ID1913500500_13.12.2019.csv
11,"Erwachsenenbildung regeln, sondern wir brauchen ein komplexes Erwachsenenbildungsgesetz.",Education,0,Labor,Labor,Education,19135_Tagesordnungspunkt_23_LINKE_Bull-Bischoff_ID1913500500_13.12.2019.csv
12,Zum Dritten.,Labor,0,Labor,Labor,Education,19135_Tagesordnungspunkt_23_LINKE_Bull-Bischoff_ID1913500500_13.12.2019.csv
13,"Was die Frage der Finanzierung betrifft, brauchen wir – da sind wir sehr nah bei dem Vorschlag der GEW – einen Weiterbildungsfonds, öffentlich und arbeitgeberseitig finanziert.",Labor,0,Labor,Labor,Education,19135_Tagesordnungspunkt_23_LINKE_Bull-Bischoff_ID1913500500_13.12.2019.csv
14,Dazu gehört natürlich auch eine verbesserte individuelle Absicherung.,Labor,0,Labor,Labor,Education,19135_Tagesordnungspunkt_23_LINKE_Bull-Bischoff_ID1913500500_13.12.2019.csv
15,"Auch Schülerinnen und Schüler in der Ausbildung zur staatlich anerkannten Erzieherin bzw. zum staatlichen anerkannten Erzieher werden – das ist bei mehreren Rednern angeklungen – in steigender Zahl durch das sogenannte Meister-BAföG gefördert, und das ist gut so.",Labor,0,Labor,Labor,Education,19135_Tagesordnungspunkt_23_LINKE_Bull-Bischoff_ID1913500500_13.12.2019.csv
16,"Denn wir haben viel zu wenig Erzieherinnen und Erzieher in den Kitas, später auch in den Grundschulen, wenn der Ganztagsanspruch eingeführt werden soll.",Labor,0,Labor,Labor,Education,19135_Tagesordnungspunkt_23_LINKE_Bull-Bischoff_ID1913500500_13.12.2019.csv
17,"Das heißt, wir brauchen viele junge Leute in diesem Beruf, und wir brauchen die besten jungen Leute für diesen Beruf.",Labor,0,Labor,Labor,Education,19135_Tagesordnungspunkt_23_LINKE_Bull-Bischoff_ID1913500500_13.12.2019.csv
18,Das Problem ist: Ein gewichtiger Teil der künftigen Erzieherinnen und Erzieher bleibt von der Förderung durch das Meister-BAföG ausgeschlossen.,Labor,0,Labor,Labor,Education,19135_Tagesordnungspunkt_23_LINKE_Bull-Bischoff_ID1913500500_13.12.2019.csv
19,Das liegt am Gesetz.,Labor,0,Labor,Labor,Education,19135_Tagesordnungspunkt_23_LINKE_Bull-Bischoff_ID1913500500_13.12.2019.csv
20,Wo liegt das Problem?,Labor,0,Labor,Labor,Education,19135_Tagesordnungspunkt_23_LINKE_Bull-Bischoff_ID1913500500_13.12.2019.csv
21,"Die Kultusministerkonferenz regelt die Ausbildungsbedingungen, also nicht irgendjemand Halbgeweihtes, sondern in der Tat Expertinnen und Experten.",Labor,0,Labor,Labor,Education,19135_Tagesordnungspunkt_23_LINKE_Bull-Bischoff_ID1913500500_13.12.2019.csv
22,Demnach ist die Ausbildung zur staatlich anerkannten Erzieherin bzw. zum staatlich anerkannten Erzieher eine Aufstiegsfortbildung.,Labor,0,Labor,Labor,Education,19135_Tagesordnungspunkt_23_LINKE_Bull-Bischoff_ID1913500500_13.12.2019.csv
23,"Das heißt, es braucht vorher in der Regel eine einschlägige Berufsausbildung.",Labor,0,Labor,Labor,Education,19135_Tagesordnungspunkt_23_LINKE_Bull-Bischoff_ID1913500500_13.12.2019.csv
24,Sie regelt auch das Verhältnis zwischen theoretischer und praktischer Ausbildung.,Labor,0,Labor,Labor,Education,19135_Tagesordnungspunkt_23_LINKE_Bull-Bischoff_ID1913500500_13.12.2019.csv
25,Die theoretische Ausbildung umfasst zwei Drittel und die praktische ein Drittel.,Labor,0,Labor,Labor,Education,19135_Tagesordnungspunkt_23_LINKE_Bull-Bischoff_ID1913500500_13.12.2019.csv
26,Anders gesagt: 66 Prozent theoretische Ausbildung und 33 Prozent Praxisphase.,Labor,0,Labor,Labor,Education,19135_Tagesordnungspunkt_23_LINKE_Bull-Bischoff_ID1913500500_13.12.2019.csv
27,"Das AFBG jedoch verlangt für eine Förderung 70 Prozent theoretische Ausbildung, die sogenannte Fortbildungsdichte.",Labor,0,Labor,Labor,Education,19135_Tagesordnungspunkt_23_LINKE_Bull-Bischoff_ID1913500500_13.12.2019.csv
28,"Die eine Form der Ausbildung – auch das ist angeklungen – kann diese Anforderung in der Tat problemlos erfüllen, weil sich die theoretische Ausbildung auf die ersten beiden Jahre konzentriert, gewissermaßen 100 Prozent, einfach deshalb, weil die Praxis abwesend ist.",Labor,0,Labor,Labor,Education,19135_Tagesordnungspunkt_23_LINKE_Bull-Bischoff_ID1913500500_13.12.2019.csv
29,"Hier wird dann allerdings das dritte Jahr nicht gefördert, das aber zur Ausbildung zwingend dazugehört.",Labor,0,Labor,Labor,Education,19135_Tagesordnungspunkt_23_LINKE_Bull-Bischoff_ID1913500500_13.12.2019.csv
30,Das ist das sogenannte Zwei-plus-eins-Modell.,Labor,0,Labor,Labor,Education,19135_Tagesordnungspunkt_23_LINKE_Bull-Bischoff_ID1913500500_13.12.2019.csv
31,"Die andere Form der Ausbildung – genau hier liegt das Problem, das auch in unserem Antrag thematisiert wird – passt leider nicht zur Förderlogik des Gesetzes.",Labor,0,Labor,Labor,Education,19135_Tagesordnungspunkt_23_LINKE_Bull-Bischoff_ID1913500500_13.12.2019.csv
32,"Ihr wird zum Verhängnis, dass sich über drei Jahre die Praxisphasen mit der theoretischen Ausbildung abwechseln.",Labor,0,Labor,Labor,Education,19135_Tagesordnungspunkt_23_LINKE_Bull-Bischoff_ID1913500500_13.12.2019.csv
33,"Es besteht das gleiche Verhältnis zwischen Theorie und Praxis, wird aber über drei Jahre verteilt.",Labor,0,Labor,Labor,Education,19135_Tagesordnungspunkt_23_LINKE_Bull-Bischoff_ID1913500500_13.12.2019.csv
34,Deshalb kommt man so auf nur 66 Prozent theoretische Ausbildung.,Labor,0,Labor,Labor,Education,19135_Tagesordnungspunkt_23_LINKE_Bull-Bischoff_ID1913500500_13.12.2019.csv
35,Das ist kein Mangel; denn beides sind verbindliche Teile des Ausbildungskonzeptes.,Labor,0,Labor,Labor,Education,19135_Tagesordnungspunkt_23_LINKE_Bull-Bischoff_ID1913500500_13.12.2019.csv
36,"Diese praxisintegrierte Ausbildung ist nun in aller Regel nicht förderfähig, obwohl es im Übrigen die bessere Ausbildung ist.",Labor,0,Labor,Labor,Education,19135_Tagesordnungspunkt_23_LINKE_Bull-Bischoff_ID1913500500_13.12.2019.csv
37,"Niemand würde auf die Idee kommen, in der ersten Phase der Lehrerausbildung, in der die jungen Leute noch Studierende sind, einfach zu sagen: Während der schulpraktischen Übungen bekommt ihr kein BAföG mehr.",Labor,0,Labor,Labor,Education,19135_Tagesordnungspunkt_23_LINKE_Bull-Bischoff_ID1913500500_13.12.2019.csv
38,Nebenbei gesagt: Auch die Praxisanteile sind theoretische Ausbildung; sie werden nämlich theoretisch reflektiert.,Labor,0,Labor,Labor,Education,19135_Tagesordnungspunkt_23_LINKE_Bull-Bischoff_ID1913500500_13.12.2019.csv
39,Dieses Problem ist nun auch den Ländern und damit dem Bundesrat aufgefallen.,Labor,0,Labor,Labor,Education,19135_Tagesordnungspunkt_23_LINKE_Bull-Bischoff_ID1913500500_13.12.2019.csv
40,"Deshalb schlagen die Länder vor, die notwendige theoretische Ausbildung bei 60 Prozent zu veranschlagen.",Labor,0,Labor,Labor,Education,19135_Tagesordnungspunkt_23_LINKE_Bull-Bischoff_ID1913500500_13.12.2019.csv
41,Das ist gut so.,Labor,0,Labor,Labor,Education,19135_Tagesordnungspunkt_23_LINKE_Bull-Bischoff_ID1913500500_13.12.2019.csv
42,"Die Länder wissen, was die Stunde geschlagen hat.",Labor,0,Labor,Labor,Education,19135_Tagesordnungspunkt_23_LINKE_Bull-Bischoff_ID1913500500_13.12.2019.csv
43,"Denn was bedeutet die jetzige gesetzliche Regelung für eine junge Frau, die Erzieherin werden möchte?",Labor,0,Labor,Labor,Education,19135_Tagesordnungspunkt_23_LINKE_Bull-Bischoff_ID1913500500_13.12.2019.csv
44,Sie ist Quereinsteigerin.,Labor,0,Labor,Labor,Education,19135_Tagesordnungspunkt_23_LINKE_Bull-Bischoff_ID1913500500_13.12.2019.csv
45,"Sie hat fünf Jahre Informatik studiert, bringt nach dem Studium ein Kind zur Welt und sagt dann für sich: Bildungsprozesse von ganz jungen Kindern zu begleiten, das ist mein Ding. – Sie verbringt dann 600 Stunden im Rahmen eines Praktikums in einer Kita; das ist als Voraussetzung notwendig.",Labor,0,Labor,Labor,Education,19135_Tagesordnungspunkt_23_LINKE_Bull-Bischoff_ID1913500500_13.12.2019.csv
46,Dann darf sie in eine Ausbildung einsteigen.,Labor,0,Labor,Labor,Education,19135_Tagesordnungspunkt_23_LINKE_Bull-Bischoff_ID1913500500_13.12.2019.csv
47,Sie ist über 30 Jahre alt.,Labor,0,Labor,Labor,Education,19135_Tagesordnungspunkt_23_LINKE_Bull-Bischoff_ID1913500500_13.12.2019.csv
48,"Deswegen kommt BAföG für sie nicht mehr infrage, aber rein theoretisch das Meister-BAföG.",Labor,0,Labor,Labor,Education,19135_Tagesordnungspunkt_23_LINKE_Bull-Bischoff_ID1913500500_13.12.2019.csv
49,"Sie entscheidet sich für eine praxisintegrierte Ausbildung, entweder weil es die bessere ist oder weil in ihrem Umfeld genau diese angeboten wird, und damit entfällt die Möglichkeit der Förderung durch das AFBG.",Labor,0,Labor,Labor,Education,19135_Tagesordnungspunkt_23_LINKE_Bull-Bischoff_ID1913500500_13.12.2019.csv
50,"Das heißt, hochmotiviert und in Sachen MINT als Informatikerin hochkompetent muss sie sich gegebenenfalls gegen diese Ausbildung entscheiden, weil es auch um den Lebensunterhalt geht.",Labor,0,Labor,Labor,Education,19135_Tagesordnungspunkt_23_LINKE_Bull-Bischoff_ID1913500500_13.12.2019.csv
51,"Sie kann auch nicht, wie die Bundesregierung argumentiert, als Hilfskraft in der Kita angestellt werden, höchstens als Hausmeisterin, ja; das hieße aber, sie müsste ihre theoretische und ihre praktische Ausbildung absolvieren und nebenbei auch noch die Hausmeisterei regeln.",Labor,0,Labor,Labor,Education,19135_Tagesordnungspunkt_23_LINKE_Bull-Bischoff_ID1913500500_13.12.2019.csv
52,Das muss mir mal jemand erklären.,Labor,0,Labor,Labor,Education,19135_Tagesordnungspunkt_23_LINKE_Bull-Bischoff_ID1913500500_13.12.2019.csv
53,"Liebe Kolleginnen und Kollegen, ich komme zum Schluss.",Labor,0,Labor,Labor,Education,19135_Tagesordnungspunkt_23_LINKE_Bull-Bischoff_ID1913500500_13.12.2019.csv
54,"Ich finde, das kann nicht im Sinne des Erfinders sein.",Labor,0,Labor,Labor,Education,19135_Tagesordnungspunkt_23_LINKE_Bull-Bischoff_ID1913500500_13.12.2019.csv
55,"Hier gibt es dringenden Handlungsbedarf, formuliert von vielen freien Trägern, formuliert von den Berufsfachschulen.",Labor,0,Labor,Labor,Education,19135_Tagesordnungspunkt_23_LINKE_Bull-Bischoff_ID1913500500_13.12.2019.csv
56,"Wir haben jetzt die Chance, diese Förderlücke zu schließen, und deshalb bitte ich Sie im Namen meiner Fraktion um Unterstützung.",Labor,0,Labor,Labor,Education,19135_Tagesordnungspunkt_23_LINKE_Bull-Bischoff_ID1913500500_13.12.2019.csv
57,Herzlichen Dank.,Labor,0,Labor,Labor,Education,19135_Tagesordnungspunkt_23_LINKE_Bull-Bischoff_ID1913500500_13.12.2019.csv
58,"Jetzt erteile ich das Wort der Kollegin Beate Walter-Rosenheimer, Bündnis 90/Die Grünen.",Labor,0,Labor,Labor,Education,19135_Tagesordnungspunkt_23_LINKE_Bull-Bischoff_ID1913500500_13.12.2019.csv
