,text,label_gold,segment_id,label_bert,label_parlbert,label_svm,speech_id
0,Sehr geehrter Herr Präsident!,*,0,Labor,Labor,Education,19135_Tagesordnungspunkt_23_none_Karliczek_ID1913500100_13.12.2019.csv
1,Liebe Kolleginnen und Kollegen!,*,0,Labor,Labor,Education,19135_Tagesordnungspunkt_23_none_Karliczek_ID1913500100_13.12.2019.csv
2,Meine sehr verehrten Damen und Herren!,*,0,Labor,Labor,Education,19135_Tagesordnungspunkt_23_none_Karliczek_ID1913500100_13.12.2019.csv
3,"Berufsbildung ist das Thema heute Morgen, und Berufsbildung ist und bleibt mir ein Herzensanliegen.",Education,0,Labor,Labor,Education,19135_Tagesordnungspunkt_23_none_Karliczek_ID1913500100_13.12.2019.csv
4,Denn unser aller Alltag hängt an vielen gut ausgebildeten Menschen.,Education,0,Labor,Labor,Education,19135_Tagesordnungspunkt_23_none_Karliczek_ID1913500100_13.12.2019.csv
5,Auch das Qualitätsversprechen „made in Germany“ ist Ausdruck einer hochwertigen beruflichen Bildung in Deutschland.,Education,0,Labor,Labor,Education,19135_Tagesordnungspunkt_23_none_Karliczek_ID1913500100_13.12.2019.csv
6,"Außerdem leben wir in einer Zeit, in der sich die Arbeit in rasanter Geschwindigkeit weiterentwickelt.",Education,0,Labor,Labor,Education,19135_Tagesordnungspunkt_23_none_Karliczek_ID1913500100_13.12.2019.csv
7,"Gerade dafür brauchen wir die enge Verzahnung zwischen theoretischer und praktischer Ausbildung, und wir brauchen Möglichkeiten, die Menschen auf immer höhere Anforderungen vorzubereiten.",Education,0,Labor,Labor,Education,19135_Tagesordnungspunkt_23_none_Karliczek_ID1913500100_13.12.2019.csv
8,Weiterbildung ist also das Gebot der Stunde.,Education,0,Labor,Labor,Education,19135_Tagesordnungspunkt_23_none_Karliczek_ID1913500100_13.12.2019.csv
9,Zwei Schritte zum Ziel haben wir schon gemacht.,Education,0,Labor,Labor,Education,19135_Tagesordnungspunkt_23_none_Karliczek_ID1913500100_13.12.2019.csv
10,"Im Sommer haben wir die Nationale Weiterbildungsstrategie auf den Weg gebracht, und vor zwei Wochen haben wir die Novelle des Berufsbildungsgesetzes durch den Bundesrat gebracht.",Education,0,Labor,Labor,Education,19135_Tagesordnungspunkt_23_none_Karliczek_ID1913500100_13.12.2019.csv
11,"Damit ist klar, dass wir in dieser Legislaturperiode einen gewichtigen Fokus auf die berufliche Bildung legen.",Education,0,Labor,Labor,Education,19135_Tagesordnungspunkt_23_none_Karliczek_ID1913500100_13.12.2019.csv
12,"Heute legen wir mit dem Aufstiegs-BAföG das zweite Gesetz vor, das unsere Wertschätzung für diesen Karriereweg klar zum Ausdruck bringt.",Labor,0,Labor,Labor,Education,19135_Tagesordnungspunkt_23_none_Karliczek_ID1913500100_13.12.2019.csv
13,"Denn es sind die Handwerker, die Pflegekräfte und die Dienstleister, die unser Land Tag für Tag am Laufen halten.",Labor,0,Labor,Labor,Education,19135_Tagesordnungspunkt_23_none_Karliczek_ID1913500100_13.12.2019.csv
14,"Sie sollen wissen, dass wir an ihrer Seite stehen, wenn sie den beruflichen Aufstieg angehen wollen, wenn sie ihren Traum, Meister ihres Fachs zu werden, verwirklichen wollen.",Labor,0,Labor,Labor,Education,19135_Tagesordnungspunkt_23_none_Karliczek_ID1913500100_13.12.2019.csv
15,Das AFBG hat seit 1996 vielen jungen Menschen die Chance zum Aufstieg ermöglicht.,Labor,0,Labor,Labor,Education,19135_Tagesordnungspunkt_23_none_Karliczek_ID1913500100_13.12.2019.csv
16,"Das neue Aufstiegs-BAföG sieht jetzt die stärksten Leistungsverbesserungen vor, die es je gegeben hat.",Labor,0,Labor,Labor,Education,19135_Tagesordnungspunkt_23_none_Karliczek_ID1913500100_13.12.2019.csv
17,"Denn wir wollen jungen Menschen Mut machen, die Chance zum beruflichen Aufstieg zu ergreifen.",Labor,0,Labor,Labor,Education,19135_Tagesordnungspunkt_23_none_Karliczek_ID1913500100_13.12.2019.csv
18,Berufliche Karrieren sollen selbstverständlich werden.,Labor,0,Labor,Labor,Education,19135_Tagesordnungspunkt_23_none_Karliczek_ID1913500100_13.12.2019.csv
19,Deshalb bauen wir das Aufstiegs-BAföG kräftig aus.,Labor,0,Labor,Labor,Education,19135_Tagesordnungspunkt_23_none_Karliczek_ID1913500100_13.12.2019.csv
20,"Das Förderangebot, das wir heute auf den Weg bringen, passt für alle drei Fortbildungsstufen, die wir im Berufsbildungsgesetz geschaffen haben.",Labor,0,Labor,Labor,Education,19135_Tagesordnungspunkt_23_none_Karliczek_ID1913500100_13.12.2019.csv
21,So können wir Schritt für Schritt bis auf Masterniveau fördern.,Labor,0,Labor,Labor,Education,19135_Tagesordnungspunkt_23_none_Karliczek_ID1913500100_13.12.2019.csv
22,"Wir erhöhen die Zuschüsse, aber auch die Freibeträge, wir senken den Darlehensanteil, und wir verbessern die familienbezogenen Leistungen, damit auch Eltern ihren beruflichen Aufstieg und ihre Familienzeit besser vereinbaren können.",Labor,0,Labor,Labor,Education,19135_Tagesordnungspunkt_23_none_Karliczek_ID1913500100_13.12.2019.csv
23,Das ist unsere Unterstützung für die Fach- und Führungskräfte von morgen.,Labor,0,Labor,Labor,Education,19135_Tagesordnungspunkt_23_none_Karliczek_ID1913500100_13.12.2019.csv
24,"Wir haben uns ganz bewusst dafür entschieden, das AFBG als Erfolgsinstrument für den Aufstieg auszubauen.",Labor,0,Labor,Labor,Education,19135_Tagesordnungspunkt_23_none_Karliczek_ID1913500100_13.12.2019.csv
25,Es ist eine tragende Säule unserer Weiterbildungsstrategie.,Labor,0,Labor,Labor,Education,19135_Tagesordnungspunkt_23_none_Karliczek_ID1913500100_13.12.2019.csv
26,Denn gute Bildungschancen für alle sind uns ein wichtiges Anliegen.,Labor,0,Labor,Labor,Education,19135_Tagesordnungspunkt_23_none_Karliczek_ID1913500100_13.12.2019.csv
27,Unser Bildungssystem muss exzellent auf die Anforderungen der nächsten Jahre vorbereitet sein.,Labor,0,Labor,Labor,Education,19135_Tagesordnungspunkt_23_none_Karliczek_ID1913500100_13.12.2019.csv
28,"Dann hilft es, den Wirtschaftsstandort Deutschland zu sichern; dann hilft es, den Fachkräftenachwuchs für das Innovationsland Deutschland zu sichern.",Labor,0,Labor,Labor,Education,19135_Tagesordnungspunkt_23_none_Karliczek_ID1913500100_13.12.2019.csv
29,Der Rahmen dafür ist mit der Novelle des Berufsbildungsgesetzes gesetzt worden.,Labor,0,Labor,Labor,Education,19135_Tagesordnungspunkt_23_none_Karliczek_ID1913500100_13.12.2019.csv
30,Damit sind die glänzenden Perspektiven der beruflichen Bildung ganz klar dokumentiert.,Labor,0,Labor,Labor,Education,19135_Tagesordnungspunkt_23_none_Karliczek_ID1913500100_13.12.2019.csv
31,Die Novelle des Aufstiegs-BAföGs baut genau darauf auf.,Labor,0,Labor,Labor,Education,19135_Tagesordnungspunkt_23_none_Karliczek_ID1913500100_13.12.2019.csv
32,Schritt für Schritt begleiten wir so jetzt auch finanziell die Fach- und Führungskräfte von morgen auf ihrer Karriereleiter.,Labor,0,Labor,Labor,Education,19135_Tagesordnungspunkt_23_none_Karliczek_ID1913500100_13.12.2019.csv
33,"Vor allem in Bereichen, in denen die Fachkräfte fehlen, ist das Aufstiegs-BAföG ein wichtiger Impulsgeber.",Labor,0,Labor,Labor,Education,19135_Tagesordnungspunkt_23_none_Karliczek_ID1913500100_13.12.2019.csv
34,"Gerade dort, wo die Nachfrage am größten ist, kann diese Novelle Wirkung erzielen: in der sozialen Arbeit, in der Gesundheit, in der Pflege und in der Erziehung.",Labor,0,Labor,Labor,Education,19135_Tagesordnungspunkt_23_none_Karliczek_ID1913500100_13.12.2019.csv
35,"Wir tun das für unsere Kinder; denn sie brauchen mehr gut ausgebildete Erzieherinnen und Erzieher, die sich jeden Tag um sie kümmern und ihnen helfen, sich zu entfalten.",Labor,0,Labor,Labor,Education,19135_Tagesordnungspunkt_23_none_Karliczek_ID1913500100_13.12.2019.csv
36,"Aber wir tun das auch für unsere Eltern: wenn sie krank werden oder Pflege brauchen, ob zu Hause, im Krankenhaus oder in einer Pflegeeinrichtung.",Labor,0,Labor,Labor,Education,19135_Tagesordnungspunkt_23_none_Karliczek_ID1913500100_13.12.2019.csv
37,Denn auch dort fehlen die hochqualifizierten Fachkräfte.,Labor,0,Labor,Labor,Education,19135_Tagesordnungspunkt_23_none_Karliczek_ID1913500100_13.12.2019.csv
38,"Diese Novelle hilft genau den Menschen, von denen wir Tag für Tag erwarten, dass sie dieses Land am Laufen halten.",Labor,0,Labor,Labor,Education,19135_Tagesordnungspunkt_23_none_Karliczek_ID1913500100_13.12.2019.csv
39,"Wenn sie sich dann für den beruflichen Aufstieg entscheiden, dann haben sie einiges zu stemmen: das Lernen – häufig auch nach Feierabend und am Wochenende –, die Prüfungen, die Fortbildungskosten – und all das zusätzlich zu ihrem Alltag.",Labor,0,Labor,Labor,Education,19135_Tagesordnungspunkt_23_none_Karliczek_ID1913500100_13.12.2019.csv
40,Die Krankenschwester Jessica Diehm aus Bayreuth beispielsweise hat die Fortbildung mit dem Aufstiegs-BAföG ein „Ärmel hoch und los geht’s“-Gefühl genannt.,Labor,0,Labor,Labor,Education,19135_Tagesordnungspunkt_23_none_Karliczek_ID1913500100_13.12.2019.csv
41,Das ist Motivation in ihrer Reinstform.,Labor,0,Labor,Labor,Education,19135_Tagesordnungspunkt_23_none_Karliczek_ID1913500100_13.12.2019.csv
42,"Mit dem Aufstiegs-BAföG war klar, dass sie sich weiterbildet; denn finanzielle Hürden sind kein Hindernis mehr.",Labor,0,Labor,Labor,Education,19135_Tagesordnungspunkt_23_none_Karliczek_ID1913500100_13.12.2019.csv
43,Auch den Schritt in die Selbstständigkeit erleichtern wir noch einmal.,Domestic Commerce,0,Labor,Labor,Education,19135_Tagesordnungspunkt_23_none_Karliczek_ID1913500100_13.12.2019.csv
44,"Existenzgründern erlassen wir etwaige Restdarlehen komplett, zu 100 Prozent.",Domestic Commerce,0,Labor,Labor,Education,19135_Tagesordnungspunkt_23_none_Karliczek_ID1913500100_13.12.2019.csv
45,"Denn ein modernes, innovatives Land braucht viele mutige Gründer; auch das ist mir ein echtes Anliegen.",Domestic Commerce,0,Labor,Labor,Education,19135_Tagesordnungspunkt_23_none_Karliczek_ID1913500100_13.12.2019.csv
46,"Lernen, gründen, den Wandel mitgestalten: Dazu wollen wir motivieren.",Domestic Commerce,0,Labor,Labor,Education,19135_Tagesordnungspunkt_23_none_Karliczek_ID1913500100_13.12.2019.csv
47,Deshalb nehmen wir allein in dieser Legislaturperiode 350 Millionen Euro zusätzlich in die Hand.,Domestic Commerce,0,Labor,Labor,Education,19135_Tagesordnungspunkt_23_none_Karliczek_ID1913500100_13.12.2019.csv
48,"Liebe Kolleginnen und Kollegen, für dieses Gesetz haben viele Beteiligte erfolgreich zusammengearbeitet.",Domestic Commerce,0,Labor,Labor,Education,19135_Tagesordnungspunkt_23_none_Karliczek_ID1913500100_13.12.2019.csv
49,"Wertvolle Anregungen aus den Fraktionen, aus den Ländern sowie von den Wirtschafts- und Sozialpartnern sind in diese Novelle eingeflossen.",Domestic Commerce,0,Labor,Labor,Education,19135_Tagesordnungspunkt_23_none_Karliczek_ID1913500100_13.12.2019.csv
50,"Es ist ein Gesetzentwurf, den in seiner Zielrichtung alle gutheißen.",Domestic Commerce,0,Labor,Labor,Education,19135_Tagesordnungspunkt_23_none_Karliczek_ID1913500100_13.12.2019.csv
51,Jetzt müssen wir das Verfahren nur noch gemeinsam erfolgreich abschließen.,Domestic Commerce,0,Labor,Labor,Education,19135_Tagesordnungspunkt_23_none_Karliczek_ID1913500100_13.12.2019.csv
52,"Dass das Aufstiegs-BAföG schon viel Gutes geleistet hat und es sich lohnt, es noch weiter auszubauen, zeigt auch ein sehr prominentes Beispiel: das Beispiel von Markus Rehm.",Labor,0,Labor,Labor,Education,19135_Tagesordnungspunkt_23_none_Karliczek_ID1913500100_13.12.2019.csv
53,Er ist nicht nur Meister der Orthopädietechnik; er ist auch Weltmeister im Weitsprung.,Labor,0,Labor,Labor,Education,19135_Tagesordnungspunkt_23_none_Karliczek_ID1913500100_13.12.2019.csv
54,Bei den Paralympics hat er schon zweimal Gold geholt.,Labor,0,Labor,Labor,Education,19135_Tagesordnungspunkt_23_none_Karliczek_ID1913500100_13.12.2019.csv
55,Er hat sich auf seine Meisterschule vorbereitet und gleichzeitig auf Weltklasseniveau für die Paralympics trainiert.,Labor,0,Labor,Labor,Education,19135_Tagesordnungspunkt_23_none_Karliczek_ID1913500100_13.12.2019.csv
56,Er ist damit ein tolles Vorbild und ein Motivator par excellence.,Labor,0,Labor,Labor,Education,19135_Tagesordnungspunkt_23_none_Karliczek_ID1913500100_13.12.2019.csv
57,Weiterbildung muss für alle selbstverständlich werden.,Labor,0,Labor,Labor,Education,19135_Tagesordnungspunkt_23_none_Karliczek_ID1913500100_13.12.2019.csv
58,"Dieses Land braucht in den nächsten Jahren viele gut ausgebildete Fachkräfte, und dieses Land bietet damit Chancen wie kaum ein anderes Land dieser Welt.",Labor,0,Labor,Labor,Education,19135_Tagesordnungspunkt_23_none_Karliczek_ID1913500100_13.12.2019.csv
59,Dieses Land braucht jetzt die Kraft seiner fleißigen Menschen.,Labor,0,Labor,Labor,Education,19135_Tagesordnungspunkt_23_none_Karliczek_ID1913500100_13.12.2019.csv
60,"Wer in diesem Land Fleiß, Kraft und Willensstärke zeigt und seine berufliche Karriere in die eigene Hand nimmt, der soll wissen, dass er uns an seiner Seite hat.",Labor,0,Labor,Labor,Education,19135_Tagesordnungspunkt_23_none_Karliczek_ID1913500100_13.12.2019.csv
61,Ich bitte um Unterstützung für die Novelle des Aufstiegs-BAföGs.,Labor,0,Labor,Labor,Education,19135_Tagesordnungspunkt_23_none_Karliczek_ID1913500100_13.12.2019.csv
62,Nächster Redner ist der Kollege Dr.,*,0,Labor,Labor,Education,19135_Tagesordnungspunkt_23_none_Karliczek_ID1913500100_13.12.2019.csv
63,"Götz Frömming, AfD.",*,0,Labor,Labor,Education,19135_Tagesordnungspunkt_23_none_Karliczek_ID1913500100_13.12.2019.csv
