,text,label_gold,segment_id,label_bert,label_parlbert,label_svm,speech_id
0,Sehr geehrter Herr Präsident!,*,0,Education,Labor,Education,19135_Tagesordnungspunkt_23_SPD_Bahr_ID1913500300_13.12.2019.csv
1,Sehr geehrte Frau Ministerin!,*,0,Education,Labor,Education,19135_Tagesordnungspunkt_23_SPD_Bahr_ID1913500300_13.12.2019.csv
2,Geehrte Kollegen und Kolleginnen!,*,0,Education,Labor,Education,19135_Tagesordnungspunkt_23_SPD_Bahr_ID1913500300_13.12.2019.csv
3,Wir alle reden über den Fachkräftemangel.,Labor,0,Education,Labor,Education,19135_Tagesordnungspunkt_23_SPD_Bahr_ID1913500300_13.12.2019.csv
4,"Das neue Aufstiegs-BAföG ist die richtige Antwort darauf und gibt Berufstätigen ein wirksames Instrument an die Hand, damit sie in ihre eigene berufliche Zukunft investieren können.",Labor,0,Education,Labor,Education,19135_Tagesordnungspunkt_23_SPD_Bahr_ID1913500300_13.12.2019.csv
5,"Wer sich weiterbildet, der hat gute Aussichten auf dem Arbeitsmarkt von morgen – und das trotz Strukturwandel und Digitalisierung.",Labor,0,Education,Labor,Education,19135_Tagesordnungspunkt_23_SPD_Bahr_ID1913500300_13.12.2019.csv
6,Die Arbeit wird uns auch übermorgen nicht ausgehen; es werden lediglich andere Qualifikationen gebraucht.,Labor,0,Education,Labor,Education,19135_Tagesordnungspunkt_23_SPD_Bahr_ID1913500300_13.12.2019.csv
7,Genau deswegen sind Weiterbildungen auch so zentral.,Labor,0,Education,Labor,Education,19135_Tagesordnungspunkt_23_SPD_Bahr_ID1913500300_13.12.2019.csv
8,"Und daher ist es gut und richtig, dass wir heute – noch vor Weihnachten – ein Gesetz anberaten, das ich persönlich als Abschluss des Dreiklanges der wegweisenden bildungspolitischen Maßnahmen in 2019 erachte, die darauf abzielen, strukturelle Verbesserungen in der akademischen und beruflichen Bildung herzustellen.",Labor,0,Education,Labor,Education,19135_Tagesordnungspunkt_23_SPD_Bahr_ID1913500300_13.12.2019.csv
9,"Dies sind erstens die BAföG-Novelle, zweitens das Berufsbildungsmodernisierungsgesetz und jetzt drittens die Novelle zum neuen Aufstiegs-BAföG, um auch den beruflichen Aufstieg noch mehr zu fördern.",Labor,0,Education,Labor,Education,19135_Tagesordnungspunkt_23_SPD_Bahr_ID1913500300_13.12.2019.csv
10,"Dafür entlasten wir die Teilnehmerinnen und Teilnehmer einer Aufstiegsmaßnahme massiv bei den selbst zu tragenden Kosten, damit keiner aus Angst vor zu hohen Gebühren oder aus Angst vor künftiger Verschuldung vor der Investition in die eigene Bildung zurückschreckt.",Labor,0,Education,Labor,Education,19135_Tagesordnungspunkt_23_SPD_Bahr_ID1913500300_13.12.2019.csv
11,Bereits die dritte Novelle zum Aufstiegs-BAföG war ein Erfolg; das zeigt der jüngst veröffentlichte Bericht über das Wirken der damaligen Novelle.,Labor,0,Education,Labor,Education,19135_Tagesordnungspunkt_23_SPD_Bahr_ID1913500300_13.12.2019.csv
12,"Es gab mehr geförderte Teilnehmerinnen und Teilnehmer insgesamt, aber vor allem auch mehr geförderte Frauen.",Labor,0,Education,Labor,Education,19135_Tagesordnungspunkt_23_SPD_Bahr_ID1913500300_13.12.2019.csv
13,Es gab mehr Leistungsausgaben und strukturelle Verbesserungen für die sozialen Berufe.,Labor,0,Education,Labor,Education,19135_Tagesordnungspunkt_23_SPD_Bahr_ID1913500300_13.12.2019.csv
14,"Das Aufstiegs-BAföG kommt ursprünglich aus dem handwerklichen bzw. dem kaufmännischen Bereich, und immer noch ist es vielen als Meister-BAföG ein Begriff.",Labor,0,Education,Labor,Education,19135_Tagesordnungspunkt_23_SPD_Bahr_ID1913500300_13.12.2019.csv
15,"Doch das ehemalige Meister-BAföG kann viel mehr, als nur angehende Meisterinnen und Meister zu fördern.",Labor,0,Education,Labor,Education,19135_Tagesordnungspunkt_23_SPD_Bahr_ID1913500300_13.12.2019.csv
16,Über 730 verschiedene Aufstiegsqualifikationen sind mit dem Aufstiegs-BAföG förderfähig.,Labor,0,Education,Labor,Education,19135_Tagesordnungspunkt_23_SPD_Bahr_ID1913500300_13.12.2019.csv
17,"Und weil es eben ein echtes Aufstiegs-BAföG für alle ist, freue ich mich, dass die unangefochtene Nummer eins der geförderten Berufe die Ausbildung zur staatlich anerkannten Erzieherin bzw. zum staatlich anerkannten Erzieher ist, und das schon seit mehreren Jahren.",Labor,0,Education,Labor,Education,19135_Tagesordnungspunkt_23_SPD_Bahr_ID1913500300_13.12.2019.csv
18,"Besonders hervorheben möchte ich den neuen Vollzuschuss zum Unterhalt für diejenigen, die eine Aufstiegsfortbildung in Vollzeit absolvieren.",Labor,0,Education,Labor,Education,19135_Tagesordnungspunkt_23_SPD_Bahr_ID1913500300_13.12.2019.csv
19,"Das ist nicht nur eine gute Nachricht für die Erzieherinnen und Erzieher, sondern auch für immerhin knapp die Hälfte aller ABFG-Geförderten insgesamt.",Labor,0,Education,Labor,Education,19135_Tagesordnungspunkt_23_SPD_Bahr_ID1913500300_13.12.2019.csv
20,Warum?,Labor,0,Education,Labor,Education,19135_Tagesordnungspunkt_23_SPD_Bahr_ID1913500300_13.12.2019.csv
21,"Bisher mussten 50 Prozent der anfallenden Kosten für den Unterhalt von den Teilnehmerinnen und Teilnehmern selbst getragen werden, beispielsweise über ein KfW-Darlehen.",Labor,0,Education,Labor,Education,19135_Tagesordnungspunkt_23_SPD_Bahr_ID1913500300_13.12.2019.csv
22,"Künftig übernimmt der Staat auch diesen Eigenanteil, sodass hier eine ganz reelle und unmittelbar spürbare Entlastung eintritt – und das jeden Monat und solange die Maßnahme dauert.",Labor,0,Education,Labor,Education,19135_Tagesordnungspunkt_23_SPD_Bahr_ID1913500300_13.12.2019.csv
23,Über 80 Prozent der Erzieherinnen und Erzieher absolvieren ihre Maßnahme in Vollzeit.,Labor,0,Education,Labor,Education,19135_Tagesordnungspunkt_23_SPD_Bahr_ID1913500300_13.12.2019.csv
24,"Wenn wir hier also noch mehr unterstützen, setzen wir auch ein Zeichen, dass es uns ernst ist mit der Behebung des Fachkräftemangels in diesem Bereich – gerade in Hinsicht auf den Ausbau der Ganztagsbetreuung für Kinder im Grundschulalter, die wir alsbald auf den Weg bringen wollen.",Labor,0,Education,Labor,Education,19135_Tagesordnungspunkt_23_SPD_Bahr_ID1913500300_13.12.2019.csv
25,Aber es gehören auch andere praktische Entlastungsmaßnahmen zur Novelle: Die staatlichen Zuschüsse zu den Maßnahme- und Prüfungsgebühren werden von jeweils 40 Prozent auf 50 Prozent erhöht.,Labor,0,Education,Labor,Education,19135_Tagesordnungspunkt_23_SPD_Bahr_ID1913500300_13.12.2019.csv
26,"Wer sich besonders anstrengt und seine Aufstiegsfortbildung erfolgreich absolviert, bekommt einen höheren Bonus.",Labor,0,Education,Labor,Education,19135_Tagesordnungspunkt_23_SPD_Bahr_ID1913500300_13.12.2019.csv
27,Existenzgründerinnen und Existenzgründern werden künftig Maßnahme- und Prüfungsgebühren vollständig erlassen.,Labor,0,Education,Labor,Education,19135_Tagesordnungspunkt_23_SPD_Bahr_ID1913500300_13.12.2019.csv
28,"Das ist nicht zu unterschätzen, da die durchschnittlichen Kosten einer Vollzeitmaßnahme bei immerhin rund 4 000 Euro liegen.",Labor,0,Education,Labor,Education,19135_Tagesordnungspunkt_23_SPD_Bahr_ID1913500300_13.12.2019.csv
29,Zusätzlich bieten ja auch die einzelnen Länder noch individuelle Unterstützungsmaßnahmen an.,Labor,0,Education,Labor,Education,19135_Tagesordnungspunkt_23_SPD_Bahr_ID1913500300_13.12.2019.csv
30,Wie so oft sind diese unterschiedlich geregelt.,Labor,0,Education,Labor,Education,19135_Tagesordnungspunkt_23_SPD_Bahr_ID1913500300_13.12.2019.csv
31,"Ich persönlich würde mir hier eine Harmonisierung wünschen, damit sich alle überall auf gleiche und gerechte Rahmenbedingungen verlassen können.",Labor,0,Education,Labor,Education,19135_Tagesordnungspunkt_23_SPD_Bahr_ID1913500300_13.12.2019.csv
32,Bei einer Aufstiegsfortbildung bleiben auch immer Eigenanteile übrig.,Labor,0,Education,Labor,Education,19135_Tagesordnungspunkt_23_SPD_Bahr_ID1913500300_13.12.2019.csv
33,"Darum führen wir ab 2023 ein zinsfreies Darlehen ein, genauso wie jetzt schon beim BAföG.",Labor,0,Education,Labor,Education,19135_Tagesordnungspunkt_23_SPD_Bahr_ID1913500300_13.12.2019.csv
34,"Das gilt auch für die Unterstützung der Alleinerziehenden, die künftig einen höheren Kinderbetreuungszuschlag erhalten für eine bessere Vereinbarkeit von Weiterbildung und Familie.",Labor,0,Education,Labor,Education,19135_Tagesordnungspunkt_23_SPD_Bahr_ID1913500300_13.12.2019.csv
35,"Auch hier wird also ganz konkret gezeigt, dass es in unserem Interesse liegt, die Rahmenbedingungen für die akademische und berufliche Weiterbildung anzugleichen, und dass uns beide Bildungswege gleich viel wert sind.",Labor,0,Education,Labor,Education,19135_Tagesordnungspunkt_23_SPD_Bahr_ID1913500300_13.12.2019.csv
36,Mit den Neuerungen im Berufsbildungsgesetz wird eine Mehrfachförderung im AFBG möglich.,Labor,0,Education,Labor,Education,19135_Tagesordnungspunkt_23_SPD_Bahr_ID1913500300_13.12.2019.csv
37,Nun wird ein Aufstieg Schritt für Schritt über alle drei beruflichen Fortbildungsstufen bis auf Masterniveau konsequent abgedeckt.,Labor,0,Education,Labor,Education,19135_Tagesordnungspunkt_23_SPD_Bahr_ID1913500300_13.12.2019.csv
38,"Gerade dort, wo qualifizierte Arbeitskräfte fehlen, ist das ein richtiges Zeichen; denn für jede erneute Förderung gibt es die gleichen Grundbedingungen.",Labor,0,Education,Labor,Education,19135_Tagesordnungspunkt_23_SPD_Bahr_ID1913500300_13.12.2019.csv
39,"Die genannten Maßnahmen kosten natürlich viel Geld, Geld, das es uns aber wert sein muss – und auch wert ist!",Labor,0,Education,Labor,Education,19135_Tagesordnungspunkt_23_SPD_Bahr_ID1913500300_13.12.2019.csv
40,Im aktuellen Haushalt haben wir deshalb vorgesorgt.,Labor,0,Education,Labor,Education,19135_Tagesordnungspunkt_23_SPD_Bahr_ID1913500300_13.12.2019.csv
41,"Es stehen knapp 50 Prozent mehr Mittel als in diesem Jahr zur Verfügung, insgesamt rund 392 Millionen Euro.",Labor,0,Education,Labor,Education,19135_Tagesordnungspunkt_23_SPD_Bahr_ID1913500300_13.12.2019.csv
42,Zum Schluss noch ein paar kurze Anmerkungen zu den Anträgen der Oppositionsfraktionen.,Labor,0,Education,Labor,Education,19135_Tagesordnungspunkt_23_SPD_Bahr_ID1913500300_13.12.2019.csv
43,"Ich freue mich schon fast, dass Sie mit Ihren Anträgen der Novelle zum Aufstiegs-BAföG eine gute Note ausstellen.",Labor,0,Education,Labor,Education,19135_Tagesordnungspunkt_23_SPD_Bahr_ID1913500300_13.12.2019.csv
44,Es gibt keine harsche Kritik.,Labor,0,Education,Labor,Education,19135_Tagesordnungspunkt_23_SPD_Bahr_ID1913500300_13.12.2019.csv
45,Die Grünen fordern ein Recht auf Weiterbildung.,Labor,0,Education,Labor,Education,19135_Tagesordnungspunkt_23_SPD_Bahr_ID1913500300_13.12.2019.csv
46,Das ist ganz und gar richtig.,Labor,0,Education,Labor,Education,19135_Tagesordnungspunkt_23_SPD_Bahr_ID1913500300_13.12.2019.csv
47,"Ein entsprechendes Recht gibt es aber schon jetzt mit dem Qualifizierungschancengesetz, und Mehrfachförderungen sind, wie Sie fordern, auch schon mitgedacht.",Labor,0,Education,Labor,Education,19135_Tagesordnungspunkt_23_SPD_Bahr_ID1913500300_13.12.2019.csv
48,"Zum Antrag der Linken sage ich, dass der Vollzuschuss eine ungeheure Last von den Schultern der Erzieherinnen und Erzieher nimmt.",Labor,0,Education,Labor,Education,19135_Tagesordnungspunkt_23_SPD_Bahr_ID1913500300_13.12.2019.csv
49,"Das sind im besten Fall circa 800 Euro pro Monat, ohne einen einzigen Cent davon selbst tragen zu müssen.",Labor,0,Education,Labor,Education,19135_Tagesordnungspunkt_23_SPD_Bahr_ID1913500300_13.12.2019.csv
50,"Aber auch ich sehe, dass hier zwei verschieden Systeme aufeinanderprallen: das duale Ausbildungssystem und das grundsätzlich anders aufgestellte System der Sozialberufe.",Labor,0,Education,Labor,Education,19135_Tagesordnungspunkt_23_SPD_Bahr_ID1913500300_13.12.2019.csv
51,Ich komme zum Schluss.,Labor,0,Education,Labor,Education,19135_Tagesordnungspunkt_23_SPD_Bahr_ID1913500300_13.12.2019.csv
52,"Sie sehen, der dritte Ton vollendet den bildungspolitischen Dreiklang.",Labor,0,Education,Labor,Education,19135_Tagesordnungspunkt_23_SPD_Bahr_ID1913500300_13.12.2019.csv
53,"Geben Sie es also schon jetzt an Ihre Handwerkskammern, Innungen und Fachschulen in Ihren Wahlkreisen weiter: Die Koalition setzt genau das um, was sie versprochen hat: mehr Gleichwertigkeit von akademischer und beruflicher Weiterbildung.",Labor,0,Education,Labor,Education,19135_Tagesordnungspunkt_23_SPD_Bahr_ID1913500300_13.12.2019.csv
54,Vielen Dank.,*,0,Education,Labor,Education,19135_Tagesordnungspunkt_23_SPD_Bahr_ID1913500300_13.12.2019.csv
55,Präsident Dr.,*,0,Education,Labor,Education,19135_Tagesordnungspunkt_23_SPD_Bahr_ID1913500300_13.12.2019.csv
56,"Wolfgang Schäuble:
Nächster Redner ist der Kollege Dr.",*,0,Education,Labor,Education,19135_Tagesordnungspunkt_23_SPD_Bahr_ID1913500300_13.12.2019.csv
57,"Jens Brandenburg, FDP.",*,0,Education,Labor,Education,19135_Tagesordnungspunkt_23_SPD_Bahr_ID1913500300_13.12.2019.csv
