,text,label_gold,segment_id,label_bert,label_parlbert,label_svm,speech_id
0,Herr Präsident!,*,0,Labor,Labor,Government,19135_Tagesordnungspunkt_23_FDP_Sattelberger_ID1913501000_13.12.2019.csv
1,Meine Damen und Herren!,*,0,Labor,Labor,Government,19135_Tagesordnungspunkt_23_FDP_Sattelberger_ID1913501000_13.12.2019.csv
2,Die CDU/CSU bittet kläglich um ein Lob.,Labor,0,Labor,Labor,Government,19135_Tagesordnungspunkt_23_FDP_Sattelberger_ID1913501000_13.12.2019.csv
3,"Ihre Novelle, Frau Ministerin: Anerkennung und Zustimmung.",Labor,0,Labor,Labor,Government,19135_Tagesordnungspunkt_23_FDP_Sattelberger_ID1913501000_13.12.2019.csv
4,"Was halt wehtut, lieber Herr Albani, das Standbein für das AFBG, die grauslich benannten Fortbildungsstufen: Berufsspezialist, Bachelor Professional und Master Professional.",Labor,0,Labor,Labor,Government,19135_Tagesordnungspunkt_23_FDP_Sattelberger_ID1913501000_13.12.2019.csv
5,"Sie verhunzen die Gleichwertigkeit
von beruflicher und akademischer Bildung.",Labor,1,Education,Labor,Education,19135_Tagesordnungspunkt_23_FDP_Sattelberger_ID1913501000_13.12.2019.csv
6,Statt einer schrägen Titeldebatte wäre für das AFBG die Entwicklung moderner innovativer Fortbildungsberufe nötig.,Labor,1,Education,Labor,Education,19135_Tagesordnungspunkt_23_FDP_Sattelberger_ID1913501000_13.12.2019.csv
7,"Die Welt des Handwerks verändert sich, Herr Albani.",Labor,1,Education,Labor,Education,19135_Tagesordnungspunkt_23_FDP_Sattelberger_ID1913501000_13.12.2019.csv
8,"Moderne, differenzierte Karrieren halten Einzug in das Handwerk: Technologiekarrieren, generalistische Unternehmerkarrieren, generell die Expertenkarrieren neben den klassischen Meisterkarrieren.",Labor,1,Education,Labor,Education,19135_Tagesordnungspunkt_23_FDP_Sattelberger_ID1913501000_13.12.2019.csv
9,"Das müsste sich in Fortbildungsstufen genauso wie in Fortbildungsordnungen und Fortbildungsberufen niederschlagen – auch bei Ihren Master Professionals, Frau Ministerin.",Labor,1,Education,Labor,Education,19135_Tagesordnungspunkt_23_FDP_Sattelberger_ID1913501000_13.12.2019.csv
10,"Auf der Qualifikationsstufe 7 ist die Luft verdammt dünn
neben dem geprüften Strategischen Professional (IT) und dem Betriebswirt: heiße Luft.",Labor,1,Education,Labor,Education,19135_Tagesordnungspunkt_23_FDP_Sattelberger_ID1913501000_13.12.2019.csv
11,"Wir brauchen Fortbildungsberufe, mit denen das Handwerk tatsächlich einen Sprung in die digitale Welt machen kann: der Gebäudesystemintegrator, der Handwerker „Smart Living“, der Smart-Grid-Spezialist, der Sonnenschutzmechatroniker.",Labor,1,Education,Labor,Education,19135_Tagesordnungspunkt_23_FDP_Sattelberger_ID1913501000_13.12.2019.csv
12,"Berufliche Bildung als Innovationsmotor: überfällig, Frau Ministerin!",Labor,1,Education,Labor,Education,19135_Tagesordnungspunkt_23_FDP_Sattelberger_ID1913501000_13.12.2019.csv
13,Wir brauchen eine Förderung für zukunftsweisende Fortbildung.,Labor,1,Education,Labor,Education,19135_Tagesordnungspunkt_23_FDP_Sattelberger_ID1913501000_13.12.2019.csv
14,"Denn dem Handwerk – das muss man schon deutlich sagen – mangelt es in Teilen an innovativen Geschäftsmodellen. 64 Prozent der Handwerker sagten kürzlich, sie hätten Berührungsängste gegenüber neuen Technologien. 3-D-Druck, Roboter: Hier klafft eine riesige Lücke zwischen Potenzial und Anwendung im Handwerk.",Labor,1,Education,Labor,Education,19135_Tagesordnungspunkt_23_FDP_Sattelberger_ID1913501000_13.12.2019.csv
15,Zudem suchen Hunderttausende kleine und mittlere Unternehmen mühselig Nachfolger.,Labor,1,Education,Labor,Education,19135_Tagesordnungspunkt_23_FDP_Sattelberger_ID1913501000_13.12.2019.csv
16,Fundament für dies alles wäre die von uns geforderte Exzellenzinitiative der beruflichen Bildung.,Labor,1,Education,Labor,Education,19135_Tagesordnungspunkt_23_FDP_Sattelberger_ID1913501000_13.12.2019.csv
17,"Sie bessern, Frau Ministerin, jetzt nur das Aufstiegs-BAföG nach.",Labor,1,Education,Labor,Education,19135_Tagesordnungspunkt_23_FDP_Sattelberger_ID1913501000_13.12.2019.csv
18,Überfällig und endlich!,Labor,1,Education,Labor,Education,19135_Tagesordnungspunkt_23_FDP_Sattelberger_ID1913501000_13.12.2019.csv
19,Wir haben ein gravierendes Missverhältnis bei der Unterstützungsquote.,Labor,1,Education,Labor,Education,19135_Tagesordnungspunkt_23_FDP_Sattelberger_ID1913501000_13.12.2019.csv
20,Akademiker werden in diesem Land deutlich stärker gefördert als beruflich Qualifizierte: fünfmal so viele Akademiker und Akademikerinnen und viermal so viele Mittel.,Labor,1,Education,Labor,Education,19135_Tagesordnungspunkt_23_FDP_Sattelberger_ID1913501000_13.12.2019.csv
21,"Summa summarum: Wenn Gleichwertigkeit sich nicht nur auf Bildung bezieht, sondern auch auf lebenslange Bildungsrendite und auf Karriereperspektiven, dann muss in die Talentförderung noch mal ein richtiger Schub kommen, und zwar durch die Exzellenzinitiative berufliche Bildung.",Labor,1,Education,Labor,Education,19135_Tagesordnungspunkt_23_FDP_Sattelberger_ID1913501000_13.12.2019.csv
22,"Diesmal, liebe Frau Karliczek: Bleiben Sie dran am Speck!",Labor,1,Education,Labor,Education,19135_Tagesordnungspunkt_23_FDP_Sattelberger_ID1913501000_13.12.2019.csv
23,"Katrin Staffler, CDU/CSU, ist die nächste Rednerin.",*,1,Education,Labor,Education,19135_Tagesordnungspunkt_23_FDP_Sattelberger_ID1913501000_13.12.2019.csv
