,text,label_gold,segment_id,label_bert,label_parlbert,label_svm,speech_id
0,Vielen Dank. – Herr Präsident!,*,0,Labor,Labor,Labor,19135_Tagesordnungspunkt_23_GRUENE_Walter-Rosenheimer_ID1913500600_13.12.2019.csv
1,Liebe Kolleginnen und Kollegen!,*,0,Labor,Labor,Labor,19135_Tagesordnungspunkt_23_GRUENE_Walter-Rosenheimer_ID1913500600_13.12.2019.csv
2,Liebe Zuhörer und Zuhörerinnen!,*,0,Labor,Labor,Labor,19135_Tagesordnungspunkt_23_GRUENE_Walter-Rosenheimer_ID1913500600_13.12.2019.csv
3,"Das Wichtigste in unserem Land sind die Menschen mit ihrem Können, mit ihrer Kreativität und mit ihrem Engagement.",Education,0,Labor,Labor,Labor,19135_Tagesordnungspunkt_23_GRUENE_Walter-Rosenheimer_ID1913500600_13.12.2019.csv
4,Nicht umsonst wird Deutschland als das Land der Dichter und Denker – und natürlich auch der Dichterinnen und Denkerinnen – bezeichnet.,Education,0,Labor,Labor,Labor,19135_Tagesordnungspunkt_23_GRUENE_Walter-Rosenheimer_ID1913500600_13.12.2019.csv
5,"Gut, das ist vielleicht eine Vorstellung aus alten Zeiten; aber im Kern ist das heute gültiger und wichtiger denn je.",Education,0,Labor,Labor,Labor,19135_Tagesordnungspunkt_23_GRUENE_Walter-Rosenheimer_ID1913500600_13.12.2019.csv
6,Durch die Digitalisierung der Arbeitswelt und den ökologischen Wandel haben sich Berufsbilder und Qualifikationsprofile schon dramatisch verändert und werden sich weiter massiv verändern.,Education,0,Labor,Labor,Labor,19135_Tagesordnungspunkt_23_GRUENE_Walter-Rosenheimer_ID1913500600_13.12.2019.csv
7,Und darauf brauchen wir Antworten.,Education,0,Labor,Labor,Labor,19135_Tagesordnungspunkt_23_GRUENE_Walter-Rosenheimer_ID1913500600_13.12.2019.csv
8,"Weiterbildung ist der Schlüssel zu Fachkräftesicherung, zu Innovationsfähigkeit, zu Wettbewerbsfähigkeit und zur Sicherung der Beschäftigungsfähigkeit.",Education,0,Labor,Labor,Labor,19135_Tagesordnungspunkt_23_GRUENE_Walter-Rosenheimer_ID1913500600_13.12.2019.csv
9,"Um Menschen die Möglichkeit zu geben, diese Veränderungen für sich positiv zu nutzen und nachhaltig zu gestalten, brauchen wir im Verlauf des Arbeitslebens regelmäßige Weiterbildung in Form von zeitgemäßen beruflichen Qualifikationen.",Education,0,Labor,Labor,Labor,19135_Tagesordnungspunkt_23_GRUENE_Walter-Rosenheimer_ID1913500600_13.12.2019.csv
10,Wir Grüne wollen mit unserem Antrag eine Vertiefung persönlicher Kompetenzen im Beruf fördern und Weiterbildung breit und für alle aufstellen.,Education,0,Labor,Labor,Labor,19135_Tagesordnungspunkt_23_GRUENE_Walter-Rosenheimer_ID1913500600_13.12.2019.csv
11,"Weiterbildung muss ein zentraler Baustein sein im Bildungswesen, um Menschen fit für die Zukunft zu machen.",Education,0,Labor,Labor,Labor,19135_Tagesordnungspunkt_23_GRUENE_Walter-Rosenheimer_ID1913500600_13.12.2019.csv
12,"Liebe Ulrike Bahr, weil Sie von „mitgedacht“ sprachen: Wir können noch nicht Gedanken lesen.",Education,0,Labor,Labor,Labor,19135_Tagesordnungspunkt_23_GRUENE_Walter-Rosenheimer_ID1913500600_13.12.2019.csv
13,Da sage ich: „Mitgemacht“ wäre uns lieber als „mitgedacht“.,Education,0,Labor,Labor,Labor,19135_Tagesordnungspunkt_23_GRUENE_Walter-Rosenheimer_ID1913500600_13.12.2019.csv
14,Zu Ihrem Gesetzentwurf.,Labor,0,Labor,Labor,Labor,19135_Tagesordnungspunkt_23_GRUENE_Walter-Rosenheimer_ID1913500600_13.12.2019.csv
15,Er enthält schon viele richtige und wichtige Punkte; das sehen wir auch so.,Labor,0,Labor,Labor,Labor,19135_Tagesordnungspunkt_23_GRUENE_Walter-Rosenheimer_ID1913500600_13.12.2019.csv
16,"Wir finden es gut, dass nicht mehr nur eine, sondern im beruflichen Aufstieg mehrere aufeinanderfolgende Fortbildungen gefördert werden können.",Labor,0,Labor,Labor,Labor,19135_Tagesordnungspunkt_23_GRUENE_Walter-Rosenheimer_ID1913500600_13.12.2019.csv
17,"Wir finden es auch gut, dass beim Unterhalt der Weiterbildungsinteressierten auf Vollzuschuss umgestellt wird.",Labor,0,Labor,Labor,Labor,19135_Tagesordnungspunkt_23_GRUENE_Walter-Rosenheimer_ID1913500600_13.12.2019.csv
18,"Und es ist richtig, den Darlehensanteil bei den Fortbildungsmaßnahmen zu verringern, wenn jemand eine Existenzgründung vornimmt, eine Prüfung bestanden hat oder eben sehr wenig verdient.",Labor,0,Labor,Labor,Labor,19135_Tagesordnungspunkt_23_GRUENE_Walter-Rosenheimer_ID1913500600_13.12.2019.csv
19,"So weit klingt Ihr Gesetzentwurf für uns nach schöner neuer Weiterbildungswelt – und ich meine das jetzt durchaus ernst –: angekommen im Zeitalter der Digitalisierung, der ökologischen Transformation und zukunftsfähig.",Labor,0,Labor,Labor,Labor,19135_Tagesordnungspunkt_23_GRUENE_Walter-Rosenheimer_ID1913500600_13.12.2019.csv
20,"Aber in unseren Augen ist das alles nichts ohne Rechtsanspruch;
denn ohne einen solchen Rechtsanspruch bleibt jede Weiterbildungsstrategie eine leere Hülse.",Labor,0,Labor,Labor,Labor,19135_Tagesordnungspunkt_23_GRUENE_Walter-Rosenheimer_ID1913500600_13.12.2019.csv
21,"Dem Wunsch nach Weiterbildung muss auch die Möglichkeit folgen, diesen umzusetzen.",Labor,0,Labor,Labor,Labor,19135_Tagesordnungspunkt_23_GRUENE_Walter-Rosenheimer_ID1913500600_13.12.2019.csv
22,"Das heißt, wenn zum Beispiel eine Bürokauffrau beschließt, sich im digitalen Bereich weiterzubilden, und auch alles genehmigt bekommt, die Arbeitgeberin aber sagt: „Nein, das geht nicht“, dann sieht es schlecht aus; dann fällt diese schöne neue Welt der Weiterbildung wieder in sich zusammen.",Labor,0,Labor,Labor,Labor,19135_Tagesordnungspunkt_23_GRUENE_Walter-Rosenheimer_ID1913500600_13.12.2019.csv
23,Deshalb brauchen wir den Rechtsanspruch.,Labor,0,Labor,Labor,Labor,19135_Tagesordnungspunkt_23_GRUENE_Walter-Rosenheimer_ID1913500600_13.12.2019.csv
24,"Guter Wille genügt nicht, Freiwilligkeit auch nicht.",Labor,0,Labor,Labor,Labor,19135_Tagesordnungspunkt_23_GRUENE_Walter-Rosenheimer_ID1913500600_13.12.2019.csv
25,Und es braucht natürlich einen Freistellungs- oder Teilfreistellungsanspruch mit einem garantierten Recht auf Rückkehr in Vollzeit; das korrespondiert ja mit dem Rechtsanspruch.,Labor,0,Labor,Labor,Labor,19135_Tagesordnungspunkt_23_GRUENE_Walter-Rosenheimer_ID1913500600_13.12.2019.csv
26,"Wer Zeit für Weiterbildung braucht und sich weiterbilden darf, der muss auch das Recht haben, im Betrieb eine Auszeit zu nehmen oder in Teilzeit zu arbeiten, die Zeit zu bekommen, die dafür erforderlich ist, und danach auch wieder in Vollzeit zurückkehren zu können.",Labor,0,Labor,Labor,Labor,19135_Tagesordnungspunkt_23_GRUENE_Walter-Rosenheimer_ID1913500600_13.12.2019.csv
27,"Dabei muss man auch bedenken: So eine Weiterbildung ist ja nicht nur etwas für die Arbeitnehmer und Arbeitnehmerinnen, sondern nützt auch dem Betrieb.",Labor,0,Labor,Labor,Labor,19135_Tagesordnungspunkt_23_GRUENE_Walter-Rosenheimer_ID1913500600_13.12.2019.csv
28,"Deshalb brauchen diese Weiterbildungswilligen Unterstützung, Planungssicherheit und ausreichende gesetzliche Vorgaben.",Labor,0,Labor,Labor,Labor,19135_Tagesordnungspunkt_23_GRUENE_Walter-Rosenheimer_ID1913500600_13.12.2019.csv
29,"Sehr geehrte Kolleginnen und Kollegen, Weiterbildung benötigt nicht nur Zeit, sondern auch Geld.",Education,0,Labor,Labor,Labor,19135_Tagesordnungspunkt_23_GRUENE_Walter-Rosenheimer_ID1913500600_13.12.2019.csv
30,Wir Grüne wollen deshalb das Aufstiegs-BAföG zu einem Weiterbildungs-BAföG weiterentwickeln.,Education,0,Labor,Labor,Labor,19135_Tagesordnungspunkt_23_GRUENE_Walter-Rosenheimer_ID1913500600_13.12.2019.csv
31,"Damit wollen wir erreichen, dass nicht nur der Aufstieg, sondern quasi auch der „Seitenstieg“ gefördert wird.",Education,0,Labor,Labor,Labor,19135_Tagesordnungspunkt_23_GRUENE_Walter-Rosenheimer_ID1913500600_13.12.2019.csv
32,Was meinen wir damit?,Education,0,Labor,Labor,Labor,19135_Tagesordnungspunkt_23_GRUENE_Walter-Rosenheimer_ID1913500600_13.12.2019.csv
33,"Unserer Meinung nach muss es möglich sein, die Karriereleiter nicht immer nur Sprosse für Sprosse nach oben zu gehen und dabei gefördert zu werden; vielmehr wollen wir die Förderung von Weiterbildung auch auf der Qualifikationsebene, auf der sich jemand schon befindet, also im wahrsten Sinne des Wortes einen „Seitenstieg“.",Education,0,Labor,Labor,Labor,19135_Tagesordnungspunkt_23_GRUENE_Walter-Rosenheimer_ID1913500600_13.12.2019.csv
34,"Das bedeutet, die Möglichkeit zu haben, sich breiter aufzustellen auf der Qualifikationsebene, auf der man sich eben schon befindet, dort mehr Wissen zu erlangen und weiterzukommen, wo man es braucht, profilgenau.",Education,0,Labor,Labor,Labor,19135_Tagesordnungspunkt_23_GRUENE_Walter-Rosenheimer_ID1913500600_13.12.2019.csv
35,"Wir müssen also viel mehr Geld in Weiterbildungsmaßnahmen stecken, die nicht nur dem persönlichen Aufstieg dienen, sondern auch Profile und Fertigkeiten sinnvoll ergänzen.",Education,0,Labor,Labor,Labor,19135_Tagesordnungspunkt_23_GRUENE_Walter-Rosenheimer_ID1913500600_13.12.2019.csv
36,Auch hier muss eine Finanzierung für anerkannte und zertifizierte Maßnahmen durch das AFBG eröffnet werden.,Education,0,Labor,Labor,Labor,19135_Tagesordnungspunkt_23_GRUENE_Walter-Rosenheimer_ID1913500600_13.12.2019.csv
37,"Liebe Kolleginnen und Kollegen, was braucht es also für gute Weiterbildung?",Education,0,Labor,Labor,Labor,19135_Tagesordnungspunkt_23_GRUENE_Walter-Rosenheimer_ID1913500600_13.12.2019.csv
38,"Es braucht einen Rechtsanspruch auf Weiterbildung, das Recht auf Freistellung, eine gute finanzielle Förderung, den „Seitenstieg“ statt nur Aufstieg.",Education,0,Labor,Labor,Labor,19135_Tagesordnungspunkt_23_GRUENE_Walter-Rosenheimer_ID1913500600_13.12.2019.csv
39,Und richtig rund wird das Ganze natürlich mit einer qualitativ hochwertigen Weiterbildungsberatung.,Education,0,Labor,Labor,Labor,19135_Tagesordnungspunkt_23_GRUENE_Walter-Rosenheimer_ID1913500600_13.12.2019.csv
40,"Da reicht es nicht, nur Onlineprofile zu erstellen und Onlinekurse anzubieten.",Education,0,Labor,Labor,Labor,19135_Tagesordnungspunkt_23_GRUENE_Walter-Rosenheimer_ID1913500600_13.12.2019.csv
41,"Wir brauchen Menschen mit pädagogischem und psychologischem Wissen, die nicht nur Kurse verkaufen, sondern auch Kompetenzen erfassen, Persönlichkeit erkennen, Ziele identifizieren und – das ist wichtig – einen guten Überblick über die Finanzierungsmöglichkeiten und die Weiterbildungslandschaft geben.",Education,0,Labor,Labor,Labor,19135_Tagesordnungspunkt_23_GRUENE_Walter-Rosenheimer_ID1913500600_13.12.2019.csv
42,"Also mein Fazit für heute: dichten, denken, weiterbilden; die Weiterbildung so stark machen, wie sie es verdient und wie wir es brauchen, und allen Menschen realistische Chancen darauf eröffnen.",Education,0,Labor,Labor,Labor,19135_Tagesordnungspunkt_23_GRUENE_Walter-Rosenheimer_ID1913500600_13.12.2019.csv
43,Danke.,*,0,Labor,Labor,Labor,19135_Tagesordnungspunkt_23_GRUENE_Walter-Rosenheimer_ID1913500600_13.12.2019.csv
44,"Jetzt erteile ich das Wort dem Kollegen Stephan Albani, CDU/CSU.",*,0,Labor,Labor,Labor,19135_Tagesordnungspunkt_23_GRUENE_Walter-Rosenheimer_ID1913500600_13.12.2019.csv
