,text,label_gold,segment_id,label_bert,label_parlbert,label_svm,speech_id
0,"Herr Kollege, über dubiose Geldflüsse sollten ausgerechnet Sie von der AfD hier besser kein Wort verlieren.",*,0,Government,Government,Government,19140_Tagesordnungspunkt_10_LINKE_Korte_ID1914004700_16.01.2020.csv
1,"Sie werden ja offenbar von der Schweiz als fünfte Kolonne oder so gesteuert; der Eindruck entsteht, wenn man sieht, was da an Geld fließt.",*,0,Government,Government,Government,19140_Tagesordnungspunkt_10_LINKE_Korte_ID1914004700_16.01.2020.csv
2,Das sollten Sie also erst mal klären.,*,0,Government,Government,Government,19140_Tagesordnungspunkt_10_LINKE_Korte_ID1914004700_16.01.2020.csv
3,"Es gibt eine Bundestagsdrucksache, in der die Vermögensfragen der SED und der ehemaligen Massenorganisationen der DDR druckreif dargelegt werden, nämlich den Bericht der damaligen Kommission, die es dazu gegeben hat.",*,0,Government,Government,Government,19140_Tagesordnungspunkt_10_LINKE_Korte_ID1914004700_16.01.2020.csv
4,Deswegen ging das schon mal voll daneben.,*,0,Government,Government,Government,19140_Tagesordnungspunkt_10_LINKE_Korte_ID1914004700_16.01.2020.csv
5,"Das Zweite, um das es geht: Das ist ja ein Widerspruch, den Sie hier dem Plenum dankenswerterweise offenbaren.",Government Operations,0,Government,Government,Government,19140_Tagesordnungspunkt_10_LINKE_Korte_ID1914004700_16.01.2020.csv
6,Die damaligen Entschädigungszahlungen und die Behandlung der ehemaligen Monarchen und ihrer Angehörigen wurden 1926 geregelt.,Government Operations,0,Government,Government,Government,19140_Tagesordnungspunkt_10_LINKE_Korte_ID1914004700_16.01.2020.csv
7,"Man kann sehen – ich hoffe, dass Sie das kennen –, dass damals mit den ehemaligen Monarchen, mit den Adelshäusern sehr nett und freundlich umgegangen worden ist.",Government Operations,0,Government,Government,Government,19140_Tagesordnungspunkt_10_LINKE_Korte_ID1914004700_16.01.2020.csv
8,Aus diesem Grund haben wir heute überhaupt diese Debatten.,Government Operations,0,Government,Government,Government,19140_Tagesordnungspunkt_10_LINKE_Korte_ID1914004700_16.01.2020.csv
9,Deswegen geht auch das ins Leere.,Government Operations,0,Government,Government,Government,19140_Tagesordnungspunkt_10_LINKE_Korte_ID1914004700_16.01.2020.csv
10,"Eines will ich Ihnen schon noch mal sagen – ich hoffe, dass Sie das nicht wirklich so gemeint haben –: Sozialdemokratinnen und Sozialdemokraten, Mitglieder der Bekennenden Kirche, Kommunistinnen und Kommunisten, Gewerkschafterinnen und Gewerkschafter haben mit Sicherheit keinen Anteil an dem Sieg Hitlers und dem NS-Terrorregime, um das mal ganz deutlich zu sagen.",Government Operations,0,Government,Government,Government,19140_Tagesordnungspunkt_10_LINKE_Korte_ID1914004700_16.01.2020.csv
11,"Das ist ja geradezu absurd, aber das ist ganz in der Vogelschisslinie, die Ihr Chef vertreten hat.",Government Operations,0,Government,Government,Government,19140_Tagesordnungspunkt_10_LINKE_Korte_ID1914004700_16.01.2020.csv
12,Vielen herzlichen Dank. – Dann kommen wir zur zweiten Rednerin in der Debatte: Elisabeth Motschmann für die CDU/CSU-Fraktion.,*,0,Government,Government,Government,19140_Tagesordnungspunkt_10_LINKE_Korte_ID1914004700_16.01.2020.csv
