,text,label_gold,segment_id,label_bert,label_parlbert,label_svm,speech_id
0,Sehr geehrte Frau Präsidentin!,*,0,Government,Government,Government,19140_Tagesordnungspunkt_10_LINKE_Korte_ID1914004500_16.01.2020.csv
1,Liebe Kolleginnen und Kollegen!,*,0,Government,Government,Government,19140_Tagesordnungspunkt_10_LINKE_Korte_ID1914004500_16.01.2020.csv
2,Warum müssen wir uns im Jahre 2020 mit den Nachwirkungen der Monarchie beschäftigen?,Civil Rights,0,Government,Government,Government,19140_Tagesordnungspunkt_10_LINKE_Korte_ID1914004500_16.01.2020.csv
3,"Ja, das ist eine gute Frage, da wir ja alle wissen und das auch breit gefeiert haben, dass erfreulicherweise mit der Revolution von 1918 die Monarchie hinweggefegt wurde, wofür wir den Revolutionärinnen und Revolutionären heute noch dankbar sein können.",Civil Rights,0,Government,Government,Government,19140_Tagesordnungspunkt_10_LINKE_Korte_ID1914004500_16.01.2020.csv
4,"Denn Monarchie ist natürlich qua Konstitution das Gegenteil von Demokratie, das Gegenteil von Herrschaft der Bevölkerung.
– Mit Lehren aus der Geschichte haben Sie es nun wirklich nicht.",Civil Rights,0,Government,Government,Government,19140_Tagesordnungspunkt_10_LINKE_Korte_ID1914004500_16.01.2020.csv
5,Das wissen wir.,Civil Rights,0,Government,Government,Government,19140_Tagesordnungspunkt_10_LINKE_Korte_ID1914004500_16.01.2020.csv
6,Deswegen sind Sie bei dieser Frage erst einmal grundsätzlich raus.,Civil Rights,0,Government,Government,Government,19140_Tagesordnungspunkt_10_LINKE_Korte_ID1914004500_16.01.2020.csv
7,"Aber es geht um Folgendes, um etwas ganz Handfestes:
Erstens.",Government Operations,0,Government,Government,Government,19140_Tagesordnungspunkt_10_LINKE_Korte_ID1914004500_16.01.2020.csv
8,"Die Familie, die sogenannte Erbengemeinschaft der Hohenzollern, möchte eine Entschädigung haben für Enteignungen, die es nach 1945 umfangreich gegeben hat.",Government Operations,0,Government,Government,Government,19140_Tagesordnungspunkt_10_LINKE_Korte_ID1914004500_16.01.2020.csv
9,Denn damals schätzte die sowjetische Militäradministration – wie auch später die DDR – den deutschen Adel ein als zutiefst verstrickt in den Nationalsozialismus und sah in ihm mit eine der Hauptursachen dafür und hat ihn deswegen in ihrem Geltungsbereich vollständig enteignet.,Government Operations,0,Government,Government,Government,19140_Tagesordnungspunkt_10_LINKE_Korte_ID1914004500_16.01.2020.csv
10,"Diese Entscheidung, um es hier einmal klar auszusprechen, war historisch und moralisch durch und durch richtig, bei allen anderen Fehlentscheidungen, die es damals gegeben hat.",Government Operations,0,Government,Government,Government,19140_Tagesordnungspunkt_10_LINKE_Korte_ID1914004500_16.01.2020.csv
11,Zweitens.,Government Operations,0,Government,Government,Government,19140_Tagesordnungspunkt_10_LINKE_Korte_ID1914004500_16.01.2020.csv
12,Es geht – das wird alles gleich zusammengefasst – um noch etwas anderes.,Government Operations,0,Government,Government,Government,19140_Tagesordnungspunkt_10_LINKE_Korte_ID1914004500_16.01.2020.csv
13,Die besagte Erbengemeinschaft möchte dazu eine Rückgabe sehr vieler Kulturgüter.,Government Operations,0,Government,Government,Government,19140_Tagesordnungspunkt_10_LINKE_Korte_ID1914004500_16.01.2020.csv
14,"Die bizarrste Forderung, die selbst der Staatsministerin, die auch anwesend ist, irgendwann zu bunt wurde, war die Forderung des sogenannten Hauses Hohenzollern nach einem unentgeltlichen Wohnrecht im Schloss Cecilienhof, im Schloss Lindstedt oder in der Villa Liegnitz.",Government Operations,0,Government,Government,Government,19140_Tagesordnungspunkt_10_LINKE_Korte_ID1914004500_16.01.2020.csv
15,"Das ist natürlich so dermaßen abgedreht – wenn man sich das überlegt –, überhaupt so etwas zu formulieren.",Government Operations,0,Government,Government,Government,19140_Tagesordnungspunkt_10_LINKE_Korte_ID1914004500_16.01.2020.csv
16,"Deswegen muss ich leider feststellen, dass die Hohenzollern mental offenbar noch nicht in der Republik angekommen sind.",Government Operations,0,Government,Government,Government,19140_Tagesordnungspunkt_10_LINKE_Korte_ID1914004500_16.01.2020.csv
17,"Herr Korte, erlauben Sie eine Zwischenfrage oder ‑bemerkung des Kollegen Post von der SPD-Fraktion?",*,0,Government,Government,Government,19140_Tagesordnungspunkt_10_LINKE_Korte_ID1914004500_16.01.2020.csv
18,Bitte schön.,*,0,Government,Government,Government,19140_Tagesordnungspunkt_10_LINKE_Korte_ID1914004500_16.01.2020.csv
19,"Danke, Herr Kollege Korte, dass Sie die Zwischenfrage zulassen. – Sie haben gerade explizit die Haltung der damaligen DDR-Regierung angeführt und auch die ursprünglich erhobene Forderung der Hohenzollern genannt, ein Wohnrecht auf Schloss Cecilienhof zu erlangen.",Government Operations,0,Government,Government,Government,19140_Tagesordnungspunkt_10_LINKE_Korte_ID1914004500_16.01.2020.csv
20,"Diese Forderung wurde mittlerweile fallen gelassen, aber sie wurde – das stimmt – ursprünglich erhoben.",Government Operations,0,Government,Government,Government,19140_Tagesordnungspunkt_10_LINKE_Korte_ID1914004500_16.01.2020.csv
21,"Meine Frage: Ist Ihnen bekannt, dass Erich Honecker am 3.",Government Operations,0,Government,Government,Government,19140_Tagesordnungspunkt_10_LINKE_Korte_ID1914004500_16.01.2020.csv
22,"Mai 1988 einen Brief unterzeichnet hat, in dem explizit steht, dass den Hohenzollern ein Wohnrecht auf Schloss Cecilienhof eingeräumt werden sollte, wenn im Gegenzug die Särge der verstorbenen Könige Friedrich Wilhelm I. und Friedrich II. wieder zurück nach Potsdam überführt würden?",Government Operations,0,Government,Government,Government,19140_Tagesordnungspunkt_10_LINKE_Korte_ID1914004500_16.01.2020.csv
23,Das ist ja eine katastrophale Fehleinschätzung.,Government Operations,0,Government,Government,Government,19140_Tagesordnungspunkt_10_LINKE_Korte_ID1914004500_16.01.2020.csv
24,Das ist eine weitere der grundsätzlichen Fehleinschätzungen von Erich Honecker.,Government Operations,0,Government,Government,Government,19140_Tagesordnungspunkt_10_LINKE_Korte_ID1914004500_16.01.2020.csv
25,Da sind wir doch völlig einer Meinung.,Government Operations,0,Government,Government,Government,19140_Tagesordnungspunkt_10_LINKE_Korte_ID1914004500_16.01.2020.csv
26,"Aber das macht die heutige Forderung doch nicht besser, dass es dort Fehlentscheidungen gegeben hat.",Government Operations,0,Government,Government,Government,19140_Tagesordnungspunkt_10_LINKE_Korte_ID1914004500_16.01.2020.csv
27,"Nur, Herr Kollege Post, Sie müssen eines sehen – das ist noch die Antwort –: Ich habe von den Enteignungen nach 1945 gesprochen, und zwar von den flächendeckenden.",Government Operations,0,Government,Government,Government,19140_Tagesordnungspunkt_10_LINKE_Korte_ID1914004500_16.01.2020.csv
28,"Da stimmen Sie mir doch insbesondere als Sozialdemokrat zu, wenn ich das Stichwort „Revolution von 1918 und Ausrufung der Republik“ nenne, woran ja auch Ihre Partei einen gewissen Anteil hatte, wenn man so will.",Government Operations,0,Government,Government,Government,19140_Tagesordnungspunkt_10_LINKE_Korte_ID1914004500_16.01.2020.csv
29,"Wir sind doch einer Meinung, dass das richtig gewesen ist.",Government Operations,0,Government,Government,Government,19140_Tagesordnungspunkt_10_LINKE_Korte_ID1914004500_16.01.2020.csv
30,"Wenn Honecker auch da völlig falsch entscheidet, kann ich nichts dafür, aber ich kann feststellen, dass das falsch ist, wenn es so ist, wie Sie sagen.",Government Operations,0,Government,Government,Government,19140_Tagesordnungspunkt_10_LINKE_Korte_ID1914004500_16.01.2020.csv
31,"Sorry, so sieht das aus.",Government Operations,0,Government,Government,Government,19140_Tagesordnungspunkt_10_LINKE_Korte_ID1914004500_16.01.2020.csv
32,Drittens.,Government Operations,0,Government,Government,Government,19140_Tagesordnungspunkt_10_LINKE_Korte_ID1914004500_16.01.2020.csv
33,Gehen wir weiter und nähern uns dem Ganzen juristisch.,Government Operations,0,Government,Government,Government,19140_Tagesordnungspunkt_10_LINKE_Korte_ID1914004500_16.01.2020.csv
34,"Es gibt in dem Gesetz von 1994, in dem diese Entschädigungsfragen geregelt sind, folgenden Passus, dass nämlich Entschädigungszahlungen dann ausgeschlossen sind, liebe Kolleginnen und Kollegen, wenn, wie in diesem Fall, die Familie Hohenzollern dem Nationalsozialismus – wörtliches Zitat – „erheblichen Vorschub geleistet“ hat.",Government Operations,0,Government,Government,Government,19140_Tagesordnungspunkt_10_LINKE_Korte_ID1914004500_16.01.2020.csv
35,"Dazu gibt es jetzt alle möglichen Gutachten, die dank des Satirikers Böhmermann allgemein zur Verfügung gestellt wurden – da kann man auch einfach mal Danke sagen –, sodass alle das nachlesen können.",Government Operations,0,Government,Government,Government,19140_Tagesordnungspunkt_10_LINKE_Korte_ID1914004500_16.01.2020.csv
36,Juristisch und politisch stellt sich die Frage: Haben die Hohenzollern und besonders Kronprinz Wilhelm dem Nationalsozialismus Vorschub geleistet?,Government Operations,0,Government,Government,Government,19140_Tagesordnungspunkt_10_LINKE_Korte_ID1914004500_16.01.2020.csv
37,"Ich möchte Ulrich Herbert, einen, glaube ich, unumstrittenen, exzellenten Historiker, zitieren, der auf diese Frage Folgendes geantwortet hat:
Ja – gewiss nicht weniger, aber wohl auch nicht mehr als all die anderen hochrangigen Vertreter der vaterländischen Verbände, der deutschnationalen Parteien, der Clubs und „Ringe“ der rechtsradikalen Intellektuellen, der Großagrarier und der Großindustrie, die die Republik zerstören und das neue Reich der Rechten aufbauen wollten, ohne Parlament, ohne Gewerkschaften und ohne Juden – allerdings unter der Voraussetzung, dass sie selbst dabei irgendeine wichtige Rolle spielen durften.",Government Operations,0,Government,Government,Government,19140_Tagesordnungspunkt_10_LINKE_Korte_ID1914004500_16.01.2020.csv
38,"Aber wenn selbst die es nicht waren, die „Vorschub leisteten“, dann war es eben keiner.",Government Operations,0,Government,Government,Government,19140_Tagesordnungspunkt_10_LINKE_Korte_ID1914004500_16.01.2020.csv
39,Wie gehabt.,Government Operations,0,Government,Government,Government,19140_Tagesordnungspunkt_10_LINKE_Korte_ID1914004500_16.01.2020.csv
40,"Das ist der Kern der geschichtspolitischen Auseinandersetzung, die wir führen.",Government Operations,0,Government,Government,Government,19140_Tagesordnungspunkt_10_LINKE_Korte_ID1914004500_16.01.2020.csv
41,"Das macht übrigens – entgegen dem ganzen Humbug, der erzählt wurde – noch einmal deutlich, warum die Weimarer Republik zerstört worden ist, nämlich im Bündnis von Großindustrie, von Rechtsradikalen und den deutschnationalen konservativen Parteien.",Government Operations,0,Government,Government,Government,19140_Tagesordnungspunkt_10_LINKE_Korte_ID1914004500_16.01.2020.csv
42,Das hat die Weimarer Republik zerstört.,Government Operations,0,Government,Government,Government,19140_Tagesordnungspunkt_10_LINKE_Korte_ID1914004500_16.01.2020.csv
43,"Das möchte ich hier angesichts all des Unsinns, der sonst erzählt wurde, klar aussprechen.
– Ja, das ist die Traditionslinie, in der Sie stehen.",Government Operations,0,Government,Government,Government,19140_Tagesordnungspunkt_10_LINKE_Korte_ID1914004500_16.01.2020.csv
44,Zum Vierten.,Culture,1,Domestic,Domestic,Energy,19140_Tagesordnungspunkt_10_LINKE_Korte_ID1914004500_16.01.2020.csv
45,Es geht hier natürlich auch ganz schlicht um Geld.,Culture,1,Domestic,Domestic,Energy,19140_Tagesordnungspunkt_10_LINKE_Korte_ID1914004500_16.01.2020.csv
46,"Es geht hier nicht um Tradition – oder was weiß ich, was alles erzählt wird – von irgendwelchen Adelshäusern.",Culture,1,Domestic,Domestic,Energy,19140_Tagesordnungspunkt_10_LINKE_Korte_ID1914004500_16.01.2020.csv
47,Es geht schlicht um Kohle.,Culture,1,Domestic,Domestic,Energy,19140_Tagesordnungspunkt_10_LINKE_Korte_ID1914004500_16.01.2020.csv
48,Das kann ich auch belegen.,Culture,1,Domestic,Domestic,Energy,19140_Tagesordnungspunkt_10_LINKE_Korte_ID1914004500_16.01.2020.csv
49,Gucken wir einmal auf die Versteigerung der Hohenzollern im Jahre 2017 im Auktionshaus Sotheby’s.,Culture,1,Domestic,Domestic,Energy,19140_Tagesordnungspunkt_10_LINKE_Korte_ID1914004500_16.01.2020.csv
50,"Bevor wir uns dies angucken, darf ich noch mal fragen: Erlauben Sie eine Zwischenfrage oder ‑bemerkung, diesmal des Kollegen Hampel, AfD?",Culture,2,Culture,Government,Defense,19140_Tagesordnungspunkt_10_LINKE_Korte_ID1914004500_16.01.2020.csv
51,"Nein. – Bei Sotheby’s wurde im Jahr 2017 Folgendes verscherbelt: ein vergoldetes Trinkgefäß von Friedrich I. im Wert von 2,6 Millionen Euro und fünf Gemälde, unter anderem mit Ansichten vom Berliner Stadtschloss, inklusive Einrichtungsgegenstände. – Das ist das Stadtschloss, für dessen Wiederaufbau mehr oder minder aufgeklärte bürgerliche Kreise wahnsinnigerweise sehr viel Geld gesammelt haben;
aber das ist eine andere Diskussion.",Culture,2,Culture,Government,Defense,19140_Tagesordnungspunkt_10_LINKE_Korte_ID1914004500_16.01.2020.csv
52,Diese Gegenstände wurden dort jedenfalls verscherbelt.,Culture,2,Culture,Government,Defense,19140_Tagesordnungspunkt_10_LINKE_Korte_ID1914004500_16.01.2020.csv
53,"Staatsministerin Professor Grütters hat natürlich durch und durch recht, wenn sie sagt, dass national wertvolle Kunstwerke – Zitat – natürlich in ein Museum gehören und der Allgemeinheit zugänglich gemacht und nicht auf den internationalen Kunstmärkten verramscht werden sollen.",Culture,2,Culture,Government,Defense,19140_Tagesordnungspunkt_10_LINKE_Korte_ID1914004500_16.01.2020.csv
54,Fünftens.,Government Operations,2,Culture,Government,Defense,19140_Tagesordnungspunkt_10_LINKE_Korte_ID1914004500_16.01.2020.csv
55,"Jenseits der ganzen Frage der Verstrickung in den Nationalsozialismus gibt es noch einiges andere, was man mal aufarbeiten könnte; das will ich schon noch mal sagen.",Government Operations,2,Culture,Government,Defense,19140_Tagesordnungspunkt_10_LINKE_Korte_ID1914004500_16.01.2020.csv
56,"Ganz grundsätzlich: In der Geschichte des Adels und der Monarchie beruhte natürlich der wesentliche Teil des unermesslichen Reichtums der Adelshäuser darauf, dass sie die Bevölkerung oder, klassisch gesagt, das Volk ausgeplündert haben, und nicht auf eigener Hände Arbeit, um das hier auch mal klar zu sagen.",Government Operations,2,Culture,Government,Defense,19140_Tagesordnungspunkt_10_LINKE_Korte_ID1914004500_16.01.2020.csv
57,Wer hat denn die Schlösser und Burgen gebaut?,Government Operations,2,Culture,Government,Defense,19140_Tagesordnungspunkt_10_LINKE_Korte_ID1914004500_16.01.2020.csv
58,"Das waren nicht die Monarchen, die mit der Maurerkelle Hand angelegt haben.",Government Operations,2,Culture,Government,Defense,19140_Tagesordnungspunkt_10_LINKE_Korte_ID1914004500_16.01.2020.csv
59,Das waren die Arbeiterinnen und Arbeiter.,Government Operations,2,Culture,Government,Defense,19140_Tagesordnungspunkt_10_LINKE_Korte_ID1914004500_16.01.2020.csv
60,Daran sollte man vielleicht mal ganz grundsätzlich erinnern.,Government Operations,2,Culture,Government,Defense,19140_Tagesordnungspunkt_10_LINKE_Korte_ID1914004500_16.01.2020.csv
61,"Im Übrigen: Wenn wir über die Familie Hohenzollern und die Geschichte reden, will ich auch noch mal an die Verbrechen der Kolonialzeit erinnern.",Government Operations,2,Culture,Government,Defense,19140_Tagesordnungspunkt_10_LINKE_Korte_ID1914004500_16.01.2020.csv
62,"Das wäre etwas, das Sie aufarbeiten sollten.",Government Operations,2,Culture,Government,Defense,19140_Tagesordnungspunkt_10_LINKE_Korte_ID1914004500_16.01.2020.csv
63,Da wurde noch nie über Entschädigungen gesprochen.,Government Operations,2,Culture,Government,Defense,19140_Tagesordnungspunkt_10_LINKE_Korte_ID1914004500_16.01.2020.csv
64,"Also: Ich kann namens der Fraktion Die Linke nur sagen: Es kann keine Geheimverhandlungen mehr geben, keine außergerichtlichen Absprachen.",Government Operations,2,Culture,Government,Defense,19140_Tagesordnungspunkt_10_LINKE_Korte_ID1914004500_16.01.2020.csv
65,Hier müssen jetzt die Gerichte entscheiden.,Government Operations,2,Culture,Government,Defense,19140_Tagesordnungspunkt_10_LINKE_Korte_ID1914004500_16.01.2020.csv
66,Forderungen der ehemaligen Adelshäuser sind für die Zukunft gesetzgeberisch auszuschließen.,Government Operations,2,Culture,Government,Defense,19140_Tagesordnungspunkt_10_LINKE_Korte_ID1914004500_16.01.2020.csv
67,"Denn das ist der Kernbestandteil der Demokratie: die Herrschaft der vielen, die Herrschaft der Bevölkerung und nicht die Herrschaft irgendwelcher selbsternannten Adeligen mit komischen Namen.",Government Operations,2,Culture,Government,Defense,19140_Tagesordnungspunkt_10_LINKE_Korte_ID1914004500_16.01.2020.csv
68,Vielen Dank für die Aufmerksamkeit.,*,2,Culture,Government,Defense,19140_Tagesordnungspunkt_10_LINKE_Korte_ID1914004500_16.01.2020.csv
69,"Vielen Dank, Jan Korte. – Das Wort zu einer Kurzintervention hat der Kollege Hampel von der AfD-Fraktion.",*,2,Culture,Government,Defense,19140_Tagesordnungspunkt_10_LINKE_Korte_ID1914004500_16.01.2020.csv
