,text,label_gold,segment_id,label_bert,label_parlbert,label_svm,speech_id
0,Sehr geehrte Frau Präsidentin!,*,0,Government,Government,Government,19140_Tagesordnungspunkt_10_CDU_CSU_Bernstein_ID1914005600_16.01.2020.csv
1,Liebe Kolleginnen und Kollegen!,*,0,Government,Government,Government,19140_Tagesordnungspunkt_10_CDU_CSU_Bernstein_ID1914005600_16.01.2020.csv
2,"Wenn wir über den vorliegenden Antrag diskutieren, lohnt es, noch einmal einen Blick in seine Entstehungsgeschichte zu werfen.",Government Operations,0,Government,Government,Government,19140_Tagesordnungspunkt_10_CDU_CSU_Bernstein_ID1914005600_16.01.2020.csv
3,"Im Jahre 1991 beantragte Louis Ferdinand von Preußen die Rückgabe der Immobilien, die während der sowjetischen Besatzungszeit bis 1949 enteignet wurden.",Government Operations,0,Government,Government,Government,19140_Tagesordnungspunkt_10_CDU_CSU_Bernstein_ID1914005600_16.01.2020.csv
4,"Diesen Weg sind auch über 2 Millionen andere Betroffene gegangen, in aller Regel mit einem abschlägigen Bescheid.
23 Jahre hatte es gedauert, bis das zuständige Amt zur Regelung offener Vermögensfragen den Antrag bearbeitet hatte. 2014 wurde entschieden, dass dem Haus Hohenzollern nach dem Entschädigungs- und Ausgleichsleistungsgesetz von 1994 1,2 Millionen Euro zustehen.",Government Operations,0,Government,Government,Government,19140_Tagesordnungspunkt_10_CDU_CSU_Bernstein_ID1914005600_16.01.2020.csv
5,"Wohlgemerkt: Das Amt hat entschieden, nicht die Familie dies gefordert.",Government Operations,0,Government,Government,Government,19140_Tagesordnungspunkt_10_CDU_CSU_Bernstein_ID1914005600_16.01.2020.csv
6,"Das ist ein winziger Bruchteil des Gesamtwertes der 64 Immobilien und Ländereien, um die es 1991 ging.",Government Operations,0,Government,Government,Government,19140_Tagesordnungspunkt_10_CDU_CSU_Bernstein_ID1914005600_16.01.2020.csv
7,"Nach dem Entscheid trat die brandenburgische Landesregierung in Verhandlungen ein, weil man befürchtete, ein Gerichtsurteil könne dazu führen, dass Gegenstände von materiellem und historischem Wert an die Familie zurückgegeben werden müssen.",Government Operations,0,Government,Government,Government,19140_Tagesordnungspunkt_10_CDU_CSU_Bernstein_ID1914005600_16.01.2020.csv
8,"Diesen Verhandlungen hat sich der neue Chef des Hauses Hohenzollern, Georg von Preußen, in keiner Weise verweigert.",Government Operations,0,Government,Government,Government,19140_Tagesordnungspunkt_10_CDU_CSU_Bernstein_ID1914005600_16.01.2020.csv
9,"Fünf Jahre später, vier Wochen vor der Landtagswahl in Brandenburg, fiel der Partei Die Linke dann ein, dass der Rechtsentscheid „ungeheuerlich und geschichtsvergessen“ sei.",Government Operations,0,Government,Government,Government,19140_Tagesordnungspunkt_10_CDU_CSU_Bernstein_ID1914005600_16.01.2020.csv
10,Nun wurde die Familie als unverschämt bezeichnet und in die Nähe des Nationalsozialismus gerückt.,Government Operations,0,Government,Government,Government,19140_Tagesordnungspunkt_10_CDU_CSU_Bernstein_ID1914005600_16.01.2020.csv
11,"Sogar eine Volksinitiative wurde gegründet, freilich weniger vom Volk als vielmehr von der Linkspartei.",Government Operations,0,Government,Government,Government,19140_Tagesordnungspunkt_10_CDU_CSU_Bernstein_ID1914005600_16.01.2020.csv
12,"Eine bis dahin sachlich geführte Diskussion wurde somit aus wahlkampftaktischen Gründen zu einer Neid- und Missgunstdebatte, in der Recht und Gesetz offenbar nicht mehr für alle gelten sollten.",Government Operations,0,Government,Government,Government,19140_Tagesordnungspunkt_10_CDU_CSU_Bernstein_ID1914005600_16.01.2020.csv
13,"Dabei wird natürlich gern verschwiegen, dass es weder mit dem Hause Bayern, das sich mit dem Freistaat auf die Gründung eines Ausgleichsfonds einigte, noch mit dem sächsischen Haus Wettin, das sich in vier Vergleichen bis 2014 mit dem Freistaat Sachsen einigen konnte, irgendwelche Probleme gegeben hat.",Government Operations,0,Government,Government,Government,19140_Tagesordnungspunkt_10_CDU_CSU_Bernstein_ID1914005600_16.01.2020.csv
14,"Nur eben die Preußen sehen sich als Zielscheibe einer Kampagne, die mittlerweile jegliches Maß verloren hat.",Government Operations,0,Government,Government,Government,19140_Tagesordnungspunkt_10_CDU_CSU_Bernstein_ID1914005600_16.01.2020.csv
15,"Nun kann man argumentieren, Georg von Preußen als Chef des Hauses sollte auf sein Recht verzichten, um diese etwas unglückliche Debatte schnell zu beenden.",Government Operations,0,Government,Government,Government,19140_Tagesordnungspunkt_10_CDU_CSU_Bernstein_ID1914005600_16.01.2020.csv
16,"Dafür, dass er das nicht tut, hat niemand anders gesorgt als Die Linke.",Government Operations,0,Government,Government,Government,19140_Tagesordnungspunkt_10_CDU_CSU_Bernstein_ID1914005600_16.01.2020.csv
17,"Denn durch den Vorwurf, Steigbügelhalter der Nazis gewesen zu sein, käme ein Rückzug einem öffentlichen Schuldeingeständnis gleich.",Government Operations,0,Government,Government,Government,19140_Tagesordnungspunkt_10_CDU_CSU_Bernstein_ID1914005600_16.01.2020.csv
18,"Zugleich wäre damit Ihr Antragstext legitimiert, der voller irrationaler Polemik und Falschaussagen ist:
Zum einen vergleichen Sie das Schicksal der Hohenzollern mit dem anderer ehemaliger Herrscherhäuser in Europa.",Government Operations,0,Government,Government,Government,19140_Tagesordnungspunkt_10_CDU_CSU_Bernstein_ID1914005600_16.01.2020.csv
19,Wen meinen Sie da?,Government Operations,0,Government,Government,Government,19140_Tagesordnungspunkt_10_CDU_CSU_Bernstein_ID1914005600_16.01.2020.csv
20,"Doch hoffentlich nicht die russische Zarenfamilie, die mitsamt den Kindern von den Kommunisten erschossen wurde.",Government Operations,0,Government,Government,Government,19140_Tagesordnungspunkt_10_CDU_CSU_Bernstein_ID1914005600_16.01.2020.csv
21,"Im Übrigen ist Ihre Aussage falsch, wie ich mit Verweis auf Sachsen und Bayern bereits ausführte.",Government Operations,0,Government,Government,Government,19140_Tagesordnungspunkt_10_CDU_CSU_Bernstein_ID1914005600_16.01.2020.csv
22,"Zum anderen rufen Sie dazu auf – das ist ein starkes Stück –, die mögliche Entscheidung eines ordentlichen Gerichts der Bundesrepublik durch Enteignung und Vergesellschaftung rückgängig zu machen, wenn sie nicht das von Ihnen gewünschte Ergebnis bringt.",Government Operations,0,Government,Government,Government,19140_Tagesordnungspunkt_10_CDU_CSU_Bernstein_ID1914005600_16.01.2020.csv
23,Ich muss schon sagen: Ihr Rechtsverständnis sucht wirklich seinesgleichen.,Government Operations,0,Government,Government,Government,19140_Tagesordnungspunkt_10_CDU_CSU_Bernstein_ID1914005600_16.01.2020.csv
24,"Die Familie Hohenzollern hat mehrfach klargemacht, dass sie sich zum offenen Umgang mit ihrer Geschichte bekennt.",Government Operations,0,Government,Government,Government,19140_Tagesordnungspunkt_10_CDU_CSU_Bernstein_ID1914005600_16.01.2020.csv
25,Das schließt eine kritische Auseinandersetzung ausdrücklich ein.,Government Operations,0,Government,Government,Government,19140_Tagesordnungspunkt_10_CDU_CSU_Bernstein_ID1914005600_16.01.2020.csv
26,"Es gibt keinen Anhaltspunkt, dass sich ein Mitglied der Hohenzollern-Familie außerhalb von Recht und Gesetz bewegt.",Government Operations,0,Government,Government,Government,19140_Tagesordnungspunkt_10_CDU_CSU_Bernstein_ID1914005600_16.01.2020.csv
27,Unser Rechtssystem kennt keine Erbschuld.,Government Operations,0,Government,Government,Government,19140_Tagesordnungspunkt_10_CDU_CSU_Bernstein_ID1914005600_16.01.2020.csv
28,"Das gilt für jeden Bürger unseres Landes, ob er nun adlig ist oder nicht.",Government Operations,0,Government,Government,Government,19140_Tagesordnungspunkt_10_CDU_CSU_Bernstein_ID1914005600_16.01.2020.csv
29,Vielen Dank.,*,0,Government,Government,Government,19140_Tagesordnungspunkt_10_CDU_CSU_Bernstein_ID1914005600_16.01.2020.csv
30,"Vielen Dank, Melanie Bernstein. – Damit schließe ich die Aussprache.",*,0,Government,Government,Government,19140_Tagesordnungspunkt_10_CDU_CSU_Bernstein_ID1914005600_16.01.2020.csv
