,text,label_gold,segment_id,label_bert,label_parlbert,label_svm,speech_id
0,Frau Präsidentin!,*,0,Government,Defense,Defense,19140_Tagesordnungspunkt_10_SPD_Lindh_ID1914005000_16.01.2020.csv
1,Liebe Kolleginnen und Kollegen!,*,0,Government,Defense,Defense,19140_Tagesordnungspunkt_10_SPD_Lindh_ID1914005000_16.01.2020.csv
2,Ein paar Meter von hier auf dem Balkon hat 1918 der Sozialdemokrat Philipp Scheidemann die Deutsche Republik ausgerufen.,Government Operations,0,Government,Defense,Defense,19140_Tagesordnungspunkt_10_SPD_Lindh_ID1914005000_16.01.2020.csv
3,"Auf dieser Grundlage kann ich feststellen, dass die SPD-Bundestagsfraktion gewiss nicht die Entschuldigung und Entschädigung, Exkulpierung oder auch Rehabilitierung der Hohenzollern als ihre politische Aufgabe erachtet, und ich finde das auch gut so.",Government Operations,0,Government,Defense,Defense,19140_Tagesordnungspunkt_10_SPD_Lindh_ID1914005000_16.01.2020.csv
4,"Zum Zweiten hat hier an dieser Stelle auch Otto Wels damals die Würde aller Demokratinnen und Demokratinnen, der Sozialdemokratinnen und Sozialdemokraten, letztlich auch der verfolgten Kommunistinnen und Kommunisten und aller anderen, die widerständig waren, verteidigt.",Government Operations,0,Government,Defense,Defense,19140_Tagesordnungspunkt_10_SPD_Lindh_ID1914005000_16.01.2020.csv
5,"Deshalb lege ich – im Namen unser aller – großen Wert darauf, dies als Form des Widerstandes gegen das NS-System zu kennzeichnen und einen deutlichen Unterschied zu machen zum Verhalten des damaligen monarchistischen Geschlechts.",Government Operations,0,Government,Defense,Defense,19140_Tagesordnungspunkt_10_SPD_Lindh_ID1914005000_16.01.2020.csv
6,"Es scheint notwendig zu sein, dies in den Debatten, die wir gegenwärtig erleben, deutlich zu machen, weil ich inzwischen dem medialen Diskurs entnehme, dass Formulierungen zu finden sind wie: „Die Rolle war umstritten“, und damit kann ich mich, ehrlich gesagt, nicht abfinden.",Government Operations,0,Government,Defense,Defense,19140_Tagesordnungspunkt_10_SPD_Lindh_ID1914005000_16.01.2020.csv
7,"Ich sage das sine ira et studio – nicht mit Zorn, sondern als nüchterne Analyse –: Es geht nicht darum, jetzt irgendwie revanchistisch die Hohenzollern abzustrafen.",Government Operations,0,Government,Defense,Defense,19140_Tagesordnungspunkt_10_SPD_Lindh_ID1914005000_16.01.2020.csv
8,"Mir geht es auch überhaupt nicht darum, mit Preußen oder mit dem Adel abzurechnen.",Government Operations,0,Government,Defense,Defense,19140_Tagesordnungspunkt_10_SPD_Lindh_ID1914005000_16.01.2020.csv
9,Wie käme ich darauf?,Government Operations,0,Government,Defense,Defense,19140_Tagesordnungspunkt_10_SPD_Lindh_ID1914005000_16.01.2020.csv
10,Ich bin ein großer Anhänger der preußischen Reform.,Government Operations,0,Government,Defense,Defense,19140_Tagesordnungspunkt_10_SPD_Lindh_ID1914005000_16.01.2020.csv
11,Ich habe mit Begeisterung Wilhelm von Humboldt gelesen.,Government Operations,0,Government,Defense,Defense,19140_Tagesordnungspunkt_10_SPD_Lindh_ID1914005000_16.01.2020.csv
12,Aber darum geht es nicht.,Government Operations,0,Government,Defense,Defense,19140_Tagesordnungspunkt_10_SPD_Lindh_ID1914005000_16.01.2020.csv
13,"Es geht hier um verschiedene Fragen, die in diesem ganzen Diskurs leicht durcheinandergebracht werden, die uns aber nicht dazu bringen sollten, auch die ethische Dimension des Ganzen zu vergessen.",Government Operations,0,Government,Defense,Defense,19140_Tagesordnungspunkt_10_SPD_Lindh_ID1914005000_16.01.2020.csv
14,"Bevor ich zu den Detailpunkten komme, wage ich doch, darauf hinzuweisen, dass es ganz, ganz viele, letztlich Millionen Deutsche gab, die in dieses Land aus dem Osten flüchteten, die nicht große Entschädigungen erfahren haben, denen es deutlich schlechter ergangen ist als den Hohenzollern.",Government Operations,0,Government,Defense,Defense,19140_Tagesordnungspunkt_10_SPD_Lindh_ID1914005000_16.01.2020.csv
15,"Ich erinnere auch daran, dass wir uns alle relativ schwer damit tun, bestimmte Opfergruppen – ich nenne hier zum Beispiel die sogenannten Berufsverbrecher und Asozialen oder die Opfer der Euthanasie – überhaupt als Verfolgte des NS-Regimes anzuerkennen.",Government Operations,0,Government,Defense,Defense,19140_Tagesordnungspunkt_10_SPD_Lindh_ID1914005000_16.01.2020.csv
16,Dieser Kontext steht nicht im unmittelbaren Zusammenhang mit dieser Debatte.,Government Operations,0,Government,Defense,Defense,19140_Tagesordnungspunkt_10_SPD_Lindh_ID1914005000_16.01.2020.csv
17,"Aber wir können doch nicht ausblenden, dass wir noch Erhebliches zu tun haben, um tatsächliche Opfer des NS-Regimes zu würdigen, und anderes, als uns allein damit zu beschäftigen, ob das Erbe der Hohenzollern hinreichend gewürdigt wird.",Government Operations,0,Government,Defense,Defense,19140_Tagesordnungspunkt_10_SPD_Lindh_ID1914005000_16.01.2020.csv
18,"Ich glaube, das muss man auch einmal deutlich formulieren.",Government Operations,0,Government,Defense,Defense,19140_Tagesordnungspunkt_10_SPD_Lindh_ID1914005000_16.01.2020.csv
19,Jetzt kommen wir zu den einzelnen Ebenen.,Government Operations,0,Government,Defense,Defense,19140_Tagesordnungspunkt_10_SPD_Lindh_ID1914005000_16.01.2020.csv
20,Einerseits ist da die rechtliche Ebene.,Government Operations,0,Government,Defense,Defense,19140_Tagesordnungspunkt_10_SPD_Lindh_ID1914005000_16.01.2020.csv
21,"Es wurde schon erwähnt: Es geht letztlich in den Ausgleichsverhandlungen, die jetzt auch keine Geheimverhandlungen waren – so geheim sind sie wahrlich nicht –,
und die auf Basis der sogenannten Fürstenenteignung der 20er-Jahre stattgefunden haben, um die Vermögensauseinandersetzung, um den Vertrag von 1925/1926, und es geht um das Ausgleichsleistungsgesetz.",Government Operations,0,Government,Defense,Defense,19140_Tagesordnungspunkt_10_SPD_Lindh_ID1914005000_16.01.2020.csv
22,Das ist eine rechtliche Frage.,Government Operations,0,Government,Defense,Defense,19140_Tagesordnungspunkt_10_SPD_Lindh_ID1914005000_16.01.2020.csv
23,"Wir haben parallel dazu interagierend – das muss man sagen – zum Beispiel in Brandenburg die Situation, dass dort ein Verwaltungsgerichtsverfahren aufgrund der Ausgleichsverhandlung ruhiggestellt wurde.",Government Operations,0,Government,Defense,Defense,19140_Tagesordnungspunkt_10_SPD_Lindh_ID1914005000_16.01.2020.csv
24,"Da geht es um die Rückgabe von Immobilien bzw., da das da nicht möglich war und abgelehnt wurde, um Entschädigungszahlungen.",Government Operations,0,Government,Defense,Defense,19140_Tagesordnungspunkt_10_SPD_Lindh_ID1914005000_16.01.2020.csv
25,Die Hohenzollern haben gegen die Entscheidung des Landes Brandenburg geklagt.,Government Operations,0,Government,Defense,Defense,19140_Tagesordnungspunkt_10_SPD_Lindh_ID1914005000_16.01.2020.csv
26,"Das ist die Dimension, über die wir sprechen.",Government Operations,0,Government,Defense,Defense,19140_Tagesordnungspunkt_10_SPD_Lindh_ID1914005000_16.01.2020.csv
27,Im Zusammenhang mit diesem Verfahren in Brandenburg kam es auch zu den schon genannten vier Gutachten von Historikern.,Government Operations,0,Government,Defense,Defense,19140_Tagesordnungspunkt_10_SPD_Lindh_ID1914005000_16.01.2020.csv
28,"Die rechtliche Frage, die sich darstellt, ist letztlich keine moralische.",Government Operations,0,Government,Defense,Defense,19140_Tagesordnungspunkt_10_SPD_Lindh_ID1914005000_16.01.2020.csv
29,"Es geht da nicht um die Frage von Schuld, und es ist auch nicht die Frage eines großen historischen Werturteils; das wird an anderer Stelle entschieden werden.",Government Operations,0,Government,Defense,Defense,19140_Tagesordnungspunkt_10_SPD_Lindh_ID1914005000_16.01.2020.csv
30,"Es ist in der Formulierung die Frage – ich zitiere aus dem Ausgleichsleistungsgesetz –, ob jemand „erheblichen Vorschub geleistet hat“.",Government Operations,0,Government,Defense,Defense,19140_Tagesordnungspunkt_10_SPD_Lindh_ID1914005000_16.01.2020.csv
31,Das ist auch klar von Gerichten definiert.,Government Operations,0,Government,Defense,Defense,19140_Tagesordnungspunkt_10_SPD_Lindh_ID1914005000_16.01.2020.csv
32,Es wurde 2005 im Verfahren in Bezug auf Hugenberg vom Bundesverwaltungsgericht noch einmal bestätigt.,Government Operations,0,Government,Defense,Defense,19140_Tagesordnungspunkt_10_SPD_Lindh_ID1914005000_16.01.2020.csv
33,"Es geht da um stetige Handlungen, die die Bedingungen der Errichtung und Entwicklung des NS-Systems verbessert haben.",Government Operations,0,Government,Defense,Defense,19140_Tagesordnungspunkt_10_SPD_Lindh_ID1914005000_16.01.2020.csv
34,"„Erheblich“ bedeutet, dass das nicht ganz unbedeutende Beiträge waren.",Government Operations,0,Government,Defense,Defense,19140_Tagesordnungspunkt_10_SPD_Lindh_ID1914005000_16.01.2020.csv
35,"Ich bin nicht Jurist, und es steht mir nicht an, das zu entscheiden.",Government Operations,0,Government,Defense,Defense,19140_Tagesordnungspunkt_10_SPD_Lindh_ID1914005000_16.01.2020.csv
36,"Aber ich denke, es spricht sehr, sehr viel dafür, dass diese rechtlichen Kriterien in diesem Fall erfüllt waren.",Government Operations,0,Government,Defense,Defense,19140_Tagesordnungspunkt_10_SPD_Lindh_ID1914005000_16.01.2020.csv
37,Deshalb vertraue ich auch da auf die womöglich letztlich kommenden juristischen Entscheidungen.,Government Operations,0,Government,Defense,Defense,19140_Tagesordnungspunkt_10_SPD_Lindh_ID1914005000_16.01.2020.csv
38,"Es gibt aber auch noch eine andere Dimension – ich glaube, die muss man an diesem Tag erwähnen; sie kam bisher noch nicht zum Zug –: Es gibt auch so etwas wie eine geschichtspolitische Dimension des Ganzen.",Civil Rights,0,Government,Defense,Defense,19140_Tagesordnungspunkt_10_SPD_Lindh_ID1914005000_16.01.2020.csv
39,"Ich stelle fest, dass hochbedeutende Historikerinnen und Historiker dieses Landes sich momentan in einer etwas schwierigen Situation befinden.",Civil Rights,0,Government,Defense,Defense,19140_Tagesordnungspunkt_10_SPD_Lindh_ID1914005000_16.01.2020.csv
40,Stephan Malinowski war konfrontiert mit einer Strafanzeige durch das Geschlecht der Hohenzollern.,Civil Rights,0,Government,Defense,Defense,19140_Tagesordnungspunkt_10_SPD_Lindh_ID1914005000_16.01.2020.csv
41,Das Verfahren wurde eingestellt.,Civil Rights,0,Government,Defense,Defense,19140_Tagesordnungspunkt_10_SPD_Lindh_ID1914005000_16.01.2020.csv
42,"In diesem Augenblick gibt es Unterlassungsbegehren, einstweilige Verfügungen.",Civil Rights,0,Government,Defense,Defense,19140_Tagesordnungspunkt_10_SPD_Lindh_ID1914005000_16.01.2020.csv
43,Ich nenne als Beispiel Dr.,Civil Rights,0,Government,Defense,Defense,19140_Tagesordnungspunkt_10_SPD_Lindh_ID1914005000_16.01.2020.csv
44,"Martin Sabrow, Dr.",Civil Rights,0,Government,Defense,Defense,19140_Tagesordnungspunkt_10_SPD_Lindh_ID1914005000_16.01.2020.csv
45,"Winfried Süß, Dr.",Civil Rights,0,Government,Defense,Defense,19140_Tagesordnungspunkt_10_SPD_Lindh_ID1914005000_16.01.2020.csv
46,"Karina Urbach, alles höchst anerkannte Historikerinnen und Historiker dieses Landes.",Civil Rights,0,Government,Defense,Defense,19140_Tagesordnungspunkt_10_SPD_Lindh_ID1914005000_16.01.2020.csv
47,"Nicht zu Unrecht – ich bringe mich jetzt womöglich selbst in die Gefahr, verklagt zu werden; aber das stört mich nicht – muss darauf hingewiesen werden, dass im „Tagesspiegel“ Martin Sabrow von einer „Unkultur der Einschüchterung“ und von einer „Gefährdung der Wissenschaftsfreiheit“ gesprochen hat.",Civil Rights,0,Government,Defense,Defense,19140_Tagesordnungspunkt_10_SPD_Lindh_ID1914005000_16.01.2020.csv
48,"Sehr geehrte Damen und Herren, ich denke, als Parlament können wir diesen Umstand nicht ignorieren.",Civil Rights,0,Government,Defense,Defense,19140_Tagesordnungspunkt_10_SPD_Lindh_ID1914005000_16.01.2020.csv
49,"Dabei steht es mir nicht an, groß Ratschläge zu erteilen.",Civil Rights,0,Government,Defense,Defense,19140_Tagesordnungspunkt_10_SPD_Lindh_ID1914005000_16.01.2020.csv
50,"Ich kann nur sagen, was ich täte, wäre ich ein Mitglied des Geschlechtes der Hohenzollern.",Civil Rights,0,Government,Defense,Defense,19140_Tagesordnungspunkt_10_SPD_Lindh_ID1914005000_16.01.2020.csv
51,"Ich würde die Chance ergreifen, mich als moderne, ehemalige Monarchenfamilie zu präsentieren, mit entsprechender Bescheidenheit.",Civil Rights,0,Government,Defense,Defense,19140_Tagesordnungspunkt_10_SPD_Lindh_ID1914005000_16.01.2020.csv
52,"Ich würde deutlich machen, dass mir an allen Möglichkeiten gelegen ist und dass ich so souverän bin, die Geschichte meines Hauses aufzuklären,
womöglich Expertenkommissionen oder Ähnliches einzuberufen; das sollte man entscheiden.",Civil Rights,0,Government,Defense,Defense,19140_Tagesordnungspunkt_10_SPD_Lindh_ID1914005000_16.01.2020.csv
53,"Mir wäre daran gelegen, die Demokratie dieses Landes zu stärken und deutlich zu machen, dass ich zu dieser stehe, dass das die entscheidende Frage ist und dass es ein Unterschied ist, der einen Unterschied macht, ob man Opfer war oder Täter, und dass Kronprinz Wilhelm gewiss kein Gralshüter der Demokratie in diesem Lande war.",Civil Rights,1,Government,Civil,International,19140_Tagesordnungspunkt_10_SPD_Lindh_ID1914005000_16.01.2020.csv
54,"Das sage ich zum Schluss, und das sage ich als Sozialdemokrat in Bezug auf Otto Wels und Philipp Scheidemann: Wir haben als Sozialdemokraten nicht erlebt, dass die Hohenzollern uns damals unterstützt hätten.",Civil Rights,1,Government,Civil,International,19140_Tagesordnungspunkt_10_SPD_Lindh_ID1914005000_16.01.2020.csv
55,"Nein, im Gegenteil: Es waren die Eliten, und dazu gehörte auch dieses Geschlecht damals – damit haben die heutigen Personen nichts zu tun; aber es war damals der geschichtliche Umstand –, die uns im Kampf gegen die Entstehung des Nationalsozialismus geschwächt haben.",Civil Rights,1,Government,Civil,International,19140_Tagesordnungspunkt_10_SPD_Lindh_ID1914005000_16.01.2020.csv
56,"Das macht den Unterschied, und auf dieser Grundlage verhalten wir uns auch.",Civil Rights,1,Government,Civil,International,19140_Tagesordnungspunkt_10_SPD_Lindh_ID1914005000_16.01.2020.csv
57,Vielen Dank.,*,1,Government,Civil,International,19140_Tagesordnungspunkt_10_SPD_Lindh_ID1914005000_16.01.2020.csv
58,Vielen Dank. – Nächster Redner: Hartmut Ebbing für die Fraktion der FDP.,*,1,Government,Civil,International,19140_Tagesordnungspunkt_10_SPD_Lindh_ID1914005000_16.01.2020.csv
