,text,label_gold,segment_id,label_bert,label_parlbert,label_svm,speech_id
0,Sehr geehrte Frau Präsidentin!,*,0,Government,Government,Civil,19140_Tagesordnungspunkt_10_GRUENE_Grundl_ID1914005200_16.01.2020.csv
1,Sehr geehrte Anwesende!,*,0,Government,Government,Civil,19140_Tagesordnungspunkt_10_GRUENE_Grundl_ID1914005200_16.01.2020.csv
2,"Es hat lange gedauert, bis Firmen, Sportvereine, Sportklubs, Ministerien und Behörden begonnen haben, sich mit ihrer nationalsozialistischen Vergangenheit auseinanderzusetzen.",Government Operations,0,Government,Government,Civil,19140_Tagesordnungspunkt_10_GRUENE_Grundl_ID1914005200_16.01.2020.csv
3,In den allermeisten Fällen musste diese Auseinandersetzung lange und hart von der Zivilgesellschaft erkämpft werden.,Government Operations,0,Government,Government,Civil,19140_Tagesordnungspunkt_10_GRUENE_Grundl_ID1914005200_16.01.2020.csv
4,Abgeschlossen ist sie bis heute nicht.,Government Operations,0,Government,Government,Civil,19140_Tagesordnungspunkt_10_GRUENE_Grundl_ID1914005200_16.01.2020.csv
5,"Aber diese Auseinandersetzung ist wichtig, vor allem dann, wenn das Wort von Adorno, „dass Auschwitz nicht sich wiederhole“, in Deutschland als Staatsräson gelten soll.",Government Operations,0,Government,Government,Civil,19140_Tagesordnungspunkt_10_GRUENE_Grundl_ID1914005200_16.01.2020.csv
6,"Was für Firmen und die Aufarbeitung ihrer nationalsozialistischen Vergangenheit gilt, muss umso mehr für das Haus Hohenzollern gelten.",Government Operations,0,Government,Government,Civil,19140_Tagesordnungspunkt_10_GRUENE_Grundl_ID1914005200_16.01.2020.csv
7,"Schließlich stellten die Hohenzollern Kurfürsten, preußische Könige, deutsche Kaiser und trugen über 500 Jahre politische Verantwortung in Deutschland.",Government Operations,0,Government,Government,Civil,19140_Tagesordnungspunkt_10_GRUENE_Grundl_ID1914005200_16.01.2020.csv
8,So steht es jedenfalls auf der Hohenzollern-Homepage.,Government Operations,0,Government,Government,Civil,19140_Tagesordnungspunkt_10_GRUENE_Grundl_ID1914005200_16.01.2020.csv
9,Auch wenn die Konfrontation mit Schuld in der eigenen Familie schwerfällt: Transparenz und Bereitschaft zur ergebnisoffenen Auseinandersetzung sind entscheidend für die Aufarbeitung dieses Teils der deutschen Geschichte.,Government Operations,0,Government,Government,Civil,19140_Tagesordnungspunkt_10_GRUENE_Grundl_ID1914005200_16.01.2020.csv
10,"Transparenz und Offenheit, genau das vermisse ich in der Auseinandersetzung mit den Fragen, die für die derzeit laufenden Entschädigungsverhandlungen entscheidend sind.",Government Operations,0,Government,Government,Civil,19140_Tagesordnungspunkt_10_GRUENE_Grundl_ID1914005200_16.01.2020.csv
11,"Sicherlich ist es legitim, mit juristischen Mitteln gegen Behauptungen falscher Tatsachen vorzugehen.",Civil Rights,0,Government,Government,Civil,19140_Tagesordnungspunkt_10_GRUENE_Grundl_ID1914005200_16.01.2020.csv
12,"Aber wenn ich mir anschaue, wie Historikerinnen und Historiker, Journalistinnen und Journalisten und andere, die sich im Umfeld der jetzigen Diskussion äußern, reihenweise mit Unterlassungsklagen unter Druck gesetzt werden, frage ich Sie: Ist dieses Abmahn- und Klageverfahren im Sinn des Erkenntnisgewinns zielführend?",Civil Rights,0,Government,Government,Civil,19140_Tagesordnungspunkt_10_GRUENE_Grundl_ID1914005200_16.01.2020.csv
13,"Führt das zu mehr Transparenz, oder wirkt dieses Vorgehen nicht vielmehr wie ein Versuch, die Freiheit von Wissenschaft und Presse einzuschränken?",Civil Rights,0,Government,Government,Civil,19140_Tagesordnungspunkt_10_GRUENE_Grundl_ID1914005200_16.01.2020.csv
14,"Die Frage, ob die Hohenzollern dem Nationalsozialismus in erheblichem Maße Vorschub geleistet haben, steht im Zentrum des Antrags von Bündnis 90/Die Grünen, und diese Frage steht im Zentrum der öffentlichen Anhörung am 29.",Government Operations,0,Government,Government,Civil,19140_Tagesordnungspunkt_10_GRUENE_Grundl_ID1914005200_16.01.2020.csv
15,"Januar im Ausschuss für Kultur und Medien, wo viele der vorhin genannten Historikerinnen und Historiker zu Wort kommen werden.",Government Operations,0,Government,Government,Civil,19140_Tagesordnungspunkt_10_GRUENE_Grundl_ID1914005200_16.01.2020.csv
16,"Diese Frage steht im Zentrum unseres Antrags, weil die derzeit laufenden Verhandlungen der Kulturstaatsministerin mit den Hohenzollern auf der Grundlage des Ausgleichsleistungsgesetzes von 1994 erfolgen.",Government Operations,0,Government,Government,Civil,19140_Tagesordnungspunkt_10_GRUENE_Grundl_ID1914005200_16.01.2020.csv
17,"Das Gesetz schafft eine besondere Rechtslage angesichts neuerer deutscher Geschichte aus nachvollziehbaren Gründen, wie es Professor Christopher Clark aus Cambridge in einem „Spiegel“-Interview im Oktober 2019 formuliert, in dem er gleichzeitig seine früheren Äußerungen, die Sie, Kollegin Motschmann – genauso wie Herr Gauland –, heute zitiert haben, relativiert.",Government Operations,0,Government,Government,Civil,19140_Tagesordnungspunkt_10_GRUENE_Grundl_ID1914005200_16.01.2020.csv
18,"Ich möchte darauf hinweisen, dass Sie veraltete Zitate gebracht haben.",Government Operations,0,Government,Government,Civil,19140_Tagesordnungspunkt_10_GRUENE_Grundl_ID1914005200_16.01.2020.csv
19,Denn der Gesetzgeber hat eigentumsrechtlichen Fragen ein historisches und politisch-moralisches Urteil vorausgestellt.,Government Operations,0,Government,Government,Civil,19140_Tagesordnungspunkt_10_GRUENE_Grundl_ID1914005200_16.01.2020.csv
20,"Wenn die Hohenzollern auf Entschädigung nicht verzichten wollen, müssen sie historisch argumentieren.",Government Operations,0,Government,Government,Civil,19140_Tagesordnungspunkt_10_GRUENE_Grundl_ID1914005200_16.01.2020.csv
21,Es geht im vorliegenden Fall nicht um schlichte privatrechtliche Eigentumsfragen.,Government Operations,0,Government,Government,Civil,19140_Tagesordnungspunkt_10_GRUENE_Grundl_ID1914005200_16.01.2020.csv
22,"Denn die letztlich von den Gerichten zu klärende Frage verlangt zunächst die Beantwortung einer Grundsatzfrage der deutschen Geschichte, der Frage nach der historischen Verantwortung der Hohenzollern für die Machtübernahme der Nationalsozialisten.",Government Operations,0,Government,Government,Civil,19140_Tagesordnungspunkt_10_GRUENE_Grundl_ID1914005200_16.01.2020.csv
23,Darüber kann nicht im Staatsministerium entschieden werden.,Government Operations,0,Government,Government,Civil,19140_Tagesordnungspunkt_10_GRUENE_Grundl_ID1914005200_16.01.2020.csv
24,"Das ist eine Res publica, eine öffentliche Angelegenheit, die öffentlich debattiert werden muss.",Government Operations,0,Government,Government,Civil,19140_Tagesordnungspunkt_10_GRUENE_Grundl_ID1914005200_16.01.2020.csv
25,"Historikerinnen und Historiker, Journalistinnen und Journalisten sowie Politikerinnen und Politiker müssen hierbei einbezogen werden.",Government Operations,0,Government,Government,Civil,19140_Tagesordnungspunkt_10_GRUENE_Grundl_ID1914005200_16.01.2020.csv
26,"Daher war unser erstes Ziel, Öffentlichkeit herzustellen, und ich danke speziell dem Fernsehmoderator Böhmermann, der es geschafft hat, diese Öffentlichkeit vehement auszuweiten.",Government Operations,0,Government,Government,Civil,19140_Tagesordnungspunkt_10_GRUENE_Grundl_ID1914005200_16.01.2020.csv
27,"In unserem Antrag fordern wir Grüne den Deutschen Bundestag auf, sich analog zur Armenien-Entscheidung zu dieser Frage politisch-historisch zu äußern.",Government Operations,0,Government,Government,Civil,19140_Tagesordnungspunkt_10_GRUENE_Grundl_ID1914005200_16.01.2020.csv
28,"Wir fordern den Bundestag dazu auf, die Auffassung zu teilen, dass die Hohenzollern dem Nationalsozialismus erheblich Vorschub geleistet haben, und auf der Grundlage dieses Beschlusses zu agieren, den Bundestag vor Vertragsabschluss einzubeziehen und ihn vollumfänglich zu informieren.",Government Operations,0,Government,Government,Civil,19140_Tagesordnungspunkt_10_GRUENE_Grundl_ID1914005200_16.01.2020.csv
29,"Aus diesem Grund haben wir die Anhörung im Ausschuss für Kultur und Medien gefordert, die am 29.",Government Operations,0,Government,Government,Civil,19140_Tagesordnungspunkt_10_GRUENE_Grundl_ID1914005200_16.01.2020.csv
30,Januar stattfinden soll.,Government Operations,0,Government,Government,Civil,19140_Tagesordnungspunkt_10_GRUENE_Grundl_ID1914005200_16.01.2020.csv
31,"Dabei ist entscheidend, den Anhörungsgegenstand nicht auf eigentumsrechtliche Fragen zu reduzieren.",Government Operations,0,Government,Government,Civil,19140_Tagesordnungspunkt_10_GRUENE_Grundl_ID1914005200_16.01.2020.csv
32,Es geht um die historische Frage der Vorschubleistung.,Government Operations,0,Government,Government,Civil,19140_Tagesordnungspunkt_10_GRUENE_Grundl_ID1914005200_16.01.2020.csv
33,"Nach jetzigem Stand gehen wir davon aus, in der Anhörung den Nachweis führen zu können, dass Wilhelm Prinz von Preußen dem Nationalsozialismus in erheblichem Maße Vorschub geleistet hat.",Government Operations,0,Government,Government,Civil,19140_Tagesordnungspunkt_10_GRUENE_Grundl_ID1914005200_16.01.2020.csv
34,"Meine Damen und Herren, mir ist es wichtig, die Intention des Gesetzes von 1994 ernst zu nehmen; denn der Gesetzgeber hat hier bewusst Fragen zum Eigentumsrecht mit der Frage der historischen Verantwortung verbunden.",Government Operations,0,Government,Government,Civil,19140_Tagesordnungspunkt_10_GRUENE_Grundl_ID1914005200_16.01.2020.csv
35,"Er wollte damit Gerechtigkeit gegenüber all denjenigen schaffen, die durch Krieg, Verfolgung, Vertreibung und Enteignung alles verloren haben.",Government Operations,0,Government,Government,Civil,19140_Tagesordnungspunkt_10_GRUENE_Grundl_ID1914005200_16.01.2020.csv
36,"Der Gesetzgeber wollte gezielt nicht diejenigen entschädigen, die dem Nationalsozialismus zur Macht verholfen und der Diktatur den Weg bereitet haben, diejenigen also, durch die, wie es im Hugenberg-Urteil von 2005 heißt, deren Unrechtsmaßnahmen erst möglich wurden, also die Vernichtung der europäischen Juden und andere Verbrechen des Nationalsozialismus.",Government Operations,0,Government,Government,Civil,19140_Tagesordnungspunkt_10_GRUENE_Grundl_ID1914005200_16.01.2020.csv
37,Es geht um deutsche Geschichte.,Government Operations,0,Government,Government,Civil,19140_Tagesordnungspunkt_10_GRUENE_Grundl_ID1914005200_16.01.2020.csv
38,"Eine geleistete Ausgleichsleistung, ohne die Frage der Vorschubleistung zu klären, käme einem nachträglichen Freisprechen von Schuld gleich.",Government Operations,0,Government,Government,Civil,19140_Tagesordnungspunkt_10_GRUENE_Grundl_ID1914005200_16.01.2020.csv
39,Darum ist diese Frage des Leistens erheblichen Vorschubs die alles entscheidende.,Government Operations,0,Government,Government,Civil,19140_Tagesordnungspunkt_10_GRUENE_Grundl_ID1914005200_16.01.2020.csv
40,Ich danke Ihnen.,*,0,Government,Government,Civil,19140_Tagesordnungspunkt_10_GRUENE_Grundl_ID1914005200_16.01.2020.csv
41,Vielen Dank. – Nächster Redner: für die CDU/CSU-Fraktion Ansgar Heveling.,*,0,Government,Government,Civil,19140_Tagesordnungspunkt_10_GRUENE_Grundl_ID1914005200_16.01.2020.csv
