,text,label_gold,segment_id,label_bert,label_parlbert,label_svm,speech_id
0,"Danke schön, Frau Präsidentin. – Herr Kollege Korte, ich möchte Sie darauf aufmerksam machen, dass es in der Weimarer Republik demokratisch gewählte Parteien und demokratisch gewählte Regierungen waren, die der Familie Hohenzollern damals ihren Besitz aus rechtsstaatlichen Gründen gelassen haben, und zwar, weil es ganz einfach rechtlicher Besitz der Familie war.",Government Operations,0,Government,Civil,International,19140_Tagesordnungspunkt_10_AfD_Hampel_ID1914004600_16.01.2020.csv
1,Man hat das damals nicht angerührt.,Government Operations,0,Government,Civil,International,19140_Tagesordnungspunkt_10_AfD_Hampel_ID1914004600_16.01.2020.csv
2,"Da war man demokratischer und rechtsstaatlicher, als Sie es je sein werden.",Government Operations,0,Government,Civil,International,19140_Tagesordnungspunkt_10_AfD_Hampel_ID1914004600_16.01.2020.csv
3,"Zweitens verwahre ich mich dagegen, dass Sie eine Gruppe in unserem Lande diffamieren und ihr eine Mitschuld am Dritten Reich unterstellen.",Civil Rights,0,Government,Civil,International,19140_Tagesordnungspunkt_10_AfD_Hampel_ID1914004600_16.01.2020.csv
4,Sie haben es ja gerade selber ausgeführt: von Historikern belegt.,Civil Rights,0,Government,Civil,International,19140_Tagesordnungspunkt_10_AfD_Hampel_ID1914004600_16.01.2020.csv
5,Wie jede andere auch war auch jene gesellschaftliche Gruppe mal so oder mal so an der Entwicklung des Dritten Reiches beteiligt.,Civil Rights,0,Government,Civil,International,19140_Tagesordnungspunkt_10_AfD_Hampel_ID1914004600_16.01.2020.csv
6,"Ich erinnere allerdings auch an das, dessen wir an jedem 20.",Civil Rights,0,Government,Civil,International,19140_Tagesordnungspunkt_10_AfD_Hampel_ID1914004600_16.01.2020.csv
7,"Juli gedenken: Es war die adelige Familie von Stauffenberg, die gegen das Dritte Reich Leib und Leben eingesetzt hat, und das gilt es zu respektieren.",Civil Rights,0,Government,Civil,International,19140_Tagesordnungspunkt_10_AfD_Hampel_ID1914004600_16.01.2020.csv
8,"Kurzintervention, ja?",Civil Rights,1,Government,Government,Government,19140_Tagesordnungspunkt_10_AfD_Hampel_ID1914004600_16.01.2020.csv
9,"Ja, letzter Satz, Frau Präsidentin. – Im Übrigen würde ich mich freuen, wenn Sie schon über das Vermögen und den Besitz der Familie Hohenzollern debattieren wollen, dass Sie sich dann auch überlegen, ob Sie im Gegenzug endlich anbieten, darüber zu sprechen, wo die verschwundenen SED-Milliarden geblieben sind,
und diese dem deutschen Staat zurückgeben.",Government Operations,1,Government,Government,Government,19140_Tagesordnungspunkt_10_AfD_Hampel_ID1914004600_16.01.2020.csv
10,Danke schön.,*,1,Government,Government,Government,19140_Tagesordnungspunkt_10_AfD_Hampel_ID1914004600_16.01.2020.csv
11,Würden Sie bitte stehen bleiben?,*,1,Government,Government,Government,19140_Tagesordnungspunkt_10_AfD_Hampel_ID1914004600_16.01.2020.csv
12,– Herr Korte.,*,1,Government,Government,Government,19140_Tagesordnungspunkt_10_AfD_Hampel_ID1914004600_16.01.2020.csv
