,text,label_gold,segment_id,label_bert,label_parlbert,label_svm,speech_id
0,Sehr geehrte Frau Präsidentin!,*,0,Government,Government,Civil,19140_Tagesordnungspunkt_10_CDU_CSU_Motschmann_ID1914004800_16.01.2020.csv
1,Liebe Kollegen und Kolleginnen!,*,0,Government,Government,Civil,19140_Tagesordnungspunkt_10_CDU_CSU_Motschmann_ID1914004800_16.01.2020.csv
2,"Herr Korte, ich darf Sie vielleicht zunächst an eines erinnern: Alle Menschen sind vor dem Gesetz gleich.",Civil Rights,0,Government,Government,Civil,19140_Tagesordnungspunkt_10_CDU_CSU_Motschmann_ID1914004800_16.01.2020.csv
3,Dieser Satz aus Artikel 3 unseres Grundgesetzes gilt auch für die Familie Hohenzollern.,Civil Rights,0,Government,Government,Civil,19140_Tagesordnungspunkt_10_CDU_CSU_Motschmann_ID1914004800_16.01.2020.csv
4,Punkt!,Civil Rights,0,Government,Government,Civil,19140_Tagesordnungspunkt_10_CDU_CSU_Motschmann_ID1914004800_16.01.2020.csv
5,Georg Friedrich Prinz von Preußen ist ein Bundesbürger wie jeder andere auch.,Civil Rights,0,Government,Government,Civil,19140_Tagesordnungspunkt_10_CDU_CSU_Motschmann_ID1914004800_16.01.2020.csv
6,"Er trägt keinen Adelstitel, sondern einen Namenszusatz.",Civil Rights,0,Government,Government,Civil,19140_Tagesordnungspunkt_10_CDU_CSU_Motschmann_ID1914004800_16.01.2020.csv
7,Die Monarchie gibt es seit dem 9.,Civil Rights,0,Government,Government,Civil,19140_Tagesordnungspunkt_10_CDU_CSU_Motschmann_ID1914004800_16.01.2020.csv
8,November 1918 nicht mehr; das haben Sie hoffentlich auch schon gemerkt.,Civil Rights,0,Government,Government,Civil,19140_Tagesordnungspunkt_10_CDU_CSU_Motschmann_ID1914004800_16.01.2020.csv
9,"Seitdem hat der Adel keinerlei Privilegien mehr, und das ist gut so.",Civil Rights,0,Government,Government,Civil,19140_Tagesordnungspunkt_10_CDU_CSU_Motschmann_ID1914004800_16.01.2020.csv
10,"Aber eines gilt für diese Familien wie für alle anderen auch: Sie können ihre Rechte wahrnehmen, verhandeln und einklagen.",Civil Rights,0,Government,Government,Civil,19140_Tagesordnungspunkt_10_CDU_CSU_Motschmann_ID1914004800_16.01.2020.csv
11,"Ich hoffe nicht, dass Sie ihnen das absprechen wollen.",Civil Rights,0,Government,Government,Civil,19140_Tagesordnungspunkt_10_CDU_CSU_Motschmann_ID1914004800_16.01.2020.csv
12,Das ist das Allerletzte.,Civil Rights,0,Government,Government,Civil,19140_Tagesordnungspunkt_10_CDU_CSU_Motschmann_ID1914004800_16.01.2020.csv
13,Der Bund und die Länder Berlin und Brandenburg verhandeln seit 2014 mit den Hohenzollern.,Government Operations,0,Government,Government,Civil,19140_Tagesordnungspunkt_10_CDU_CSU_Motschmann_ID1914004800_16.01.2020.csv
14,"Ziel war und ist es, eine einvernehmliche und vor allem eine außergerichtliche Lösung zu finden, die für beide Seiten akzeptabel ist.",Government Operations,0,Government,Government,Civil,19140_Tagesordnungspunkt_10_CDU_CSU_Motschmann_ID1914004800_16.01.2020.csv
15,Genau so ist es in anderen Bundesländern mit den Adelshäusern der Wettiner und der Wittelsbacher geschehen.,Government Operations,0,Government,Government,Civil,19140_Tagesordnungspunkt_10_CDU_CSU_Motschmann_ID1914004800_16.01.2020.csv
16,Sie haben das erfolgreich vorgemacht.,Government Operations,0,Government,Government,Civil,19140_Tagesordnungspunkt_10_CDU_CSU_Motschmann_ID1914004800_16.01.2020.csv
17,Die Rückgabeansprüche sind Sache der Verhandlungspartner.,Government Operations,0,Government,Government,Civil,19140_Tagesordnungspunkt_10_CDU_CSU_Motschmann_ID1914004800_16.01.2020.csv
18,"Der Deutsche Bundestag entscheidet darüber nicht, und das ist gut so.",Government Operations,0,Government,Government,Civil,19140_Tagesordnungspunkt_10_CDU_CSU_Motschmann_ID1914004800_16.01.2020.csv
19,"Wo kommen wir denn hin, wenn gesetzlich verbriefte Rechte zum Spielball parteipolitisch motivierter Debatten werden?",Government Operations,0,Government,Government,Civil,19140_Tagesordnungspunkt_10_CDU_CSU_Motschmann_ID1914004800_16.01.2020.csv
20,Diese Haltung ist unverantwortlich.,Government Operations,1,Culture,Culture,Law,19140_Tagesordnungspunkt_10_CDU_CSU_Motschmann_ID1914004800_16.01.2020.csv
21,"Als größter Leihgeber der Stiftung Preußische Schlösser und Gärten stellt die Familie Hohenzollern bereits heute viele Kulturgüter der Öffentlichkeit zur Verfügung;
das werden Sie ja wohl wissen.",Government Operations,1,Culture,Culture,Law,19140_Tagesordnungspunkt_10_CDU_CSU_Motschmann_ID1914004800_16.01.2020.csv
22,Die Gespräche mit den Hohenzollern wollen wir fortsetzen und nach Möglichkeit eine langjährige und aufwendige gerichtliche Auseinandersetzung vermeiden.,Government Operations,1,Culture,Culture,Law,19140_Tagesordnungspunkt_10_CDU_CSU_Motschmann_ID1914004800_16.01.2020.csv
23,"Sie plädieren in Ihrem Antrag für die Enteignung der Hohenzollern, selbst wenn ihnen die Gerichte Ansprüche zusprechen.",Government Operations,1,Culture,Culture,Law,19140_Tagesordnungspunkt_10_CDU_CSU_Motschmann_ID1914004800_16.01.2020.csv
24,"Mit Enteignungen sind Sie, die Linken, immer schnell bei der Hand.",Government Operations,1,Culture,Culture,Law,19140_Tagesordnungspunkt_10_CDU_CSU_Motschmann_ID1914004800_16.01.2020.csv
25,"Nur, damit verlassen Sie den Boden unserer Verfassung – auch in diesem Fall –,
und das lehnen wir ab.",Government Operations,1,Culture,Culture,Law,19140_Tagesordnungspunkt_10_CDU_CSU_Motschmann_ID1914004800_16.01.2020.csv
26,Ein solches Verständnis von unserem Rechtsstaat ist unverantwortlich.,Government Operations,2,Law,Government,Government,19140_Tagesordnungspunkt_10_CDU_CSU_Motschmann_ID1914004800_16.01.2020.csv
27,"Deutsche Gerichte werden am Ende, wenn es keine einvernehmliche Regelung gibt, entscheiden, und das sollten Sie bitte auch akzeptieren.",Government Operations,2,Law,Government,Government,19140_Tagesordnungspunkt_10_CDU_CSU_Motschmann_ID1914004800_16.01.2020.csv
28,Wir wollen an einer einvernehmlichen Lösung weiter arbeiten.,Government Operations,2,Law,Government,Government,19140_Tagesordnungspunkt_10_CDU_CSU_Motschmann_ID1914004800_16.01.2020.csv
29,Die Hohenzollern werden unsere Museen – das ist übrigens ein ganz übles Vorurteil – ganz sicher nicht ausräumen.,Government Operations,2,Law,Government,Government,19140_Tagesordnungspunkt_10_CDU_CSU_Motschmann_ID1914004800_16.01.2020.csv
30,Seien Sie gewiss!,Government Operations,2,Law,Government,Government,19140_Tagesordnungspunkt_10_CDU_CSU_Motschmann_ID1914004800_16.01.2020.csv
31,"Wir wünschen uns, dass diese Verhandlungen zügig vorangetrieben werden.",Government Operations,2,Law,Government,Government,19140_Tagesordnungspunkt_10_CDU_CSU_Motschmann_ID1914004800_16.01.2020.csv
32,Dafür müssen sich beide Seiten aufeinander zubewegen.,Government Operations,2,Law,Government,Government,19140_Tagesordnungspunkt_10_CDU_CSU_Motschmann_ID1914004800_16.01.2020.csv
33,"Übrigens – jetzt komme ich auf die vom Kollegen Post schon angesprochene Tatsache zurück –: Das 1926 zugestandene und heute umstrittene Wohnrecht im Schloss Cecilienhof wurde schon in den 80er-Jahren von der DDR-Regierung, von Honecker persönlich, in Erwägung gezogen.",Government Operations,2,Law,Government,Government,19140_Tagesordnungspunkt_10_CDU_CSU_Motschmann_ID1914004800_16.01.2020.csv
34,Im Gegenzug sollte der Sarg Friedrich des Großen nach Potsdam zurückkehren.,Government Operations,2,Law,Government,Government,19140_Tagesordnungspunkt_10_CDU_CSU_Motschmann_ID1914004800_16.01.2020.csv
35,"Louis Ferdinand von Preußen war bereit, den Sarg von der Burg Hohenzollern zu überführen; aber er hat die Bedingung gestellt, dies nur in einem wiedervereinigten Deutschland zu tun.",Government Operations,2,Law,Government,Government,19140_Tagesordnungspunkt_10_CDU_CSU_Motschmann_ID1914004800_16.01.2020.csv
36,Das war seine Bedingung.,Government Operations,2,Law,Government,Government,19140_Tagesordnungspunkt_10_CDU_CSU_Motschmann_ID1914004800_16.01.2020.csv
37,Deshalb ist der Sarg 1991 nach Sanssouci gekommen.,Government Operations,2,Law,Government,Government,19140_Tagesordnungspunkt_10_CDU_CSU_Motschmann_ID1914004800_16.01.2020.csv
38,"Sie weisen in Ihrem Antrag jegliche Ansprüche der Hohenzollern zurück, und Sie wissen genau, dass die Voraussetzung dafür, dass sie keine Ansprüche haben, die Frage ist, ob sie dem Naziregime Vorschub geleistet haben.",Government Operations,2,Law,Government,Government,19140_Tagesordnungspunkt_10_CDU_CSU_Motschmann_ID1914004800_16.01.2020.csv
39,So sieht es das Ausgleichsleistungsgesetz von 1994 vor.,Government Operations,2,Law,Government,Government,19140_Tagesordnungspunkt_10_CDU_CSU_Motschmann_ID1914004800_16.01.2020.csv
40,"Ob der Kronprinz den Nazis erheblich Vorschub geleistet hat, ist unter Historikern – das haben Sie vergessen zu sagen – hoch umstritten.",Government Operations,2,Law,Government,Government,19140_Tagesordnungspunkt_10_CDU_CSU_Motschmann_ID1914004800_16.01.2020.csv
41,Es gibt ein Patt der Gutachten.,Government Operations,2,Law,Government,Government,19140_Tagesordnungspunkt_10_CDU_CSU_Motschmann_ID1914004800_16.01.2020.csv
42,"Ich zitiere jetzt Christopher Clark aus Cambridge, den viele kennen:
Kronprinz Wilhelm hat dem nationalsozialistischen System keinen erheblichen Vorschub geleistet.",Government Operations,2,Law,Government,Government,19140_Tagesordnungspunkt_10_CDU_CSU_Motschmann_ID1914004800_16.01.2020.csv
43,"Seine Handlungen waren nicht dazu geeignet, die Bedingungen für die Errichtung, die Entwicklung oder die Ausbreitung des nationalsozialistischen Systems zu verbessern ...",Government Operations,2,Law,Government,Government,19140_Tagesordnungspunkt_10_CDU_CSU_Motschmann_ID1914004800_16.01.2020.csv
44,"Das ist eines der Gutachten, die infrage stehen.",Government Operations,2,Law,Government,Government,19140_Tagesordnungspunkt_10_CDU_CSU_Motschmann_ID1914004800_16.01.2020.csv
45,"Die Linksfraktion maßt sich an, alles besser zu wissen als Historiker von höchstem Renommee.",Government Operations,2,Law,Government,Government,19140_Tagesordnungspunkt_10_CDU_CSU_Motschmann_ID1914004800_16.01.2020.csv
46,"Die in Rede stehenden Ansprüche der Hohenzollern sind allesamt bürgerlich-rechtliche Ansprüche, die auf einem Gesetz über die Vermögensauseinandersetzung zwischen dem Staat und dem Haus Hohenzollern aus dem Jahr 1926 sowie auf dem Ausgleichsleistungsgesetz von 1994 gründen.",Government Operations,2,Law,Government,Government,19140_Tagesordnungspunkt_10_CDU_CSU_Motschmann_ID1914004800_16.01.2020.csv
47,Der Antrag der Linken basiert auf einer zum Teil polemisch geführten Debatte.,Civil Rights,2,Law,Government,Government,19140_Tagesordnungspunkt_10_CDU_CSU_Motschmann_ID1914004800_16.01.2020.csv
48,"Ob Jan Böhmermann, „Der Spiegel“ oder die „taz“ – sie alle diskreditieren den Adel, und Sie haben es auch getan.",Civil Rights,2,Law,Government,Government,19140_Tagesordnungspunkt_10_CDU_CSU_Motschmann_ID1914004800_16.01.2020.csv
49,Das ist übel.,Civil Rights,2,Law,Government,Government,19140_Tagesordnungspunkt_10_CDU_CSU_Motschmann_ID1914004800_16.01.2020.csv
50,"Schauen Sie sich doch einmal an, wie viele Adlige in diesem Parlament sitzen,
die gute Demokraten sind.",Civil Rights,2,Law,Government,Government,19140_Tagesordnungspunkt_10_CDU_CSU_Motschmann_ID1914004800_16.01.2020.csv
51,"Ich lese ein Zitat aus dem „Spiegel“ vor:
Der Adel ist im Allgemeinen, die Hohenzollern ganz speziell ... eine Plage für Land und Leute. ...",Civil Rights,2,Law,Government,Government,19140_Tagesordnungspunkt_10_CDU_CSU_Motschmann_ID1914004800_16.01.2020.csv
52,"Dieses Land schuldet …
– den Hohenzollern –
keine einzige Kaffeetasse, von Kunstschätzen oder Immobilien ganz zu schweigen.",Government Operations,3,Government,Government,Government,19140_Tagesordnungspunkt_10_CDU_CSU_Motschmann_ID1914004800_16.01.2020.csv
53,Ich komme zum Ende.,Government Operations,3,Government,Government,Government,19140_Tagesordnungspunkt_10_CDU_CSU_Motschmann_ID1914004800_16.01.2020.csv
54,Genau in diesem populistischen Geist haben Sie den vorliegenden Antrag formuliert.,Government Operations,3,Government,Government,Government,19140_Tagesordnungspunkt_10_CDU_CSU_Motschmann_ID1914004800_16.01.2020.csv
55,"Sie legitimieren die Enteignungen der DDR, übrigens ein undemokratischer Unrechtsstaat.",Government Operations,3,Government,Government,Government,19140_Tagesordnungspunkt_10_CDU_CSU_Motschmann_ID1914004800_16.01.2020.csv
56,"Enteignungen, erst recht Enteignungen in einem Unrechtsstaat, entsprechen nicht unseren Grundrechten.",Government Operations,3,Government,Government,Government,19140_Tagesordnungspunkt_10_CDU_CSU_Motschmann_ID1914004800_16.01.2020.csv
57,"Frau Motschmann – –
Und das ist gut so. – Liebe Präsidentin, ich bin am Ende und bedanke mich sehr herzlich für die Aufmerksamkeit.",Government Operations,4,Civil,Government,Government,19140_Tagesordnungspunkt_10_CDU_CSU_Motschmann_ID1914004800_16.01.2020.csv
58,"Vielen Dank, Elisabeth Motschmann. – Nächster Redner: für die AfD-Fraktion Dr.",Government Operations,4,Civil,Government,Government,19140_Tagesordnungspunkt_10_CDU_CSU_Motschmann_ID1914004800_16.01.2020.csv
59,Alexander Gauland.,Government Operations,4,Civil,Government,Government,19140_Tagesordnungspunkt_10_CDU_CSU_Motschmann_ID1914004800_16.01.2020.csv
