,text,label_gold,segment_id,label_bert,label_parlbert,label_svm,speech_id
0,Frau Präsidentin!,*,0,Government,Culture,Government,19140_Tagesordnungspunkt_10_AfD_Jongen_ID1914005400_16.01.2020.csv
1,Meine Damen und Herren!,*,0,Government,Culture,Government,19140_Tagesordnungspunkt_10_AfD_Jongen_ID1914005400_16.01.2020.csv
2,"Wir lernen aus der heutigen Debatte: Die Methode der Antifa, politisch missliebige Bürger als Nazis anzuschwärzen, um sie ins gesellschaftliche Abseits zu stellen und sie am Wahrnehmen ihrer Rechte zu hindern – diese Methode praktizieren die Linken und teils unterstützt durch die Grünen hier im Deutschen Bundestag genauso.",Civil Rights,0,Government,Culture,Government,19140_Tagesordnungspunkt_10_AfD_Jongen_ID1914005400_16.01.2020.csv
3,"Kein Wunder, wo Sie ja schon mit Antifa-Abzeichen hier aufgetreten sind.",Civil Rights,0,Government,Culture,Government,19140_Tagesordnungspunkt_10_AfD_Jongen_ID1914005400_16.01.2020.csv
4,"Betroffen von Ihrer Nazikeule ist heute das Haus Hohenzollern, also die Nachfahren der preußischen Könige und des letzten deutschen Kaisers, das dem nationalsozialistischen System angeblich in erheblicher Weise Vorschub geleistet haben soll.",Civil Rights,0,Government,Culture,Government,19140_Tagesordnungspunkt_10_AfD_Jongen_ID1914005400_16.01.2020.csv
5,"Lesen Sie doch bitte die Gutachten der Historiker
Clark und Pyta, die explizit zum gegenteiligen Schluss kommen.",Civil Rights,0,Government,Culture,Government,19140_Tagesordnungspunkt_10_AfD_Jongen_ID1914005400_16.01.2020.csv
6,"Über den Kronprinzen Wilhelm, den Sie besonders auf dem Kieker haben, schreibt Professor Clark – Zitat –: „Kronprinz Wilhelm hat dem nationalsozialistischen System keinen erheblichen Vorschub geleistet.“
Er war sicher kein vorbildlicher Demokrat; da sind wir uns einig.",Civil Rights,0,Government,Culture,Government,19140_Tagesordnungspunkt_10_AfD_Jongen_ID1914005400_16.01.2020.csv
7,"Aber er ist „eine der politisch zurückhaltendsten und am wenigsten kompromittierten Personen“ des deutschen Kaiserhauses gewesen, wie Professor Clark schreibt.",Civil Rights,0,Government,Culture,Government,19140_Tagesordnungspunkt_10_AfD_Jongen_ID1914005400_16.01.2020.csv
8,"Aber wenn es nach Ihrem geschichtsklitternden Antrag geht, dann soll es keine Verhandlungen der Bundesregierung mit den Hohenzollern über die Rückgabe von Kulturgütern mehr geben.",Government Operations,0,Government,Culture,Government,19140_Tagesordnungspunkt_10_AfD_Jongen_ID1914005400_16.01.2020.csv
9,"Und nicht genug damit: Falls die Gerichte eine solche Rückgabe anordnen, dann will Die Linke diese umgehend vom Staat wieder enteignet sehen.",Government Operations,0,Government,Culture,Government,19140_Tagesordnungspunkt_10_AfD_Jongen_ID1914005400_16.01.2020.csv
10,"Enteignen und den Besitz anderer Leute verteilen, das können Sie am besten.",Government Operations,0,Government,Culture,Government,19140_Tagesordnungspunkt_10_AfD_Jongen_ID1914005400_16.01.2020.csv
11,"Ihr Antrag atmet nicht den Geist der Gerechtigkeit, wie Sie vorgeben, sondern den Ungeist des Ressentiments, und er ist verfassungswidrig.",Government Operations,0,Government,Culture,Government,19140_Tagesordnungspunkt_10_AfD_Jongen_ID1914005400_16.01.2020.csv
12,"Interessant ist ja schon, dass Sie jetzt nicht nur dieselbe Begründung für die Enteignung anführen wie damals schon die sowjetische Militäradministration, sondern sich ausdrücklich zu deren Entscheidung bekennen, einer Entscheidung eines Unrechtsregimes, das Millionen Menschenleben auf dem Gewissen hat, meine Damen und Herren.",Government Operations,0,Government,Culture,Government,19140_Tagesordnungspunkt_10_AfD_Jongen_ID1914005400_16.01.2020.csv
13,"Das ganze Vermögen der DDR und damit ja auch Ihr Parteivermögen ist durch Enteignungen zustande gekommen – daran muss man auch mal erinnern –, durch ein totalitäres, kleptokratisches System, das für Sie aber natürlich kein Unrechtsstaat war, wie wir wissen.",Government Operations,0,Government,Culture,Government,19140_Tagesordnungspunkt_10_AfD_Jongen_ID1914005400_16.01.2020.csv
14,Im Kern geht es in diesem Antrag aber um etwas ganz anderes: Das Haus Hohenzollern symbolisiert Preußen und damit einen wichtigen Teil der deutschen Geschichte.,Civil Rights,0,Government,Culture,Government,19140_Tagesordnungspunkt_10_AfD_Jongen_ID1914005400_16.01.2020.csv
15,"Unsere Erinnerungskultur, meine Damen und Herren, braucht ein Preußenbild, das frei ist von unkritischer Verherrlichung, das aber auch nicht dem ideologischen Geschichtsbild des Sowjetkommunismus folgt, wie Sie es hier immer noch zu tun scheinen.",Civil Rights,0,Government,Culture,Government,19140_Tagesordnungspunkt_10_AfD_Jongen_ID1914005400_16.01.2020.csv
16,"Solange weite Teile der Politik, linkslastige Historiker und Medien wie auch sogenannte Spaßmacher vom Schlage eines Jan Böhmermann mit allen Mitteln antifaschistische Klischees und Ressentiments bedienen, ist ein solches differenziertes Preußenbild in weiter Ferne.",Civil Rights,0,Government,Culture,Government,19140_Tagesordnungspunkt_10_AfD_Jongen_ID1914005400_16.01.2020.csv
17,"Wir werden uns weiter dafür starkmachen, dass es zu einem Teil der deutschen Erinnerungskultur wird.",Civil Rights,0,Government,Culture,Government,19140_Tagesordnungspunkt_10_AfD_Jongen_ID1914005400_16.01.2020.csv
18,Deshalb lehnt die AfD-Fraktion Ihren Antrag ab.,Civil Rights,0,Government,Culture,Government,19140_Tagesordnungspunkt_10_AfD_Jongen_ID1914005400_16.01.2020.csv
19,Vielen Dank.,*,0,Government,Culture,Government,19140_Tagesordnungspunkt_10_AfD_Jongen_ID1914005400_16.01.2020.csv
20,Nächster Redner: für die SPD-Fraktion Martin Rabanus.,*,0,Government,Culture,Government,19140_Tagesordnungspunkt_10_AfD_Jongen_ID1914005400_16.01.2020.csv
