,text,label_gold,segment_id,label_bert,label_parlbert,label_svm,speech_id
0,Frau Präsidentin!,*,0,Government,Culture,Government,19140_Tagesordnungspunkt_10_AfD_Gauland_ID1914004900_16.01.2020.csv
1,Meine Damen und Herren!,*,0,Government,Culture,Government,19140_Tagesordnungspunkt_10_AfD_Gauland_ID1914004900_16.01.2020.csv
2,Zuerst einmal: Das deutsche Volk hat seine depossedierten Fürsten nach der Katastrophe von 1918 gut behandelt.,Government Operations,0,Government,Culture,Government,19140_Tagesordnungspunkt_10_AfD_Gauland_ID1914004900_16.01.2020.csv
3,Friedrich Ebert schickte dem pflichtvergessenen Kaiser 60 Güterwagen mit seiner persönlichen Habe ins holländische Exil nach.,Government Operations,0,Government,Culture,Government,19140_Tagesordnungspunkt_10_AfD_Gauland_ID1914004900_16.01.2020.csv
4,Im Haus Doorn kann man sie heute noch besichtigen.,Government Operations,0,Government,Culture,Government,19140_Tagesordnungspunkt_10_AfD_Gauland_ID1914004900_16.01.2020.csv
5,"Auch bei der Fürstenabfindung 1926 – es ist darüber gesprochen worden – blieben die Herrscherhäuser im Besitz von Schlössern, Gütern, Wäldern und Äckern.",Government Operations,0,Government,Culture,Government,19140_Tagesordnungspunkt_10_AfD_Gauland_ID1914004900_16.01.2020.csv
6,"Erst die Katastrophe des Zweiten Weltkrieges, die Maßnahmen der sowjetischen Besatzungsmacht und die Verluste der deutschen Ostgebiete an die Sowjetunion und Polen machten aus den nach 1918 immer noch sehr wohlhabenden Hohenzollern eine fast normale bürgerliche Familie.",Government Operations,0,Government,Culture,Government,19140_Tagesordnungspunkt_10_AfD_Gauland_ID1914004900_16.01.2020.csv
7,Für diese gilt – Frau Motschmann hat es gesagt – nach dem Einigungsvertrag wie für alle anderen Geschädigten auch: Rückgabe der beweglichen Habe und Entschädigung für endgültig verlorenen Immobilienbesitz.,Government Operations,0,Government,Culture,Government,19140_Tagesordnungspunkt_10_AfD_Gauland_ID1914004900_16.01.2020.csv
8,Wir leben Gott sei Dank in einem Rechtsstaat.,Government Operations,0,Government,Culture,Government,19140_Tagesordnungspunkt_10_AfD_Gauland_ID1914004900_16.01.2020.csv
9,"Die Gespräche zwischen dem Haus Hohenzollern, der Bundesregierung und den Ländern Berlin und Brandenburg laufen noch – sie laufen übrigens schon seit 2014 –, da beginnen sich plötzlich revolutionäre Töne in die Verhandlungen einzuschleichen.",Government Operations,0,Government,Culture,Government,19140_Tagesordnungspunkt_10_AfD_Gauland_ID1914004900_16.01.2020.csv
10,"Denn Entschädigung und Rückgabe entfallen, wenn der Geschädigte dem Nationalsozialismus in erheblicher Weise Vorschub geleistet hat.",Government Operations,0,Government,Culture,Government,19140_Tagesordnungspunkt_10_AfD_Gauland_ID1914004900_16.01.2020.csv
11,"Genau diesen eigentlich historischen Streit, der ohne Einigung am Ende wohl vor Gericht ausgetragen werden wird, möchte Die Linke vorab politisch entscheiden.",Government Operations,0,Government,Culture,Government,19140_Tagesordnungspunkt_10_AfD_Gauland_ID1914004900_16.01.2020.csv
12,Für Sie sind die Hohenzollern schuldig und verdienen keinen Cent Entschädigung.,Government Operations,0,Government,Culture,Government,19140_Tagesordnungspunkt_10_AfD_Gauland_ID1914004900_16.01.2020.csv
13,"Nun besteht kein Zweifel, dass der letzte Kaiser in Doorn, sein ältester Sohn, der frühere Kronprinz, und einige seiner Brüder, besonders Prinz August Wilhelm, weder klug noch leidenschaftliche Demokraten waren, um das Mindeste zu sagen.",Government Operations,0,Government,Culture,Government,19140_Tagesordnungspunkt_10_AfD_Gauland_ID1914004900_16.01.2020.csv
14,"Ja, und ich weiß: Es gibt die Bilder, auf denen der Kronprinz mit Hitler posiert, zum Beispiel am Tag von Potsdam.",Government Operations,0,Government,Culture,Government,19140_Tagesordnungspunkt_10_AfD_Gauland_ID1914004900_16.01.2020.csv
15,"Ja, sie hofften auf eine italienische Lösung – Faschismus und Monarchie –, wenigstens einige, eine Lösung, die allerdings für Hitler nie infrage kam.",Government Operations,0,Government,Culture,Government,19140_Tagesordnungspunkt_10_AfD_Gauland_ID1914004900_16.01.2020.csv
16,Da sind wir bei den intellektuellen Fähigkeiten der damaligen Hohenzollern.,Government Operations,0,Government,Culture,Government,19140_Tagesordnungspunkt_10_AfD_Gauland_ID1914004900_16.01.2020.csv
17,Sie waren doch sehr bescheiden.,Government Operations,0,Government,Culture,Government,19140_Tagesordnungspunkt_10_AfD_Gauland_ID1914004900_16.01.2020.csv
18,Die des Kronprinzen hat schon sein Vater nicht gerühmt.,Government Operations,0,Government,Culture,Government,19140_Tagesordnungspunkt_10_AfD_Gauland_ID1914004900_16.01.2020.csv
19,"Sie waren sehr bescheiden, sodass viel für das Urteil von Christopher Clark spricht.",Government Operations,0,Government,Culture,Government,19140_Tagesordnungspunkt_10_AfD_Gauland_ID1914004900_16.01.2020.csv
20,Sie konnten mangels intellektueller und politischer Masse dem Nationalsozialismus nicht in erheblicher Weise Vorschub leisten.,Government Operations,0,Government,Culture,Government,19140_Tagesordnungspunkt_10_AfD_Gauland_ID1914004900_16.01.2020.csv
21,"Ja, ich weiß, meine Damen und Herren: Man kann das alles auch kritischer sehen – regen Sie sich nicht auf!",Government Operations,0,Government,Culture,Government,19140_Tagesordnungspunkt_10_AfD_Gauland_ID1914004900_16.01.2020.csv
22,"–, und andere Historiker sehen das auch kritischer.",Government Operations,0,Government,Culture,Government,19140_Tagesordnungspunkt_10_AfD_Gauland_ID1914004900_16.01.2020.csv
23,"Dass aber ausgerechnet Die Linke sich hier zum Richter aufschwingen will, ist an Heuchelei nicht zu überbieten, Herr Korte.",Civil Rights,0,Government,Culture,Government,19140_Tagesordnungspunkt_10_AfD_Gauland_ID1914004900_16.01.2020.csv
24,"Denn es waren doch Ihre geistigen Väter, die Kommunisten, die mit dem Kampf gegen den Sozialfaschismus, also die Sozialdemokratie,
eine Abwehrfront gegen die Nazis verhinderten.",Civil Rights,0,Government,Culture,Government,19140_Tagesordnungspunkt_10_AfD_Gauland_ID1914004900_16.01.2020.csv
25,Und schlimmer noch: Beim BVG-Streik 1932 haben sie gemeinsame Sache mit den Nationalsozialisten gemacht.,Civil Rights,1,Government,Civil,Government,19140_Tagesordnungspunkt_10_AfD_Gauland_ID1914004900_16.01.2020.csv
26,"Im Streikkomitee zogen Walter Ulbricht und Joseph Goebbels, der Gauleiter von Berlin, gemeinsam die Fäden.",Civil Rights,1,Government,Civil,Government,19140_Tagesordnungspunkt_10_AfD_Gauland_ID1914004900_16.01.2020.csv
27,"Das ist die Vergangenheit Ihrer Partei, Herr Korte.",Civil Rights,1,Government,Civil,Government,19140_Tagesordnungspunkt_10_AfD_Gauland_ID1914004900_16.01.2020.csv
28,"Wer im Glashaus sitzt, meine Damen und Herren und,
ich sage, liebe Kollegen von der Linken, sollte nicht mit Steinen auf die Hohenzollern werfen.",Civil Rights,2,Government,Culture,International,19140_Tagesordnungspunkt_10_AfD_Gauland_ID1914004900_16.01.2020.csv
29,Deshalb sollten diese Verhandlungen – Frau Motschmann hat es völlig richtig gesagt – mit dem Ziel einer Einigung fair zu Ende geführt werden.,Government Operations,2,Government,Culture,International,19140_Tagesordnungspunkt_10_AfD_Gauland_ID1914004900_16.01.2020.csv
30,"Schließlich gibt es nicht nur den letzten Kaiser und seinen missratenen Sohn, sondern eine Familie, die nicht weit von hier aus der Streusandbüchse des Alten Reiches ein ästhetisch vollkommenes Arkadien geschaffen hat, an dem sich auch heute Millionen Besucher des In- und Auslands jedes Jahr erfreuen.",Government Operations,2,Government,Culture,International,19140_Tagesordnungspunkt_10_AfD_Gauland_ID1914004900_16.01.2020.csv
31,"Ja, ich kenne die Einwände des lesenden Arbeiters.",Government Operations,2,Government,Culture,International,19140_Tagesordnungspunkt_10_AfD_Gauland_ID1914004900_16.01.2020.csv
32,Herr Korte hat es auch wieder versucht.,Government Operations,2,Government,Culture,International,19140_Tagesordnungspunkt_10_AfD_Gauland_ID1914004900_16.01.2020.csv
33,"Er hat Bertolt Brecht nicht zitiert, aber genau in die Richtung geht es.",Government Operations,2,Government,Culture,International,19140_Tagesordnungspunkt_10_AfD_Gauland_ID1914004900_16.01.2020.csv
34,"Nur, am Ende, meine lieben Kollegen von den Linken, war es Friedrich, der Sanssouci geschaffen hat, und nicht der Maurer mit der Kelle; denn er hat es entworfen.",Government Operations,2,Government,Culture,International,19140_Tagesordnungspunkt_10_AfD_Gauland_ID1914004900_16.01.2020.csv
35,Seien wir also gnädig mit den Hohenzollern.,Government Operations,2,Government,Culture,International,19140_Tagesordnungspunkt_10_AfD_Gauland_ID1914004900_16.01.2020.csv
36,"Sie haben nur die Fehler gemacht, die leider viele unserer Großväter und Großmütter millionenfach auch gemacht haben.",Government Operations,2,Government,Culture,International,19140_Tagesordnungspunkt_10_AfD_Gauland_ID1914004900_16.01.2020.csv
37,"Insofern waren sie, was schon Walther Rathenau kurz nach der Niederlage von 1918 über Wilhelm II. festgestellt hat: ein fast perfektes Symbol für die Verirrungen eines Volkes, bei denen wir sie jetzt nicht alleine lassen sollten.",Government Operations,2,Government,Culture,International,19140_Tagesordnungspunkt_10_AfD_Gauland_ID1914004900_16.01.2020.csv
38,Ich bedanke mich.,*,3,Government,Government,International,19140_Tagesordnungspunkt_10_AfD_Gauland_ID1914004900_16.01.2020.csv
39,Nächster Redner in der Debatte: Helge Lindh für die SPD-Fraktion.,*,3,Government,Government,International,19140_Tagesordnungspunkt_10_AfD_Gauland_ID1914004900_16.01.2020.csv
