,text,label_gold,segment_id,label_bert,label_parlbert,label_svm,speech_id
0,Frau Präsidentin!,*,0,Government,Government,Government,19140_Tagesordnungspunkt_10_CDU_CSU_Heveling_ID1914005300_16.01.2020.csv
1,Sehr geehrte Kolleginnen und Kollegen!,*,0,Government,Government,Government,19140_Tagesordnungspunkt_10_CDU_CSU_Heveling_ID1914005300_16.01.2020.csv
2,"Das Staatsministerium wird daher ersucht,
1. über die bisher stattgefundenen Verhandlungen mit den Hohenzollern bzw. ihren Vertretern dem Landtag Bericht zu erstatten;
2. jede weitere Verhandlung sofort einzustellen;
3. dem Landtage einen Gesetzentwurf vorzulegen, der die entschädigungslose Enteignung des sogenannten Privateigentums der Hohenzollern zugunsten des Staates enthält.",Government Operations,0,Government,Government,Government,19140_Tagesordnungspunkt_10_CDU_CSU_Heveling_ID1914005300_16.01.2020.csv
3,"Meine lieben Kolleginnen und Kollegen, das ist nicht der Antrag der Fraktion Die Linke auf Drucksache 19/14729, sondern das ist der Antrag von Wilhelm Pieck – ihn kennen wir alle aus der DDR – im Preußischen Landtag am 11.",Government Operations,2,Government,Government,Government,19140_Tagesordnungspunkt_10_CDU_CSU_Heveling_ID1914005300_16.01.2020.csv
4,Oktober 1926.,Government Operations,2,Government,Government,Government,19140_Tagesordnungspunkt_10_CDU_CSU_Heveling_ID1914005300_16.01.2020.csv
5,Das Zitat stammt aus dem Stenografischen Protokoll.,Government Operations,2,Government,Government,Government,19140_Tagesordnungspunkt_10_CDU_CSU_Heveling_ID1914005300_16.01.2020.csv
6,"Er ist in den Forderungen dem, was die Linke heute fordert, zum Verwechseln ähnlich, und man mag sich fragen: Wie viel Weimar steckt denn heute noch in unserer Berliner Republik?",Government Operations,2,Government,Government,Government,19140_Tagesordnungspunkt_10_CDU_CSU_Heveling_ID1914005300_16.01.2020.csv
7,Schauen wir uns die historische Entwicklung doch einmal genauer an.,Government Operations,2,Government,Government,Government,19140_Tagesordnungspunkt_10_CDU_CSU_Heveling_ID1914005300_16.01.2020.csv
8,"Man muss festhalten, dass sich sowohl das Reich als auch das Land Preußen, letztlich die Politik, an der Aufteilung des Kronvermögens nach der Absetzung der Fürsten vielfach verhoben haben.",Government Operations,2,Government,Government,Government,19140_Tagesordnungspunkt_10_CDU_CSU_Heveling_ID1914005300_16.01.2020.csv
9,"Insbesondere eine Politik der damals linken Seite des politischen Spektrums, so wie sie sich im Oktober 1926 im Preußischen Landtag manifestiert hat, meinte, mit Stimmungsmache gegen die vormals regierenden Häuser Recht setzen zu können.",Government Operations,2,Government,Government,Government,19140_Tagesordnungspunkt_10_CDU_CSU_Heveling_ID1914005300_16.01.2020.csv
10,Der entsprechende Volksentscheid ist seinerzeit krachend gescheitert.,Government Operations,2,Government,Government,Government,19140_Tagesordnungspunkt_10_CDU_CSU_Heveling_ID1914005300_16.01.2020.csv
11,"Die damalige extreme emotionale Aufladung des Themas dürfte dazu beigetragen haben, dass eben bis heute Fragen im Zusammenhang mit der Zuordnung von Eigentumspositionen zwischen den Nachfolgeländern Preußens, dem Bund und der ehemals regierenden Familie ungeklärt geblieben sind.",Government Operations,2,Government,Government,Government,19140_Tagesordnungspunkt_10_CDU_CSU_Heveling_ID1914005300_16.01.2020.csv
12,Den Fehler aus der Zeit der Weimarer Republik aus den Jahren 1925 und 1926 sollten wir jetzt nicht wiederholen.,Government Operations,2,Government,Government,Government,19140_Tagesordnungspunkt_10_CDU_CSU_Heveling_ID1914005300_16.01.2020.csv
13,"Es ist an der Zeit, Eigentumsverhältnisse rechtsstaatlich zu klären.",Government Operations,2,Government,Government,Government,19140_Tagesordnungspunkt_10_CDU_CSU_Heveling_ID1914005300_16.01.2020.csv
14,"Aus dem republikanischen Geist ist eine Bundesrepublik hervorgegangen, in der Recht und Gesetz allgemein gelten und jedem Bürger, auch wenn er einem ehemaligen Herrscherhaus angehört, transparente und rechtsstaatliche Verfahren garantiert sind.",Civil Rights,3,Government,Government,Government,19140_Tagesordnungspunkt_10_CDU_CSU_Heveling_ID1914005300_16.01.2020.csv
15,"Er kann Rechtspositionen einfordern, über die dann nach Recht und Gesetz entschieden wird oder die einer gütlichen Einigung zugeführt werden.",Civil Rights,3,Government,Government,Government,19140_Tagesordnungspunkt_10_CDU_CSU_Heveling_ID1914005300_16.01.2020.csv
16,"Es wäre fatal, den Bürgern namens Preußen die Geltendmachung von Rechten aufgrund einer politischen Einzelfallentscheidung zu nehmen, so wie es die Linke fordert.",Civil Rights,3,Government,Government,Government,19140_Tagesordnungspunkt_10_CDU_CSU_Heveling_ID1914005300_16.01.2020.csv
17,"Es mag die Nähe zu den vorrepublikanischen Zeiten gewesen sein, die Weimar beim Thema Eigentumszuordnung in die Situation schlittern ließ, letztlich mit vorkonstitutionellen Gedanken an die Aufteilung in Staats- und Privateigentum herangegangen zu sein.",Government Operations,3,Government,Government,Government,19140_Tagesordnungspunkt_10_CDU_CSU_Heveling_ID1914005300_16.01.2020.csv
18,"Hinzu kommt, dass die weiteren Umwälzungen in unserem Land, die nationalsozialistische Gewaltherrschaft sowie die Enteignungen während der sowjetischen Besatzungszeit, die Sachlage nicht unbedingt vereinfacht haben.",Government Operations,3,Government,Government,Government,19140_Tagesordnungspunkt_10_CDU_CSU_Heveling_ID1914005300_16.01.2020.csv
19,"Zum einen muss geklärt werden, welche Güter, welche Eigentumspositionen im Jahr 1926 tatsächlich Teil des Privateigentums der Hohenzollern geworden sind.",Government Operations,3,Government,Government,Government,19140_Tagesordnungspunkt_10_CDU_CSU_Heveling_ID1914005300_16.01.2020.csv
20,"Ja, natürlich ist die Auslegung von Recht besonders dann schwierig, wenn es Brüche in der Staatsform und Transformationsprozesse gegeben hat; denn dann verändern sich Kategorien von Recht.",Government Operations,3,Government,Government,Government,19140_Tagesordnungspunkt_10_CDU_CSU_Heveling_ID1914005300_16.01.2020.csv
21,Selbstverständlich ist der Übergang von der Monarchie zur Republik bzw. der Wandel vom Feudalismus zur bürgerlichen Gesellschaft ein solcher Umbruchsprozess gewesen.,Government Operations,3,Government,Government,Government,19140_Tagesordnungspunkt_10_CDU_CSU_Heveling_ID1914005300_16.01.2020.csv
22,Insofern hat sich der Gehalt des Eigentumsbegriffs fundamental gewandelt.,Government Operations,3,Government,Government,Government,19140_Tagesordnungspunkt_10_CDU_CSU_Heveling_ID1914005300_16.01.2020.csv
23,"Während wir heute Eigentum als Privateigentum verstehen und auch öffentliches Eigentum den Rechtsregeln des Privateigentums folgt, ist die vorkonstitutionelle Zuordnung gerade mit Blick auf frühere Herrscherfamilien deutlich komplizierter.",Government Operations,3,Government,Government,Government,19140_Tagesordnungspunkt_10_CDU_CSU_Heveling_ID1914005300_16.01.2020.csv
24,"Fiduziarische Eigentumsverhältnisse, Kroneigentum, öffentliches Eigentum, Privateigentum – alles das zu sortieren, ist nicht einfach.",Government Operations,3,Government,Government,Government,19140_Tagesordnungspunkt_10_CDU_CSU_Heveling_ID1914005300_16.01.2020.csv
25,"Aber wir sollten es Vereinbarungen und im Streitfall eben auch Gerichten überlassen, zu entscheiden, welche der ehemaligen Eigentumsformen in unsere heutige Eigentumsordnung wie einzuordnen sind.",Government Operations,3,Government,Government,Government,19140_Tagesordnungspunkt_10_CDU_CSU_Heveling_ID1914005300_16.01.2020.csv
26,Fraglos wird die Situation auch durch die gesetzlichen Regelungen aus der Zeit der Wiedervereinigung komplizierter.,Government Operations,4,Government,Government,Law,19140_Tagesordnungspunkt_10_CDU_CSU_Heveling_ID1914005300_16.01.2020.csv
27,"Denn es ist auch unklar, ob das enteignete Privateigentum der Hohenzollern heute überhaupt noch zurückgefordert werden kann; denn der Deutsche Bundestag hat 1994 per Gesetz die Wertentscheidung getroffen, dass enteignetes Vermögen nicht zurückgefordert werden kann, wenn dem nationalsozialistischen System erheblich Vorschub geleistet worden ist.",Government Operations,4,Government,Government,Law,19140_Tagesordnungspunkt_10_CDU_CSU_Heveling_ID1914005300_16.01.2020.csv
28,"Was aber unter der Formulierung „erheblich Vorschub leisten“ zu verstehen ist – damit ist es eben ein wirklich unbestimmter Rechtsbegriff –, ist ebenso schwierig rechtlich zu definieren wie tatsächlich festzustellen.",Government Operations,4,Government,Government,Law,19140_Tagesordnungspunkt_10_CDU_CSU_Heveling_ID1914005300_16.01.2020.csv
29,"Aus der öffentlichen Debatte wissen wir – das ist hier eben auch schon angesprochen worden –, dass renommierte Historiker hinsichtlich dieser Frage durchaus zu entgegengesetzten Ergebnissen kommen.",Government Operations,4,Government,Government,Law,19140_Tagesordnungspunkt_10_CDU_CSU_Heveling_ID1914005300_16.01.2020.csv
30,"Um hierüber nicht jahrelang vor Gericht zu verhandeln, lohnt es, zunächst einmal zu versuchen, auf dem Verhandlungswege zu einer Einigung zu kommen.",Government Operations,4,Government,Government,Law,19140_Tagesordnungspunkt_10_CDU_CSU_Heveling_ID1914005300_16.01.2020.csv
31,Davon kann unter Umständen auch die Allgemeinheit profitieren.,Government Operations,4,Government,Government,Law,19140_Tagesordnungspunkt_10_CDU_CSU_Heveling_ID1914005300_16.01.2020.csv
32,"Denn der Weg der Linken, gerichtlich Zugesprochenes durch Vergesellschaftung gegebenenfalls wieder zu enteignen, ist jedenfalls kein schlüssiger Vorschlag; denn da beißt sich die Katze doch in den Schwanz.",Government Operations,4,Government,Government,Law,19140_Tagesordnungspunkt_10_CDU_CSU_Heveling_ID1914005300_16.01.2020.csv
33,Enteignungen sind in der Bundesrepublik nach dem Grundgesetz natürlich zu entschädigen.,Government Operations,4,Government,Government,Law,19140_Tagesordnungspunkt_10_CDU_CSU_Heveling_ID1914005300_16.01.2020.csv
34,"Als rheinischer Katholik und mithin „Beutepreuße“ stehe ich sicherlich nicht im Verdacht, Parteigänger der Preußen zu sein.",Government Operations,4,Government,Government,Law,19140_Tagesordnungspunkt_10_CDU_CSU_Heveling_ID1914005300_16.01.2020.csv
35,"Es geht mir vielmehr um den republikanischen Geist, das allgemeine Gesetz als Maßstab des politischen Handelns zu sehen, und nicht die möglicherweise willkürliche Einzelfallentscheidung aus überhöhter Emotion.",Government Operations,4,Government,Government,Law,19140_Tagesordnungspunkt_10_CDU_CSU_Heveling_ID1914005300_16.01.2020.csv
36,Vielen Dank.,*,4,Government,Government,Law,19140_Tagesordnungspunkt_10_CDU_CSU_Heveling_ID1914005300_16.01.2020.csv
37,"Vielen Dank, Herr Heveling. – Nächster Redner: für die AfD-Fraktion Dr.",*,4,Government,Government,Law,19140_Tagesordnungspunkt_10_CDU_CSU_Heveling_ID1914005300_16.01.2020.csv
38,Marc Jongen.,*,4,Government,Government,Law,19140_Tagesordnungspunkt_10_CDU_CSU_Heveling_ID1914005300_16.01.2020.csv
