,text,label_gold,segment_id,label_bert,label_parlbert,label_svm,speech_id
0,Frau Präsidentin!,*,0,Government,Government,Law,19140_Tagesordnungspunkt_10_SPD_Rabanus_ID1914005500_16.01.2020.csv
1,Meine sehr verehrten Damen und Herren!,*,0,Government,Government,Law,19140_Tagesordnungspunkt_10_SPD_Rabanus_ID1914005500_16.01.2020.csv
2,"Wir wollen zum Thema zurückkommen, nach diesem Versuch der romantischen Verklärung der Monarchie durch Herrn Kollegen Jongen.",Government Operations,0,Government,Government,Law,19140_Tagesordnungspunkt_10_SPD_Rabanus_ID1914005500_16.01.2020.csv
3,"Da stelle ich für die SPD zunächst einmal fest – damit das am Anfang der Debatte auch klar ist –, dass wir als Fraktion im Deutschen Bundestag freiwilligen Entschädigungszahlungen nicht zustimmen werden. – Erste Bemerkung.",Government Operations,0,Government,Government,Law,19140_Tagesordnungspunkt_10_SPD_Rabanus_ID1914005500_16.01.2020.csv
4,"Zweite Bemerkung, mit Blick auf die Kolleginnen und Kollegen der Linken: Es ist natürlich ein besonderer Husarenritt, uns jetzt in dieser Stunde mit dem dürren Antrag vom letzten November zu befassen, wo wir doch eine in zwei Wochen stattfindende Expertenanhörung im Ausschuss verabredet haben, übrigens ganz maßgeblich auf Wunsch der Fraktion Bündnis 90/Grüne und des Kollegen Grundl, weniger auf Betreiben der eigenen Fraktion.",Government Operations,0,Government,Government,Law,19140_Tagesordnungspunkt_10_SPD_Rabanus_ID1914005500_16.01.2020.csv
5,Jedenfalls werden wir eine Expertenanhörung durchführen.,Government Operations,0,Government,Government,Law,19140_Tagesordnungspunkt_10_SPD_Rabanus_ID1914005500_16.01.2020.csv
6,"Es wäre der Sache wahrscheinlich dienlicher gewesen, sich nun erst mal in dieser Anhörung mit den neun Experten schlauzumachen, dann in Ruhe das Ergebnis auszuwerten und zu schauen, wie man parlamentarisch initiativ wird.",Government Operations,0,Government,Government,Law,19140_Tagesordnungspunkt_10_SPD_Rabanus_ID1914005500_16.01.2020.csv
7,"Also, liebe Kollegen der Linken, mit Ihrem parlamentarischen Vorgehen werden Sie diesem Thema nicht gerecht.",Government Operations,0,Government,Government,Law,19140_Tagesordnungspunkt_10_SPD_Rabanus_ID1914005500_16.01.2020.csv
8,"Aber dass wir uns nicht missverstehen und dass das auch klar ist: Das, was die Familie Hohenzollern hier veranstaltet, ist, mit Verlaub, schon Chuzpe.",Government Operations,0,Government,Government,Law,19140_Tagesordnungspunkt_10_SPD_Rabanus_ID1914005500_16.01.2020.csv
9,"Für alle diejenigen, die den Begriff „Chuzpe“ nicht kennen: Chuzpe ist in etwa, Vater und Mutter erschlagen und anschließend Waisenrente beantragen.",Government Operations,0,Government,Government,Law,19140_Tagesordnungspunkt_10_SPD_Rabanus_ID1914005500_16.01.2020.csv
10,"Das ist das, was eigentlich passiert.",Government Operations,0,Government,Government,Law,19140_Tagesordnungspunkt_10_SPD_Rabanus_ID1914005500_16.01.2020.csv
11,Der Gipfel ist dann tatsächlich die Forderung nach dem lebenslangen Wohnrecht im Schloss Cecilienhof.,Government Operations,0,Government,Government,Law,19140_Tagesordnungspunkt_10_SPD_Rabanus_ID1914005500_16.01.2020.csv
12,"Erstaunlicherweise – nein, ich korrigiere: erfreulicherweise – hat die Familie Hohenzollern selber gemerkt, dass sie damit über das Ziel hinausgeschossen ist.",Government Operations,0,Government,Government,Law,19140_Tagesordnungspunkt_10_SPD_Rabanus_ID1914005500_16.01.2020.csv
13,"Aber genau diese Maßlosigkeit ist das, was zu der öffentlichen Empörung geführt hat.",Government Operations,0,Government,Government,Law,19140_Tagesordnungspunkt_10_SPD_Rabanus_ID1914005500_16.01.2020.csv
14,"Und mal ehrlich: Man kann ja auch verstehen, dass man sich darüber öffentlich empört.",Government Operations,0,Government,Government,Law,19140_Tagesordnungspunkt_10_SPD_Rabanus_ID1914005500_16.01.2020.csv
15,"Ich hätte wahrscheinlich persönlich nicht die Worte gewählt, die Bernd Stegemann im Magazin „Cicero“ gewählt hat.",Government Operations,0,Government,Government,Law,19140_Tagesordnungspunkt_10_SPD_Rabanus_ID1914005500_16.01.2020.csv
16,"Er hat vom „Familien-Clan“ der Hohenzollern gesprochen, der „über tausend Jahre die mitteleuropäische Geschichte mit Kriegen, Vetternwirtschaft und Katastrophen heimgesucht“ habe und „nach den letzten beiden totalen Niederlagen wieder angelaufen“ komme, um nun auf die Aushändigung seines kriminell zusammengerafften Reichtums zu klagen.",Government Operations,0,Government,Government,Law,19140_Tagesordnungspunkt_10_SPD_Rabanus_ID1914005500_16.01.2020.csv
17,"Ich hätte, wie gesagt, diese Worte so nicht gewählt.",Government Operations,0,Government,Government,Law,19140_Tagesordnungspunkt_10_SPD_Rabanus_ID1914005500_16.01.2020.csv
18,Aber ganz ehrlich: Ich habe sie gerne gelesen.,Government Operations,0,Government,Government,Law,19140_Tagesordnungspunkt_10_SPD_Rabanus_ID1914005500_16.01.2020.csv
19,Und man hat dabei den Gedanken: So ganz unrecht hat der Herr Stegemann bei seiner Bewertung nicht.,Government Operations,0,Government,Government,Law,19140_Tagesordnungspunkt_10_SPD_Rabanus_ID1914005500_16.01.2020.csv
20,Das ist aber sozusagen nur die eine Seite.,Government Operations,0,Government,Government,Law,19140_Tagesordnungspunkt_10_SPD_Rabanus_ID1914005500_16.01.2020.csv
21,"Die vielleicht moralische, die, wie ich mal sagen will, emotionale, die andere Seite will ich hier auch ansprechen: Wir leben hier in einer Demokratie und in einem Rechtsstaat.",Government Operations,0,Government,Government,Law,19140_Tagesordnungspunkt_10_SPD_Rabanus_ID1914005500_16.01.2020.csv
22,"In dieser Demokratie und in diesem Rechtsstaat, in dem wir leben, ist es völlig in Ordnung, wenn auch die Familie Hohenzollern für ihr Recht kämpft oder für das kämpft, was sie für ihr Recht hält.",Government Operations,0,Government,Government,Law,19140_Tagesordnungspunkt_10_SPD_Rabanus_ID1914005500_16.01.2020.csv
23,Das ist völlig in Ordnung.,Government Operations,0,Government,Government,Law,19140_Tagesordnungspunkt_10_SPD_Rabanus_ID1914005500_16.01.2020.csv
24,"Darum geht es in den Gesprächen, die übrigens tatsächlich nicht geheim waren, aber nicht so im Fokus der Öffentlichkeit standen, und darum geht es auch in den anhängigen Prozessen vor Gericht.",Government Operations,0,Government,Government,Law,19140_Tagesordnungspunkt_10_SPD_Rabanus_ID1914005500_16.01.2020.csv
25,Das ist richtig so.,Government Operations,0,Government,Government,Law,19140_Tagesordnungspunkt_10_SPD_Rabanus_ID1914005500_16.01.2020.csv
26,"Dass das auch für die Familie Hohenzollern möglich ist, das werde ich persönlich und das wird die SPD-Fraktion auch immer verteidigen.",Government Operations,0,Government,Government,Law,19140_Tagesordnungspunkt_10_SPD_Rabanus_ID1914005500_16.01.2020.csv
27,"Das heißt nicht, dass wir uns damit zu Interessenvertretern von ehemaligem Hochadel machen.",Government Operations,0,Government,Government,Law,19140_Tagesordnungspunkt_10_SPD_Rabanus_ID1914005500_16.01.2020.csv
28,"Nein, wir machen uns damit zu Interessenvertretern unserer Demokratie und unseres Rechtsstaats.",Government Operations,0,Government,Government,Law,19140_Tagesordnungspunkt_10_SPD_Rabanus_ID1914005500_16.01.2020.csv
29,Für diese öffentliche Klarstellung hat sich die Debatte dann wiederum gelohnt.,Government Operations,0,Government,Government,Law,19140_Tagesordnungspunkt_10_SPD_Rabanus_ID1914005500_16.01.2020.csv
30,"Tatsächlich führen wir die Anhörung in knapp 14 Tagen im Kulturausschuss durch, um für uns als Parlamentarier die Fakten klarzubekommen, aber auch, um die Fakten noch einmal öffentlich breit zugänglich machen zu können; denn die Debatten laufen seit Anfang der 90er-Jahre, das ist hier in der Parlamentsdebatte ein paarmal erwähnt worden.",Government Operations,0,Government,Government,Law,19140_Tagesordnungspunkt_10_SPD_Rabanus_ID1914005500_16.01.2020.csv
31,Wir wollen die öffentliche Wahrnehmung weiter stärken.,Government Operations,0,Government,Government,Law,19140_Tagesordnungspunkt_10_SPD_Rabanus_ID1914005500_16.01.2020.csv
32,"Wir wollen, dass das Verfahren transparent weitergeführt wird.",Government Operations,0,Government,Government,Law,19140_Tagesordnungspunkt_10_SPD_Rabanus_ID1914005500_16.01.2020.csv
33,"Liebe Kolleginnen und Kollegen, zu entscheiden – das habe ich bereits gesagt – haben aus meiner Sicht jetzt Gerichte.",Government Operations,0,Government,Government,Law,19140_Tagesordnungspunkt_10_SPD_Rabanus_ID1914005500_16.01.2020.csv
34,"Das heißt im Umkehrschluss auch, dass Vergleichsverhandlungen, solange Gerichtsverhandlungen laufen, keinen Sinn machen.",Government Operations,0,Government,Government,Law,19140_Tagesordnungspunkt_10_SPD_Rabanus_ID1914005500_16.01.2020.csv
35,"Wenn es letzte Entscheidungen der Gerichte gibt, werden wir sehen, was überhaupt zum Schluss an Handlungsbedarf noch übrig bleibt.",Government Operations,0,Government,Government,Law,19140_Tagesordnungspunkt_10_SPD_Rabanus_ID1914005500_16.01.2020.csv
36,Abschließend kann ich nur noch einmal unterstreichen: Die SPD jedenfalls wird freiwilligen Zahlungen nicht zustimmen.,Government Operations,0,Government,Government,Law,19140_Tagesordnungspunkt_10_SPD_Rabanus_ID1914005500_16.01.2020.csv
37,Herzlichen Dank.,*,0,Government,Government,Law,19140_Tagesordnungspunkt_10_SPD_Rabanus_ID1914005500_16.01.2020.csv
38,"Vielen Dank, Martin Rabanus. – Wir kommen zur letzten Rednerin in dieser Debatte – ich bitte um Aufmerksamkeit, liebe Kolleginnen und Kollegen –: Das ist Melanie Bernstein für die CDU/CSU-Fraktion.",*,0,Government,Government,Law,19140_Tagesordnungspunkt_10_SPD_Rabanus_ID1914005500_16.01.2020.csv
