,text,label_gold,segment_id,label_bert,label_parlbert,label_svm,speech_id
0,Sehr geehrte Frau Präsidentin!,*,0,Government,Government,Government,19140_Tagesordnungspunkt_10_FDP_Ebbing_ID1914005100_16.01.2020.csv
1,Liebe Kolleginnen und Kollegen!,*,0,Government,Government,Government,19140_Tagesordnungspunkt_10_FDP_Ebbing_ID1914005100_16.01.2020.csv
2,"Manche Anträge, die wir hier in diesem Haus diskutieren, verwundern mich schon sehr.",Government Operations,0,Government,Government,Government,19140_Tagesordnungspunkt_10_FDP_Ebbing_ID1914005100_16.01.2020.csv
3,Der hier vorgelegte Antrag der Linken besteht eigentlich nur aus simplifiziertem Klassenkampf und verfassungsrechtlich bedenklichen Kollektivierungsfantasien; das muss ich einfach so sagen.,Government Operations,0,Government,Government,Government,19140_Tagesordnungspunkt_10_FDP_Ebbing_ID1914005100_16.01.2020.csv
4,"Die Tatsache, dass Sie behaupten, jegliche Entschädigungsansprüche aus Entscheidungen der sowjetischen Militäradministration seien grundsätzlich auszuschließen, offenbart einmal mehr Ihre ideologische Nähe zum sozialistischen Gedankengut der Sowjetunion.",Government Operations,0,Government,Government,Government,19140_Tagesordnungspunkt_10_FDP_Ebbing_ID1914005100_16.01.2020.csv
5,Noch viel grotesker ist aber der Forderungskatalog aus Ihrem Antrag.,Government Operations,0,Government,Government,Government,19140_Tagesordnungspunkt_10_FDP_Ebbing_ID1914005100_16.01.2020.csv
6,Darin fordern Sie zunächst den Abbruch der Verhandlungen mit der Familie Preußen und die Wiederaufnahme des gerichtlichen Prozesses.,Government Operations,0,Government,Government,Government,19140_Tagesordnungspunkt_10_FDP_Ebbing_ID1914005100_16.01.2020.csv
7,"Das ist zwar nicht meine Meinung, aber durchaus noch vertretbar.",Government Operations,0,Government,Government,Government,19140_Tagesordnungspunkt_10_FDP_Ebbing_ID1914005100_16.01.2020.csv
8,"Aber dann entlarven Sie sich; denn anstatt ein solches von Ihnen gefordertes Urteil zu akzeptieren, fordern Sie für den Fall, dass Ihnen das Urteil nicht passt, eine erneute umfängliche Enteignung der Familie Preußen.
– Ja, das steht in Ihrem Antrag. – Da frage ich mich schon, ob Sie noch auf dem Boden der Verfassung stehen oder sich nicht insgeheim die Wiedererrichtung eines Unrechtsstaates wünschen.",Government Operations,0,Government,Government,Government,19140_Tagesordnungspunkt_10_FDP_Ebbing_ID1914005100_16.01.2020.csv
9,"Die Bundesrepublik Deutschland ist jedoch zum Glück noch immer ein Rechtsstaat, und daher sind vor dem Gesetz alle Bürger gleich, egal ob sie Meyer, Müller, Wagenknecht oder Preußen heißen.",Civil Rights,0,Government,Government,Government,19140_Tagesordnungspunkt_10_FDP_Ebbing_ID1914005100_16.01.2020.csv
10,"Wer in der Bundesrepublik Deutschland einen rechtmäßigen Anspruch besitzt, kann diesen unabhängig von Alter, Geschlecht, Sexualität, Herkunft oder Namen geltend machen.",Civil Rights,0,Government,Government,Government,19140_Tagesordnungspunkt_10_FDP_Ebbing_ID1914005100_16.01.2020.csv
11,"Der Rechtsstaat schützt nicht nur das gesellschaftliche Miteinander, sondern auch den einzelnen Bürger vor potenziellen Übergriffen des Staates.",Civil Rights,0,Government,Government,Government,19140_Tagesordnungspunkt_10_FDP_Ebbing_ID1914005100_16.01.2020.csv
12,Ein Grundpfeiler des Schutzmechanismus ist das Zugestehen eines fairen Verfahrens.,Civil Rights,0,Government,Government,Government,19140_Tagesordnungspunkt_10_FDP_Ebbing_ID1914005100_16.01.2020.csv
13,Essenzieller Teil eines solchen rechtsstaatlichen Verfahrens sind auch Verhandlungen zwischen Konfliktparteien.,Civil Rights,0,Government,Government,Government,19140_Tagesordnungspunkt_10_FDP_Ebbing_ID1914005100_16.01.2020.csv
14,"Nur so ist es oftmals möglich, eine für beide Seiten akzeptable Lösung herbeizuführen.",Civil Rights,0,Government,Government,Government,19140_Tagesordnungspunkt_10_FDP_Ebbing_ID1914005100_16.01.2020.csv
15,"Dies gilt naturgemäß insbesondere für komplexe Sachverhalte, wie wir sie hier festgestellt haben.",Civil Rights,0,Government,Government,Government,19140_Tagesordnungspunkt_10_FDP_Ebbing_ID1914005100_16.01.2020.csv
16,"Obwohl einige schon etwas dazu vorgetragen haben, möchte ich den Fall etwas genauer darstellen.",Civil Rights,0,Government,Government,Government,19140_Tagesordnungspunkt_10_FDP_Ebbing_ID1914005100_16.01.2020.csv
17,Für Entschädigungen bei Enteignungen durch die sowjetische Militäradministration zwischen 1945 und 1949 verabschiedete der Bundestag 1994 das Ausgleichsleistungsgesetz.,Government Operations,0,Government,Government,Government,19140_Tagesordnungspunkt_10_FDP_Ebbing_ID1914005100_16.01.2020.csv
18,Dieses sah einen symbolischen finanziellen Ausgleich für den Verlust von Immobilien vor sowie die Rückgabe von Mobilien.,Government Operations,0,Government,Government,Government,19140_Tagesordnungspunkt_10_FDP_Ebbing_ID1914005100_16.01.2020.csv
19,"Diese Ansprüche verfallen jedoch, wenn der Anspruchsteller oder derjenige, von dem der Anspruchsteller seinen Anspruch ableitet, dem nationalsozialistischen Regime „erheblichen Vorschub geleistet hat“.",Government Operations,0,Government,Government,Government,19140_Tagesordnungspunkt_10_FDP_Ebbing_ID1914005100_16.01.2020.csv
20,Im Fall Preußen streiten sich darüber seit Jahren namhafte Historiker.,Government Operations,0,Government,Government,Government,19140_Tagesordnungspunkt_10_FDP_Ebbing_ID1914005100_16.01.2020.csv
21,Das ist wirklich ein Streit.,Government Operations,0,Government,Government,Government,19140_Tagesordnungspunkt_10_FDP_Ebbing_ID1914005100_16.01.2020.csv
22,"Hier ist keine eindeutige Meinung zu sehen, sondern es ist ein Streit zwischen Historikern und Juristen.",Government Operations,0,Government,Government,Government,19140_Tagesordnungspunkt_10_FDP_Ebbing_ID1914005100_16.01.2020.csv
23,"Wie ein Gericht dieses Ausschlusskriterium bewerten würde – auch nach Vorlage weiterer Gutachten –, ist, finde ich, pure Hellseherei und vollkommen ungewiss.",Government Operations,0,Government,Government,Government,19140_Tagesordnungspunkt_10_FDP_Ebbing_ID1914005100_16.01.2020.csv
24,"Im Fall von Mobilien und Immobilien hingegen, die während der sowjetischen Besatzungszeit nicht zweifelsfrei enteignet wurden oder unter Sequestrationsgewalt gestellt worden sind oder erst nach Gründung der DDR enteignet worden sind, gilt nicht das Ausgleichsleistungsgesetz, sondern das Gesetz zur Regelung offener Vermögensfragen, besser bekannt als: Vermögensgesetz.",Government Operations,0,Government,Government,Government,19140_Tagesordnungspunkt_10_FDP_Ebbing_ID1914005100_16.01.2020.csv
25,"Im Vermögensgesetz steht nichts davon, dass die Rückgabe ausgeschlossen ist, wenn dem Nationalsozialismus erheblich Vorschub geleistet worden ist.",Government Operations,0,Government,Government,Government,19140_Tagesordnungspunkt_10_FDP_Ebbing_ID1914005100_16.01.2020.csv
26,"Wenn die Ansprüche nach Vermögensgesetz durchgehen, dann muss nach Gesetz zurückgegeben werden.",Government Operations,0,Government,Government,Government,19140_Tagesordnungspunkt_10_FDP_Ebbing_ID1914005100_16.01.2020.csv
27,"Im Fall der Familie Preußen ist nach meiner Kenntnis noch nicht ansatzweise geklärt, welche Kunstgegenstände wann genau enteignet worden sind und ob sie somit unter das Ausgleichsleistungsgesetz fallen oder unter das Vermögensgesetz.",Government Operations,0,Government,Government,Government,19140_Tagesordnungspunkt_10_FDP_Ebbing_ID1914005100_16.01.2020.csv
28,Nachweispflichtig hierfür ist nach meiner Kenntnis der Staat.,Government Operations,0,Government,Government,Government,19140_Tagesordnungspunkt_10_FDP_Ebbing_ID1914005100_16.01.2020.csv
29,"Sollten Kulturgüter unter das Vermögensgesetz fallen, müssten diese ohne Zweifel vollumfänglich zurückgegeben werden, und der Staat hätte grundsätzlich keinerlei Einfluss auf den öffentlichen Zugriff.",Government Operations,0,Government,Government,Government,19140_Tagesordnungspunkt_10_FDP_Ebbing_ID1914005100_16.01.2020.csv
30,Der Fall ist also höchst komplex und würde die Gerichte über Jahre oder Jahrzehnte beschäftigen und könnte womöglich verheerende Auswirkungen für die öffentlichen Museen haben.,Government Operations,0,Government,Government,Government,19140_Tagesordnungspunkt_10_FDP_Ebbing_ID1914005100_16.01.2020.csv
31,"Deswegen finde ich es richtig und auch gut, dass die Bundesregierung gemeinsam mit den Ländern Berlin und Brandenburg in Verhandlungen mit der Familie Preußen eingetreten ist und damit dem Beispiel aller anderen ostdeutschen Landesregierungen folgt.",Government Operations,0,Government,Government,Government,19140_Tagesordnungspunkt_10_FDP_Ebbing_ID1914005100_16.01.2020.csv
32,"Sachsen, Thüringen, Sachsen-Anhalt und Mecklenburg-Vorpommern haben allesamt gütliche Einigungen durch Verhandlungen mit den jeweiligen Adelsfamilien erzielt.",Government Operations,0,Government,Government,Government,19140_Tagesordnungspunkt_10_FDP_Ebbing_ID1914005100_16.01.2020.csv
33,"Nur so war es möglich, dass wir heute alle weiterhin die Klassik Stiftung Weimar und ihren unschätzbaren kulturellen Wert öffentlich genießen können.",Government Operations,0,Government,Government,Government,19140_Tagesordnungspunkt_10_FDP_Ebbing_ID1914005100_16.01.2020.csv
34,Auch die Sammlung im Grünen Gewölbe in Dresden wäre ohne eine gütliche Einigung nicht denkbar.,Government Operations,0,Government,Government,Government,19140_Tagesordnungspunkt_10_FDP_Ebbing_ID1914005100_16.01.2020.csv
35,"Welchen unschätzbaren emotionalen Wert diese Sammlung in Dresden hat, wissen wir seit dem tragischen Einbruch vor Kurzem.",Government Operations,0,Government,Government,Government,19140_Tagesordnungspunkt_10_FDP_Ebbing_ID1914005100_16.01.2020.csv
36,"Für die öffentlichen Museen kann ein Gerichtsverfahren zu massiven und unkalkulierbaren Verlusten führen, die nie mehr rückgängig zu machen wären.",Government Operations,0,Government,Government,Government,19140_Tagesordnungspunkt_10_FDP_Ebbing_ID1914005100_16.01.2020.csv
37,"In Verhandlungen allerdings kann man sicherstellen, dass ein größtmöglicher Teil der Kulturgüter durch Nutzungsverträge weiterhin der Öffentlichkeit zugänglich bleibt und nicht meistbietend bei Christie’s und Sotheby’s im Ausland verkauft wird.",Government Operations,0,Government,Government,Government,19140_Tagesordnungspunkt_10_FDP_Ebbing_ID1914005100_16.01.2020.csv
38,"Solche Verhandlungen erlauben es, die Familie von Preußen im Gegensatz zu Rückübertragungen vertraglich dazu zu verpflichten, die große Mehrheit der Kunstgegenstände sowohl aus West- als auch aus Ostvermögen über Dauerleihgaben und individuelle Vereinbarungen für die Öffentlichkeit zugänglich zu halten.",Government Operations,0,Government,Government,Government,19140_Tagesordnungspunkt_10_FDP_Ebbing_ID1914005100_16.01.2020.csv
39,"Dies wäre nicht nur für die kulturelle Vielfalt der Bundesrepublik von enormer Bedeutung, sondern auch für die kulturelle Bildung nachfolgender Generationen; denn wenn wir dauerhaft den öffentlichen Zugang zu diesen Kulturgütern verlieren würden, wäre das ein kaum zu bemessender Verlust für unsere Gesellschaft.",Government Operations,0,Government,Government,Government,19140_Tagesordnungspunkt_10_FDP_Ebbing_ID1914005100_16.01.2020.csv
40,"Gleichwohl fordern wir beide Seiten auf, die seit 2014 bestehenden Verhandlungen nunmehr zügig abzuschließen.",Government Operations,0,Government,Government,Government,19140_Tagesordnungspunkt_10_FDP_Ebbing_ID1914005100_16.01.2020.csv
41,Vielen Dank.,*,0,Government,Government,Government,19140_Tagesordnungspunkt_10_FDP_Ebbing_ID1914005100_16.01.2020.csv
42,"Vielen Dank, Kollege Ebbing. – Nächster Redner: für Bündnis 90/Die Grünen Erhard Grundl.",*,0,Government,Government,Government,19140_Tagesordnungspunkt_10_FDP_Ebbing_ID1914005100_16.01.2020.csv
