,text,label_gold,segment_id,label_bert,label_parlbert,label_svm,speech_id
0,"Vielen herzlichen Dank, Frau Präsidentin. – Ich habe nur bedauert, dass ich keine Frage stellen durfte.",*,0,Civil,Civil,Civil,19163_Tagesordnungspunkt_17_CDU_CSU_Wiesmann_ID1916308700_28.05.2020.csv
1,"Aber ich sage natürlich auch jetzt gerne kurz etwas zu Ihren Ausführungen, liebe Frau Kollegin Schauws.",*,0,Civil,Civil,Civil,19163_Tagesordnungspunkt_17_CDU_CSU_Wiesmann_ID1916308700_28.05.2020.csv
2,"Ich bedaure den Ton in der Debatte außerordentlich, weil ich finde, dass Sie mit Formulierungen wie „Wegducken im Ausschuss“ oder „unglaubwürdige Familienpolitik“ – ich meine, es ist Ihr gutes Recht, hier polemisch zu werden – in der Sache einfach an dem Punkt, um den es uns als Unionsfraktion hier geht, vorbeigehen.",Civil Rights,0,Civil,Civil,Civil,19163_Tagesordnungspunkt_17_CDU_CSU_Wiesmann_ID1916308700_28.05.2020.csv
3,"Es ist nämlich nicht so, dass wir nicht auch für den Abbau und die Beseitigung von Diskriminierungen von gleichgeschlechtlichen Paaren einträten.",Civil Rights,0,Civil,Civil,Civil,19163_Tagesordnungspunkt_17_CDU_CSU_Wiesmann_ID1916308700_28.05.2020.csv
4,Das wissen Sie zum Beispiel von mir auch sehr genau.,Civil Rights,0,Civil,Civil,Civil,19163_Tagesordnungspunkt_17_CDU_CSU_Wiesmann_ID1916308700_28.05.2020.csv
5,"Ich gehöre auch, wie viele meiner Kolleginnen und Kollegen, zu den Befürwortern der Ehe für alle, mit allen Konsequenzen.",Civil Rights,0,Civil,Civil,Civil,19163_Tagesordnungspunkt_17_CDU_CSU_Wiesmann_ID1916308700_28.05.2020.csv
6,"Aber in dem Moment, da es um dritte Beteiligte geht, ist es vollkommen legitim und notwendig, auch noch mal nachzudenken.",Civil Rights,0,Civil,Civil,Civil,19163_Tagesordnungspunkt_17_CDU_CSU_Wiesmann_ID1916308700_28.05.2020.csv
7,"Wenn ein Kind auf diese Weise in eine bereits bestehende gleichgeschlechtliche Familie hineinkommt, dann ist es unter Umständen – das ist auch meine Überlegung in diesem Zusammenhang – aus Sicht genau des Kindeswohls, das Sie ja mit vielen anderen – da sind wir uns oft einig – häufig ins Feld führen, sehr wohl geboten sowie richtig und wichtig, sich als Familie genaue Gedanken darüber zu machen, was das vielleicht doch für das Aufwachsen des Kindes an Schwierigkeiten oder potenziellen Identitätsfragen aufwerfen könnte.",Civil Rights,0,Civil,Civil,Civil,19163_Tagesordnungspunkt_17_CDU_CSU_Wiesmann_ID1916308700_28.05.2020.csv
8,Meine Kollegin Frau Dr.,Civil Rights,0,Civil,Civil,Civil,19163_Tagesordnungspunkt_17_CDU_CSU_Wiesmann_ID1916308700_28.05.2020.csv
9,Launert hat darauf hingewiesen.,Civil Rights,0,Civil,Civil,Civil,19163_Tagesordnungspunkt_17_CDU_CSU_Wiesmann_ID1916308700_28.05.2020.csv
10,"Ich nehme für mich in Anspruch, zu dem Schluss zu kommen, dass es genau aus Kindeswohlüberlegungen heraus sehr sinnvoll sein kann.",Civil Rights,0,Civil,Civil,Civil,19163_Tagesordnungspunkt_17_CDU_CSU_Wiesmann_ID1916308700_28.05.2020.csv
11,Das sollte man nicht hier als Zwangsberatung abqualifizieren.,Civil Rights,0,Civil,Civil,Civil,19163_Tagesordnungspunkt_17_CDU_CSU_Wiesmann_ID1916308700_28.05.2020.csv
12,"An vielen anderen Stellen fordern Sie Beratung von Familien, auch zu Recht; hier wird sie schlechtgemacht.",Civil Rights,0,Civil,Civil,Civil,19163_Tagesordnungspunkt_17_CDU_CSU_Wiesmann_ID1916308700_28.05.2020.csv
13,"Nein, es geht darum, mit aller Professionalität, die wir da in unserer Gesellschaft zur Verfügung haben, darauf hinzuweisen, was für Dinge sich ergeben können, und es dann gut zu begleiten.",Civil Rights,0,Civil,Civil,Civil,19163_Tagesordnungspunkt_17_CDU_CSU_Wiesmann_ID1916308700_28.05.2020.csv
14,"Wenn Sie nun auch noch sagen, das müsste alles auf einer anderen gesetzlichen Grundlage geregelt werden, etwa im Abstammungsrecht, so ist das ein legitimer Einwand.",Civil Rights,0,Civil,Civil,Civil,19163_Tagesordnungspunkt_17_CDU_CSU_Wiesmann_ID1916308700_28.05.2020.csv
15,"Den kann man haben, und darüber werden wir dann auch gerne sprechen.",Civil Rights,0,Civil,Civil,Civil,19163_Tagesordnungspunkt_17_CDU_CSU_Wiesmann_ID1916308700_28.05.2020.csv
16,"Aber es geht nicht an, an dieser Stelle abzuleugnen, dass in dem Moment, wo sich eine solche Familie gründet und ein Kind in diese Situation hineinkommt, es eine verantwortliche Sache der Eltern ist, sich auch Rat und präventiv Unterstützung zu holen, um eine solche Entscheidung verantwortlich fällen zu können und auch zu wissen, was auf ihre Familie dann zukommt.",Civil Rights,0,Civil,Civil,Civil,19163_Tagesordnungspunkt_17_CDU_CSU_Wiesmann_ID1916308700_28.05.2020.csv
17,"Das kann man hier nicht als „Sich-Wegducken“ abqualifizieren, als Versuch, Familien in zwei Klassen aufzuteilen oder sonst was.",Civil Rights,0,Civil,Civil,Civil,19163_Tagesordnungspunkt_17_CDU_CSU_Wiesmann_ID1916308700_28.05.2020.csv
18,"Das ist unsere Auffassung von dem, wie es möglich ist, dem Kindeswohl gerecht zu werden.",Civil Rights,0,Civil,Civil,Civil,19163_Tagesordnungspunkt_17_CDU_CSU_Wiesmann_ID1916308700_28.05.2020.csv
19,"Vielen Dank, Frau Wiesmann. – Frau Schauws, Sie wollen antworten.",*,0,Civil,Civil,Civil,19163_Tagesordnungspunkt_17_CDU_CSU_Wiesmann_ID1916308700_28.05.2020.csv
