,text,label_gold,segment_id,label_bert,label_parlbert,label_svm,speech_id
0,Sehr geehrte Frau Präsidentin!,*,0,Law,Law,Law,19163_Tagesordnungspunkt_17_CDU_CSU_Launert_ID1916308300_28.05.2020.csv
1,Liebe Kolleginnen und Kollegen!,*,0,Law,Law,Law,19163_Tagesordnungspunkt_17_CDU_CSU_Launert_ID1916308300_28.05.2020.csv
2,Sehr geehrte Damen und Herren!,*,0,Law,Law,Law,19163_Tagesordnungspunkt_17_CDU_CSU_Launert_ID1916308300_28.05.2020.csv
3,„Wer bin ich?,Law and Crime,0,Law,Law,Law,19163_Tagesordnungspunkt_17_CDU_CSU_Launert_ID1916308300_28.05.2020.csv
4,"“, „Wo komme ich her?",Law and Crime,0,Law,Law,Law,19163_Tagesordnungspunkt_17_CDU_CSU_Launert_ID1916308300_28.05.2020.csv
5,"“, „Wem sehe ich ähnlich: Vater oder Mutter?",Law and Crime,0,Law,Law,Law,19163_Tagesordnungspunkt_17_CDU_CSU_Launert_ID1916308300_28.05.2020.csv
6,"“, das sind Fragen, die sich grundsätzlich jeder Mensch stellt, und Fragen, die in den meisten Fällen einfach zu beantworten sind – in den meisten Fällen, eben nicht in allen.",Law and Crime,0,Law,Law,Law,19163_Tagesordnungspunkt_17_CDU_CSU_Launert_ID1916308300_28.05.2020.csv
7,"Denn immer dann, wenn ein Kind zur Adoption freigegeben wurde, stehen anstelle von einfachen Antworten oft viele Fragezeichen.",Law and Crime,0,Law,Law,Law,19163_Tagesordnungspunkt_17_CDU_CSU_Launert_ID1916308300_28.05.2020.csv
8,"Gründe, ein Kind zur Adoption freizugeben, gibt es viele.",Law and Crime,0,Law,Law,Law,19163_Tagesordnungspunkt_17_CDU_CSU_Launert_ID1916308300_28.05.2020.csv
9,"So unterschiedlich die Einzelfälle auch sind, so eint die einzelnen betroffenen Kinder aber eine Frage, und zwar die nach der eigenen Identität.",Law and Crime,0,Law,Law,Law,19163_Tagesordnungspunkt_17_CDU_CSU_Launert_ID1916308300_28.05.2020.csv
10,"Wie die wissenschaftlichen Forschungen belegen, ist die Frage nach der eigenen Herkunft, nach der Identität wohl die zentrale Frage des Lebens, der Dreh- und Angelpunkt, zumindest dann, wenn sie nicht geklärt ist.",Law and Crime,0,Law,Law,Law,19163_Tagesordnungspunkt_17_CDU_CSU_Launert_ID1916308300_28.05.2020.csv
11,"Eine Frage, die sich nicht verdrängen lässt und die einen, gerade wenn sie nicht geklärt ist, meist zeitlebens nicht loslässt.",Law and Crime,0,Law,Law,Law,19163_Tagesordnungspunkt_17_CDU_CSU_Launert_ID1916308300_28.05.2020.csv
12,"Ein offener und selbstverständlicher Umgang mit dem Thema Adoption – das belegen die Ergebnisse der wissenschaftlichen Forschung – ist daher elementar für die eigene Identitätsfindung und damit auch elementar für das einzelne betroffene Kind, um eine gefestigte Persönlichkeit zu entwickeln und das Adoptiertsein gut in sein Selbstbild zu integrieren.",Law and Crime,0,Law,Law,Law,19163_Tagesordnungspunkt_17_CDU_CSU_Launert_ID1916308300_28.05.2020.csv
13,"Nicht selten kommt es vor, dass Betroffene, denen die Adoption zunächst verschwiegen wurde, erzählen, dass sie immer irgendwie das Gefühl hatten, dass etwas nicht stimmt.",Law and Crime,0,Law,Law,Law,19163_Tagesordnungspunkt_17_CDU_CSU_Launert_ID1916308300_28.05.2020.csv
14,Was sie sich nicht erklären konnten: Aber das Gefühl war immer da.,Law and Crime,0,Law,Law,Law,19163_Tagesordnungspunkt_17_CDU_CSU_Launert_ID1916308300_28.05.2020.csv
15,"Uns allen ist bewusst, dass es sich hier um ein äußerst sensibles Thema handelt.",Law and Crime,0,Law,Law,Law,19163_Tagesordnungspunkt_17_CDU_CSU_Launert_ID1916308300_28.05.2020.csv
16,"Umso wichtiger ist es, allen Betroffenen, dem adoptierten Kind, den Herkunftseltern, aber auch den Adoptivfamilien, in dieser Situation Unterstützung zu bieten, sie auf die Herausforderungen vorzubereiten und zu begleiten.",Law and Crime,0,Law,Law,Law,19163_Tagesordnungspunkt_17_CDU_CSU_Launert_ID1916308300_28.05.2020.csv
17,"Im Koalitionsvertrag haben wir festgelegt, dass wir ein modernes Adoptionswesen in Deutschland wollen, dass es unser Ziel ist, die Strukturen der Beratung und der Adoptionsvermittlung zu verbessern.",Law and Crime,0,Law,Law,Law,19163_Tagesordnungspunkt_17_CDU_CSU_Launert_ID1916308300_28.05.2020.csv
18,Und dieser Zielsetzung kommen wir heute nach.,Law and Crime,0,Law,Law,Law,19163_Tagesordnungspunkt_17_CDU_CSU_Launert_ID1916308300_28.05.2020.csv
19,Mit dem Adoptionshilfe-Gesetz wollen wir alle Beteiligten unterstützen und damit vor allem dem Kindeswohl zur besseren Durchsetzung verhelfen.,Law and Crime,0,Law,Law,Law,19163_Tagesordnungspunkt_17_CDU_CSU_Launert_ID1916308300_28.05.2020.csv
20,Hierzu haben wir zum einen den Rechtsanspruch auf nachgehende Begleitung durch eine Adoptionsvermittlungsstelle eingeführt.,Law and Crime,0,Law,Law,Law,19163_Tagesordnungspunkt_17_CDU_CSU_Launert_ID1916308300_28.05.2020.csv
21,"Eine Adoption ist nicht nur der formale Akt, der Beschluss des Familiengerichts; nein, sie ist damit nicht abgeschlossen.",Law and Crime,0,Law,Law,Law,19163_Tagesordnungspunkt_17_CDU_CSU_Launert_ID1916308300_28.05.2020.csv
22,"Eine Adoption ist eine lebenslange Entscheidung, ein lebenslanger Weg für alle Beteiligten.",Law and Crime,0,Law,Law,Law,19163_Tagesordnungspunkt_17_CDU_CSU_Launert_ID1916308300_28.05.2020.csv
23,"Und wir wollen, dass fachkundige Wegbegleiter auf diesem Weg zur Seite stehen.",Law and Crime,0,Law,Law,Law,19163_Tagesordnungspunkt_17_CDU_CSU_Launert_ID1916308300_28.05.2020.csv
24,"Niemand soll ihn allein gehen; denn aus den Forschungen wissen wir: Es kommt zu Herausforderungen, und es ist besser, wenn man gut darauf vorbereitet ist.",Law and Crime,0,Law,Law,Law,19163_Tagesordnungspunkt_17_CDU_CSU_Launert_ID1916308300_28.05.2020.csv
25,"Diese Zielsetzung liegt auch der Neuregelung zugrunde, nach welcher die Adoptionsvermittlungsstellen die annehmenden Eltern dahin gehend beraten, dass sie das Kind von Anfang an altersentsprechend über die Tatsache der Adoption aufklären sollen.",Law and Crime,0,Law,Law,Law,19163_Tagesordnungspunkt_17_CDU_CSU_Launert_ID1916308300_28.05.2020.csv
26,"Zudem sollen sie bereits vor Beginn der Adoptionspflege mit den Eltern – den Herkunfts- und den Adoptiveltern – erörtern, wie sie sich eine Zusammenarbeit vorstellen können.",Law and Crime,0,Law,Law,Law,19163_Tagesordnungspunkt_17_CDU_CSU_Launert_ID1916308300_28.05.2020.csv
27,Dafür soll von Anfang an der Nährboden gelegt werden.,Law and Crime,0,Law,Law,Law,19163_Tagesordnungspunkt_17_CDU_CSU_Launert_ID1916308300_28.05.2020.csv
28,Darüber hinaus führen wir verpflichtende Beratungen auch bei Stiefkindadoptionen ein.,Law and Crime,0,Law,Law,Law,19163_Tagesordnungspunkt_17_CDU_CSU_Launert_ID1916308300_28.05.2020.csv
29,"Die Auswirkungen einer Adoption, sowohl tatsächlich als auch rechtlich, sind massiv.",Law and Crime,0,Law,Law,Law,19163_Tagesordnungspunkt_17_CDU_CSU_Launert_ID1916308300_28.05.2020.csv
30,"Die Fachexperten haben uns in der Anhörung auch dargelegt, wie wichtig es ist, dass man die Beteiligten frühzeitig umfassend über alle Folgewirkungen tatsächlich-rechtlicher Art aufklärt.",Law and Crime,0,Law,Law,Law,19163_Tagesordnungspunkt_17_CDU_CSU_Launert_ID1916308300_28.05.2020.csv
31,"Das ist der Grund, warum wir das hier einführen.",Law and Crime,0,Law,Law,Law,19163_Tagesordnungspunkt_17_CDU_CSU_Launert_ID1916308300_28.05.2020.csv
32,Ein weiterer Punkt ist das Verbot der unbegleiteten Auslandsadoption; Frau Ministerin hat dazu schon mehr ausgeführt.,Law and Crime,0,Law,Law,Law,19163_Tagesordnungspunkt_17_CDU_CSU_Launert_ID1916308300_28.05.2020.csv
33,"Geben Sie uns allen heute die Chance, gemeinsam dazu beizutragen, allen, die am Adoptionswesen beteiligt sind – insbesondere den betroffenen Kindern –, zu dem zu verhelfen, was uns allen am Herzen liegt: zu einer Familie, die ein Ort ist, an dem man stets weiß, wer man ist, aber auch, wo man hingehört.",Law and Crime,0,Law,Law,Law,19163_Tagesordnungspunkt_17_CDU_CSU_Launert_ID1916308300_28.05.2020.csv
34,Vielen Dank.,*,0,Law,Law,Law,19163_Tagesordnungspunkt_17_CDU_CSU_Launert_ID1916308300_28.05.2020.csv
35,"Vielen Dank, Dr.",*,0,Law,Law,Law,19163_Tagesordnungspunkt_17_CDU_CSU_Launert_ID1916308300_28.05.2020.csv
36,Launert. – Nächster Redner: für die FDP-Fraktion Daniel Föst.,*,0,Law,Law,Law,19163_Tagesordnungspunkt_17_CDU_CSU_Launert_ID1916308300_28.05.2020.csv
