,text,label_gold,segment_id,label_bert,label_parlbert,label_svm,speech_id
0,Sehr geehrte Frau Präsidentin!,*,0,Law,Law,Law,19163_Tagesordnungspunkt_17_SPD_Ruethrich_ID1916308900_28.05.2020.csv
1,Liebe Kolleginnen und Kollegen!,*,0,Law,Law,Law,19163_Tagesordnungspunkt_17_SPD_Ruethrich_ID1916308900_28.05.2020.csv
2,Kinder haben das Recht auf ihre Familie.,Law and Crime,0,Law,Law,Law,19163_Tagesordnungspunkt_17_SPD_Ruethrich_ID1916308900_28.05.2020.csv
3,"Wir haben das zu gewährleisten, gerade auch dann, wenn es schwierig ist.",Law and Crime,0,Law,Law,Law,19163_Tagesordnungspunkt_17_SPD_Ruethrich_ID1916308900_28.05.2020.csv
4,"Kindern ist am meisten geholfen, wenn sie in sicherer, liebevoller und verlässlicher Umgebung aufwachsen können.",Law and Crime,0,Law,Law,Law,19163_Tagesordnungspunkt_17_SPD_Ruethrich_ID1916308900_28.05.2020.csv
5,"Wenn das, aus welchen Gründen auch immer, in der Familie nicht sein kann, in die sie geboren wurden, dann kann die Aufnahme am besten sein in eine neue Familie oder durch einen zweiten Elternteil auf dem Weg der Adoption.",Law and Crime,0,Law,Law,Law,19163_Tagesordnungspunkt_17_SPD_Ruethrich_ID1916308900_28.05.2020.csv
6,"Eine Adoption ist aber kein Selbstläufer; denn es gibt ja gute Gründe, die oft alles andere als angenehm sind.",Law and Crime,0,Law,Law,Law,19163_Tagesordnungspunkt_17_SPD_Ruethrich_ID1916308900_28.05.2020.csv
7,"Deshalb ist es gut, dass mit diesem – –
– Okay, können wir kurz die Redezeit anhalten?",Law and Crime,0,Law,Law,Law,19163_Tagesordnungspunkt_17_SPD_Ruethrich_ID1916308900_28.05.2020.csv
8,"Es ist wirklich schwierig, in einem Raum zu reden, wo niemand mehr zuhören kann. – Also: Deshalb ist es gut, dass mit diesem Gesetz sowohl die abgebenden wie die annehmenden Familien vor, während und nach der Adoption beraten und begleitet werden können.",Law and Crime,0,Law,Law,Law,19163_Tagesordnungspunkt_17_SPD_Ruethrich_ID1916308900_28.05.2020.csv
9,"Für die psychische Gesundheit der Kinder ist es dabei wichtig, offen mit der Adoption umzugehen – von Anfang an und altersangemessen.",Law and Crime,0,Law,Law,Law,19163_Tagesordnungspunkt_17_SPD_Ruethrich_ID1916308900_28.05.2020.csv
10,"Diesen Weg zum Wohle der Kinder zu gehen, das wird mithilfe dieses Gesetzes nun aktiv unterstützt.",Law and Crime,0,Law,Law,Law,19163_Tagesordnungspunkt_17_SPD_Ruethrich_ID1916308900_28.05.2020.csv
11,"Gut und wichtig ist es auch, dass nur noch begleitete und damit am Kindeswohl orientierte Auslandsadoptionen möglich sind.",Law and Crime,0,Law,Law,Law,19163_Tagesordnungspunkt_17_SPD_Ruethrich_ID1916308900_28.05.2020.csv
12,"Liebe Kolleginnen und Kollegen, in der Regel ist das Ergebnis von Adoption, dass das Kind wieder zwei rechtliche Eltern hat.",Law and Crime,0,Law,Law,Law,19163_Tagesordnungspunkt_17_SPD_Ruethrich_ID1916308900_28.05.2020.csv
13,"Es gibt aber Kinder, die in bereits bestehende Familien mit zwei Eltern hineingeboren werden – und wo trotzdem ein Elternteil zur Adoption gezwungen ist, nämlich da, wo eben lesbische oder bisexuelle Frauen gemeinsam Eltern werden.",Civil Rights,0,Law,Law,Law,19163_Tagesordnungspunkt_17_SPD_Ruethrich_ID1916308900_28.05.2020.csv
14,"In jeder heterosexuellen Ehe ist der Gatte automatisch rechtliches Elternteil, und das ist deswegen so, damit das Kind abgesichert ist.",Civil Rights,0,Law,Law,Law,19163_Tagesordnungspunkt_17_SPD_Ruethrich_ID1916308900_28.05.2020.csv
15,"Das ist eine Regelung, die im Sinne des Kindes sinnvoll und völlig unumstritten ist.",Civil Rights,0,Law,Law,Law,19163_Tagesordnungspunkt_17_SPD_Ruethrich_ID1916308900_28.05.2020.csv
16,Auch eine Vaterschaftsanerkennung geht per Unterschrift unter „Ich kann das bezeugen“.,Civil Rights,0,Law,Law,Law,19163_Tagesordnungspunkt_17_SPD_Ruethrich_ID1916308900_28.05.2020.csv
17,"Das geht ganz einfach, und keiner fragt, ob es sich um einen biologischen Elternteil handelt.",Civil Rights,0,Law,Law,Law,19163_Tagesordnungspunkt_17_SPD_Ruethrich_ID1916308900_28.05.2020.csv
18,Bei den weiblichen Paaren soll nun genau das ein Riesenproblem sein?,Civil Rights,0,Law,Law,Law,19163_Tagesordnungspunkt_17_SPD_Ruethrich_ID1916308900_28.05.2020.csv
19,"Es ist mir in keiner Weise schlüssig, warum es im Sinne des Kindes sein soll, dass es, gleichwohl es in eine intakte Familie geboren wurde, auf seinen zweiten rechtlichen Elternteil warten muss – mit allen bekannten Risiken.",Civil Rights,0,Law,Law,Law,19163_Tagesordnungspunkt_17_SPD_Ruethrich_ID1916308900_28.05.2020.csv
20,Im Adoptionsverfahren wird die Eignung der Elternschaft geprüft.,Civil Rights,0,Law,Law,Law,19163_Tagesordnungspunkt_17_SPD_Ruethrich_ID1916308900_28.05.2020.csv
21,"Das müssen sich Zwei-Mütter-Familien wirklich nicht gefallen lassen;
denn es ist eine eindeutige Ungleichbehandlung von gleichgeschlechtlichen im Vergleich zu heterosexuellen Familien.",Civil Rights,0,Law,Law,Law,19163_Tagesordnungspunkt_17_SPD_Ruethrich_ID1916308900_28.05.2020.csv
22,"Die Beratung bei der Adoption ist ja richtig, damit alle, also die Abgebenden wie die Annehmenden wie auch altersangemessen die Kinder, eine vollumfassend informierte Entscheidung treffen können.",Civil Rights,0,Law,Law,Law,19163_Tagesordnungspunkt_17_SPD_Ruethrich_ID1916308900_28.05.2020.csv
23,Aber für die Zwei-Mütter-Familien ist eine solche Beratung einfach nur Quatsch.,Civil Rights,0,Law,Law,Law,19163_Tagesordnungspunkt_17_SPD_Ruethrich_ID1916308900_28.05.2020.csv
24,"Uns als SPD und auch mir persönlich tut es weh, wenn wir diesen Familien den Weg jetzt länger machen, als er eh schon ist.",Civil Rights,0,Law,Law,Law,19163_Tagesordnungspunkt_17_SPD_Ruethrich_ID1916308900_28.05.2020.csv
25,Mehr noch aber tut es den Familien weh; die sind nämlich die Betroffenen.,Civil Rights,0,Law,Law,Law,19163_Tagesordnungspunkt_17_SPD_Ruethrich_ID1916308900_28.05.2020.csv
26,"Mit dem Koalitionspartner CDU/CSU war es leider nicht möglich, diese Paare von der Beratungspflicht auszunehmen.",Civil Rights,0,Law,Law,Law,19163_Tagesordnungspunkt_17_SPD_Ruethrich_ID1916308900_28.05.2020.csv
27,"Wenn das Gesetz so nicht durch den Bundesrat kommt, dann haben alle das Nachsehen; denn dann kann das Gesetz nicht im Oktober in Kraft treten.",Civil Rights,0,Law,Law,Law,19163_Tagesordnungspunkt_17_SPD_Ruethrich_ID1916308900_28.05.2020.csv
28,"Dann wissen hoffentlich alle Adoptionswilligen, bei wem sie sich bedanken können.",Civil Rights,0,Law,Law,Law,19163_Tagesordnungspunkt_17_SPD_Ruethrich_ID1916308900_28.05.2020.csv
29,Der Ball liegt jetzt bei unseren Rechtspolitikerinnen und Rechtspolitikern.,Civil Rights,0,Law,Law,Law,19163_Tagesordnungspunkt_17_SPD_Ruethrich_ID1916308900_28.05.2020.csv
30,"Denn dass diese Familien mit zwei Müttern überhaupt auf den Weg der Adoption gehen müssen, das ist ja das Grundproblem.",Civil Rights,0,Law,Law,Law,19163_Tagesordnungspunkt_17_SPD_Ruethrich_ID1916308900_28.05.2020.csv
31,Und das muss endlich über das Abstammungsrecht abgeschafft werden.,Civil Rights,0,Law,Law,Law,19163_Tagesordnungspunkt_17_SPD_Ruethrich_ID1916308900_28.05.2020.csv
32,"Wir in der SPD werden alles dafür tun, zum Erfolg zu kommen, und zwar bevor uns das Bundesverfassungsgericht wieder dazu zwingt.",Civil Rights,0,Law,Law,Law,19163_Tagesordnungspunkt_17_SPD_Ruethrich_ID1916308900_28.05.2020.csv
33,"Da unser Gesetz außer in diesem Punkt ein großer Fortschritt und wirklich gut ist, stimmen wir selbstverständlich zu.",Civil Rights,0,Law,Law,Law,19163_Tagesordnungspunkt_17_SPD_Ruethrich_ID1916308900_28.05.2020.csv
34,Alles Gute allen Familien!,*,0,Law,Law,Law,19163_Tagesordnungspunkt_17_SPD_Ruethrich_ID1916308900_28.05.2020.csv
35,"Vielen Dank, Susann Rüthrich. – Nächste Rednerin: Silvia Breher für die CDU/CSU-Fraktion.",*,0,Law,Law,Law,19163_Tagesordnungspunkt_17_SPD_Ruethrich_ID1916308900_28.05.2020.csv
36,"Frau Breher, bitte.",*,0,Law,Law,Law,19163_Tagesordnungspunkt_17_SPD_Ruethrich_ID1916308900_28.05.2020.csv
