,text,label_gold,segment_id,label_bert,label_parlbert,label_svm,speech_id
0,Vielen Dank!,*,0,Law,Law,Law,19163_Tagesordnungspunkt_17_GRUENE_Schauws_ID1916308600_28.05.2020.csv
1,– Frau Präsidentin!,*,0,Law,Law,Law,19163_Tagesordnungspunkt_17_GRUENE_Schauws_ID1916308600_28.05.2020.csv
2,– Liebe Kolleginnen und Kollegen!,*,0,Law,Law,Law,19163_Tagesordnungspunkt_17_GRUENE_Schauws_ID1916308600_28.05.2020.csv
3,Ich muss Ihnen sagen: Ich wurde selten von einem Gesetzesverfahren so enttäuscht wie von diesem.,Law and Crime,0,Law,Law,Law,19163_Tagesordnungspunkt_17_GRUENE_Schauws_ID1916308600_28.05.2020.csv
4,"Auf der einen Seite beinhaltet das Gesetz die dringend notwendige Reform des Adoptionsrechts, was dem Wohl der Kinder und der Familien dient; dazu wurde schon viel Richtiges gesagt.",Law and Crime,0,Law,Law,Law,19163_Tagesordnungspunkt_17_GRUENE_Schauws_ID1916308600_28.05.2020.csv
5,Und den Teil des Gesetzes finden wir Grüne begrüßenswert.,Law and Crime,0,Law,Law,Law,19163_Tagesordnungspunkt_17_GRUENE_Schauws_ID1916308600_28.05.2020.csv
6,"Aber: Dieses Gesetz betrifft – völlig verfehlt – auch lesbische und bisexuelle Frauenpaare, bei denen ein Kind in die eigene Familie geboren wird.",Civil Rights,0,Law,Law,Law,19163_Tagesordnungspunkt_17_GRUENE_Schauws_ID1916308600_28.05.2020.csv
7,"Wenn beide Mütter rechtlich Eltern werden wollen, dann bleibt zurzeit nur die Stiefkindadoption.",Civil Rights,0,Law,Law,Law,19163_Tagesordnungspunkt_17_GRUENE_Schauws_ID1916308600_28.05.2020.csv
8,Damit trifft dieses Gesetz die Regenbogenfamilien hart.,Civil Rights,0,Law,Law,Law,19163_Tagesordnungspunkt_17_GRUENE_Schauws_ID1916308600_28.05.2020.csv
9,Das dient mitnichten dem Kindeswohl.,Civil Rights,0,Law,Law,Law,19163_Tagesordnungspunkt_17_GRUENE_Schauws_ID1916308600_28.05.2020.csv
10,Was bedeutet das konkret?,Civil Rights,0,Law,Law,Law,19163_Tagesordnungspunkt_17_GRUENE_Schauws_ID1916308600_28.05.2020.csv
11,"Eine Zwei-Mütter-Familie bekommt ein gemeinsames Kind, und das in diese Beziehung hineingeborene Wunschkind kann von der Co-Mutter nur adoptiert werden, nachdem das Paar eine Zwangsberatung zur Adoption hat über sich ergehen lassen.",Civil Rights,0,Law,Law,Law,19163_Tagesordnungspunkt_17_GRUENE_Schauws_ID1916308600_28.05.2020.csv
12,Ich sage Ihnen: Schlimmer geht’s kaum.,Civil Rights,0,Law,Law,Law,19163_Tagesordnungspunkt_17_GRUENE_Schauws_ID1916308600_28.05.2020.csv
13,Für Frauenpaare mit ihren Kindern ist das eine drastische Verschlechterung und verschärft die bestehende Diskriminierung von Regenbogenfamilien weiter.,Civil Rights,0,Law,Law,Law,19163_Tagesordnungspunkt_17_GRUENE_Schauws_ID1916308600_28.05.2020.csv
14,Und das geht nicht!,Civil Rights,0,Law,Law,Law,19163_Tagesordnungspunkt_17_GRUENE_Schauws_ID1916308600_28.05.2020.csv
15,Sie von der Union haben sich gestern alle bei dieser Debatte im Ausschuss weggeduckt.,Civil Rights,0,Law,Law,Law,19163_Tagesordnungspunkt_17_GRUENE_Schauws_ID1916308600_28.05.2020.csv
16,"Ich sage Ihnen: Es ist wirklich schwer erträglich, mit welch ignoranter Haltung Sie Zwei-Mütter-Familien mit einem Wunschkind wie Familien zweiter Klasse behandeln.",Civil Rights,0,Law,Law,Law,19163_Tagesordnungspunkt_17_GRUENE_Schauws_ID1916308600_28.05.2020.csv
17,"Frau Kollegin, erlauben Sie eine Zwischenfrage oder ‑bemerkung der CDU/CSU-Kollegin Wiesmann?",*,0,Law,Law,Law,19163_Tagesordnungspunkt_17_GRUENE_Schauws_ID1916308600_28.05.2020.csv
18,"Nein, ich erlaube keine Zwischenfrage.
– Sie können ja unseren Anträgen zustimmen, und Sie können nachher auch noch etwas dazu sagen.",Civil Rights,0,Law,Law,Law,19163_Tagesordnungspunkt_17_GRUENE_Schauws_ID1916308600_28.05.2020.csv
19,Ich sage Ihnen: Wir sind viel von Ihnen gewöhnt.,Civil Rights,1,Law,Law,Civil,19163_Tagesordnungspunkt_17_GRUENE_Schauws_ID1916308600_28.05.2020.csv
20,"Aber dass Sie in so einem Maße in Familien eingreifen wie jetzt und das den Regenbogenfamilien aufbürden wollen, damit verlieren Sie, finde ich, an Glaubwürdigkeit.",Civil Rights,1,Law,Law,Civil,19163_Tagesordnungspunkt_17_GRUENE_Schauws_ID1916308600_28.05.2020.csv
21,Das ist keine fortschrittliche Familienpolitik.,Civil Rights,1,Law,Law,Civil,19163_Tagesordnungspunkt_17_GRUENE_Schauws_ID1916308600_28.05.2020.csv
22,Das haben auch die Expertinnen und Experten in der Anhörung bestätigt.,Civil Rights,1,Law,Law,Civil,19163_Tagesordnungspunkt_17_GRUENE_Schauws_ID1916308600_28.05.2020.csv
23,Eine weitere Diskriminierung von Zwei-Mütter-Familien wurde von einigen sogar als verfassungswidrig bezeichnet.,Civil Rights,1,Law,Law,Civil,19163_Tagesordnungspunkt_17_GRUENE_Schauws_ID1916308600_28.05.2020.csv
24,Genau diese Diskriminierung wollen Sie heute beschließen?,Civil Rights,1,Law,Law,Civil,19163_Tagesordnungspunkt_17_GRUENE_Schauws_ID1916308600_28.05.2020.csv
25,Ich sage Ihnen: Das ist entwürdigend.,Civil Rights,1,Law,Law,Civil,19163_Tagesordnungspunkt_17_GRUENE_Schauws_ID1916308600_28.05.2020.csv
26,"Liebe Kolleginnen und Kollegen, anstatt Frauenpaaren selbstverständlich die automatische Anerkennung der Elternschaft zu gewähren, könnte sich der Adoptionsprozess jetzt sogar noch weiter verlängern.",Civil Rights,1,Law,Law,Civil,19163_Tagesordnungspunkt_17_GRUENE_Schauws_ID1916308600_28.05.2020.csv
27,Und das ist fatal.,Civil Rights,1,Law,Law,Civil,19163_Tagesordnungspunkt_17_GRUENE_Schauws_ID1916308600_28.05.2020.csv
28,"Es muss doch klar sein, dass Rechte von Kindern in allen Familien gleich gelten müssen.",Civil Rights,1,Law,Law,Civil,19163_Tagesordnungspunkt_17_GRUENE_Schauws_ID1916308600_28.05.2020.csv
29,Wir Grüne fordern die Änderung im Abstammungsrecht schon lange.,Civil Rights,1,Law,Law,Civil,19163_Tagesordnungspunkt_17_GRUENE_Schauws_ID1916308600_28.05.2020.csv
30,"Ich habe 2018 hier für meine Fraktion einen Gesetzentwurf eingebracht, der vor Kurzem abgelehnt wurde.",Civil Rights,1,Law,Law,Civil,19163_Tagesordnungspunkt_17_GRUENE_Schauws_ID1916308600_28.05.2020.csv
31,Aber Zwei-Mütter-Familien brauchen die Abschaffung der würdelosen und diskriminierenden Stiefkindadoption.,Civil Rights,1,Law,Law,Civil,19163_Tagesordnungspunkt_17_GRUENE_Schauws_ID1916308600_28.05.2020.csv
32,Also machen Sie es endlich!,Civil Rights,1,Law,Law,Civil,19163_Tagesordnungspunkt_17_GRUENE_Schauws_ID1916308600_28.05.2020.csv
33,"Schon in der letzten Wahlperiode hat der Arbeitskreis Abstammungsrecht im BMJV klar empfohlen, die Situation von Co-Müttern in Deutschland gerecht zu ändern.",Civil Rights,1,Law,Law,Civil,19163_Tagesordnungspunkt_17_GRUENE_Schauws_ID1916308600_28.05.2020.csv
34,"Mittlerweile gab es drei SPD-Justizministerinnen, aber immer noch kein Gesetz.",Civil Rights,1,Law,Law,Civil,19163_Tagesordnungspunkt_17_GRUENE_Schauws_ID1916308600_28.05.2020.csv
35,"Wissen Sie, wie viele Frauenpaare mit Kindern auf dieses Gesetz warten?",Civil Rights,1,Law,Law,Civil,19163_Tagesordnungspunkt_17_GRUENE_Schauws_ID1916308600_28.05.2020.csv
36,"Ich appelliere daher an die Justizministerin, jetzt schnell zu handeln.",Civil Rights,1,Law,Law,Civil,19163_Tagesordnungspunkt_17_GRUENE_Schauws_ID1916308600_28.05.2020.csv
37,Und an Sie von der Union appelliere ich: Stimmen Sie unserem grünen Änderungsantrag zu und lassen Sie uns die Schikane in diesem Gesetz heute beenden!,Civil Rights,1,Law,Law,Civil,19163_Tagesordnungspunkt_17_GRUENE_Schauws_ID1916308600_28.05.2020.csv
38,Sonst können wir nur auf den Bundesrat hoffen.,Civil Rights,1,Law,Law,Civil,19163_Tagesordnungspunkt_17_GRUENE_Schauws_ID1916308600_28.05.2020.csv
39,Vielen Dank.,*,2,Government,Government,International,19163_Tagesordnungspunkt_17_GRUENE_Schauws_ID1916308600_28.05.2020.csv
40,"Vielen Dank, Ulle Schauws. – Da ich jetzt mehrfach darauf hingewiesen worden bin, dass es Zwischenrufe gab, die ich aber akustisch nicht so nachvollziehen konnte, werden wir das im Protokoll klären, was Sie alles reingerufen haben, und dann werde ich mich oder wird sich gegebenenfalls mein Nachfolger anschließend dazu verhalten.
– Da brauchen Sie nicht lachen.",*,2,Government,Government,International,19163_Tagesordnungspunkt_17_GRUENE_Schauws_ID1916308600_28.05.2020.csv
41,Das ist so.,*,2,Government,Government,International,19163_Tagesordnungspunkt_17_GRUENE_Schauws_ID1916308600_28.05.2020.csv
42,"Ich habe es nicht verstanden, aber ich habe gehört, dass es mehrere Zurufe gab.",*,2,Government,Government,International,19163_Tagesordnungspunkt_17_GRUENE_Schauws_ID1916308600_28.05.2020.csv
43,"Die kann ich aber nur rügen, wenn ich genau weiß, was gesagt wurde, und deswegen klären wir das jetzt im Protokoll.",*,2,Government,Government,International,19163_Tagesordnungspunkt_17_GRUENE_Schauws_ID1916308600_28.05.2020.csv
44,Jetzt hat die Kollegin Wiesmann das Wort für eine Kurzintervention.,*,2,Government,Government,International,19163_Tagesordnungspunkt_17_GRUENE_Schauws_ID1916308600_28.05.2020.csv
