,text,label_gold,segment_id,label_bert,label_parlbert,label_svm,speech_id
0,Sehr geehrte Frau Präsidentin!,*,0,Law,Law,Law,19163_Tagesordnungspunkt_17_none_Giffey_ID1916308100_28.05.2020.csv
1,Sehr geehrte Damen und Herren Abgeordnete!,*,0,Law,Law,Law,19163_Tagesordnungspunkt_17_none_Giffey_ID1916308100_28.05.2020.csv
2,Heute beraten wir den Entwurf des Adoptionshilfe-Gesetzes in zweiter und dritter Lesung.,Law and Crime,0,Law,Law,Law,19163_Tagesordnungspunkt_17_none_Giffey_ID1916308100_28.05.2020.csv
3,Es geht um ein wichtiges Vorhaben aus dem Koalitionsvertrag.,Law and Crime,0,Law,Law,Law,19163_Tagesordnungspunkt_17_none_Giffey_ID1916308100_28.05.2020.csv
4,"Es geht um Adoptionen, die Familien ein Leben lang begleiten.",Law and Crime,0,Law,Law,Law,19163_Tagesordnungspunkt_17_none_Giffey_ID1916308100_28.05.2020.csv
5,"Fast alle von Ihnen kennen vermutlich im Wahlkreis oder in der Familie Menschen, die ein Kind adoptiert haben.",Law and Crime,0,Law,Law,Law,19163_Tagesordnungspunkt_17_none_Giffey_ID1916308100_28.05.2020.csv
6,Diese Menschen haben sehr viel Mut.,Law and Crime,0,Law,Law,Law,19163_Tagesordnungspunkt_17_none_Giffey_ID1916308100_28.05.2020.csv
7,"Ich bewundere sie, und sie verdienen Hochachtung.",Law and Crime,0,Law,Law,Law,19163_Tagesordnungspunkt_17_none_Giffey_ID1916308100_28.05.2020.csv
8,"Ein Haus kann man kaufen und verkaufen, eine Ehe kann geschieden werden; aber eine Adoption ist eine elementare Entscheidung und Weichenstellung im Leben aller Beteiligten.",Law and Crime,0,Law,Law,Law,19163_Tagesordnungspunkt_17_none_Giffey_ID1916308100_28.05.2020.csv
9,"Und so eine wichtige Entscheidung braucht das bestmögliche Verfahren, die bestmögliche Unterstützung.",Law and Crime,0,Law,Law,Law,19163_Tagesordnungspunkt_17_none_Giffey_ID1916308100_28.05.2020.csv
10,Darum beraten wir heute das Adoptionshilfe-Gesetz in zweiter und dritter Lesung. 2018 wurden in Deutschland 3 733 Kinder adoptiert.,Law and Crime,0,Law,Law,Law,19163_Tagesordnungspunkt_17_none_Giffey_ID1916308100_28.05.2020.csv
11,Über 95 Prozent davon waren Inlandsadoptionen.,Law and Crime,0,Law,Law,Law,19163_Tagesordnungspunkt_17_none_Giffey_ID1916308100_28.05.2020.csv
12,Rein statistisch werden in Deutschland jeden Tag 10 Kinder adoptiert.,Law and Crime,0,Law,Law,Law,19163_Tagesordnungspunkt_17_none_Giffey_ID1916308100_28.05.2020.csv
13,"Sehr geehrte Damen und Herren, mit dem Gesetz wollen wir das Verfahren der Adoption besser machen.",Law and Crime,0,Law,Law,Law,19163_Tagesordnungspunkt_17_none_Giffey_ID1916308100_28.05.2020.csv
14,"Dabei haben wir vier Bereiche im Blick: Es geht um Beratung, Aufklärung, Vermittlung und Begleitung.",Law and Crime,0,Law,Law,Law,19163_Tagesordnungspunkt_17_none_Giffey_ID1916308100_28.05.2020.csv
15,Das heißt konkret: Wir wollen einen Rechtsanspruch auf Beratung und Begleitung auch nach der Adoption einführen.,Law and Crime,0,Law,Law,Law,19163_Tagesordnungspunkt_17_none_Giffey_ID1916308100_28.05.2020.csv
16,Wir wollen eine altersgerechte Aufklärung der Kinder von Anfang an unterstützen und den Informationsaustausch und Kontakt zwischen Herkunfts- und Adoptivfamilie fördern.,Law and Crime,0,Law,Law,Law,19163_Tagesordnungspunkt_17_none_Giffey_ID1916308100_28.05.2020.csv
17,Wir wollen für die Adoptionsvermittlungsstellen einen festgelegten Aufgabenkatalog und die bessere Kooperation zwischen den verschiedenen Fachstellen stärken.,Law and Crime,0,Law,Law,Law,19163_Tagesordnungspunkt_17_none_Giffey_ID1916308100_28.05.2020.csv
18,"Außerdem wollen wir unbegleitete Auslandsadoptionen untersagen und ein verpflichtendes Anerkennungsverfahren für Adoptionen aus dem Ausland einführen, um Kinder vor Kinderhandel zu schützen.",Law and Crime,0,Law,Law,Law,19163_Tagesordnungspunkt_17_none_Giffey_ID1916308100_28.05.2020.csv
19,"All diese Punkte haben die Sachverständigen in der Anhörung gelobt, die großen Linien wurden nicht infrage gestellt, und viele Hinweise des Bundesrates haben wir aufgegriffen.",Law and Crime,0,Law,Law,Law,19163_Tagesordnungspunkt_17_none_Giffey_ID1916308100_28.05.2020.csv
20,"Im gesamten Verfahren gab es eine gute Zusammenarbeit mit den Ländern, und ich danke an dieser Stelle allen, die am Verfahren beteiligt waren.",Law and Crime,0,Law,Law,Law,19163_Tagesordnungspunkt_17_none_Giffey_ID1916308100_28.05.2020.csv
21,Alle Fragen konnten jedoch nicht geklärt werden.,Law and Crime,0,Law,Law,Law,19163_Tagesordnungspunkt_17_none_Giffey_ID1916308100_28.05.2020.csv
22,Die SPD-Bundestagsfraktion und einige andere hatten sich für eine Ausnahme lesbischer Paare von der verpflichtenden Beratung bei Stiefkindadoptionen eingesetzt.,Civil Rights,0,Law,Law,Law,19163_Tagesordnungspunkt_17_none_Giffey_ID1916308100_28.05.2020.csv
23,"Wir wissen, wie wichtig dieses Thema für lesbische Paare ist.",Civil Rights,0,Law,Law,Law,19163_Tagesordnungspunkt_17_none_Giffey_ID1916308100_28.05.2020.csv
24,Leider können wir diese Frage im Adoptionshilfe-Gesetz nicht lösen.,Civil Rights,0,Law,Law,Law,19163_Tagesordnungspunkt_17_none_Giffey_ID1916308100_28.05.2020.csv
25,Diese Thematik müssen wir im Abstammungsrecht regeln.,Civil Rights,0,Law,Law,Law,19163_Tagesordnungspunkt_17_none_Giffey_ID1916308100_28.05.2020.csv
26,"Ich weiß, wie wichtig das Thema Stiefkindadoption für lesbische Paare ist, und deshalb setze ich mich entschieden für den Abbau von Diskriminierungen bei Regenbogenfamilien ein.",Civil Rights,0,Law,Law,Law,19163_Tagesordnungspunkt_17_none_Giffey_ID1916308100_28.05.2020.csv
27,"Es gibt dazu einen Diskussionsvorschlag aus dem Justizministerium, die sogenannte Mit-Mutterschaft.",Civil Rights,0,Law,Law,Law,19163_Tagesordnungspunkt_17_none_Giffey_ID1916308100_28.05.2020.csv
28,"Und damit würden wir erreichen, dass bei Stiefkindadoptionen für lesbische Paare die Beratung wegfällt.",Civil Rights,0,Law,Law,Law,19163_Tagesordnungspunkt_17_none_Giffey_ID1916308100_28.05.2020.csv
29,"Für diese Regelung werde ich mich starkmachen; denn Zwei-Mütter-Familien, in die ein Kind hineingeboren wird, sind keine Adoptions-, sondern Herkunftsfamilien.",Civil Rights,0,Law,Law,Law,19163_Tagesordnungspunkt_17_none_Giffey_ID1916308100_28.05.2020.csv
30,"Sehr geehrte Kolleginnen und Kollegen, alles in allem machen wir mit dem Adoptionshilfe-Gesetz einen wichtigen Schritt, um Familien besser bei der Adoption zu begleiten.",Civil Rights,0,Law,Law,Law,19163_Tagesordnungspunkt_17_none_Giffey_ID1916308100_28.05.2020.csv
31,"Wir helfen und unterstützen bei der wichtigsten Entscheidung ihres Lebens, und deshalb bitte ich Sie heute um Zustimmung.",Civil Rights,0,Law,Law,Law,19163_Tagesordnungspunkt_17_none_Giffey_ID1916308100_28.05.2020.csv
32,"Vielen Dank, Dr.",*,0,Law,Law,Law,19163_Tagesordnungspunkt_17_none_Giffey_ID1916308100_28.05.2020.csv
33,Giffey. – Nächster Redner: für die AfD-Fraktion Frank Pasemann.,*,0,Law,Law,Law,19163_Tagesordnungspunkt_17_none_Giffey_ID1916308100_28.05.2020.csv
