,text,label_gold,segment_id,label_bert,label_parlbert,label_svm,speech_id
0,Sehr geehrter Herr Präsident!,*,0,Law,Law,Law,19163_Tagesordnungspunkt_17_CDU_CSU_Pantel_ID1916309100_28.05.2020.csv
1,Meine lieben Kolleginnen und Kollegen!,*,0,Law,Law,Law,19163_Tagesordnungspunkt_17_CDU_CSU_Pantel_ID1916309100_28.05.2020.csv
2,Meine sehr geehrten Damen und Herren!,*,0,Law,Law,Law,19163_Tagesordnungspunkt_17_CDU_CSU_Pantel_ID1916309100_28.05.2020.csv
3,"Bei aller politischen Unterschiedlichkeit sind wir doch bemüht, das Beste für unsere Familien und gerade eben für unsere Kinder gesetzlich zu regeln.",Law and Crime,0,Law,Law,Law,19163_Tagesordnungspunkt_17_CDU_CSU_Pantel_ID1916309100_28.05.2020.csv
4,Unsere Herangehensweise ist unterschiedlich; aber das Kindeswohl ist das Maß unseres Handelns und steht im Mittelpunkt unserer Gesetzgebung.,Law and Crime,0,Law,Law,Law,19163_Tagesordnungspunkt_17_CDU_CSU_Pantel_ID1916309100_28.05.2020.csv
5,"Für uns ist Beratung nicht würdelos, und auch heterogene Paare werden beraten.
2018 – Frau Ministerin hatte es schon gesagt – wurden 3 733 Kinder adoptiert; davon waren es bei 176 Kindern Auslandsadoptionen.",Law and Crime,0,Law,Law,Law,19163_Tagesordnungspunkt_17_CDU_CSU_Pantel_ID1916309100_28.05.2020.csv
6,"Nicht jeder familiäre Kontext, in den ein Kind hineingeboren wird, ist für das Kind gesund.",Law and Crime,0,Law,Law,Law,19163_Tagesordnungspunkt_17_CDU_CSU_Pantel_ID1916309100_28.05.2020.csv
7,"Es ist notwendig, dass die abgebenden Eltern umfassend über mögliche Hilfe- und Unterstützungsmaßnahmen im Rahmen der Kinder- und Jugendhilfe informiert sind, damit sie in Kenntnis all ihrer Möglichkeiten für sich entscheiden können, ob die Freigabe ihres Kindes zur Adoption der beste Weg für das Kind ist oder ob sie sich mit den entsprechenden Hilfe- und Unterstützungsangeboten zutrauen, für ihr Kind doch selber zu sorgen.",Law and Crime,0,Law,Law,Law,19163_Tagesordnungspunkt_17_CDU_CSU_Pantel_ID1916309100_28.05.2020.csv
8,"Bei jedem Menschen besteht das Bedürfnis, etwas über seine Wurzeln und seine Identität zu erfahren; das Wissen um die eigene Herkunft ist für viele adoptierte Kinder enorm wichtig.",Law and Crime,0,Law,Law,Law,19163_Tagesordnungspunkt_17_CDU_CSU_Pantel_ID1916309100_28.05.2020.csv
9,Deshalb wird mit dem Gesetz ein offener und selbstverständlicher Umgang mit der Adoption gefördert.,Law and Crime,0,Law,Law,Law,19163_Tagesordnungspunkt_17_CDU_CSU_Pantel_ID1916309100_28.05.2020.csv
10,"Die Adoptionsvermittlungsstellen sollen die Adoptiveltern dahin gehend beraten und ermutigen, dass sie das Kind von Anfang an altersentsprechend über die Tatsache der Adoption aufklären.",Law and Crime,0,Law,Law,Law,19163_Tagesordnungspunkt_17_CDU_CSU_Pantel_ID1916309100_28.05.2020.csv
11,Deshalb soll es vor und auch nach der Adoption Beratungsangebote geben.,Law and Crime,0,Law,Law,Law,19163_Tagesordnungspunkt_17_CDU_CSU_Pantel_ID1916309100_28.05.2020.csv
12,"Die Entscheidung, ein Kind zu adoptieren, aber besonders der Entschluss der leiblichen Eltern, ein Kind zur Adoption freizugeben, ist eine so tiefgreifende Entscheidung, die das Leben aller Betroffenen lebenslang bindet und auch bestehende Familienstrukturen wie Oma, Opa, Tante, Onkel, Cousin und Cousine wirklich maßgebend verändert.",Law and Crime,0,Law,Law,Law,19163_Tagesordnungspunkt_17_CDU_CSU_Pantel_ID1916309100_28.05.2020.csv
13,"Deshalb ist es wichtig, dass die Beteiligten auf alle Konsequenzen hingewiesen werden und eine gute Beratung und Begleitung erfahren.",Law and Crime,0,Law,Law,Law,19163_Tagesordnungspunkt_17_CDU_CSU_Pantel_ID1916309100_28.05.2020.csv
14,Hier setzt das Adoptionshilfe-Gesetz an.,Law and Crime,0,Law,Law,Law,19163_Tagesordnungspunkt_17_CDU_CSU_Pantel_ID1916309100_28.05.2020.csv
15,"Weil den Adoptionsvermittlungsstellen eine tragende Rolle zukommt, müssen ihre Strukturen gestärkt werden.",Law and Crime,0,Law,Law,Law,19163_Tagesordnungspunkt_17_CDU_CSU_Pantel_ID1916309100_28.05.2020.csv
16,Es wird ein Aufgabenkatalog festgelegt und die Kooperation zwischen den verschiedenen Fachstellen wie zum Beispiel der Schwangerschaftsberatung oder der Erziehungsberatung ausgebaut.,Law and Crime,0,Law,Law,Law,19163_Tagesordnungspunkt_17_CDU_CSU_Pantel_ID1916309100_28.05.2020.csv
17,"Um auch die Kinder, die aus dem Ausland adoptiert werden sollen, zu schützen, werden unbegleitete Auslandsadoptionen grundsätzlich untersagt.",Law and Crime,0,Law,Law,Law,19163_Tagesordnungspunkt_17_CDU_CSU_Pantel_ID1916309100_28.05.2020.csv
18,Es soll ein verpflichtendes Anerkennungsverfahren für Adoptionen aus dem Ausland eingeführt werden.,Law and Crime,0,Law,Law,Law,19163_Tagesordnungspunkt_17_CDU_CSU_Pantel_ID1916309100_28.05.2020.csv
19,"Damit schützen wir die Kinder und wollen verhindern, dass sich eine Art Markt entwickelt.",Law and Crime,0,Law,Law,Law,19163_Tagesordnungspunkt_17_CDU_CSU_Pantel_ID1916309100_28.05.2020.csv
20,So werden die Adoptionsfamilien auf die besondere Herausforderung einer Auslandsadoption gut vorbereitet.,Law and Crime,0,Law,Law,Law,19163_Tagesordnungspunkt_17_CDU_CSU_Pantel_ID1916309100_28.05.2020.csv
21,"Mit diesem Gesetz sollen die an der Adoption beteiligten leiblichen Eltern, die Adoptiveltern und vor allem die Kinder gestärkt und ein gutes Gelingen der Adoption unterstützt werden.",Law and Crime,0,Law,Law,Law,19163_Tagesordnungspunkt_17_CDU_CSU_Pantel_ID1916309100_28.05.2020.csv
22,"Frau Kollegin, kommen Sie zum Ende.",*,0,Law,Law,Law,19163_Tagesordnungspunkt_17_CDU_CSU_Pantel_ID1916309100_28.05.2020.csv
23,Deshalb ist das Gesetz ein gutes Gesetz.,Labor,0,Law,Law,Law,19163_Tagesordnungspunkt_17_CDU_CSU_Pantel_ID1916309100_28.05.2020.csv
24,Wir haben immer das Wohl des Kindes als Allererstes und ganz oben im Blick.,Labor,0,Law,Law,Law,19163_Tagesordnungspunkt_17_CDU_CSU_Pantel_ID1916309100_28.05.2020.csv
25,Herzlichen Dank.,*,0,Law,Law,Law,19163_Tagesordnungspunkt_17_CDU_CSU_Pantel_ID1916309100_28.05.2020.csv
26,Vielen Dank. – Ich schließe die Aussprache zu diesem Tagesordnungspunkt.,*,0,Law,Law,Law,19163_Tagesordnungspunkt_17_CDU_CSU_Pantel_ID1916309100_28.05.2020.csv
