,text,label_gold,segment_id,label_bert,label_parlbert,label_svm,speech_id
0,Sehr geehrte Frau Präsidentin!,*,0,Law,Law,Law,19163_Tagesordnungspunkt_17_CDU_CSU_Breher_ID1916309000_28.05.2020.csv
1,Liebe Kolleginnen und Kollegen!,*,0,Law,Law,Law,19163_Tagesordnungspunkt_17_CDU_CSU_Breher_ID1916309000_28.05.2020.csv
2,"Ich habe mir gewünscht, dass wir heute ein bisschen mehr über die positiven Dinge in diesem Gesetz sprechen, über die wesentlichen Inhalte, über die wir uns im Grunde einig sind – bis auf diesen einen Punkt der Stiefkindadoption, der aber jetzt so einen breiten Raum eingenommen hat.",Law and Crime,0,Law,Law,Law,19163_Tagesordnungspunkt_17_CDU_CSU_Breher_ID1916309000_28.05.2020.csv
3,Ich werde dazu gleich noch ein bisschen was sagen.,Law and Crime,0,Law,Law,Law,19163_Tagesordnungspunkt_17_CDU_CSU_Breher_ID1916309000_28.05.2020.csv
4,"Zunächst einmal möchten wir mit diesem Gesetz doch eines fördern: das Gelingen der Adoption, und zwar aus Sicht des Kindes, damit es dem adoptierten Kind möglich wird, gut aufzuwachsen und in seiner neuen Familie zu einem gesunden und frohen Leben zu finden.",Law and Crime,0,Law,Law,Law,19163_Tagesordnungspunkt_17_CDU_CSU_Breher_ID1916309000_28.05.2020.csv
5,"Dazu haben wir die Beratungspflichten in dieses Gesetz aufgenommen, ein Recht auf Begleitung auch über die Adoption hinaus, ein Recht auf unterstützende Beratung für die abgebenden Eltern, dass sie wissen: Was können wir statt Adoption sonst noch machen?",Law and Crime,0,Law,Law,Law,19163_Tagesordnungspunkt_17_CDU_CSU_Breher_ID1916309000_28.05.2020.csv
6,All dies sind ganz wichtige Punkte in diesem Gesetz.,Law and Crime,0,Law,Law,Law,19163_Tagesordnungspunkt_17_CDU_CSU_Breher_ID1916309000_28.05.2020.csv
7,"Ich freue mich, dass es gelungen ist, dieses entsprechend umzusetzen.",Law and Crime,0,Law,Law,Law,19163_Tagesordnungspunkt_17_CDU_CSU_Breher_ID1916309000_28.05.2020.csv
8,"Einen Punkt möchte ich hier noch einmal ganz besonders hervorheben, und zwar den offenen Umgang mit der Adoption.",Law and Crime,0,Law,Law,Law,19163_Tagesordnungspunkt_17_CDU_CSU_Breher_ID1916309000_28.05.2020.csv
9,"Es ist doch so, dass Eltern nicht wissen: Sage ich es meinem adoptierten Kind, und wie sage ich es?",Law and Crime,0,Law,Law,Law,19163_Tagesordnungspunkt_17_CDU_CSU_Breher_ID1916309000_28.05.2020.csv
10,Wie gehe ich um mit dem Thema Adoption?,Law and Crime,0,Law,Law,Law,19163_Tagesordnungspunkt_17_CDU_CSU_Breher_ID1916309000_28.05.2020.csv
11,"Deswegen ist es gut und richtig, dass die Adoptionsvermittlungsstellen jetzt angehalten werden, zu beraten, zu begleiten und zu erklären, was im Sinne des Kindes an welcher Position im Leben mitgeteilt werden kann: ein offener Umgang mit der Herkunfts- und am Ende auch mit der Adoptionsfamilie.",Law and Crime,0,Law,Law,Law,19163_Tagesordnungspunkt_17_CDU_CSU_Breher_ID1916309000_28.05.2020.csv
12,Wir fördern auch den Kontakt zwischen Herkunfts- und Adoptionsfamilie.,Law and Crime,0,Law,Law,Law,19163_Tagesordnungspunkt_17_CDU_CSU_Breher_ID1916309000_28.05.2020.csv
13,Überall dort werden die Familien begleitet und unterstützt.,Law and Crime,0,Law,Law,Law,19163_Tagesordnungspunkt_17_CDU_CSU_Breher_ID1916309000_28.05.2020.csv
14,"Was für uns ganz wichtig ist, ist, dass wir die unbegleitete Auslandsadoption jetzt endlich untersagen.",Law and Crime,0,Law,Law,Law,19163_Tagesordnungspunkt_17_CDU_CSU_Breher_ID1916309000_28.05.2020.csv
15,"Wir gehen gegen den Kinderhandel vor, gegen das Kaufen eines Kindes im Ausland ohne jegliche Kontrolle und Begleitung.",Law and Crime,0,Law,Law,Law,19163_Tagesordnungspunkt_17_CDU_CSU_Breher_ID1916309000_28.05.2020.csv
16,"Zukünftig werden diese Adoptionen von einer Fachstelle nach unseren Standards beraten und begleitet, damit auch die Kinder aus dem Ausland mit ihren Familien den gleichen Schutz erfahren wie die Kinder in Deutschland.",Law and Crime,0,Law,Law,Law,19163_Tagesordnungspunkt_17_CDU_CSU_Breher_ID1916309000_28.05.2020.csv
17,"Das ist für mich ein ganz, ganz wichtiger positiver Faktor in diesem Gesetz.",Law and Crime,0,Law,Law,Law,19163_Tagesordnungspunkt_17_CDU_CSU_Breher_ID1916309000_28.05.2020.csv
18,"Herr Pasemann, da Sie sich hier ja immer hinstellen und sagen, was alles nicht toll und was alles bescheiden an unserem Gesetz ist: Ganz ehrlich: Ich kenne einen in dieser Debatte, von dem habe ich nicht einen einzigen konstruktiven Vorschlag gehört, und das sind Sie.",Law and Crime,0,Law,Law,Law,19163_Tagesordnungspunkt_17_CDU_CSU_Breher_ID1916309000_28.05.2020.csv
19,Sie haben keinen Änderungsvorschlag vorgelegt.,Law and Crime,0,Law,Law,Law,19163_Tagesordnungspunkt_17_CDU_CSU_Breher_ID1916309000_28.05.2020.csv
20,"Aber eines habe ich von Ihnen gehört: im Ausschuss gestern die Bemerkung, wir könnten die Auslandsadoptionen doch begrenzen.",Law and Crime,0,Law,Law,Law,19163_Tagesordnungspunkt_17_CDU_CSU_Breher_ID1916309000_28.05.2020.csv
21,Was für ein grandioser Vorschlag!,Law and Crime,0,Law,Law,Law,19163_Tagesordnungspunkt_17_CDU_CSU_Breher_ID1916309000_28.05.2020.csv
22,"Vielleicht würden Sie sich mal mit dem Inhalt des Gesetzes beschäftigen,
mit den positiven Bildern und mit den Vorteilen, die wir für die Kinder und Familien mit diesem Gesetz auf den Weg bringen.",Law and Crime,0,Law,Law,Law,19163_Tagesordnungspunkt_17_CDU_CSU_Breher_ID1916309000_28.05.2020.csv
23,"Ich möchte jetzt doch noch mal was zu den Anträgen sagen: Ja, die Beratungspflicht gilt zukünftig auch für die Stiefkindadoptionen.",Law and Crime,0,Law,Law,Law,19163_Tagesordnungspunkt_17_CDU_CSU_Breher_ID1916309000_28.05.2020.csv
24,"Alle Sachverständigen haben gesagt, dass es sinnvoll ist, die Beratungspflicht auf Stiefkindadoptionen auszuweiten.",Law and Crime,0,Law,Law,Law,19163_Tagesordnungspunkt_17_CDU_CSU_Breher_ID1916309000_28.05.2020.csv
25,"Sie haben aber sehr wohl auch auf diesen Punkt hingewiesen, der in Ihren Anträgen vorhanden ist.",Law and Crime,0,Law,Law,Law,19163_Tagesordnungspunkt_17_CDU_CSU_Breher_ID1916309000_28.05.2020.csv
26,Auch wir – und das wissen Sie – haben über diesen Punkt debattiert und intensiv gesprochen.,Law and Crime,0,Law,Law,Law,19163_Tagesordnungspunkt_17_CDU_CSU_Breher_ID1916309000_28.05.2020.csv
27,"Wir kennen die Situation der lesbischen Elternpaare, und wenn wir ganz ehrlich sind – die Ministerin hat es vorhin schon gesagt –, dann ist das Ergebnis Ihrer Anträge nur Make-up in dieser Diskussion.",Law and Crime,0,Law,Law,Law,19163_Tagesordnungspunkt_17_CDU_CSU_Breher_ID1916309000_28.05.2020.csv
28,Sie beendet nämlich nicht die Situation.,Law and Crime,0,Law,Law,Law,19163_Tagesordnungspunkt_17_CDU_CSU_Breher_ID1916309000_28.05.2020.csv
29,"Es ist doch nicht die Frage, ob bei Stiefkindadoptionen beraten wird oder nicht; es ist doch eine Frage des Abstammungsrechtes, und ob lesbische Elternpaare am Ende überhaupt eine Stiefkindadoption durchführen müssen.",Law and Crime,0,Law,Law,Law,19163_Tagesordnungspunkt_17_CDU_CSU_Breher_ID1916309000_28.05.2020.csv
30,Diese Diskussion gehört nicht in dieses Gesetz.,Law and Crime,0,Law,Law,Law,19163_Tagesordnungspunkt_17_CDU_CSU_Breher_ID1916309000_28.05.2020.csv
31,"Diese Diskussion gehört ins Abstammungsrecht, und wir werden diese Diskussion im Rechtsausschuss weiterführen und dort intensiv diskutieren.",Law and Crime,0,Law,Law,Law,19163_Tagesordnungspunkt_17_CDU_CSU_Breher_ID1916309000_28.05.2020.csv
32,"Deshalb: Abgesehen von dieser Diskussion ist es ein gutes Gesetz, und ich bitte um Ihre Zustimmung.",Law and Crime,0,Law,Law,Law,19163_Tagesordnungspunkt_17_CDU_CSU_Breher_ID1916309000_28.05.2020.csv
33,"Vielen Dank, Frau Kollegin. – Die letzte Rednerin für die CDU/CSU-Fraktion ist die Kollegin Sylvia Pantel.",*,0,Law,Law,Law,19163_Tagesordnungspunkt_17_CDU_CSU_Breher_ID1916309000_28.05.2020.csv
