,text,label_gold,segment_id,label_bert,label_parlbert,label_svm,speech_id
0,Sehr geehrte Frau Präsidentin!,*,0,Law,Law,Civil,19163_Tagesordnungspunkt_17_FDP_Foest_ID1916308400_28.05.2020.csv
1,Werte Kolleginnen und Kollegen!,*,0,Law,Law,Civil,19163_Tagesordnungspunkt_17_FDP_Foest_ID1916308400_28.05.2020.csv
2,"Es ist wichtig, dass sich der Bundestag intensiv mit dem Thema Adoption beschäftigt.",Law and Crime,0,Law,Law,Civil,19163_Tagesordnungspunkt_17_FDP_Foest_ID1916308400_28.05.2020.csv
3,"Die Adoption ist lebensverändernd, nicht nur für das Kind, sondern auch für die Herkunfts- und für die Adoptiveltern.",Law and Crime,0,Law,Law,Civil,19163_Tagesordnungspunkt_17_FDP_Foest_ID1916308400_28.05.2020.csv
4,"Insgesamt ist es richtig und wichtig, dass das deutsche Adoptionsrecht endlich reformiert wird.",Law and Crime,0,Law,Law,Civil,19163_Tagesordnungspunkt_17_FDP_Foest_ID1916308400_28.05.2020.csv
5,"Wir müssen auch zugeben bzw. anerkennen, dass im Adoptionshilfe-Gesetz auch einige ordentliche, einige richtige Dinge stehen: das Verbot der unbegleiteten Auslandsadoption, die Evaluation des Gesetzes – das könnten Sie übrigens sehr viel öfter in Ihre Gesetze schreiben –, auch die verpflichtende Beratung.",Law and Crime,0,Law,Law,Civil,19163_Tagesordnungspunkt_17_FDP_Foest_ID1916308400_28.05.2020.csv
6,"Damit können wir Freien Demokraten leben, obwohl ich sehr skeptisch bin, ob der Beratungsmehraufwand wirklich so abgefedert werden kann, wie Sie sich das vorstellen.",Law and Crime,0,Law,Law,Civil,19163_Tagesordnungspunkt_17_FDP_Foest_ID1916308400_28.05.2020.csv
7,"Bei den durchaus positiven Ansätzen, die Sie im Gesetz formuliert haben, verstehe ich nicht, warum Sie das Thema nicht gleich komplett richtig angegangen sind.",Law and Crime,0,Law,Law,Civil,19163_Tagesordnungspunkt_17_FDP_Foest_ID1916308400_28.05.2020.csv
8,Das Adoptionshilfe-Gesetz hilft sicherlich vielen Menschen.,Law and Crime,0,Law,Law,Civil,19163_Tagesordnungspunkt_17_FDP_Foest_ID1916308400_28.05.2020.csv
9,"Aber es verschärft gleichzeitig eine besondere Diskriminierung, und zwar die von lesbischen Paaren, die von Zwei-Mütter-Familien.",Civil Rights,0,Law,Law,Civil,19163_Tagesordnungspunkt_17_FDP_Foest_ID1916308400_28.05.2020.csv
10,Und das ist nicht tragbar.,Civil Rights,0,Law,Law,Civil,19163_Tagesordnungspunkt_17_FDP_Foest_ID1916308400_28.05.2020.csv
11,"Die verpflichtende Beratung für Stiefkindadoption in Kombination mit der immer noch fehlenden Reform des Abstammungsrechts schafft nicht nur keine Klarheit für diese Damen, sondern – im Gegenteil – es schafft noch weitere Diskriminierung.",Civil Rights,0,Law,Law,Civil,19163_Tagesordnungspunkt_17_FDP_Foest_ID1916308400_28.05.2020.csv
12,"Erst gestern im Familienausschuss haben sich CDU/CSU und SPD geweigert, diese zusätzliche Diskriminierung zu verhindern, weil sie den Änderungsanträgen nicht zugestimmt haben.",Civil Rights,0,Law,Law,Civil,19163_Tagesordnungspunkt_17_FDP_Foest_ID1916308400_28.05.2020.csv
13,"Nach wie vor müssen Zwei-Mütter-Familien die Stiefkindadoption durchlaufen, was jetzt noch aufwendiger wird.",Civil Rights,0,Law,Law,Civil,19163_Tagesordnungspunkt_17_FDP_Foest_ID1916308400_28.05.2020.csv
14,Dabei handelt es sich gar nicht um eine Stiefkindadoption.,Civil Rights,0,Law,Law,Civil,19163_Tagesordnungspunkt_17_FDP_Foest_ID1916308400_28.05.2020.csv
15,"Wenn zwei verheiratete bzw. verpartnerte Frauen mit expliziter oder impliziter Zustimmung des biologischen Vaters ein Kind kriegen bzw. ein Kind in ihre Familie aufnehmen, dann geht es um die Anerkennung der Elternschaft und nicht um die Stiefkindadoption.",Civil Rights,0,Law,Law,Civil,19163_Tagesordnungspunkt_17_FDP_Foest_ID1916308400_28.05.2020.csv
16,Die Anhörung zu Ihrem Adoptionshilfe-Gesetz hat gezeigt – die Ausschusssitzung gestern auch noch mal –: Der Nachbesserungsbedarf bei Zwei-Mütter-Familien wird von allen gesehen.,Civil Rights,0,Law,Law,Civil,19163_Tagesordnungspunkt_17_FDP_Foest_ID1916308400_28.05.2020.csv
17,Aber eine Nachbesserung scheitert immer wieder an der Großen Koalition. – Mir wäre das peinlich.,Civil Rights,0,Law,Law,Civil,19163_Tagesordnungspunkt_17_FDP_Foest_ID1916308400_28.05.2020.csv
18,"Wir Freie Demokraten haben deshalb hier einen Entschließungsantrag vorgelegt, der diese Diskriminierung beenden soll.",Civil Rights,0,Law,Law,Civil,19163_Tagesordnungspunkt_17_FDP_Foest_ID1916308400_28.05.2020.csv
19,Die Ehe für alle ist geltendes Recht.,Civil Rights,0,Law,Law,Civil,19163_Tagesordnungspunkt_17_FDP_Foest_ID1916308400_28.05.2020.csv
20,"Aber die Große Koalition weigert sich seit Jahren, Gleichheit herzustellen und das Abstammungsrecht zu modernisieren.",Civil Rights,0,Law,Law,Civil,19163_Tagesordnungspunkt_17_FDP_Foest_ID1916308400_28.05.2020.csv
21,Wir Freie Demokraten und auch viele andere in der Opposition wollen das ändern.,Civil Rights,0,Law,Law,Civil,19163_Tagesordnungspunkt_17_FDP_Foest_ID1916308400_28.05.2020.csv
22,"Mich stimmt es wirklich traurig, wenn Menschen dafür kämpfen müssen, auch vor dem Gesetz die Eltern ihrer Kinder zu sein.",Civil Rights,0,Law,Law,Civil,19163_Tagesordnungspunkt_17_FDP_Foest_ID1916308400_28.05.2020.csv
23,"Viele von Ihnen, werte Kolleginnen und Kollegen, sind selber Eltern.",Civil Rights,0,Law,Law,Civil,19163_Tagesordnungspunkt_17_FDP_Foest_ID1916308400_28.05.2020.csv
24,Versetzen Sie sich einmal in die Lage der betroffenen Mütter.,Civil Rights,0,Law,Law,Civil,19163_Tagesordnungspunkt_17_FDP_Foest_ID1916308400_28.05.2020.csv
25,"Wenn Sie das getan haben, müssen Sie unserem Entschließungsantrag zustimmen.",Civil Rights,0,Law,Law,Civil,19163_Tagesordnungspunkt_17_FDP_Foest_ID1916308400_28.05.2020.csv
26,Vielen Dank.,*,0,Law,Law,Civil,19163_Tagesordnungspunkt_17_FDP_Foest_ID1916308400_28.05.2020.csv
27,"Vielen Dank, Daniel Föst. – Nächste Rednerin: für Die Linke Katrin Werner.",*,0,Law,Law,Civil,19163_Tagesordnungspunkt_17_FDP_Foest_ID1916308400_28.05.2020.csv
