,text,label_gold,segment_id,label_bert,label_parlbert,label_svm,speech_id
0,Sehr geehrte Frau Präsidentin!,*,0,Law,Law,Law,19163_Tagesordnungspunkt_17_AfD_Pasemann_ID1916308200_28.05.2020.csv
1,Meine Damen und Herren!,*,0,Law,Law,Law,19163_Tagesordnungspunkt_17_AfD_Pasemann_ID1916308200_28.05.2020.csv
2,"Nachdem bei meiner letzten Rede einige Kollegen hier so nett darauf reagiert haben, sage ich auch heute wieder: Werte Zuschauer an den Fernsehgeräten und vor allen Dingen – für die AfD viel wichtiger – auf YouTube, Facebook und sonstigen sozialen Kanälen.",*,0,Law,Law,Law,19163_Tagesordnungspunkt_17_AfD_Pasemann_ID1916308200_28.05.2020.csv
3,"In meinem Redebeitrag zur ersten Lesung dieses Gesetzentwurfes ging ich unter anderem darauf ein, dass es sich bei dem vorliegenden Entwurf um nur minimale Verbesserungen des aktuellen Status quo handele.",Law and Crime,0,Law,Law,Law,19163_Tagesordnungspunkt_17_AfD_Pasemann_ID1916308200_28.05.2020.csv
4,Der Entwurf werde nicht mal dem eigenen Anspruch aus dem Koalitionsvertrag gerecht und bleibe somit sogar hinter dem Kompromiss der Koalitionspartner zurück.,Law and Crime,0,Law,Law,Law,19163_Tagesordnungspunkt_17_AfD_Pasemann_ID1916308200_28.05.2020.csv
5,"Von einem modernen Adoptionsrecht ist hier die Rede und davon, die Abläufe zu vereinfachen.",Law and Crime,0,Law,Law,Law,19163_Tagesordnungspunkt_17_AfD_Pasemann_ID1916308200_28.05.2020.csv
6,Das Gegenteil ist leider bei diesem Entwurf der Fall.,Law and Crime,0,Law,Law,Law,19163_Tagesordnungspunkt_17_AfD_Pasemann_ID1916308200_28.05.2020.csv
7,"Der bürokratische Aufwand wird noch weiter verstärkt, und selbst bei der Stiefkindadoption wird eine Begleitung durch Caritas und andere Verbände verpflichtend.",Law and Crime,0,Law,Law,Law,19163_Tagesordnungspunkt_17_AfD_Pasemann_ID1916308200_28.05.2020.csv
8,Bei der Stiefkindadoption handelt es sich jedoch nur um die rechtliche Würdigung einer bereits real bestehenden Situation.,Law and Crime,0,Law,Law,Law,19163_Tagesordnungspunkt_17_AfD_Pasemann_ID1916308200_28.05.2020.csv
9,In einer Familie lebende Partner übernehmen Verantwortung für die Kinder des jeweils anderen Partners durch Adoption.,Law and Crime,0,Law,Law,Law,19163_Tagesordnungspunkt_17_AfD_Pasemann_ID1916308200_28.05.2020.csv
10,Wieso mischt sich der Staat hier also unter dem Vorwand des Kindeswohls in höchst familiäre Prozesse ein?,Law and Crime,0,Law,Law,Law,19163_Tagesordnungspunkt_17_AfD_Pasemann_ID1916308200_28.05.2020.csv
11,Der staatlich forcierte Eingriff durch die Familienpolitik der Bundesregierung in familiäre Abläufe zeigt sich noch an anderer Stelle überdeutlich: bei der gewünschten und hier diskutierten Aufnahme besonderer Kinderrechte ins Grundgesetz.,Law and Crime,0,Law,Law,Law,19163_Tagesordnungspunkt_17_AfD_Pasemann_ID1916308200_28.05.2020.csv
12,"Ich zitiere mit Genehmigung der Präsidentin: „Wir wollen die Lufthoheit über die Kinderbetten erobern“, nannte dies der sozialdemokratische Kulturrevolutionär Olaf Scholz.",Law and Crime,0,Law,Law,Law,19163_Tagesordnungspunkt_17_AfD_Pasemann_ID1916308200_28.05.2020.csv
13,"Statt die Adoption als eine echte Alternative zur Abtreibung in Betracht zu ziehen, wird in Coronazeiten darüber schwadroniert, die sogenannte Schwangerenkonfliktberatung zu digitalisieren.",Law and Crime,0,Law,Law,Law,19163_Tagesordnungspunkt_17_AfD_Pasemann_ID1916308200_28.05.2020.csv
14,"Damit würde die Abtreibung und – das kann nicht oft genug gesagt werden –
die Tötung von ungeborenen menschlichen Leben noch einfacher gemacht.",Law and Crime,0,Law,Law,Law,19163_Tagesordnungspunkt_17_AfD_Pasemann_ID1916308200_28.05.2020.csv
15,"Zu befürchten steht, dass womöglich Regelungen geschaffen werden, die weit über die derzeitige Coronakrise hinaus gelten werden.",Law and Crime,0,Law,Law,Law,19163_Tagesordnungspunkt_17_AfD_Pasemann_ID1916308200_28.05.2020.csv
16,"Um aus der Adoption ein wirksames Instrument der Willkommenskultur für Kinder zu machen, wie es die AfD fordert, bedürfte es einer rechtlichen Vereinfachung und vor allem einer Entbürokratisierung.",Law and Crime,0,Law,Law,Law,19163_Tagesordnungspunkt_17_AfD_Pasemann_ID1916308200_28.05.2020.csv
17,Auch das Gesetz zum Ausbau der Hilfen für Schwangere und zur Regelung der vertraulichen Geburt hätte hier mit bedacht werden müssen.,Law and Crime,0,Law,Law,Law,19163_Tagesordnungspunkt_17_AfD_Pasemann_ID1916308200_28.05.2020.csv
18,Nichts davon findet sich im vorliegenden Gesetzentwurf wieder.,Law and Crime,0,Law,Law,Law,19163_Tagesordnungspunkt_17_AfD_Pasemann_ID1916308200_28.05.2020.csv
19,"Allein die im Entwurf vorgesehene Regelung zum Auskunftsrecht des Adoptivkindes über seine Herkunftseltern möchten wir als positiv hervorheben, da hier echte Hilfe möglich und nötig erscheint.",Law and Crime,0,Law,Law,Law,19163_Tagesordnungspunkt_17_AfD_Pasemann_ID1916308200_28.05.2020.csv
20,Die AfD-Fraktion wird sich zu diesem Entwurf enthalten und fordert eine tatsächliche – und dem Wort gerecht werdende – Verbesserung im Adoptionswesen.,Social Welfare,0,Law,Law,Law,19163_Tagesordnungspunkt_17_AfD_Pasemann_ID1916308200_28.05.2020.csv
21,"Das sind wir einerseits den Kindern und Jugendlichen schuldig, die nach wie vor in Pflegeheimen oft überbeanspruchten und unterbezahlten Betreuern gegenüberstehen, anstatt in eine Pflegefamilie vermittelt zu werden, weil die gesetzlichen Anforderungen hierfür zu hoch sind.",Social Welfare,0,Law,Law,Law,19163_Tagesordnungspunkt_17_AfD_Pasemann_ID1916308200_28.05.2020.csv
22,"Wir sind es aber andererseits auch den nie ins Leben kommenden Kindern schuldig, die die derzeit politischen Verantwortlichen lieber abgetrieben sehen, weil sie „ungewollt“ entstanden sind.",Social Welfare,0,Law,Law,Law,19163_Tagesordnungspunkt_17_AfD_Pasemann_ID1916308200_28.05.2020.csv
23,"Für uns als AfD-Fraktion ist und bleibt die Familie jedenfalls die beste Pflegeeinrichtung, ob es nun die eigene ist oder eine fremde, deren Kinderwunsch unerfüllt blieb.",Social Welfare,0,Law,Law,Law,19163_Tagesordnungspunkt_17_AfD_Pasemann_ID1916308200_28.05.2020.csv
24,Vielen Dank.,Social Welfare,0,Law,Law,Law,19163_Tagesordnungspunkt_17_AfD_Pasemann_ID1916308200_28.05.2020.csv
25,Danke schön.,Social Welfare,0,Law,Law,Law,19163_Tagesordnungspunkt_17_AfD_Pasemann_ID1916308200_28.05.2020.csv
26,Nächste Rednerin: für die CDU/CSU-Fraktion Dr.,Social Welfare,0,Law,Law,Law,19163_Tagesordnungspunkt_17_AfD_Pasemann_ID1916308200_28.05.2020.csv
27,Silke Launert.,Social Welfare,0,Law,Law,Law,19163_Tagesordnungspunkt_17_AfD_Pasemann_ID1916308200_28.05.2020.csv
