,text,label_gold,segment_id,label_bert,label_parlbert,label_svm,speech_id
0,Sehr geehrte Frau Präsidentin!,*,0,Law,Law,Civil,19163_Tagesordnungspunkt_17_LINKE_Werner_ID1916308500_28.05.2020.csv
1,Sehr geehrte Damen und Herren!,*,0,Law,Law,Civil,19163_Tagesordnungspunkt_17_LINKE_Werner_ID1916308500_28.05.2020.csv
2,Wir diskutieren heute abschließend über den Gesetzentwurf der Bundesregierung zur Adoptionshilfe.,Law and Crime,0,Law,Law,Civil,19163_Tagesordnungspunkt_17_LINKE_Werner_ID1916308500_28.05.2020.csv
3,"Der Entwurf ist ein Schritt in die richtige Richtung, um die Adoptionspraxis an neuen Familienbildern und stärker an den Bedürfnissen der Kinder auszurichten.",Law and Crime,0,Law,Law,Civil,19163_Tagesordnungspunkt_17_LINKE_Werner_ID1916308500_28.05.2020.csv
4,"Einen Rechtsanspruch aller Beteiligten auf eine fachliche Begleitung, die Förderung eines offenen Umgangs und eines Informationsaustausches zwischen Herkunfts- und Adoptionsfamilie sowie das Verbot von unbegleiteten Auslandsadoptionen sind wichtige Punkte.",Law and Crime,0,Law,Law,Civil,19163_Tagesordnungspunkt_17_LINKE_Werner_ID1916308500_28.05.2020.csv
5,"Eins ist aber jetzt schon klar: Auf die Adoptionsvermittlungsstellen kommt mehr Arbeit zu. – Aber wissen Sie, genau da ist der erste Haken.",Law and Crime,0,Law,Law,Civil,19163_Tagesordnungspunkt_17_LINKE_Werner_ID1916308500_28.05.2020.csv
6,"Wir wissen aus der Studie des Deutschen Jugendinstitutes, dass schon jetzt die Hälfte der Stellen nicht mal die gesetzliche Vorgabe von mindestens zwei Vollzeitfachkräften erfüllen kann.",Law and Crime,0,Law,Law,Civil,19163_Tagesordnungspunkt_17_LINKE_Werner_ID1916308500_28.05.2020.csv
7,"In Ihrem Gesetz fehlt der Ansatz, wie Sie das mit mehr Personal und entsprechenden Geldern abdecken wollen.",Law and Crime,0,Law,Law,Civil,19163_Tagesordnungspunkt_17_LINKE_Werner_ID1916308500_28.05.2020.csv
8,Steuern Sie doch mal von Anfang an dagegen!,Law and Crime,0,Law,Law,Civil,19163_Tagesordnungspunkt_17_LINKE_Werner_ID1916308500_28.05.2020.csv
9,"Sonst geht es am Ende wieder zulasten von Kindern, von Eltern und von Beschäftigten.",Law and Crime,0,Law,Law,Civil,19163_Tagesordnungspunkt_17_LINKE_Werner_ID1916308500_28.05.2020.csv
10,An vielen Stellen ist das Gesetz einfach nicht mutig genug.,Law and Crime,0,Law,Law,Civil,19163_Tagesordnungspunkt_17_LINKE_Werner_ID1916308500_28.05.2020.csv
11,Etliche Vorschläge von Sachverständigen sind einfach unter den Tisch gefallen.,Law and Crime,0,Law,Law,Civil,19163_Tagesordnungspunkt_17_LINKE_Werner_ID1916308500_28.05.2020.csv
12,Damit könnte eine viel stärkere Orientierung an Kinderrechten erreicht werden.,Law and Crime,0,Law,Law,Civil,19163_Tagesordnungspunkt_17_LINKE_Werner_ID1916308500_28.05.2020.csv
13,Die Schaffung einer unabhängigen Beschwerdestelle brächte zumindest eine Verbesserung auch für Familien und Kinder.,Law and Crime,0,Law,Law,Civil,19163_Tagesordnungspunkt_17_LINKE_Werner_ID1916308500_28.05.2020.csv
14,In unserem Entschließungsantrag haben wir die Vorschläge aufgegriffen.,Law and Crime,0,Law,Law,Civil,19163_Tagesordnungspunkt_17_LINKE_Werner_ID1916308500_28.05.2020.csv
15,Lassen Sie mich auf einen Punkt besonders eingehen.,Law and Crime,0,Law,Law,Civil,19163_Tagesordnungspunkt_17_LINKE_Werner_ID1916308500_28.05.2020.csv
16,"Bei der häufigsten Adoptionsform, der Stiefkindadoption, soll es künftig eine Beratungspflicht der Eltern des Kindes, des annehmenden Elternteils und des Kindes geben – völlig richtig, auch aus Sicht des Kindes.",Law and Crime,0,Law,Law,Civil,19163_Tagesordnungspunkt_17_LINKE_Werner_ID1916308500_28.05.2020.csv
17,Bis hierhin ist alles okay.,Law and Crime,0,Law,Law,Civil,19163_Tagesordnungspunkt_17_LINKE_Werner_ID1916308500_28.05.2020.csv
18,Mit der Einführung einer Beratungspflicht bei Stiefkindadoption wird aber ein schwerwiegendes Problem geschaffen.,Law and Crime,0,Law,Law,Civil,19163_Tagesordnungspunkt_17_LINKE_Werner_ID1916308500_28.05.2020.csv
19,"Die Diskriminierung von lesbischen, bisexuellen Frauenpaaren wird durch diese neue Regel verschärft.",Civil Rights,0,Law,Law,Civil,19163_Tagesordnungspunkt_17_LINKE_Werner_ID1916308500_28.05.2020.csv
20,"Bekommen verheiratete oder unverheiratete Frauenpaare ein Kind, gilt nur die gebärende Mutter automatisch als rechtliche Mutter.",Civil Rights,0,Law,Law,Civil,19163_Tagesordnungspunkt_17_LINKE_Werner_ID1916308500_28.05.2020.csv
21,Die Co-Mutter muss das aufwendige und langwierige Stiefkindadoptionsverfahren durchlaufen.,Civil Rights,0,Law,Law,Civil,19163_Tagesordnungspunkt_17_LINKE_Werner_ID1916308500_28.05.2020.csv
22,Diese rechtliche Diskriminierung wurde eben nach der Einführung der Ehe für alle nicht abgeschafft.,Civil Rights,0,Law,Law,Civil,19163_Tagesordnungspunkt_17_LINKE_Werner_ID1916308500_28.05.2020.csv
23,Mit dem neuen Gesetz wird dadurch eine weitere Hürde für Frauenpaare eingezogen.,Civil Rights,0,Law,Law,Civil,19163_Tagesordnungspunkt_17_LINKE_Werner_ID1916308500_28.05.2020.csv
24,"Wir haben als Linke einen Änderungsantrag eingebracht – genauso wie die Grünen –, um genau diese Diskriminierung zu verhindern.",Civil Rights,0,Law,Law,Civil,19163_Tagesordnungspunkt_17_LINKE_Werner_ID1916308500_28.05.2020.csv
25,Und – das wurde auch schon angesprochen – gestern haben die Große Koalition und die AfD im Familienausschuss beide Anträge abgelehnt.,Civil Rights,0,Law,Law,Civil,19163_Tagesordnungspunkt_17_LINKE_Werner_ID1916308500_28.05.2020.csv
26,"Wissen Sie, die rechtliche Diskriminierung von Regenbogenfamilien gehört jetzt endlich abgeschafft.",Civil Rights,0,Law,Law,Civil,19163_Tagesordnungspunkt_17_LINKE_Werner_ID1916308500_28.05.2020.csv
27,"Dazu muss, Frau Giffey, die Beratungspflicht für Frauenpaare aus dem vorliegenden Gesetz gestrichen werden, und auch das Abstammungsrecht muss endlich angepasst werden.",Civil Rights,0,Law,Law,Civil,19163_Tagesordnungspunkt_17_LINKE_Werner_ID1916308500_28.05.2020.csv
28,Ich möchte noch mal sagen: Stimmen Sie diesen Änderungsanträgen zu!,Civil Rights,0,Law,Law,Civil,19163_Tagesordnungspunkt_17_LINKE_Werner_ID1916308500_28.05.2020.csv
29,"Zusammengefasst – ganz einfach –: Das Gesetz geht, ehrlich gesagt, nicht weit genug.",Civil Rights,0,Law,Law,Civil,19163_Tagesordnungspunkt_17_LINKE_Werner_ID1916308500_28.05.2020.csv
30,Es vernachlässigt völlig die zusätzlichen Kosten und – ganz wichtig – verschärft die Diskriminierung der betroffenen Frauen.,Civil Rights,0,Law,Law,Civil,19163_Tagesordnungspunkt_17_LINKE_Werner_ID1916308500_28.05.2020.csv
31,Danke.,*,0,Law,Law,Civil,19163_Tagesordnungspunkt_17_LINKE_Werner_ID1916308500_28.05.2020.csv
32,"Vielen Dank, Katrin Werner. – Nächste Rednerin: Ulle Schauws für Bündnis 90/Die Grünen.",*,0,Law,Law,Civil,19163_Tagesordnungspunkt_17_LINKE_Werner_ID1916308500_28.05.2020.csv
