,text,label_gold,segment_id,label_bert,label_parlbert,label_svm,speech_id
0,"Vielen Dank, dass Sie auch den Ton angesprochen haben.",*,0,Civil,Civil,Law,19163_Tagesordnungspunkt_17_GRUENE_Schauws_ID1916308800_28.05.2020.csv
1,"Ich glaube, das ist wichtig.",Civil Rights,0,Civil,Civil,Law,19163_Tagesordnungspunkt_17_GRUENE_Schauws_ID1916308800_28.05.2020.csv
2,"Auch möchte ich Sie persönlich nicht angreifen, weil wir dazu im Austausch stehen.",Civil Rights,0,Civil,Civil,Law,19163_Tagesordnungspunkt_17_GRUENE_Schauws_ID1916308800_28.05.2020.csv
3,Aber in der Sache muss ich Ihnen sagen: Ich verstehe Ihre Argumentation überhaupt nicht.,Civil Rights,0,Civil,Civil,Law,19163_Tagesordnungspunkt_17_GRUENE_Schauws_ID1916308800_28.05.2020.csv
4,"Erstens gilt das, was Sie sagen, für heterosexuelle Paare in dem Maße nicht.",Civil Rights,0,Civil,Civil,Law,19163_Tagesordnungspunkt_17_GRUENE_Schauws_ID1916308800_28.05.2020.csv
5,"Auch Sie, Herr Patzelt, verstehe ich einfach nicht: Sie machen einen Unterschied zwischen den Geschlechtern der Paare an dieser Stelle.",Civil Rights,0,Civil,Civil,Law,19163_Tagesordnungspunkt_17_GRUENE_Schauws_ID1916308800_28.05.2020.csv
6,"Wenn in eine Hetero-Familie ein Kind geboren wird, wird genau das ja nicht gemacht.
– Ja, Herr Patzelt, Entschuldigung!",Civil Rights,0,Civil,Civil,Law,19163_Tagesordnungspunkt_17_GRUENE_Schauws_ID1916308800_28.05.2020.csv
7,"Ich bin ja dran. – Gesetzt den Fall, Sie wollen mit Ihrer Frau ein Kind und sind nicht zeugungsfähig, was ja mal sein kann.",Civil Rights,0,Civil,Civil,Law,19163_Tagesordnungspunkt_17_GRUENE_Schauws_ID1916308800_28.05.2020.csv
8,Dann werden Ihnen genau diese Dinge nicht so wie einem lesbischen Paar auferlegt.,Civil Rights,0,Civil,Civil,Law,19163_Tagesordnungspunkt_17_GRUENE_Schauws_ID1916308800_28.05.2020.csv
9,Genau das ist der Unterschied.,Civil Rights,0,Civil,Civil,Law,19163_Tagesordnungspunkt_17_GRUENE_Schauws_ID1916308800_28.05.2020.csv
10,"Und wenn Sie jetzt noch sagen: „Wenn wir im Abstammungsrecht die Sachen regeln, trifft auf einmal diese Beratung für lesbische Paare nicht mehr zu“, dann, finde ich, machen Sie eine unglaubwürdige Linie auf.",Civil Rights,0,Civil,Civil,Law,19163_Tagesordnungspunkt_17_GRUENE_Schauws_ID1916308800_28.05.2020.csv
11,Das ist doch überhaupt nicht logisch.,Civil Rights,0,Civil,Civil,Law,19163_Tagesordnungspunkt_17_GRUENE_Schauws_ID1916308800_28.05.2020.csv
12,"Warum lassen Sie denn nicht zu, dass dieses Gesetz durch unseren Änderungsantrag oder den Entschließungsantrag der FDP so geändert wird, dass sich genau diese bestehenden Ehen, diese bestehenden Herkunftsfamilien, nicht an dieser Zwangsberatung beteiligen müssen?",Civil Rights,0,Civil,Civil,Law,19163_Tagesordnungspunkt_17_GRUENE_Schauws_ID1916308800_28.05.2020.csv
13,Warum müssen sie das denn machen?,Civil Rights,0,Civil,Civil,Law,19163_Tagesordnungspunkt_17_GRUENE_Schauws_ID1916308800_28.05.2020.csv
14,"Das mussten Sie mit Ihrem Mann, mit Ihren Kindern auch nicht.",Civil Rights,0,Civil,Civil,Law,19163_Tagesordnungspunkt_17_GRUENE_Schauws_ID1916308800_28.05.2020.csv
15,"Sie machen genau Folgendes: Sie regieren in Familien hinein und sagen ihnen: Sie müssen sich noch mal Gedanken machen, weil Sie zwei Frauen sind. – Das ist Diskriminierung pur, und Sie können das an dieser Stelle heute und hier ändern.",Civil Rights,0,Civil,Civil,Law,19163_Tagesordnungspunkt_17_GRUENE_Schauws_ID1916308800_28.05.2020.csv
16,"Ich sage das noch mal in aller Freundlichkeit: Es gibt wirklich sehr, sehr viele Paare außerhalb dieses Hauses, die auf dieses Gesetz, auf ein geändertes Abstammungsrecht und einen Abbau dieser Diskriminierung warten.",Civil Rights,0,Civil,Civil,Law,19163_Tagesordnungspunkt_17_GRUENE_Schauws_ID1916308800_28.05.2020.csv
17,Das muss enden!,Civil Rights,0,Civil,Civil,Law,19163_Tagesordnungspunkt_17_GRUENE_Schauws_ID1916308800_28.05.2020.csv
18,Vielen Dank.,*,0,Civil,Civil,Law,19163_Tagesordnungspunkt_17_GRUENE_Schauws_ID1916308800_28.05.2020.csv
19,"Ich darf Sie noch mal darauf hinweisen oder bitten, dass Sie Ihre Zwischenrufe etwas mäßigen.
– Das werden wir im Protokoll noch mal nachvollziehen.",*,0,Civil,Civil,Law,19163_Tagesordnungspunkt_17_GRUENE_Schauws_ID1916308800_28.05.2020.csv
20,"Aber ich wurde jetzt wiederholt von Kollegen gebeten, Sie darauf hinzuweisen, sich zurückzuhalten.",*,0,Civil,Civil,Law,19163_Tagesordnungspunkt_17_GRUENE_Schauws_ID1916308800_28.05.2020.csv
21,"Wenn Sie anderen Kolleginnen und Kollegen in einer Debatte intellektuelle Fähigkeiten absprechen, dann bitte ich mal – –
– Sie haben es die ganze Zeit ganz offensichtlich gemacht, und das werde ich durch das Protokoll überprüfen lassen, und dann werde ich auch dementsprechende Maßnahmen ergreifen.",*,0,Civil,Civil,Law,19163_Tagesordnungspunkt_17_GRUENE_Schauws_ID1916308800_28.05.2020.csv
22,Die nächste Rednerin: für die SPD-Fraktion Susann Rüthrich.,*,0,Civil,Civil,Law,19163_Tagesordnungspunkt_17_GRUENE_Schauws_ID1916308800_28.05.2020.csv
