,text,label_gold,segment_id,label_bert,label_parlbert,label_svm,speech_id
0,Sehr geehrte Frau Präsidentin!,*,0,Transportation,Transportation,Transportation,19214_Tagesordnungspunkt_6_CDU_CSU_Weisgerber_ID1921411000_03.03.2021.csv
1,Werte Kolleginnen und Kollegen!,*,0,Transportation,Transportation,Transportation,19214_Tagesordnungspunkt_6_CDU_CSU_Weisgerber_ID1921411000_03.03.2021.csv
2,"Um unsere ehrgeizigen Klimaziele im Verkehrssektor zu erreichen, brauchen wir alle Arten von alternativen Antriebsformen.",Energy,0,Transportation,Transportation,Transportation,19214_Tagesordnungspunkt_6_CDU_CSU_Weisgerber_ID1921411000_03.03.2021.csv
3,"Wir brauchen sozusagen einen technologieoffenen Instrumentenkoffer, auch weil es Sinn macht, unterschiedliche Antriebe für die unterschiedlichen Anwendungen zu haben.",Energy,0,Transportation,Transportation,Transportation,19214_Tagesordnungspunkt_6_CDU_CSU_Weisgerber_ID1921411000_03.03.2021.csv
4,In diesem Instrumentenkoffer spielen die synthetischen Kraftstoffe eine wichtige Rolle.,Energy,0,Transportation,Transportation,Transportation,19214_Tagesordnungspunkt_6_CDU_CSU_Weisgerber_ID1921411000_03.03.2021.csv
5,Was wollen die Grünen?,Energy,0,Transportation,Transportation,Transportation,19214_Tagesordnungspunkt_6_CDU_CSU_Weisgerber_ID1921411000_03.03.2021.csv
6,Was wollen die Linken?,Energy,0,Transportation,Transportation,Transportation,19214_Tagesordnungspunkt_6_CDU_CSU_Weisgerber_ID1921411000_03.03.2021.csv
7,Sie setzen ziemlich einseitig auf die Elektromobilität.,Energy,0,Transportation,Transportation,Transportation,19214_Tagesordnungspunkt_6_CDU_CSU_Weisgerber_ID1921411000_03.03.2021.csv
8,"Sie fordern das Verbot des Verbrennungsmotors, am besten schon morgen, ohne den Übergang wirklich technologieoffen zu gestalten.",Energy,0,Transportation,Transportation,Transportation,19214_Tagesordnungspunkt_6_CDU_CSU_Weisgerber_ID1921411000_03.03.2021.csv
9,"Wir müssen aber doch die Verbrennungsmotoren, die noch auf der Straße sind, auch mit klimafreundlichen Kraftstoffen betreiben.",Energy,0,Transportation,Transportation,Transportation,19214_Tagesordnungspunkt_6_CDU_CSU_Weisgerber_ID1921411000_03.03.2021.csv
10,Nur so können wir unsere Klimaziele erreichen.,Energy,0,Transportation,Transportation,Transportation,19214_Tagesordnungspunkt_6_CDU_CSU_Weisgerber_ID1921411000_03.03.2021.csv
11,"Das müssen Sie von den Grünen sich vorhalten lassen, lieber Herr Özdemir.",Energy,0,Transportation,Transportation,Transportation,19214_Tagesordnungspunkt_6_CDU_CSU_Weisgerber_ID1921411000_03.03.2021.csv
12,Dabei brauchen wir die synthetischen Kraftstoffe eben für die bestehenden Verbrennungsmotoren.,Energy,0,Transportation,Transportation,Transportation,19214_Tagesordnungspunkt_6_CDU_CSU_Weisgerber_ID1921411000_03.03.2021.csv
13,Wir brauchen aber auch die Wasserstofftechnologie.,Energy,0,Transportation,Transportation,Transportation,19214_Tagesordnungspunkt_6_CDU_CSU_Weisgerber_ID1921411000_03.03.2021.csv
14,Wir brauchen auch die Hybride.,Energy,0,Transportation,Transportation,Transportation,19214_Tagesordnungspunkt_6_CDU_CSU_Weisgerber_ID1921411000_03.03.2021.csv
15,"Und ja, wir brauchen auch den Sprung nach vorn beim Thema Elektromobilität im Pkw-Sektor, auch für unsere Arbeitsplätze, auch für unsere Wirtschaft.",Energy,0,Transportation,Transportation,Transportation,19214_Tagesordnungspunkt_6_CDU_CSU_Weisgerber_ID1921411000_03.03.2021.csv
16,"Das heißt aber nicht, dass man deswegen den Verbrennungsmotor und die synthetischen Kraftstoffe einfach so zur Seite schieben kann.",Energy,0,Transportation,Transportation,Transportation,19214_Tagesordnungspunkt_6_CDU_CSU_Weisgerber_ID1921411000_03.03.2021.csv
17,Man muss ganzheitlich denken.,Energy,0,Transportation,Transportation,Transportation,19214_Tagesordnungspunkt_6_CDU_CSU_Weisgerber_ID1921411000_03.03.2021.csv
18,"Wir können es uns schlichtweg nicht leisten, einseitig als Allheilmittel nur auf die E-Mobilität zu setzen, weil zum Beispiel gerade im Schwerlastverkehr die Batterien zu schwer sind.",Energy,0,Transportation,Transportation,Transportation,19214_Tagesordnungspunkt_6_CDU_CSU_Weisgerber_ID1921411000_03.03.2021.csv
19,"Da brauchen wir Wasserstoff, und da brauchen wir synthetische Kraftstoffe, die wir einsetzen müssen.",Energy,0,Transportation,Transportation,Transportation,19214_Tagesordnungspunkt_6_CDU_CSU_Weisgerber_ID1921411000_03.03.2021.csv
20,"Wenn es darum geht, unsere Klimaziele zu erreichen, müssen wir uns von allen alten Ideologien freimachen; das sage ich auch in Ihre Richtung.",Energy,0,Transportation,Transportation,Transportation,19214_Tagesordnungspunkt_6_CDU_CSU_Weisgerber_ID1921411000_03.03.2021.csv
21,Wir brauchen alle Arten von Antriebsformen.,Energy,0,Transportation,Transportation,Transportation,19214_Tagesordnungspunkt_6_CDU_CSU_Weisgerber_ID1921411000_03.03.2021.csv
22,Wir müssen die Menschen mitnehmen.,Energy,0,Transportation,Transportation,Transportation,19214_Tagesordnungspunkt_6_CDU_CSU_Weisgerber_ID1921411000_03.03.2021.csv
23,"Wenn wir von Mobilität reden, dann denken viele immer nur an den Pkw.",Energy,0,Transportation,Transportation,Transportation,19214_Tagesordnungspunkt_6_CDU_CSU_Weisgerber_ID1921411000_03.03.2021.csv
24,Aber was ist mit dem Flugverkehr?,Energy,0,Transportation,Transportation,Transportation,19214_Tagesordnungspunkt_6_CDU_CSU_Weisgerber_ID1921411000_03.03.2021.csv
25,Was ist mit den Schiffen?,Energy,0,Transportation,Transportation,Transportation,19214_Tagesordnungspunkt_6_CDU_CSU_Weisgerber_ID1921411000_03.03.2021.csv
26,Auch hier sind wir auf die synthetischen Kraftstoffe angewiesen.,Energy,0,Transportation,Transportation,Transportation,19214_Tagesordnungspunkt_6_CDU_CSU_Weisgerber_ID1921411000_03.03.2021.csv
27,"Herr Özdemir, zur Wahrheit gehört auch dazu: Um die synthetischen Kraftstoffe wettbewerbsfähig zu machen und um sie in die Breite zu bringen, sind wir darauf angewiesen, dass sie eben auch im Pkw-Bereich eingesetzt werden, damit der Preis sinkt und sie letztendlich auch im Flugverkehr und im Schiffsverkehr eingesetzt werden.",Energy,0,Transportation,Transportation,Transportation,19214_Tagesordnungspunkt_6_CDU_CSU_Weisgerber_ID1921411000_03.03.2021.csv
28,Das ist unser Ansatz.,Energy,0,Transportation,Transportation,Transportation,19214_Tagesordnungspunkt_6_CDU_CSU_Weisgerber_ID1921411000_03.03.2021.csv
29,Sie aber denken da einfach nicht weit genug.,Energy,0,Transportation,Transportation,Transportation,19214_Tagesordnungspunkt_6_CDU_CSU_Weisgerber_ID1921411000_03.03.2021.csv
30,"Als letzten Satz möchte ich noch sagen: Ich bin stolz darauf, dass bei der Umsetzung der RED-II-Richtlinie, auch auf unseren Druck hin, nicht nur die batterieelektrischen Antriebe, sondern eben auch die synthetischen Kraftstoffe und die fortschrittlichen Biokraftstoffe und Wasserstoff erstmals als Mittel zur CO
Vielen Dank.",Energy,0,Transportation,Transportation,Transportation,19214_Tagesordnungspunkt_6_CDU_CSU_Weisgerber_ID1921411000_03.03.2021.csv
31,Vielen Dank. – Ich schließe die Aussprache.,*,0,Transportation,Transportation,Transportation,19214_Tagesordnungspunkt_6_CDU_CSU_Weisgerber_ID1921411000_03.03.2021.csv
