,text,label_gold,segment_id,label_bert,label_parlbert,label_svm,speech_id
0,Frau Präsidentin!,*,0,Defense,International,Defense,19218_Tagesordnungspunkt_15_LINKE_Pflueger_ID1921810900_25.03.2021.csv
1,Liebe Kolleginnen und Kollegen!,*,0,Defense,International,Defense,19218_Tagesordnungspunkt_15_LINKE_Pflueger_ID1921810900_25.03.2021.csv
2,Die Situation in Afghanistan hat sich durchaus verändert.,Defense,0,Defense,International,Defense,19218_Tagesordnungspunkt_15_LINKE_Pflueger_ID1921810900_25.03.2021.csv
3,"Es gibt eine sicher völlig unzureichende, aber immerhin vorhandene Vereinbarung von Doha, nach der die ausländischen Truppen zum 1.",Defense,0,Defense,International,Defense,19218_Tagesordnungspunkt_15_LINKE_Pflueger_ID1921810900_25.03.2021.csv
4,Mai 2021 abziehen sollen.,Defense,0,Defense,International,Defense,19218_Tagesordnungspunkt_15_LINKE_Pflueger_ID1921810900_25.03.2021.csv
5,"Nach allem, was man hört, will sich die US-Administration nicht daran halten.",Defense,0,Defense,International,Defense,19218_Tagesordnungspunkt_15_LINKE_Pflueger_ID1921810900_25.03.2021.csv
6,"Und jetzt bekommen wir von der Bundesregierung – als wäre nichts gewesen – den fast gleichen Antrag wie jedes Jahr vorgelegt, diesmal mit einer Verlängerung bis zum 31.",Defense,0,Defense,International,Defense,19218_Tagesordnungspunkt_15_LINKE_Pflueger_ID1921810900_25.03.2021.csv
7,Januar 2022.,Defense,0,Defense,International,Defense,19218_Tagesordnungspunkt_15_LINKE_Pflueger_ID1921810900_25.03.2021.csv
8,Was soll das denn?,Defense,0,Defense,International,Defense,19218_Tagesordnungspunkt_15_LINKE_Pflueger_ID1921810900_25.03.2021.csv
9,"Was soll das, dass hier ein Antrag vorgelegt wird, ohne die konkrete Situation vor Ort mit zu berücksichtigen?",Defense,0,Defense,International,Defense,19218_Tagesordnungspunkt_15_LINKE_Pflueger_ID1921810900_25.03.2021.csv
10,"Die Bundesregierung hätte ja eine konditionierte Verlängerung von einigen Monaten beantragen können, um den Abzug vollständig abzuwickeln.",Defense,0,Defense,International,Defense,19218_Tagesordnungspunkt_15_LINKE_Pflueger_ID1921810900_25.03.2021.csv
11,"Wenn Sie das deshalb machen, um das Thema „Bundeswehr in Afghanistan“ aus dem Wahlkampf rauszuhalten, dann – das sage ich Ihnen klipp und klar – haben Sie sich geschnitten.",Defense,0,Defense,International,Defense,19218_Tagesordnungspunkt_15_LINKE_Pflueger_ID1921810900_25.03.2021.csv
12,Für uns als Linke ist das eine Grundsatzfrage.,Defense,0,Defense,International,Defense,19218_Tagesordnungspunkt_15_LINKE_Pflueger_ID1921810900_25.03.2021.csv
13,"Wir wollen, dass die Bundeswehr endlich aus Afghanistan abgezogen wird.",Defense,0,Defense,International,Defense,19218_Tagesordnungspunkt_15_LINKE_Pflueger_ID1921810900_25.03.2021.csv
14,Und wieso entscheiden Sie für eine neue Regierung ab Oktober dieses Jahres?,Defense,0,Defense,International,Defense,19218_Tagesordnungspunkt_15_LINKE_Pflueger_ID1921810900_25.03.2021.csv
15,"Scheitert dieser Abzug, dann drohen neue Angriffe der Taliban – auch auf die Bundeswehr.",Defense,0,Defense,International,Defense,19218_Tagesordnungspunkt_15_LINKE_Pflueger_ID1921810900_25.03.2021.csv
16,Diese Gefahr besteht; das geben Bundesregierung und NATO ja zu.,Defense,0,Defense,International,Defense,19218_Tagesordnungspunkt_15_LINKE_Pflueger_ID1921810900_25.03.2021.csv
17,"Die Bundeswehr ist dann in der schwierigen Situation, den Abzug zu organisieren, während der Krieg wieder stärker aufflammt.",Defense,0,Defense,International,Defense,19218_Tagesordnungspunkt_15_LINKE_Pflueger_ID1921810900_25.03.2021.csv
18,"Deshalb appelliere ich an Sie: Der Abzug ist vereinbart, die Bundeswehr hat sich darauf eingestellt.",Defense,0,Defense,International,Defense,19218_Tagesordnungspunkt_15_LINKE_Pflueger_ID1921810900_25.03.2021.csv
19,"Das ist die Gelegenheit, diesen Kriegseinsatz endlich zu beenden!",Defense,0,Defense,International,Defense,19218_Tagesordnungspunkt_15_LINKE_Pflueger_ID1921810900_25.03.2021.csv
20,"Die NATO steht in Afghanistan „vor einer gescheiterten Mission“, kommentiert die „FAZ“.",Defense,0,Defense,International,Defense,19218_Tagesordnungspunkt_15_LINKE_Pflueger_ID1921810900_25.03.2021.csv
21,"Und Markus Kaim von der Stiftung Wissenschaft und Politik sagt klar:
Wenn die NATO das Abkommen mit den Taliban brechen sollte und länger im Lande verweilt, gefährdet sie die westlichen Truppen und verharrt weiterhin in einem Krieg, den sie nicht gewinnen kann.",Defense,0,Defense,International,Defense,19218_Tagesordnungspunkt_15_LINKE_Pflueger_ID1921810900_25.03.2021.csv
22,"Genau so ist es, und deshalb sind wir für einen Abzug der Bundeswehr.",Defense,0,Defense,International,Defense,19218_Tagesordnungspunkt_15_LINKE_Pflueger_ID1921810900_25.03.2021.csv
23,Nach 20 Jahren westlicher Intervention ist das Land tief gespalten und in den Krieg versunken.,Defense,0,Defense,International,Defense,19218_Tagesordnungspunkt_15_LINKE_Pflueger_ID1921810900_25.03.2021.csv
24,Nach UN-Berichten wurden allein im vergangenen Jahr Tausende Zivilistinnen und Zivilisten getötet; Hunderttausende mussten vor den Kämpfen fliehen.,Defense,0,Defense,International,Defense,19218_Tagesordnungspunkt_15_LINKE_Pflueger_ID1921810900_25.03.2021.csv
25,"Und in Afghanistan grassiert Corona, und zwar heftig.",Health,0,Defense,International,Defense,19218_Tagesordnungspunkt_15_LINKE_Pflueger_ID1921810900_25.03.2021.csv
26,"Das Auswärtige Amt schreibt, Afghanistan sei ein „Gebiet mit besonders hohem Infektionsrisiko“.",Health,0,Defense,International,Defense,19218_Tagesordnungspunkt_15_LINKE_Pflueger_ID1921810900_25.03.2021.csv
27,"Es heißt dort:
Vor Reisen nach Afghanistan wird gewarnt.",Health,0,Defense,International,Defense,19218_Tagesordnungspunkt_15_LINKE_Pflueger_ID1921810900_25.03.2021.csv
28,"Deutsche Staatsangehörige werden aufgefordert, Afghanistan zu verlassen.",Health,0,Defense,International,Defense,19218_Tagesordnungspunkt_15_LINKE_Pflueger_ID1921810900_25.03.2021.csv
29,Und in dieser Situation werden Geflüchtete nach Afghanistan abgeschoben!,Immigration,0,Defense,International,Defense,19218_Tagesordnungspunkt_15_LINKE_Pflueger_ID1921810900_25.03.2021.csv
30,Ich halte das für unverantwortlich.,Immigration,0,Defense,International,Defense,19218_Tagesordnungspunkt_15_LINKE_Pflueger_ID1921810900_25.03.2021.csv
31,Das muss sofort beendet werden.,Immigration,0,Defense,International,Defense,19218_Tagesordnungspunkt_15_LINKE_Pflueger_ID1921810900_25.03.2021.csv
32,"Wir wollen, dass keine Menschen nach Afghanistan abgeschoben werden, und wir wollen, dass dieser Bundeswehreinsatz in Afghanistan endlich beendet wird.",Immigration,0,Defense,International,Defense,19218_Tagesordnungspunkt_15_LINKE_Pflueger_ID1921810900_25.03.2021.csv
33,Vielen Dank.,*,0,Defense,International,Defense,19218_Tagesordnungspunkt_15_LINKE_Pflueger_ID1921810900_25.03.2021.csv
34,"Vielen Dank, Tobias Pflüger.",*,0,Defense,International,Defense,19218_Tagesordnungspunkt_15_LINKE_Pflueger_ID1921810900_25.03.2021.csv
