,text,label_gold,segment_id,label_bert,label_parlbert,label_svm,speech_id
0,Frau Präsidentin!,*,0,Transportation,Environment,Environment,19214_Tagesordnungspunkt_6_GRUENE_Oezdemir_ID1921410500_03.03.2021.csv
1,Liebe Kolleginnen und Kollegen!,*,0,Transportation,Environment,Environment,19214_Tagesordnungspunkt_6_GRUENE_Oezdemir_ID1921410500_03.03.2021.csv
2,"Beim Lesen des Antrags der FDP habe ich zuerst gedacht: Super, da ist der Groschen gefallen; schließlich steht am Anfang des Antrags, dass die verschiedenen Antriebstechnologien alle „ihre Vor- und Nachteile“ hätten – ich darf zitieren –, „je nach Nutzungsprofil und Anwendungsgebiet“.",Energy,0,Transportation,Environment,Environment,19214_Tagesordnungspunkt_6_GRUENE_Oezdemir_ID1921410500_03.03.2021.csv
3,"Wäre der Antrag der FDP an der Stelle zu Ende und würde er vielleicht noch verweisen auf die Antworten, die Bündnis 90/Die Grünen vom Ministerium bekommen haben, wäre es tadellos.",Energy,0,Transportation,Environment,Environment,19214_Tagesordnungspunkt_6_GRUENE_Oezdemir_ID1921410500_03.03.2021.csv
4,Leider hört er da nicht auf.,Energy,0,Transportation,Environment,Environment,19214_Tagesordnungspunkt_6_GRUENE_Oezdemir_ID1921410500_03.03.2021.csv
5,"Angesichts der Dramatik der Klimakrise will ich sehr deutlich sagen: Wir brauchen alle Klimatechnologien, aber wir brauchen nicht alles überall; das ist der springende Punkt.",Energy,0,Transportation,Environment,Environment,19214_Tagesordnungspunkt_6_GRUENE_Oezdemir_ID1921410500_03.03.2021.csv
6,"Das heißt, wir müssen sie – eigentlich eine Binsenweisheit – dort einsetzen, wo wir sie am effizientesten nutzen können.",Energy,0,Transportation,Environment,Environment,19214_Tagesordnungspunkt_6_GRUENE_Oezdemir_ID1921410500_03.03.2021.csv
7,"Ich rate Ihnen: Lesen Sie das „manager magazin“, lesen Sie das „Handelsblatt“ – ich glaube, über jeden grünen Verdacht erhaben –: Gegenwärtig gibt ein Autohersteller nach dem anderen den Ausstieg aus Benzin- und Dieselmotoren bekannt,
gestern Volvo, wo man bereits 2030 aussteigen möchte.",Energy,0,Transportation,Environment,Environment,19214_Tagesordnungspunkt_6_GRUENE_Oezdemir_ID1921410500_03.03.2021.csv
8,Sogar General Motors gehört dazu.,Energy,0,Transportation,Environment,Environment,19214_Tagesordnungspunkt_6_GRUENE_Oezdemir_ID1921410500_03.03.2021.csv
9,Und – man höre und staune – VW und Audi setzen zunehmend auf E-Mobilität.,Energy,0,Transportation,Environment,Environment,19214_Tagesordnungspunkt_6_GRUENE_Oezdemir_ID1921410500_03.03.2021.csv
10,Andere folgen.,Energy,0,Transportation,Environment,Environment,19214_Tagesordnungspunkt_6_GRUENE_Oezdemir_ID1921410500_03.03.2021.csv
11,"Umso verblüffender finde ich es, dass Sie offensichtlich auch jedes Gespür für Effizienz und für Preise verloren haben.",Energy,0,Transportation,Environment,Environment,19214_Tagesordnungspunkt_6_GRUENE_Oezdemir_ID1921410500_03.03.2021.csv
12,E-Fuels sind viel zu teuer fürs Auto; deshalb setzen ja auch immer mehr auf die Batterie.,Energy,0,Transportation,Environment,Environment,19214_Tagesordnungspunkt_6_GRUENE_Oezdemir_ID1921410500_03.03.2021.csv
13,Jetzt wollen Sie Subventionen abbauen.,Energy,0,Transportation,Environment,Environment,19214_Tagesordnungspunkt_6_GRUENE_Oezdemir_ID1921410500_03.03.2021.csv
14,"Gebongt, kann ich da nur sagen.",Energy,0,Transportation,Environment,Environment,19214_Tagesordnungspunkt_6_GRUENE_Oezdemir_ID1921410500_03.03.2021.csv
15,Aber fangen wir doch beispielsweise einmal bei den 8 Milliarden Euro für den Diesel an!,Energy,0,Transportation,Environment,Environment,19214_Tagesordnungspunkt_6_GRUENE_Oezdemir_ID1921410500_03.03.2021.csv
16,Warum machen Sie da nicht mal den Vorschlag und sagen: „Lassen Sie uns schrittweise das Dieselprivileg abbauen!,Energy,0,Transportation,Environment,Environment,19214_Tagesordnungspunkt_6_GRUENE_Oezdemir_ID1921410500_03.03.2021.csv
17,“?,Energy,0,Transportation,Environment,Environment,19214_Tagesordnungspunkt_6_GRUENE_Oezdemir_ID1921410500_03.03.2021.csv
18,Wo ist denn da die Technologieoffenheit?,Energy,0,Transportation,Environment,Environment,19214_Tagesordnungspunkt_6_GRUENE_Oezdemir_ID1921410500_03.03.2021.csv
19,Davon kann ich nichts erkennen.,Energy,0,Transportation,Environment,Environment,19214_Tagesordnungspunkt_6_GRUENE_Oezdemir_ID1921410500_03.03.2021.csv
20,"Sie schreiben: „Fossile Kraftstoffe können 1 : 1 durch synthetische Kraftstoffe ersetzt werden“,
wischen dabei aber beiseite, dass wir für die Herstellung der E-Fuels Strom brauchen, und zwar deutlich mehr Strom.",Energy,0,Transportation,Environment,Environment,19214_Tagesordnungspunkt_6_GRUENE_Oezdemir_ID1921410500_03.03.2021.csv
21,"Der Wirkungsgrad der E-Fuels direkt im Auto – ich kann es nur noch einmal wiederholen; Sie haben es schon ein paarmal gehört –, im Pkw-Bereich liegt bei 10 bis 15 Prozent.",Energy,1,Energy,Transportation,Energy,19214_Tagesordnungspunkt_6_GRUENE_Oezdemir_ID1921410500_03.03.2021.csv
22,"Damit alle draußen auch wirklich verstehen, was der Vorschlag ist: Wer glaubt, E-Fuels fürs Auto würden irgendwann mal billiger als Strom, der glaubt auch daran, dass die Bäckerin ihr Brot billiger verkaufen kann, als das Mehl kostet.",Energy,1,Energy,Transportation,Energy,19214_Tagesordnungspunkt_6_GRUENE_Oezdemir_ID1921410500_03.03.2021.csv
23,"Das geht einfach mathematisch nicht, meine Damen und Herren.",Energy,1,Energy,Transportation,Energy,19214_Tagesordnungspunkt_6_GRUENE_Oezdemir_ID1921410500_03.03.2021.csv
24,"Also, ein Vorschlag zur Güte: Überall dort, wo wir den erneuerbaren Strom direkt einsetzen können, müssen wir das machen.",Energy,1,Energy,Transportation,Energy,19214_Tagesordnungspunkt_6_GRUENE_Oezdemir_ID1921410500_03.03.2021.csv
25,Das geht nicht überall.,Energy,1,Energy,Transportation,Energy,19214_Tagesordnungspunkt_6_GRUENE_Oezdemir_ID1921410500_03.03.2021.csv
26,"Umso verwunderlicher – –
Herr Abgeordneter, erlauben Sie zwei Zwischenfragen?",*,1,Energy,Transportation,Energy,19214_Tagesordnungspunkt_6_GRUENE_Oezdemir_ID1921410500_03.03.2021.csv
27,Einmal von Herrn Spaniel von der AfD-Fraktion und einmal von Frau Skudelny von der FDP-Fraktion.,*,1,Energy,Transportation,Energy,19214_Tagesordnungspunkt_6_GRUENE_Oezdemir_ID1921410500_03.03.2021.csv
28,"Sie können wählen: einer, beide, keiner?",*,1,Energy,Transportation,Energy,19214_Tagesordnungspunkt_6_GRUENE_Oezdemir_ID1921410500_03.03.2021.csv
29,Ich darf es selber aussuchen?,*,1,Energy,Transportation,Energy,19214_Tagesordnungspunkt_6_GRUENE_Oezdemir_ID1921410500_03.03.2021.csv
30,"Ja, Wahnsinn!",*,1,Energy,Transportation,Energy,19214_Tagesordnungspunkt_6_GRUENE_Oezdemir_ID1921410500_03.03.2021.csv
31,– Frau Skudelny natürlich; weil sie aus dem Ländle ist.,*,1,Energy,Transportation,Energy,19214_Tagesordnungspunkt_6_GRUENE_Oezdemir_ID1921410500_03.03.2021.csv
32,"Und ich dachte schon, es liegt an meinem Charme, dass Sie mich gewählt haben.",*,1,Energy,Transportation,Energy,19214_Tagesordnungspunkt_6_GRUENE_Oezdemir_ID1921410500_03.03.2021.csv
33,Absolut.,*,1,Energy,Transportation,Energy,19214_Tagesordnungspunkt_6_GRUENE_Oezdemir_ID1921410500_03.03.2021.csv
34,"Zunächst einmal: Mich interessiert insbesondere, dass Herr Hermann, der grüne Verkehrsminister in Baden-Württemberg, sich für eine Erhöhung des Anteils synthetischer Kraftstoffe – Achtung!",Energy,1,Energy,Transportation,Energy,19214_Tagesordnungspunkt_6_GRUENE_Oezdemir_ID1921410500_03.03.2021.csv
35,"– auch im Straßenverkehr, für den Bestand, eingesetzt hat.",Energy,1,Energy,Transportation,Energy,19214_Tagesordnungspunkt_6_GRUENE_Oezdemir_ID1921410500_03.03.2021.csv
36,"Jetzt sagen Sie, dort sollen sie eigentlich nicht eingesetzt werden.",Energy,1,Energy,Transportation,Energy,19214_Tagesordnungspunkt_6_GRUENE_Oezdemir_ID1921410500_03.03.2021.csv
37,Das verwundert mich ein bisschen.,Energy,1,Energy,Transportation,Energy,19214_Tagesordnungspunkt_6_GRUENE_Oezdemir_ID1921410500_03.03.2021.csv
38,Offenbar sind die Grünen im Land da deutlich weiter als Sie als Baden-Württemberger im Bund.,Energy,1,Energy,Transportation,Energy,19214_Tagesordnungspunkt_6_GRUENE_Oezdemir_ID1921410500_03.03.2021.csv
39,War es das?,Energy,2,Government,Transportation,Civil,19214_Tagesordnungspunkt_6_GRUENE_Oezdemir_ID1921410500_03.03.2021.csv
40,Ja.,Energy,2,Government,Transportation,Civil,19214_Tagesordnungspunkt_6_GRUENE_Oezdemir_ID1921410500_03.03.2021.csv
41,Super.,Energy,2,Government,Transportation,Civil,19214_Tagesordnungspunkt_6_GRUENE_Oezdemir_ID1921410500_03.03.2021.csv
42,"Wissen Sie, das Schöne ist: Manchmal kann man Fragen antizipieren.",Energy,2,Government,Transportation,Civil,19214_Tagesordnungspunkt_6_GRUENE_Oezdemir_ID1921410500_03.03.2021.csv
43,"Irgendwie habe ich mir gedacht, dass diese Frage kommt.",Energy,2,Government,Transportation,Civil,19214_Tagesordnungspunkt_6_GRUENE_Oezdemir_ID1921410500_03.03.2021.csv
44,"Die baden-württembergische Bundesratsinitiative unterscheidet sich von Ihrem Antrag, Frau Kollegin.",Energy,2,Government,Transportation,Civil,19214_Tagesordnungspunkt_6_GRUENE_Oezdemir_ID1921410500_03.03.2021.csv
45,"Wenn Sie die genau gelesen hätten, wüssten Sie das.",Energy,2,Government,Transportation,Civil,19214_Tagesordnungspunkt_6_GRUENE_Oezdemir_ID1921410500_03.03.2021.csv
46,Da steht nämlich drin: prioritär für Schiffe und für Flugzeuge.,Energy,3,Transportation,Transportation,Energy,19214_Tagesordnungspunkt_6_GRUENE_Oezdemir_ID1921410500_03.03.2021.csv
47,"Da ist es auch richtig,
da haben wir keine batteriebetriebene Elektromobilität.",Energy,3,Transportation,Transportation,Energy,19214_Tagesordnungspunkt_6_GRUENE_Oezdemir_ID1921410500_03.03.2021.csv
48,"Das ist doch genau identisch mit dem, was ich gerade gesagt habe: Natürlich, wenn wir Dekarbonisierung wollen, dann wollen wir sie bei allen Verkehrsträgern.",Energy,3,Transportation,Transportation,Energy,19214_Tagesordnungspunkt_6_GRUENE_Oezdemir_ID1921410500_03.03.2021.csv
49,"Ich würde mich gegenwärtig in kein Flugzeug setzen, das mit batteriebetriebener Elektromobilität unterwegs ist.",Energy,3,Transportation,Transportation,Energy,19214_Tagesordnungspunkt_6_GRUENE_Oezdemir_ID1921410500_03.03.2021.csv
50,"Die Bundesregierung möchte, dass Kerosin 2 Prozent synthetische Kraftstoffe zugemischt werden.",Energy,3,Transportation,Transportation,Energy,19214_Tagesordnungspunkt_6_GRUENE_Oezdemir_ID1921410500_03.03.2021.csv
51,"Wir gehen da weiter, wir wollen 10 Prozent.",Energy,3,Transportation,Transportation,Energy,19214_Tagesordnungspunkt_6_GRUENE_Oezdemir_ID1921410500_03.03.2021.csv
52,Wir wollen das sogar schrittweise erhöhen.,Energy,3,Transportation,Transportation,Energy,19214_Tagesordnungspunkt_6_GRUENE_Oezdemir_ID1921410500_03.03.2021.csv
53,"Ich bin doch gar nicht gegen synthetische Kraftstoffe – aber da, wo sie Sinn machen, meine Damen und meine Herren.",Energy,3,Transportation,Transportation,Energy,19214_Tagesordnungspunkt_6_GRUENE_Oezdemir_ID1921410500_03.03.2021.csv
54,"Ich sage einmal, worauf Ihr Vorschlag zu Ende gedacht hinausläuft: Es ist nur konsequent, dass in Ihrem Antrag – lesen Sie den Antrag einmal durch – der Luftverkehr im Forderungsteil gar nicht auftaucht.",Energy,3,Transportation,Transportation,Energy,19214_Tagesordnungspunkt_6_GRUENE_Oezdemir_ID1921410500_03.03.2021.csv
55,Sie wollen mit Ihrer Politik ein Ende des deutschen Luftverkehrs.,Energy,3,Transportation,Transportation,Energy,19214_Tagesordnungspunkt_6_GRUENE_Oezdemir_ID1921410500_03.03.2021.csv
56,"Wenn Sie die synthetischen Kraftstoffe für den Pkw verwenden, dann bitte da, wo es marktwirtschaftlich Sinn macht!",Energy,3,Transportation,Transportation,Energy,19214_Tagesordnungspunkt_6_GRUENE_Oezdemir_ID1921410500_03.03.2021.csv
57,"Ich komme zum Schluss, meine Damen und Herren, weil die Präsidentin mich freundlich darauf hinweist: Allein für die Beimischungsquote von 2 Prozent brauchen wir 5,4 Terawattstunden Strom.",Energy,3,Transportation,Transportation,Energy,19214_Tagesordnungspunkt_6_GRUENE_Oezdemir_ID1921410500_03.03.2021.csv
58,"Das ist mehr als der Zuwachs, den wir bei der Windenergie 2020 hatten.",Energy,3,Transportation,Transportation,Energy,19214_Tagesordnungspunkt_6_GRUENE_Oezdemir_ID1921410500_03.03.2021.csv
59,"Also, meine Damen, meine Herren, bitte lesen Sie es noch mal durch.",Energy,3,Transportation,Transportation,Energy,19214_Tagesordnungspunkt_6_GRUENE_Oezdemir_ID1921410500_03.03.2021.csv
60,"Sie fordern auch, dass die deutsche EU-Ratspräsidentschaft aktiv werden soll – die endete meines Wissens 2020.",Energy,3,Transportation,Transportation,Energy,19214_Tagesordnungspunkt_6_GRUENE_Oezdemir_ID1921410500_03.03.2021.csv
61,Die nächste wäre nach 2030; das wäre zu spät.,Energy,3,Transportation,Transportation,Energy,19214_Tagesordnungspunkt_6_GRUENE_Oezdemir_ID1921410500_03.03.2021.csv
62,Vielen Dank. – Ich gebe das Wort an Herrn Dr.,Energy,3,Transportation,Transportation,Energy,19214_Tagesordnungspunkt_6_GRUENE_Oezdemir_ID1921410500_03.03.2021.csv
63,Spaniel für eine Kurzintervention – eine kurze Kurzintervention!,Energy,3,Transportation,Transportation,Energy,19214_Tagesordnungspunkt_6_GRUENE_Oezdemir_ID1921410500_03.03.2021.csv
