,text,label_gold,segment_id,label_bert,label_parlbert,label_svm,speech_id
0,Frau Präsidentin!,*,0,Energy,Energy,Transportation,19214_Tagesordnungspunkt_6_SPD_Klare_ID1921410900_03.03.2021.csv
1,Liebe Kolleginnen und Kollegen!,*,0,Energy,Energy,Transportation,19214_Tagesordnungspunkt_6_SPD_Klare_ID1921410900_03.03.2021.csv
2,Im Jahr 2020 wurden in Deutschland 49 Millionen Tonnen Treibstoff verkauft.,Energy,0,Energy,Energy,Transportation,19214_Tagesordnungspunkt_6_SPD_Klare_ID1921410900_03.03.2021.csv
3,Das sind 58 Milliarden Liter.,Energy,0,Energy,Energy,Transportation,19214_Tagesordnungspunkt_6_SPD_Klare_ID1921410900_03.03.2021.csv
4,"Nehmen Sie diesen Wert mal 2,5, dann erhalten Sie die CO
Das ist die Aufgabe.",Energy,0,Energy,Energy,Transportation,19214_Tagesordnungspunkt_6_SPD_Klare_ID1921410900_03.03.2021.csv
5,Es gibt zwei Wege – ich spreche von exakt zwei Wegen –: Es gibt erstens den Weg der Elektrifizierung über die Batterietechnik.,Energy,0,Energy,Energy,Transportation,19214_Tagesordnungspunkt_6_SPD_Klare_ID1921410900_03.03.2021.csv
6,"Diesen Weg gehen anscheinend alle OEMs, also alle Hersteller, und das auch sehr erfolgreich; die Verkaufszahlen zeigen das.",Energy,0,Energy,Energy,Transportation,19214_Tagesordnungspunkt_6_SPD_Klare_ID1921410900_03.03.2021.csv
7,Nebenbei bemerkt: Wir schaffen uns damit Speicherkapazität im Wert von 70 bis 100 Milliarden Euro; denn das kaufen die Kunden mit.,Energy,0,Energy,Energy,Transportation,19214_Tagesordnungspunkt_6_SPD_Klare_ID1921410900_03.03.2021.csv
8,"Denken wir an intelligente Netze, an bidirektionales Laden, sodass der Strom auch wieder eingespeist werden kann, und damit auch an ein paar Hundert Megawatt Speicherkapazität.",Energy,0,Energy,Energy,Transportation,19214_Tagesordnungspunkt_6_SPD_Klare_ID1921410900_03.03.2021.csv
9,"Der zweite Weg – den ich nicht verschweigen will – ist der über synthetische Fuels, biogen und strombasiert.",Energy,0,Energy,Energy,Transportation,19214_Tagesordnungspunkt_6_SPD_Klare_ID1921410900_03.03.2021.csv
10,"Herr Abgeordneter, erlauben Sie eine Zwischenfrage von Herrn Dr.",*,1,Environment,Transportation,International,19214_Tagesordnungspunkt_6_SPD_Klare_ID1921410900_03.03.2021.csv
11,Spaniel?,*,1,Environment,Transportation,International,19214_Tagesordnungspunkt_6_SPD_Klare_ID1921410900_03.03.2021.csv
12,"Nein, das habe ich noch nie getan und werde es in diesem Leben auch nicht mehr tun.",*,1,Environment,Transportation,International,19214_Tagesordnungspunkt_6_SPD_Klare_ID1921410900_03.03.2021.csv
13,"Diesen zweiten Weg brauchen wir auch, weil es notwendig ist, die Bestandsflotten zu dekarbonisieren.",Energy,1,Environment,Transportation,International,19214_Tagesordnungspunkt_6_SPD_Klare_ID1921410900_03.03.2021.csv
14,"Eine Beimischung von, sagen wir, E25 würde 35 Millionen Tonnen CO
Also: Ganz so trivial, Frau Skudelny, ist das nicht, was wir da tun. – Ich glaube, da gibt es eine Zwischenfrage.",Energy,1,Environment,Transportation,International,19214_Tagesordnungspunkt_6_SPD_Klare_ID1921410900_03.03.2021.csv
15,"Herr Abgeordneter, erlauben Sie eine Zwischenfrage?",*,1,Environment,Transportation,International,19214_Tagesordnungspunkt_6_SPD_Klare_ID1921410900_03.03.2021.csv
16,"Ja, ich habe das gesehen. – Aber gerne.",*,2,Energy,Energy,Energy,19214_Tagesordnungspunkt_6_SPD_Klare_ID1921410900_03.03.2021.csv
17,"Vielen Dank, Herr Kollege, dass Sie die Zwischenfrage zulassen. – Sie haben gerade erwähnt, welche riesigen Mengen an erdölbasierten Kraftstoffen wir in Deutschland ersetzen wollen, und haben darauf hingewiesen, dass wir das zum einen über Batterieelektrik und zum anderen durch strombasierte oder biogene Kraftstoffe tun wollen.",Energy,2,Energy,Energy,Energy,19214_Tagesordnungspunkt_6_SPD_Klare_ID1921410900_03.03.2021.csv
18,"Wir haben bei uns in Baden-Württemberg einen Mittelständler, die Firma Bosch, die unter anderem daran mitgewirkt hat, den sogenannten Care-Diesel zu entwickeln, das heißt einen Kraftstoff, der aus Abfall erzeugt wird, in konventionelle Kraftstoffe eingemischt werden kann und so zur Reduzierung von klimaschädlichen Emissionen beitragen kann.",Energy,2,Energy,Energy,Energy,19214_Tagesordnungspunkt_6_SPD_Klare_ID1921410900_03.03.2021.csv
19,Würden Sie den nicht auch für sinnvoll halten?,Energy,2,Energy,Energy,Energy,19214_Tagesordnungspunkt_6_SPD_Klare_ID1921410900_03.03.2021.csv
20,"Bisher haben wir noch Probleme, den anerkannt zu bekommen.",Energy,2,Energy,Energy,Energy,19214_Tagesordnungspunkt_6_SPD_Klare_ID1921410900_03.03.2021.csv
21,"Ja, wir verständigen uns aber trotzdem immer ganz gerne.",Energy,2,Energy,Energy,Energy,19214_Tagesordnungspunkt_6_SPD_Klare_ID1921410900_03.03.2021.csv
22,Mit Herrn Donth verstehe ich mich ja sehr gut.,Energy,2,Energy,Energy,Energy,19214_Tagesordnungspunkt_6_SPD_Klare_ID1921410900_03.03.2021.csv
23,"Insofern: Vielen Dank, Herr Donth, für diese Frage.",Energy,2,Energy,Energy,Energy,19214_Tagesordnungspunkt_6_SPD_Klare_ID1921410900_03.03.2021.csv
24,"Der Care-Diesel ist eine Option – in der RED-II-Diktion eine Erfüllungsoption –, und zwar eine vernünftige, wie ich finde.",Energy,2,Energy,Energy,Energy,19214_Tagesordnungspunkt_6_SPD_Klare_ID1921410900_03.03.2021.csv
25,"Das Problem, das an uns – auch an Sie – herangetragen wurde, betraf sozusagen die Anerkennung als reinen Dieselkraftstoff.",Energy,2,Energy,Energy,Energy,19214_Tagesordnungspunkt_6_SPD_Klare_ID1921410900_03.03.2021.csv
26,"Es gibt im Moment Grenzen bei den Beimischquoten, die weitaus höher liegen als das, was im Moment beigemischt werden kann.",Energy,2,Energy,Energy,Energy,19214_Tagesordnungspunkt_6_SPD_Klare_ID1921410900_03.03.2021.csv
27,"Gleichwohl gebe ich Ihnen recht, dass wir natürlich gerade diesen Treibstoff, der ja zur zweiten Generation von biogenen Kraftstoffen gehört, also nicht auf Nahrungsmittelpflanzen, sondern auf Reststoffen basiert, noch einmal viel intensiver in den Blick nehmen müssen.",Energy,2,Energy,Energy,Energy,19214_Tagesordnungspunkt_6_SPD_Klare_ID1921410900_03.03.2021.csv
28,Also: Es ist eine wichtige Erfüllungsoption. – Danke.,Energy,2,Energy,Energy,Energy,19214_Tagesordnungspunkt_6_SPD_Klare_ID1921410900_03.03.2021.csv
29,"Ich sehe gerade: Ich habe noch 27 Sekunden. – Beide Wege, die ich gerade beschrieben habe, müssen wir gehen, und sie werden auch gegangen.",Energy,2,Energy,Energy,Energy,19214_Tagesordnungspunkt_6_SPD_Klare_ID1921410900_03.03.2021.csv
30,"Beide Wege sind übrigens in der RED II, die ich gerade angesprochen habe, angelegt, und beide Wege werden wir auch in diesem Hause beschließen.",Energy,2,Energy,Energy,Energy,19214_Tagesordnungspunkt_6_SPD_Klare_ID1921410900_03.03.2021.csv
31,"Mit der Umsetzung der RED II, die dieses Haus hier vornehmen wird, wird es auch eine Unterquote für PtL-Kraftstoffe geben; da bin ich ganz sicher.",Energy,2,Energy,Energy,Energy,19214_Tagesordnungspunkt_6_SPD_Klare_ID1921410900_03.03.2021.csv
32,Danke.,*,2,Energy,Energy,Energy,19214_Tagesordnungspunkt_6_SPD_Klare_ID1921410900_03.03.2021.csv
33,Danke sehr. – Das Wort geht an Frau Dr.,*,2,Energy,Energy,Energy,19214_Tagesordnungspunkt_6_SPD_Klare_ID1921410900_03.03.2021.csv
34,Anja Weisgerber von der CDU/CSU-Fraktion.,*,2,Energy,Energy,Energy,19214_Tagesordnungspunkt_6_SPD_Klare_ID1921410900_03.03.2021.csv
