,text,label_gold,segment_id,label_bert,label_parlbert,label_svm,speech_id
0,Frau Präsidentin!,*,0,Defense,Defense,Defense,19218_Tagesordnungspunkt_15_AfD_Lucassen_ID1921810600_25.03.2021.csv
1,Meine Damen und Herren!,*,0,Defense,Defense,Defense,19218_Tagesordnungspunkt_15_AfD_Lucassen_ID1921810600_25.03.2021.csv
2,Die Afghanistan-Debatte dreht sich schon lange nicht mehr um Afghanistan.,Defense,0,Defense,Defense,Defense,19218_Tagesordnungspunkt_15_AfD_Lucassen_ID1921810600_25.03.2021.csv
3,"Es geht um die Fragen, wie die Bundesregierung Außenpolitik betreibt, wie die Bundesregierung mit Auslandseinsätzen der Bundeswehr umgeht und wie die Bundesregierung das Leben unserer Soldaten einsetzt.",Defense,0,Defense,Defense,Defense,19218_Tagesordnungspunkt_15_AfD_Lucassen_ID1921810600_25.03.2021.csv
4,"Die Antwort lautet: Sie tut das ziel- und planlos, und zwar seit geschlagenen 20 Jahren.",Defense,0,Defense,Defense,Defense,19218_Tagesordnungspunkt_15_AfD_Lucassen_ID1921810600_25.03.2021.csv
5,"Meine Damen und Herren, bei der Frage des Afghanistan-Einsatzes gibt es zwei Kategorien von Menschen in Deutschland: die Dummen und die Wissenden.",Defense,0,Defense,Defense,Defense,19218_Tagesordnungspunkt_15_AfD_Lucassen_ID1921810600_25.03.2021.csv
6,"Die Dummen glaubten immer an die Märchen vom zivilen Wiederaufbau, von der Partnerschaft mit den afghanischen Sicherheitskräften, der deutschen Verantwortung für Afghanistan und vom Erfolg der internationalen Gemeinschaft.",Defense,0,Defense,Defense,Defense,19218_Tagesordnungspunkt_15_AfD_Lucassen_ID1921810600_25.03.2021.csv
7,"Die Dummen ließen sich sogar einreden, dass die Afghanen auf die Paschtunen-Version des Grundgesetzes warten würden.",Defense,0,Defense,Defense,Defense,19218_Tagesordnungspunkt_15_AfD_Lucassen_ID1921810600_25.03.2021.csv
8,Erinnern Sie sich noch?,Defense,0,Defense,Defense,Defense,19218_Tagesordnungspunkt_15_AfD_Lucassen_ID1921810600_25.03.2021.csv
9,"Sie redeten hier im Bundestag vom Exportschlager Grundgesetz – alles nur Wohlfühlgeschwätz, vorgetragen, um die rot-grünen Koalitionspartner einzulullen und die Wahrheit vor dem Wahlvolk zu verschleiern.",Defense,0,Defense,Defense,Defense,19218_Tagesordnungspunkt_15_AfD_Lucassen_ID1921810600_25.03.2021.csv
10,Den Dummen kann man aber keinen Vorwurf machen; denn sie sind ja dumm.,Defense,0,Defense,Defense,Defense,19218_Tagesordnungspunkt_15_AfD_Lucassen_ID1921810600_25.03.2021.csv
11,"Viel Schlimmer ist die zweite Kategorie von Menschen: die Wissenden, diejenigen, die trotz aller Erkenntnisse über die Lage in Afghanistan von „Erfolg“ reden, diejenigen, die statt einer Ausstiegsstrategie nur Durchhalteparolen verkünden, diejenigen also, die trotz einer gesicherten Erfolglosigkeit weiterhin Soldaten ins Risiko nach Afghanistan schicken.",Defense,0,Defense,Defense,Defense,19218_Tagesordnungspunkt_15_AfD_Lucassen_ID1921810600_25.03.2021.csv
12,Und diese Leute sitzen hier auf der Regierungsbank.,Defense,0,Defense,Defense,Defense,19218_Tagesordnungspunkt_15_AfD_Lucassen_ID1921810600_25.03.2021.csv
13,Die Wahrheit ist: Alle beteiligten Staaten in Afghanistan – auch die Amerikaner – wollen raus; aber keiner will es offen sagen.,Defense,0,Defense,Defense,Defense,19218_Tagesordnungspunkt_15_AfD_Lucassen_ID1921810600_25.03.2021.csv
14,Eines der letzten Argumente der Bundesregierung ist Bündnistreue.,Defense,0,Defense,Defense,Defense,19218_Tagesordnungspunkt_15_AfD_Lucassen_ID1921810600_25.03.2021.csv
15,Und natürlich ist da etwas dran.,Defense,0,Defense,Defense,Defense,19218_Tagesordnungspunkt_15_AfD_Lucassen_ID1921810600_25.03.2021.csv
16,"Einfach so rauszugehen, wäre natürlich, wie die Bundesregierung immer warnt, ein Zeichen für Unzuverlässigkeit.",Defense,0,Defense,Defense,Defense,19218_Tagesordnungspunkt_15_AfD_Lucassen_ID1921810600_25.03.2021.csv
17,Gestatten Sie mir eine Zwischenbemerkung.,Defense,0,Defense,Defense,Defense,19218_Tagesordnungspunkt_15_AfD_Lucassen_ID1921810600_25.03.2021.csv
18,"Die Bundesregierung zeigt sich bei der Kernaufgabe der NATO, der Landes- und Bündnisverteidigung, seit Jahren maximal unzuverlässig.",Defense,0,Defense,Defense,Defense,19218_Tagesordnungspunkt_15_AfD_Lucassen_ID1921810600_25.03.2021.csv
19,"Ist Ihnen mal die Idee gekommen, Ihre Zusagen von Wales in Bezug auf den Verteidigungshaushalt einzuhalten, um nicht in Afghanistan Zuverlässigkeit simulieren zu müssen?",Defense,0,Defense,Defense,Defense,19218_Tagesordnungspunkt_15_AfD_Lucassen_ID1921810600_25.03.2021.csv
20,Außerdem gibt es bereits gelungene Beispiele für einen Ausstieg: Kanada.,Defense,0,Defense,Defense,Defense,19218_Tagesordnungspunkt_15_AfD_Lucassen_ID1921810600_25.03.2021.csv
21,"Die Kanadier haben Afghanistan bereits 2011 verlassen – nicht „einfach so“, sondern in Absprache mit den Verbündeten –, und heute sind sie immer noch in der NATO.",Defense,0,Defense,Defense,Defense,19218_Tagesordnungspunkt_15_AfD_Lucassen_ID1921810600_25.03.2021.csv
22,"Ich habe noch eine verwegene Idee für die Bundesregierung: Tun Sie das, was normale Regierungen tun, und machen Sie normale Politik für unser Land.",Defense,0,Defense,Defense,Defense,19218_Tagesordnungspunkt_15_AfD_Lucassen_ID1921810600_25.03.2021.csv
23,"Ihr Job ist es nämlich nicht, auf einen Anruf aus Washington zu warten, um zu erfahren, was als Nächstes passieren soll.",Defense,0,Defense,Defense,Defense,19218_Tagesordnungspunkt_15_AfD_Lucassen_ID1921810600_25.03.2021.csv
24,Übernehmen Sie die Initiative in der Afghanistan-Politik!,Defense,0,Defense,Defense,Defense,19218_Tagesordnungspunkt_15_AfD_Lucassen_ID1921810600_25.03.2021.csv
25,"Starten Sie mit dem Ausstieg aus dem Endloskrieg, und setzen Sie sich mit diesem Ansatz international durch.",Defense,0,Defense,Defense,Defense,19218_Tagesordnungspunkt_15_AfD_Lucassen_ID1921810600_25.03.2021.csv
26,Danke schön.,*,0,Defense,Defense,Defense,19218_Tagesordnungspunkt_15_AfD_Lucassen_ID1921810600_25.03.2021.csv
27,"Danke schön, Rüdiger Lucassen. – Nächster Redner: für die CDU/CSU-Fraktion Dr.",*,0,Defense,Defense,Defense,19218_Tagesordnungspunkt_15_AfD_Lucassen_ID1921810600_25.03.2021.csv
28,Johann Wadephul.,*,0,Defense,Defense,Defense,19218_Tagesordnungspunkt_15_AfD_Lucassen_ID1921810600_25.03.2021.csv
