,text,label_gold,segment_id,label_bert,label_parlbert,label_svm,speech_id
0,Sehr geehrte Frau Präsidentin!,*,0,Transportation,Transportation,Environment,19214_Tagesordnungspunkt_6_SPD_Nissen_ID1921410300_03.03.2021.csv
1,Liebe Kolleginnen und Kollegen!,*,0,Transportation,Transportation,Environment,19214_Tagesordnungspunkt_6_SPD_Nissen_ID1921410300_03.03.2021.csv
2,Mobilität ist ein unverzichtbarer Teil des täglichen Lebens.,Environment,0,Transportation,Transportation,Environment,19214_Tagesordnungspunkt_6_SPD_Nissen_ID1921410300_03.03.2021.csv
3,Verkehr ist jedoch einer der größten Verursacher von Treibhausgasen in Deutschland.,Environment,0,Transportation,Transportation,Environment,19214_Tagesordnungspunkt_6_SPD_Nissen_ID1921410300_03.03.2021.csv
4,"Das Beste ist, es entstehen erst gar keine Emissionen, zum Beispiel durch den Umstieg vom Auto auf das Fahrrad.",Environment,0,Transportation,Transportation,Environment,19214_Tagesordnungspunkt_6_SPD_Nissen_ID1921410300_03.03.2021.csv
5,Der Frankfurter SPD-Verkehrsdezernent hat im letzten Jahr wichtige Forderungen aus dem Radentscheid umgesetzt.,Environment,0,Transportation,Transportation,Environment,19214_Tagesordnungspunkt_6_SPD_Nissen_ID1921410300_03.03.2021.csv
6,"Unter anderem in der Friedberger Landstraße, die bisher durch Emissionen hochbelastet war, gibt es jetzt eine breite, rot eingefärbte Fahrradspur.",Environment,0,Transportation,Transportation,Environment,19214_Tagesordnungspunkt_6_SPD_Nissen_ID1921410300_03.03.2021.csv
7,"Frau Abgeordnete, erlauben Sie eine Zwischenfrage von Dr.",*,0,Transportation,Transportation,Environment,19214_Tagesordnungspunkt_6_SPD_Nissen_ID1921410300_03.03.2021.csv
8,Spaniel?,*,0,Transportation,Transportation,Environment,19214_Tagesordnungspunkt_6_SPD_Nissen_ID1921410300_03.03.2021.csv
9,Bestimmt nicht.,*,0,Transportation,Transportation,Environment,19214_Tagesordnungspunkt_6_SPD_Nissen_ID1921410300_03.03.2021.csv
10,Die Menschen fühlen sich jetzt sicherer; viele sind auf das Rad umgestiegen.,Environment,1,Transportation,Environment,Transportation,19214_Tagesordnungspunkt_6_SPD_Nissen_ID1921410300_03.03.2021.csv
11,Wir von der SPD wollen Frankfurt zu einer der fahrradfreundlichsten Städte machen.,Environment,1,Transportation,Environment,Transportation,19214_Tagesordnungspunkt_6_SPD_Nissen_ID1921410300_03.03.2021.csv
12,"Klar ist: Um den Anforderungen des Pariser Klimaschutzabkommens gerecht zu werden, muss der Verkehr in Deutschland seine Treibhausgasemissionen schnell und drastisch reduzieren.",Environment,1,Transportation,Environment,Transportation,19214_Tagesordnungspunkt_6_SPD_Nissen_ID1921410300_03.03.2021.csv
13,Bis 2050 wollen wir treibhausgasneutral werden.,Environment,1,Transportation,Environment,Transportation,19214_Tagesordnungspunkt_6_SPD_Nissen_ID1921410300_03.03.2021.csv
14,"Mit dem Klimaschutzgesetz und dem Kohleausstiegsgesetz haben wir Instrumente geschaffen, mit denen wir jederzeit das Tempo anziehen und Ziele verschärfen können.",Environment,1,Transportation,Environment,Transportation,19214_Tagesordnungspunkt_6_SPD_Nissen_ID1921410300_03.03.2021.csv
15,Wir haben den Ausbau der E-Mobilität gefördert.,Energy,1,Transportation,Environment,Transportation,19214_Tagesordnungspunkt_6_SPD_Nissen_ID1921410300_03.03.2021.csv
16,Es gibt eine Kaufprämie für E-Autos.,Energy,1,Transportation,Environment,Transportation,19214_Tagesordnungspunkt_6_SPD_Nissen_ID1921410300_03.03.2021.csv
17,Wir haben die Umrüstung im ÖPNV auf E-Mobilität gefördert.,Energy,1,Transportation,Environment,Transportation,19214_Tagesordnungspunkt_6_SPD_Nissen_ID1921410300_03.03.2021.csv
18,Bei uns in Frankfurt werden jetzt inzwischen 29 der insgesamt 406 Busse elektrisch betrieben.,Energy,1,Transportation,Environment,Transportation,19214_Tagesordnungspunkt_6_SPD_Nissen_ID1921410300_03.03.2021.csv
19,"Der Bund hat sich bei uns gerade, ganz aktuell, mit 7,81 Millionen Euro an den Mehrkosten beteiligt, die bei der Anschaffung der Elektrobusse im Vergleich zu Dieselbussen anfallen. – Noch mal Danke für die Unterstützung!",Energy,2,Energy,Transportation,Energy,19214_Tagesordnungspunkt_6_SPD_Nissen_ID1921410300_03.03.2021.csv
20,"Aber wir brauchen natürlich mehr als die E-Mobilität, um die Verkehrswende zu schaffen, übrigens auch für den Gesundheitsschutz der Bevölkerung.",Energy,2,Energy,Transportation,Energy,19214_Tagesordnungspunkt_6_SPD_Nissen_ID1921410300_03.03.2021.csv
21,"Die SDGs, die Nachhaltigkeitsziele 2030, fordern in Ziel 7 bezahlbare und saubere Energie.",Energy,2,Energy,Transportation,Energy,19214_Tagesordnungspunkt_6_SPD_Nissen_ID1921410300_03.03.2021.csv
22,"Unterziel 7.2. fordert, den Anteil erneuerbarer Energien am globalen Energiemix deutlich zu erhöhen.",Energy,2,Energy,Transportation,Energy,19214_Tagesordnungspunkt_6_SPD_Nissen_ID1921410300_03.03.2021.csv
23,Die Koalition handelt.,Energy,2,Energy,Transportation,Energy,19214_Tagesordnungspunkt_6_SPD_Nissen_ID1921410300_03.03.2021.csv
24,Wir haben die Wasserstoffstrategie verabschiedet.,Energy,2,Energy,Transportation,Energy,19214_Tagesordnungspunkt_6_SPD_Nissen_ID1921410300_03.03.2021.csv
25,Wasserstoff ist ja das Grundprodukt für synthetische Kraftstoffe oder Power-to-X-Technologien.,Energy,2,Energy,Transportation,Energy,19214_Tagesordnungspunkt_6_SPD_Nissen_ID1921410300_03.03.2021.csv
26,Unser Zukunftspaket sieht 7 Milliarden Euro für den Markthochlauf von Wasserstofftechnologien in Deutschland und weitere 2 Milliarden Euro für internationale Patenschaften vor.,Energy,3,Energy,Energy,Energy,19214_Tagesordnungspunkt_6_SPD_Nissen_ID1921410300_03.03.2021.csv
27,"Deutschland muss es schaffen, Wasserstoff als Dekarbonisierungsoption zu etablieren.",Energy,3,Energy,Energy,Energy,19214_Tagesordnungspunkt_6_SPD_Nissen_ID1921410300_03.03.2021.csv
28,"Aus unserer Sicht ist nur Wasserstoff, der auf Basis erneuerbarer Energien hergestellt wurde, auf Dauer nachhaltig.",Energy,3,Energy,Energy,Energy,19214_Tagesordnungspunkt_6_SPD_Nissen_ID1921410300_03.03.2021.csv
29,Wir wollen für Grünen Wasserstoff einen zügigen Markthochlauf.,Energy,3,Energy,Energy,Energy,19214_Tagesordnungspunkt_6_SPD_Nissen_ID1921410300_03.03.2021.csv
30,Dies unterstützen wir unter anderem durch die Förderung der Elektrolyseure im Rahmen des Innovationspakts Klimaschutz.,Energy,3,Energy,Energy,Energy,19214_Tagesordnungspunkt_6_SPD_Nissen_ID1921410300_03.03.2021.csv
31,Aktuell ist das PtX Lab Lausitz an den Start gegangen.,Energy,3,Energy,Energy,Energy,19214_Tagesordnungspunkt_6_SPD_Nissen_ID1921410300_03.03.2021.csv
32,"Das neue Kompetenzzentrum
soll internationaler Anlaufpunkt für Grünen Wasserstoff und dessen Folgeprodukte werden.",Energy,3,Energy,Energy,Energy,19214_Tagesordnungspunkt_6_SPD_Nissen_ID1921410300_03.03.2021.csv
33,Dafür stehen bis 2024 bis zu 180 Millionen Euro aus dem Strukturstärkungsgesetz zur Verfügung.,Energy,4,Energy,Energy,International,19214_Tagesordnungspunkt_6_SPD_Nissen_ID1921410300_03.03.2021.csv
34,Wir wollen der Batterietechnik ebenso eine Chance geben wie den synthetischen Kraftstoffen.,Energy,4,Energy,Energy,International,19214_Tagesordnungspunkt_6_SPD_Nissen_ID1921410300_03.03.2021.csv
35,"Kurzum, wir wollen wirkliche Technologieoffenheit.",Energy,4,Energy,Energy,International,19214_Tagesordnungspunkt_6_SPD_Nissen_ID1921410300_03.03.2021.csv
36,Herzlichen Dank für Ihre Aufmerksamkeit.,*,4,Energy,Energy,International,19214_Tagesordnungspunkt_6_SPD_Nissen_ID1921410300_03.03.2021.csv
37,Dies ist keine Geschäftsordnungsdebatte.,*,4,Energy,Energy,International,19214_Tagesordnungspunkt_6_SPD_Nissen_ID1921410300_03.03.2021.csv
38,"Wenn Sie die wünschen, können wir die gerne führen.",*,4,Energy,Energy,International,19214_Tagesordnungspunkt_6_SPD_Nissen_ID1921410300_03.03.2021.csv
39,Aber wir machen das nicht im Rahmen einer Fachdebatte. – Vielen Dank.,*,4,Energy,Energy,International,19214_Tagesordnungspunkt_6_SPD_Nissen_ID1921410300_03.03.2021.csv
40,Und ich bitte doch um ein bisschen mehr Anstand und Respekt allen Rednerinnen und Rednern gegenüber.,*,4,Energy,Energy,International,19214_Tagesordnungspunkt_6_SPD_Nissen_ID1921410300_03.03.2021.csv
41,Ich gebe das Wort an Lorenz Gösta Beutin von der Fraktion Die Linke.,*,4,Energy,Energy,International,19214_Tagesordnungspunkt_6_SPD_Nissen_ID1921410300_03.03.2021.csv
