,text,label_gold,segment_id,label_bert,label_parlbert,label_svm,speech_id
0,Frau Präsidentin!,*,0,International,International,International,19218_Tagesordnungspunkt_15_SPD_Moeller_ID1921811100_25.03.2021.csv
1,Verehrte Kolleginnen und Kollegen!,*,0,International,International,International,19218_Tagesordnungspunkt_15_SPD_Moeller_ID1921811100_25.03.2021.csv
2,"Immer, wenn ich solche Reden wie gerade hier von der AfD höre und ertragen muss, denke ich an Shajillah Hadeed.",International Affairs,0,International,International,International,19218_Tagesordnungspunkt_15_SPD_Moeller_ID1921811100_25.03.2021.csv
3,Frau Hadeed habe ich auf einer Afghanistanreise 2019 kennengelernt.,International Affairs,0,International,International,International,19218_Tagesordnungspunkt_15_SPD_Moeller_ID1921811100_25.03.2021.csv
4,Sie war damals Vorsitzende des Frauenrates der Provinz Balch.,International Affairs,0,International,International,International,19218_Tagesordnungspunkt_15_SPD_Moeller_ID1921811100_25.03.2021.csv
5,"In einer dieser typischen Runden mit lauter männlichen Gesprächsteilnehmern saßen wir bei einem landestypischen Mittagessen in einem Zelt, und Frau Hadeed, gekleidet in ein farbenfrohes Gewand, mit einem lockeren Kopftuch, nutzte die Gunst der Stunde, um einen flammenden Appell an die deutsche Delegation zu richten.",International Affairs,0,International,International,International,19218_Tagesordnungspunkt_15_SPD_Moeller_ID1921811100_25.03.2021.csv
6,"Sie sprach von ihrer persönlichen Situation in der Zeit der Talibanherrschaft, von Unterdrückung, Entrechtung, Willkür, Gewalt gegenüber Frauen und Mädchen und von ihrer Furcht vor dem wachsenden Einfluss der Taliban, davor, dass sich genau dieselbe Situation wieder einstellen würde, wenn wir abzögen.",International Affairs,0,International,International,International,19218_Tagesordnungspunkt_15_SPD_Moeller_ID1921811100_25.03.2021.csv
7,"Sie beschwor uns, die internationale Präsenz fortzuführen, und ließ sich dabei auch nicht von den Beschwichtigungsversuchen des anwesenden Provinzgouverneurs beirren; denn sie wusste ganz genau, dass sie hier nicht zu gehorchen hatte – wie unter anderen Regimen –, sondern als freie, stolze Frau dort sprechen durfte.",International Affairs,0,International,International,International,19218_Tagesordnungspunkt_15_SPD_Moeller_ID1921811100_25.03.2021.csv
8,Mich hat das zutiefst bewegt; denn für diese Frauen lohnt es sich dort zu sein.,International Affairs,0,International,International,International,19218_Tagesordnungspunkt_15_SPD_Moeller_ID1921811100_25.03.2021.csv
9,"Es zeigt zudem, dass wir in Afghanistan auf der richtigen Seite stehen: auf der Seite der Freiheit und der Selbstbestimmung dieser Frau, stellvertretend für die afghanische Bevölkerung.",International Affairs,0,International,International,International,19218_Tagesordnungspunkt_15_SPD_Moeller_ID1921811100_25.03.2021.csv
10,"Liebe Kolleginnen und Kollegen, 20 Jahre Afghanistan-Einsatz heißt leider nicht, dass alles gut ist.",International Affairs,0,International,International,International,19218_Tagesordnungspunkt_15_SPD_Moeller_ID1921811100_25.03.2021.csv
11,Es ist immer noch gefährlich und mühsam dort.,International Affairs,0,International,International,International,19218_Tagesordnungspunkt_15_SPD_Moeller_ID1921811100_25.03.2021.csv
12,Aber 20 Jahre nach dem 11.,International Affairs,0,International,International,International,19218_Tagesordnungspunkt_15_SPD_Moeller_ID1921811100_25.03.2021.csv
13,"September scheint fast in Vergessenheit geraten zu sein, was für ein Land Afghanistan damals war.",International Affairs,0,International,International,International,19218_Tagesordnungspunkt_15_SPD_Moeller_ID1921811100_25.03.2021.csv
14,Damals gab es keinen regelmäßigen Schulbesuch; es gab nicht einmal Schulgebäude für Mädchen.,International Affairs,0,International,International,International,19218_Tagesordnungspunkt_15_SPD_Moeller_ID1921811100_25.03.2021.csv
15,Es gab keine Wahlen.,International Affairs,0,International,International,International,19218_Tagesordnungspunkt_15_SPD_Moeller_ID1921811100_25.03.2021.csv
16,Es gab kein Rechtssystem.,International Affairs,0,International,International,International,19218_Tagesordnungspunkt_15_SPD_Moeller_ID1921811100_25.03.2021.csv
17,Es gab öffentliche Steinigungen.,International Affairs,0,International,International,International,19218_Tagesordnungspunkt_15_SPD_Moeller_ID1921811100_25.03.2021.csv
18,Afghanistan war ein Hort des internationalen Terrors.,International Affairs,0,International,International,International,19218_Tagesordnungspunkt_15_SPD_Moeller_ID1921811100_25.03.2021.csv
19,"All das hat sich glücklicherweise geändert, auch dank der internationalen Kräfte und der intensiven Aufbauarbeit, die durch die zivilen ehrenamtlichen und hauptamtlichen Helferinnen und Helfer vor Ort geleistet wird.",International Affairs,0,International,International,International,19218_Tagesordnungspunkt_15_SPD_Moeller_ID1921811100_25.03.2021.csv
20,In einer denkbar unwägbaren Lage wollen wir heute zu einer Verlängerung des Mandates kommen.,International Affairs,0,International,International,International,19218_Tagesordnungspunkt_15_SPD_Moeller_ID1921811100_25.03.2021.csv
21,Eine belastbare Vereinbarung zwischen den Konfliktparteien wäre die Grundlage für den möglichen Abzug.,International Affairs,0,International,International,International,19218_Tagesordnungspunkt_15_SPD_Moeller_ID1921811100_25.03.2021.csv
22,"Die Friedensverhandlungen zwischen den Taliban und der afghanischen Regierung stocken, ebenso die zwischen den Taliban und den USA.",International Affairs,0,International,International,International,19218_Tagesordnungspunkt_15_SPD_Moeller_ID1921811100_25.03.2021.csv
23,"Ich stelle hier mal die Frage: Welches Signal würden wir an die NATO senden, wenn wir jetzt abziehen?",International Affairs,0,International,International,International,19218_Tagesordnungspunkt_15_SPD_Moeller_ID1921811100_25.03.2021.csv
24,"Das Signal: „Für uns gilt nicht mehr gemeinsam rein, gemeinsam raus“?",International Affairs,0,International,International,International,19218_Tagesordnungspunkt_15_SPD_Moeller_ID1921811100_25.03.2021.csv
25,"Welches Signal würden wir an die afghanischen Sicherheitskräfte senden, die wir aufgebaut haben und die jeden Tag in Auseinandersetzungen mit den Taliban Verluste hinnehmen?",International Affairs,0,International,International,International,19218_Tagesordnungspunkt_15_SPD_Moeller_ID1921811100_25.03.2021.csv
26,"Das Signal: „Wir entziehen euch die Unterstützung und überlassen euch den Taliban, die nur darauf lauern, dass sich ein aus ihrer Sicht müder Westen endlich zurückzieht“?",International Affairs,0,International,International,International,19218_Tagesordnungspunkt_15_SPD_Moeller_ID1921811100_25.03.2021.csv
27,Welches Signal würden wir an Frauen wie Shajillah Hadeed senden?,International Affairs,0,International,International,International,19218_Tagesordnungspunkt_15_SPD_Moeller_ID1921811100_25.03.2021.csv
28,"– Ich finde, wir dürfen sie nicht alleine lassen, die afghanischen Sicherheitskräfte nicht und die Bevölkerung von Afghanistan nicht; sie setzen auf uns.",International Affairs,0,International,International,International,19218_Tagesordnungspunkt_15_SPD_Moeller_ID1921811100_25.03.2021.csv
29,Der Einsatz der Bundeswehr in Afghanistan war intensiver als alle anderen Einsätze.,International Affairs,0,International,International,International,19218_Tagesordnungspunkt_15_SPD_Moeller_ID1921811100_25.03.2021.csv
30,Er hat eine ganze Generation geprägt.,International Affairs,0,International,International,International,19218_Tagesordnungspunkt_15_SPD_Moeller_ID1921811100_25.03.2021.csv
31,Er hat die Bundeswehr verändert.,International Affairs,0,International,International,International,19218_Tagesordnungspunkt_15_SPD_Moeller_ID1921811100_25.03.2021.csv
32,"Trotz aller Erfolge müssen wir anerkennen, dass viele Dinge anders gelaufen sind, als wir sie uns vorgestellt hatten.",International Affairs,0,International,International,International,19218_Tagesordnungspunkt_15_SPD_Moeller_ID1921811100_25.03.2021.csv
33,"Es gab Rückschläge, Anschläge; wir haben 59 tote Soldaten zu beklagen.",International Affairs,0,International,International,International,19218_Tagesordnungspunkt_15_SPD_Moeller_ID1921811100_25.03.2021.csv
34,"Den Angehörigen und den gefallenen Soldaten gegenüber sind wir zum Gedenken, zum respektvollen Umgang mit dem Einsatz und einem In-Verbindung-Bleiben verpflichtet.",International Affairs,0,International,International,International,19218_Tagesordnungspunkt_15_SPD_Moeller_ID1921811100_25.03.2021.csv
35,"Und gerade weil der Abzug vermutlich nicht realisiert wird und die Taliban dann auch wieder gegen internationale Kräfte Gewalt ausüben werden, muss der Schutz unserer Soldatinnen und Soldaten oberste Priorität haben.",International Affairs,0,International,International,International,19218_Tagesordnungspunkt_15_SPD_Moeller_ID1921811100_25.03.2021.csv
36,"Kolleginnen und Kollegen, Demokratie lässt sich nur schwer exportieren, und Afghanistan hat noch einen langen Weg vor sich.",International Affairs,0,International,International,International,19218_Tagesordnungspunkt_15_SPD_Moeller_ID1921811100_25.03.2021.csv
37,"Aber lassen Sie uns weiterhin Wegbegleiter sein, Wegbegleiter von Shajillah Hadeed, all der anderen Frauen und Mädchen und der afghanischen Bevölkerung!",International Affairs,0,International,International,International,19218_Tagesordnungspunkt_15_SPD_Moeller_ID1921811100_25.03.2021.csv
38,"Lassen Sie uns beweisen, dass sie auf uns zählen können!",International Affairs,0,International,International,International,19218_Tagesordnungspunkt_15_SPD_Moeller_ID1921811100_25.03.2021.csv
39,Vielen Dank.,*,0,International,International,International,19218_Tagesordnungspunkt_15_SPD_Moeller_ID1921811100_25.03.2021.csv
40,"Vielen Dank, Siemtje Möller. – Der letzte Redner in dieser Debatte: Dr.",*,0,International,International,International,19218_Tagesordnungspunkt_15_SPD_Moeller_ID1921811100_25.03.2021.csv
41,Reinhard Brandl für die CSU/CDU-Fraktion.,*,0,International,International,International,19218_Tagesordnungspunkt_15_SPD_Moeller_ID1921811100_25.03.2021.csv
