,text,label_gold,segment_id,label_bert,label_parlbert,label_svm,speech_id
0,Sehr geehrte Frau Präsidentin!,*,0,Government,Transportation,Civil,19214_Tagesordnungspunkt_6_AfD_Spaniel_ID1921410200_03.03.2021.csv
1,Sehr geehrte Damen und Herren!,*,0,Government,Transportation,Civil,19214_Tagesordnungspunkt_6_AfD_Spaniel_ID1921410200_03.03.2021.csv
2,"Es gibt Momente, von denen glaubt man, sie kommen nicht mehr, es gibt sie nicht.",Energy,0,Government,Transportation,Civil,19214_Tagesordnungspunkt_6_AfD_Spaniel_ID1921410200_03.03.2021.csv
3,"Er ist gekommen, dieser Moment: Drei Jahre hat es gedauert, bis auch Sie festgestellt haben, dass synthetische Kraftstoffe die Lösung sind, mit der wir Mobilität für die Menschen in diesem Land sicherstellen können.",Energy,0,Government,Transportation,Civil,19214_Tagesordnungspunkt_6_AfD_Spaniel_ID1921410200_03.03.2021.csv
4,"Vielen Dank dafür.
– Das ist keine Lüge.",Energy,0,Government,Transportation,Civil,19214_Tagesordnungspunkt_6_AfD_Spaniel_ID1921410200_03.03.2021.csv
5,"Vor drei Jahren habe ich hier einen Antrag eingebracht, bei dem es um die Anerkennung synthetischer Kraftstoffe ging.
– Sie wollen eine Frage stellen, Frau Skudelny?",Energy,0,Government,Transportation,Civil,19214_Tagesordnungspunkt_6_AfD_Spaniel_ID1921410200_03.03.2021.csv
6,"Herr Abgeordneter, erlauben Sie eine Zwischenfrage von Frau Skudelny?",*,0,Government,Transportation,Civil,19214_Tagesordnungspunkt_6_AfD_Spaniel_ID1921410200_03.03.2021.csv
7,Natürlich.,*,1,Environment,Transportation,Defense,19214_Tagesordnungspunkt_6_AfD_Spaniel_ID1921410200_03.03.2021.csv
8,Sie stellen hier ganz tapfer Behauptungen auf.,Energy,1,Environment,Transportation,Defense,19214_Tagesordnungspunkt_6_AfD_Spaniel_ID1921410200_03.03.2021.csv
9,"Aber tatsächlich habe ich im gleichen Zeitraum einen Antrag gestellt, in dem es um Luftreinhaltung ging.",Energy,1,Environment,Transportation,Defense,19214_Tagesordnungspunkt_6_AfD_Spaniel_ID1921410200_03.03.2021.csv
10,Kennen Sie den etwa nicht?,Energy,1,Environment,Transportation,Defense,19214_Tagesordnungspunkt_6_AfD_Spaniel_ID1921410200_03.03.2021.csv
11,"Doch, den Antrag zum Thema Luftreinhaltung kenne ich.",Energy,1,Environment,Transportation,Defense,19214_Tagesordnungspunkt_6_AfD_Spaniel_ID1921410200_03.03.2021.csv
12,"Aber der Kernpunkt Ihres Antrags hier ist die Anerkennung synthetischer Kraftstoffe bei der Anrechnung auf den Flottenverbrauch,
und das ist selbstverständlich ein inhaltlicher Punkt von uns.
– Den Antrag zum Thema „synthetische Kraftstoffe“ haben wir hier im Plenum eingebracht.",Energy,1,Environment,Transportation,Defense,19214_Tagesordnungspunkt_6_AfD_Spaniel_ID1921410200_03.03.2021.csv
13,"Das ist eine Fehlinformation, die Sie hier streuen.
– Ja, ich komme gleich dazu.",Energy,2,Government,Transportation,Energy,19214_Tagesordnungspunkt_6_AfD_Spaniel_ID1921410200_03.03.2021.csv
14,"Wenn Sie eine Zwischenfrage stellen, dann beantworte ich die; aber so nicht.",Energy,2,Government,Transportation,Energy,19214_Tagesordnungspunkt_6_AfD_Spaniel_ID1921410200_03.03.2021.csv
15,Es ist auf jeden Fall so: Die AfD hat einen Antrag zum Thema „Anerkennung synthetischer Kraftstoffe auf den Flottenkraftstoffverbrauch“ hier im Deutschen Bundestag eingebracht.,Energy,3,Energy,Environment,Energy,19214_Tagesordnungspunkt_6_AfD_Spaniel_ID1921410200_03.03.2021.csv
16,Ich möchte dazusagen: Da kam von Ihnen eine Ablehnung.,Energy,3,Energy,Environment,Energy,19214_Tagesordnungspunkt_6_AfD_Spaniel_ID1921410200_03.03.2021.csv
17,"Deshalb ist es Heuchelei, sich heute hierhinzustellen und so zu tun, als würden Sie für den Verbrennungsmotor kämpfen.",Energy,3,Energy,Environment,Energy,19214_Tagesordnungspunkt_6_AfD_Spaniel_ID1921410200_03.03.2021.csv
18,Jetzt ist die Antwort auf Ihre Frage zu Ende.,Energy,3,Energy,Environment,Energy,19214_Tagesordnungspunkt_6_AfD_Spaniel_ID1921410200_03.03.2021.csv
19,Ich komme nun zu meiner Rede zurück.,Energy,3,Energy,Environment,Energy,19214_Tagesordnungspunkt_6_AfD_Spaniel_ID1921410200_03.03.2021.csv
20,"Ein Detail zur Abstimmung über die Einhaltung der EU-Emissionsgrenzwerte von CO
– Ja, das mag ja sein, aber Ihre Fraktion hat zugestimmt, und Sie haben unserem Antrag damals nicht zugestimmt.",Energy,3,Energy,Environment,Energy,19214_Tagesordnungspunkt_6_AfD_Spaniel_ID1921410200_03.03.2021.csv
21,Wir hätten hier im Bundestag damals eine Subsidiaritätsklage einreichen können.,Energy,3,Energy,Environment,Energy,19214_Tagesordnungspunkt_6_AfD_Spaniel_ID1921410200_03.03.2021.csv
22,"Jetzt stellen Sie sich nicht hin, als wollten Sie das retten.",Energy,3,Energy,Environment,Energy,19214_Tagesordnungspunkt_6_AfD_Spaniel_ID1921410200_03.03.2021.csv
23,Sie haben das versäumt.,Energy,3,Energy,Environment,Energy,19214_Tagesordnungspunkt_6_AfD_Spaniel_ID1921410200_03.03.2021.csv
24,"Ich lese mal aus Ihrem Antrag vor, da steht drin:
Durch den Einsatz von erneuerbaren Energien wird mittels neuer Verfahren … synthetischer Kraftstoff gewonnen.",Energy,3,Energy,Environment,Energy,19214_Tagesordnungspunkt_6_AfD_Spaniel_ID1921410200_03.03.2021.csv
25,"Sehr geehrte Damen und Herren von der FDP-Fraktion, die Herstellung von synthetischen Kraftstoffen wurde im Jahr 1925 erfunden; Stichwort „Fischer-Tropsch-Synthese“.",Energy,3,Energy,Environment,Energy,19214_Tagesordnungspunkt_6_AfD_Spaniel_ID1921410200_03.03.2021.csv
26,"Es freut mich, dass das auch bei Ihnen angekommen ist; bei Ihnen braucht man offensichtlich knapp 100 Jahre, um das zu erkennen.",Energy,3,Energy,Environment,Energy,19214_Tagesordnungspunkt_6_AfD_Spaniel_ID1921410200_03.03.2021.csv
27,"Ich lese weiter aus Ihrem Antrag vor:
Mit einem Nachweis des Herstellers über die Inverkehrbringung einer für die Gesamtlaufleistung eines Fahrzeugs nötige Menge an synthetischen Kraftstoffen wäre eine zuverlässige CO
Sehr geehrte Damen und Herren, daran erkennen wir den Ursprung Ihres Antrags.",Energy,4,Environment,Transportation,Transportation,19214_Tagesordnungspunkt_6_AfD_Spaniel_ID1921410200_03.03.2021.csv
28,"Sie wollen, dass Autohersteller zukünftig Tausende Liter Kraftstoff mit verkaufen müssen, wenn sie ein Auto verkaufen.",Energy,4,Environment,Transportation,Transportation,19214_Tagesordnungspunkt_6_AfD_Spaniel_ID1921410200_03.03.2021.csv
29,"Damit wird klar, wer die Urheber dieses Antrags sind, und Ihre Lobbypolitik wird ersichtlich.",Energy,4,Environment,Transportation,Transportation,19214_Tagesordnungspunkt_6_AfD_Spaniel_ID1921410200_03.03.2021.csv
30,Die Mineralölindustrie hat Ihnen das offensichtlich reindiktiert.,Energy,4,Environment,Transportation,Transportation,19214_Tagesordnungspunkt_6_AfD_Spaniel_ID1921410200_03.03.2021.csv
31,Das hätte man etwas unauffälliger machen können.,Energy,4,Environment,Transportation,Transportation,19214_Tagesordnungspunkt_6_AfD_Spaniel_ID1921410200_03.03.2021.csv
32,"Herr Abgeordneter, erlauben Sie eine Zwischenfrage des Abgeordneten Theurer von der FDP-Fraktion?",*,4,Environment,Transportation,Transportation,19214_Tagesordnungspunkt_6_AfD_Spaniel_ID1921410200_03.03.2021.csv
33,"Ja, erlaube ich.",*,5,Energy,Transportation,Transportation,19214_Tagesordnungspunkt_6_AfD_Spaniel_ID1921410200_03.03.2021.csv
34,"Vielen Dank, dass Sie die Zwischenfrage zulassen. – Herr Dr.",Energy,5,Energy,Transportation,Transportation,19214_Tagesordnungspunkt_6_AfD_Spaniel_ID1921410200_03.03.2021.csv
35,"Spaniel, Sie behaupten erstens, dass Sie das Thema „synthetische Kraftstoffe“ als Erste in den Deutschen Bundestag eingebracht hätten.",Energy,5,Energy,Transportation,Transportation,19214_Tagesordnungspunkt_6_AfD_Spaniel_ID1921410200_03.03.2021.csv
36,"Sind Sie bereit, zuzugestehen, dass andere Fraktionen – auch die FDP – zu einem Zeitpunkt, als es die AfD noch nicht gab, hier schon über synthetische Kraftstoffe gesprochen haben?",Energy,5,Energy,Transportation,Transportation,19214_Tagesordnungspunkt_6_AfD_Spaniel_ID1921410200_03.03.2021.csv
37,Zweitens.,Environment,5,Energy,Transportation,Transportation,19214_Tagesordnungspunkt_6_AfD_Spaniel_ID1921410200_03.03.2021.csv
38,"Sie behaupten, wir hätten Ihren Antrag damals abgelehnt.",Environment,5,Energy,Transportation,Transportation,19214_Tagesordnungspunkt_6_AfD_Spaniel_ID1921410200_03.03.2021.csv
39,"Nehmen Sie zur Kenntnis oder sind Sie bereit, zuzugestehen, dass in Ihrem Antrag damals der Klimawandel infrage gestellt worden ist, sodass einem solchen Antrag nicht zugestimmt werden konnte,
wenn man der Meinung ist, dass es eine Klimakrise gibt und dass diese Klimakrise auch bekämpft werden muss?",Environment,5,Energy,Transportation,Transportation,19214_Tagesordnungspunkt_6_AfD_Spaniel_ID1921410200_03.03.2021.csv
40,Ich will auf Ihre Fragen gerne antworten.,Energy,5,Energy,Transportation,Transportation,19214_Tagesordnungspunkt_6_AfD_Spaniel_ID1921410200_03.03.2021.csv
41,"Selbstverständlich gab es andere Fraktionen, die hier schon über synthetische Kraftstoffe geredet haben, und das habe ich auch nie bestritten.",Energy,5,Energy,Transportation,Transportation,19214_Tagesordnungspunkt_6_AfD_Spaniel_ID1921410200_03.03.2021.csv
42,"Der Knackpunkt ist aber nicht, ob wir darüber reden, sondern, ob wir tatsächlich synthetische Kraftstoffe auf die Flottenbilanz der Autohersteller anrechnen.",Energy,5,Energy,Transportation,Transportation,19214_Tagesordnungspunkt_6_AfD_Spaniel_ID1921410200_03.03.2021.csv
43,"Da waren wir die Ersten, die das gebracht haben.",Energy,5,Energy,Transportation,Transportation,19214_Tagesordnungspunkt_6_AfD_Spaniel_ID1921410200_03.03.2021.csv
44,"Denn das ist der entscheidende Punkt, warum man Verbrennungsmotoren hinterher „outpriced“ und warum der Autohersteller auf Elektromobilität umschwenken muss.",Energy,5,Energy,Transportation,Transportation,19214_Tagesordnungspunkt_6_AfD_Spaniel_ID1921410200_03.03.2021.csv
45,Ich komme zu Ihrem zweiten Punkt.,Environment,6,Government,Environment,Defense,19214_Tagesordnungspunkt_6_AfD_Spaniel_ID1921410200_03.03.2021.csv
46,"Sie können doch nicht ernsthaft sagen, dass Sie unseren Antrag damals abgelehnt haben, weil in der Begründung drinsteht
– weil in der Einleitung drinsteht –, dass wir den Klimawandel so nicht anerkennen.",Environment,6,Government,Environment,Defense,19214_Tagesordnungspunkt_6_AfD_Spaniel_ID1921410200_03.03.2021.csv
47,"Das kann ja wohl nicht Ihr Ernst sein,
dass Sie wegen dieser Formalie, die wir in die Einleitung reingeschrieben haben,
eine effektive Maßnahme zur Rettung der Arbeitsplätze in diesem Land ablehnen.",Environment,7,Labor,Labor,Civil,19214_Tagesordnungspunkt_6_AfD_Spaniel_ID1921410200_03.03.2021.csv
48,Ist das Ihr Ernst?,Environment,7,Labor,Labor,Civil,19214_Tagesordnungspunkt_6_AfD_Spaniel_ID1921410200_03.03.2021.csv
49,Das müssen Sie den Arbeitnehmern mal erklären.,Environment,7,Labor,Labor,Civil,19214_Tagesordnungspunkt_6_AfD_Spaniel_ID1921410200_03.03.2021.csv
50,Ich fahre mit meiner Rede gerne weiter fort.,Energy,7,Labor,Labor,Civil,19214_Tagesordnungspunkt_6_AfD_Spaniel_ID1921410200_03.03.2021.csv
51,Der zentrale Punkt hier ist die Anrechenbarkeit von synthetischen Kraftstoffen.,Energy,7,Labor,Labor,Civil,19214_Tagesordnungspunkt_6_AfD_Spaniel_ID1921410200_03.03.2021.csv
52,"Das ist etwas Vernünftiges, was in Ihrem Antrag steht; es steht auch erstmalig drin.",Energy,7,Labor,Labor,Civil,19214_Tagesordnungspunkt_6_AfD_Spaniel_ID1921410200_03.03.2021.csv
53,Aber ich möchte noch mal betonen: Machen Sie bitte ehrliche Politik.,Energy,7,Labor,Labor,Civil,19214_Tagesordnungspunkt_6_AfD_Spaniel_ID1921410200_03.03.2021.csv
54,"Lassen Sie uns gemeinsam für den Erhalt des Verbrennungsmotors kämpfen, und lassen Sie Ihre Lobbypolitikansätze weg.",Energy,7,Labor,Labor,Civil,19214_Tagesordnungspunkt_6_AfD_Spaniel_ID1921410200_03.03.2021.csv
55,"Dann werden wir uns ernsthaft mit Ihrem Antrag beschäftigen; das machen wir zwar sowieso, aber dann denken wir auch darüber nach, ob wir dem zustimmen können und ob wir hier gemeinsam im Parlament eine Initiative einbringen können.",Energy,7,Labor,Labor,Civil,19214_Tagesordnungspunkt_6_AfD_Spaniel_ID1921410200_03.03.2021.csv
56,Vielen Dank.,*,7,Labor,Labor,Civil,19214_Tagesordnungspunkt_6_AfD_Spaniel_ID1921410200_03.03.2021.csv
57,Das Wort geht an Ulli Nissen von der SPD-Fraktion.,*,7,Labor,Labor,Civil,19214_Tagesordnungspunkt_6_AfD_Spaniel_ID1921410200_03.03.2021.csv
