,text,label_gold,segment_id,label_bert,label_parlbert,label_svm,speech_id
0,Sehr geehrte Frau Präsidentin!,*,0,Energy,Energy,Transportation,19214_Tagesordnungspunkt_6_CDU_CSU_Grundmann_ID1921410100_03.03.2021.csv
1,Liebe Kolleginnen und Kollegen!,*,0,Energy,Energy,Transportation,19214_Tagesordnungspunkt_6_CDU_CSU_Grundmann_ID1921410100_03.03.2021.csv
2,"Erst einmal vielen Dank an Sie, Frau Kollegin Skudelny, für Ihre Ausführungen.",*,0,Energy,Energy,Transportation,19214_Tagesordnungspunkt_6_CDU_CSU_Grundmann_ID1921410100_03.03.2021.csv
3,"Ich finde es gut, dass heute dieser Antrag hier im Parlament diskutiert wird.",Energy,0,Energy,Energy,Transportation,19214_Tagesordnungspunkt_6_CDU_CSU_Grundmann_ID1921410100_03.03.2021.csv
4,"Unsere Bundesregierung hat diesbezüglich im letzten Jahr eine Nationale Wasserstoffstrategie verabschiedet, die eine ambitionierte Umsetzung der Erneuerbare-Energien-Richtlinie, RED II, im Verkehr einfordert.",Energy,0,Energy,Energy,Transportation,19214_Tagesordnungspunkt_6_CDU_CSU_Grundmann_ID1921410100_03.03.2021.csv
5,Wir starten jetzt mit den Beratungen zu RED II.,Energy,0,Energy,Energy,Transportation,19214_Tagesordnungspunkt_6_CDU_CSU_Grundmann_ID1921410100_03.03.2021.csv
6,"Und für uns steht fest: Synthetische Kraftstoffe sind ein ganz zentraler Baustein, um auch zukünftig die Klimaziele zu erreichen.",Energy,0,Energy,Energy,Transportation,19214_Tagesordnungspunkt_6_CDU_CSU_Grundmann_ID1921410100_03.03.2021.csv
7,"Wenn wir es uns leisten wollen, kluge, innovative Ideen in den Giftschrank zu verbannen, dann ist das genau der falsche Ansatz.",Energy,0,Energy,Energy,Transportation,19214_Tagesordnungspunkt_6_CDU_CSU_Grundmann_ID1921410100_03.03.2021.csv
8,"Dieser Ansatz wird teilweise von denen verfolgt, die jetzt meinen, den ideologischen Endkampf gegen den Verbrenner vom Zaun brechen zu müssen.",Energy,0,Energy,Energy,Transportation,19214_Tagesordnungspunkt_6_CDU_CSU_Grundmann_ID1921410100_03.03.2021.csv
9,Und das ist genau der falsche Ansatz.,Energy,0,Energy,Energy,Transportation,19214_Tagesordnungspunkt_6_CDU_CSU_Grundmann_ID1921410100_03.03.2021.csv
10,Das gilt gleichermaßen für den gesamten Bereich der fortschrittlichen Biokraftstoffe.,Energy,0,Energy,Energy,Transportation,19214_Tagesordnungspunkt_6_CDU_CSU_Grundmann_ID1921410100_03.03.2021.csv
11,"Ich halte es für einen Wahnsinn, was da teilweise für Diskussionen geführt werden: Da werden nachhaltige Biokraftstoffe als „böse Agrokraftstoffe“ verunglimpft und verteufelt.",Energy,0,Energy,Energy,Transportation,19214_Tagesordnungspunkt_6_CDU_CSU_Grundmann_ID1921410100_03.03.2021.csv
12,"Die Frage kann man sich ja durchaus stellen: Klimakrise – ja, was denn nun?",Energy,0,Energy,Energy,Transportation,19214_Tagesordnungspunkt_6_CDU_CSU_Grundmann_ID1921410100_03.03.2021.csv
13,"Ich bin davon überzeugt, dass ein Großteil hier in diesem Parlament daran glaubt, dass wir da etwas tun müssen.",Energy,0,Energy,Energy,Transportation,19214_Tagesordnungspunkt_6_CDU_CSU_Grundmann_ID1921410100_03.03.2021.csv
14,"Aber wenn das so ist, dann müssen wir eben auch jede Chance nutzen und möglichst viele Tonnen an CO
Fakt ist doch: Im Jahr 2030, das heißt in nicht einmal zehn Jahren, werden wir noch circa 40 Millionen Lkws und Pkws mit Verbrennungsmotoren auf unseren Straßen haben – wohlgemerkt auf den deutschen Straßen –, im europäischen Verbund noch viel mehr.",Energy,0,Energy,Energy,Transportation,19214_Tagesordnungspunkt_6_CDU_CSU_Grundmann_ID1921410100_03.03.2021.csv
15,"Es ist auch gut so, dass der Elektromobilitätsbestand hochfährt.",Energy,0,Energy,Energy,Transportation,19214_Tagesordnungspunkt_6_CDU_CSU_Grundmann_ID1921410100_03.03.2021.csv
16,Aber was machen wir mit dem Verbrennerbestand?,Energy,0,Energy,Energy,Transportation,19214_Tagesordnungspunkt_6_CDU_CSU_Grundmann_ID1921410100_03.03.2021.csv
17,"Das könnten wir dann mit einer zehnfachen Anrechnungsquote für E‑Autos hier regulieren; aber das wäre der vollkommen falsche Ansatz, so würden wir kein einziges Gramm CO
Deswegen, liebe Frau Skudelny, fordern wir hier, vielen Ihrer klugen Worte folgend, eine ambitionierte Umsetzung der RED‑II-Richtlinie.",Energy,0,Energy,Energy,Transportation,19214_Tagesordnungspunkt_6_CDU_CSU_Grundmann_ID1921410100_03.03.2021.csv
18,Punkt!,Energy,0,Energy,Energy,Transportation,19214_Tagesordnungspunkt_6_CDU_CSU_Grundmann_ID1921410100_03.03.2021.csv
19,Und dafür arbeiten wir auch sehr stark und hart.,Energy,0,Energy,Energy,Transportation,19214_Tagesordnungspunkt_6_CDU_CSU_Grundmann_ID1921410100_03.03.2021.csv
20,"Mir als Vorsitzendem der Küstenparlamentarier der CDU/CSU-Bundestagsfraktion ist noch ein anderer Punkt sehr wichtig: Wir brauchen dringend Importterminals, Anlandestrukturen für LNG und für Flüssiggas; denn zur Anlandung und Verteilung von regenerativen Kraftstoffen können wir die gleichen Häfen, Knotenpunkte, Verteilnetze, ja Hubs nutzen, die wir heute schon haben oder die zukünftig geschaffen werden.",Energy,0,Energy,Energy,Transportation,19214_Tagesordnungspunkt_6_CDU_CSU_Grundmann_ID1921410100_03.03.2021.csv
21,Die LNG-Flüssiggasinfrastruktur von morgen ist die E-Fuel-Infrastruktur von übermorgen.,Energy,0,Energy,Energy,Transportation,19214_Tagesordnungspunkt_6_CDU_CSU_Grundmann_ID1921410100_03.03.2021.csv
22,"Deswegen sind das nachhaltige Zukunftsinvestitionen, die wir unterstützen.",Energy,0,Energy,Energy,Transportation,19214_Tagesordnungspunkt_6_CDU_CSU_Grundmann_ID1921410100_03.03.2021.csv
23,"Meine sehr geehrten Damen und Herren, warum erzähle ich Ihnen das an dieser Stelle?",Energy,0,Energy,Energy,Transportation,19214_Tagesordnungspunkt_6_CDU_CSU_Grundmann_ID1921410100_03.03.2021.csv
24,"Ich tue das, weil ich den Eindruck habe, dass das zwar vielen, aber nicht allen von Ihnen bewusst ist.",Energy,0,Energy,Energy,Transportation,19214_Tagesordnungspunkt_6_CDU_CSU_Grundmann_ID1921410100_03.03.2021.csv
25,"Wir werden einen großen Teil unserer Kraftstoffe importieren müssen, und es steht überhaupt noch nicht fest, ob das Wasserstoff sein wird; denn das stellt physikalisch und mit Blick auf die Lieferkette eine echt große Herausforderung dar.",Energy,0,Energy,Energy,Transportation,19214_Tagesordnungspunkt_6_CDU_CSU_Grundmann_ID1921410100_03.03.2021.csv
26,Deswegen können es genauso gut Derivate sein wie Ammoniak oder Methanol oder eben grünes Methan.,Energy,0,Energy,Energy,Transportation,19214_Tagesordnungspunkt_6_CDU_CSU_Grundmann_ID1921410100_03.03.2021.csv
27,Das alles sind grüne Kraftstoffe aus den Regionen dieser Erde.,Energy,0,Energy,Energy,Transportation,19214_Tagesordnungspunkt_6_CDU_CSU_Grundmann_ID1921410100_03.03.2021.csv
28,Grünes Flüssiggas zum Beispiel könnte direkt mit dem Schiff anlanden und ins Erdgasnetz eingespeist werden.,Energy,0,Energy,Energy,Transportation,19214_Tagesordnungspunkt_6_CDU_CSU_Grundmann_ID1921410100_03.03.2021.csv
29,"Oder unsere Lkws und Schiffe könnten zukünftig damit betankt werden, und das nachhaltig durch entsprechende CO
Damit komme ich zum Ende meiner Rede; gerne hätte ich breiter ausgeführt.",Energy,0,Energy,Energy,Transportation,19214_Tagesordnungspunkt_6_CDU_CSU_Grundmann_ID1921410100_03.03.2021.csv
30,"Frau Schulz, unsere Umweltministerin, stand bei den letzten Klimakonferenzen immer im Blitzlichtgewitter der sogenannten High Ambition Coalition; diejenigen, die wie ich auf den Klimakonferenzen waren, haben das miterlebt.",Energy,0,Energy,Energy,Transportation,19214_Tagesordnungspunkt_6_CDU_CSU_Grundmann_ID1921410100_03.03.2021.csv
31,Lassen Sie den Worten jetzt auch Taten folgen.,Energy,0,Energy,Energy,Transportation,19214_Tagesordnungspunkt_6_CDU_CSU_Grundmann_ID1921410100_03.03.2021.csv
32,Bei den regenerativen Kraftstoffen und bei RED II brauchen wir mehr Ambitionen.,Energy,0,Energy,Energy,Transportation,19214_Tagesordnungspunkt_6_CDU_CSU_Grundmann_ID1921410100_03.03.2021.csv
33,"Und wenn Sie das nicht wollen, dann machen wir hier unsere eigene „Ambition Coalition“.",Energy,0,Energy,Energy,Transportation,19214_Tagesordnungspunkt_6_CDU_CSU_Grundmann_ID1921410100_03.03.2021.csv
34,"Ich bin mir sicher: Mit Arno Klare, Andreas Rimkus und Bernd Westphal und vielen klugen Leuten aus meiner Partei und diesem Parlament können wir eine gute Koalition, eine schlagkräftige Allianz für den Klimaschutz schmieden.",Energy,0,Energy,Energy,Transportation,19214_Tagesordnungspunkt_6_CDU_CSU_Grundmann_ID1921410100_03.03.2021.csv
35,Machen Sie gerne alle dabei mit.,Energy,0,Energy,Energy,Transportation,19214_Tagesordnungspunkt_6_CDU_CSU_Grundmann_ID1921410100_03.03.2021.csv
36,Herzlichen Dank.,*,0,Energy,Energy,Transportation,19214_Tagesordnungspunkt_6_CDU_CSU_Grundmann_ID1921410100_03.03.2021.csv
37,Das Wort geht an Dr.,*,0,Energy,Energy,Transportation,19214_Tagesordnungspunkt_6_CDU_CSU_Grundmann_ID1921410100_03.03.2021.csv
38,Dirk Spaniel von der AfD-Fraktion.,*,0,Energy,Energy,Transportation,19214_Tagesordnungspunkt_6_CDU_CSU_Grundmann_ID1921410100_03.03.2021.csv
