,text,label_gold,segment_id,label_bert,label_parlbert,label_svm,speech_id
0,Frau Präsidentin!,*,0,International,International,International,19218_Tagesordnungspunkt_15_GRUENE_Nouripour_ID1921811000_25.03.2021.csv
1,Meine Damen und Herren!,*,0,International,International,International,19218_Tagesordnungspunkt_15_GRUENE_Nouripour_ID1921811000_25.03.2021.csv
2,"Ich bin nicht neu im Deutschen Bundestag, muss aber gestehen, dass es kaum eine Debatte gibt, die mich so sehr aufwühlt wie die jährliche um den Bundeswehreinsatz in Afghanistan; denn es geht um so endlos viel, und die Entscheidung ist so unglaublich schwer.",Defense,0,International,International,International,19218_Tagesordnungspunkt_15_GRUENE_Nouripour_ID1921811000_25.03.2021.csv
3,"Alle, die sich hierhinstellen und so tun, als wäre es total einfach, zu entscheiden, beschäftigen sich einfach nicht mit den Risiken dieses Einsatzes.",Defense,0,International,International,International,19218_Tagesordnungspunkt_15_GRUENE_Nouripour_ID1921811000_25.03.2021.csv
4,"Bei der Debatte gilt es, über Diplomatie zu reden, ja, über Abzug zu reden, ja, und über die Geduld unserer Öffentlichkeit zu reden, darüber, inwieweit sie noch da ist, ja.",Defense,0,International,International,International,19218_Tagesordnungspunkt_15_GRUENE_Nouripour_ID1921811000_25.03.2021.csv
5,"Wir dürfen dabei aber nicht außer Acht lassen, wie es den Menschen in Afghanistan geht.",Defense,0,International,International,International,19218_Tagesordnungspunkt_15_GRUENE_Nouripour_ID1921811000_25.03.2021.csv
6,"Die Menschen in Afghanistan begehen derzeit das Neujahrsfest und damit den Frühlingsanfang, und es ist so schwer wie selten in den letzten Jahren und Jahrzehnten.",Defense,0,International,International,International,19218_Tagesordnungspunkt_15_GRUENE_Nouripour_ID1921811000_25.03.2021.csv
7,Die Pandemie grassiert.,Defense,0,International,International,International,19218_Tagesordnungspunkt_15_GRUENE_Nouripour_ID1921811000_25.03.2021.csv
8,"Das renommierte Afghanistan Analysts Network spricht davon, dass in Afghanistan mittlerweile mehr Menschen an den Folgen von Covid gestorben sind als bei den bewaffneten Auseinandersetzungen in den letzten 20 Jahren.",Defense,0,International,International,International,19218_Tagesordnungspunkt_15_GRUENE_Nouripour_ID1921811000_25.03.2021.csv
9,"Dennoch wird die Gewaltspirale immer weiter angeheizt, vor allem auch von den Taliban.",Defense,0,International,International,International,19218_Tagesordnungspunkt_15_GRUENE_Nouripour_ID1921811000_25.03.2021.csv
10,Der größte Wunsch der Menschen in Afghanistan in dieser Situation ist der nach Frieden.,Defense,0,International,International,International,19218_Tagesordnungspunkt_15_GRUENE_Nouripour_ID1921811000_25.03.2021.csv
11,"Die Verhandlungen der Trump-Administration mit den Taliban, ohne dass irgendeiner von der afghanischen Regierung oder der Zivilgesellschaft dabei war und ohne die Beteiligung einer einzelnen afghanischen Frau, war ein großer Schaden für genau diesen Wunsch.",Defense,0,International,International,International,19218_Tagesordnungspunkt_15_GRUENE_Nouripour_ID1921811000_25.03.2021.csv
12,"Wie wir diesen Schaden beheben können, ist nicht klar; darauf gibt es keine einfachen Antworten.",Defense,0,International,International,International,19218_Tagesordnungspunkt_15_GRUENE_Nouripour_ID1921811000_25.03.2021.csv
13,Auch um das Eindämmen werden wir noch lange miteinander ringen müssen.,Defense,0,International,International,International,19218_Tagesordnungspunkt_15_GRUENE_Nouripour_ID1921811000_25.03.2021.csv
14,"Meine Fraktion wird diesem Mandat mehrheitlich nicht zustimmen – und ich kann das sehr gut nachvollziehen –, aus vielen Gründen, auch deswegen, weil wir alle kein Vertrauen mehr haben in eine Bundesregierung, bei der dann am Ende Herr Kollege Wadephul nervöse Wahlkampfreden hält und von Evaluation spricht, die seit 20 Jahren nicht gemacht wird
und die Ihre Regierung die ganze Zeit verweigert.",Defense,0,International,International,International,19218_Tagesordnungspunkt_15_GRUENE_Nouripour_ID1921811000_25.03.2021.csv
15,"Wenn Sie davon sprechen, dann machen Sie das bitte auch!",Defense,0,International,International,International,19218_Tagesordnungspunkt_15_GRUENE_Nouripour_ID1921811000_25.03.2021.csv
16,"Genauso hat es nichts mit der Realität zu tun, wenn Sie uns sagen, wir sollten das wegen Biden machen.",Defense,0,International,International,International,19218_Tagesordnungspunkt_15_GRUENE_Nouripour_ID1921811000_25.03.2021.csv
17,"Es gibt Kollegen in meiner Fraktion, die wie ich zustimmen werden, weil wir ein Signal an die afghanische Bevölkerung senden wollen, aber nicht wegen Joe Biden.",Defense,0,International,International,International,19218_Tagesordnungspunkt_15_GRUENE_Nouripour_ID1921811000_25.03.2021.csv
18,"Im Übrigen: Sie sprechen davon, wie gravierend die Sicherheitslage in Afghanistan ist.",Defense,0,International,International,International,19218_Tagesordnungspunkt_15_GRUENE_Nouripour_ID1921811000_25.03.2021.csv
19,"Dann ist es aber doch einfach nicht zu ertragen, dass bei der Frage von Rückführungen genau diese Sicherheitslage von dieser Bundesregierung beschönigt wird.",Defense,0,International,International,International,19218_Tagesordnungspunkt_15_GRUENE_Nouripour_ID1921811000_25.03.2021.csv
20,Das muss aufhören.,Defense,0,International,International,International,19218_Tagesordnungspunkt_15_GRUENE_Nouripour_ID1921811000_25.03.2021.csv
21,"Wir, Bündnis 90/Die Grünen, sind uns in einem einig: Wie auch immer es in Afghanistan weitergeht, wie auch immer es mit dem Bundeswehreinsatz dort weitergeht, wir stehen solidarisch an der Seite der Menschen in Afghanistan.",Defense,0,International,International,International,19218_Tagesordnungspunkt_15_GRUENE_Nouripour_ID1921811000_25.03.2021.csv
22,"Ich wünsche ihnen, dass dieses Jahr ein besseres wird, auch wenn nicht viel dafür spricht.",Defense,0,International,International,International,19218_Tagesordnungspunkt_15_GRUENE_Nouripour_ID1921811000_25.03.2021.csv
23,"Ich wünsche den Menschen in Afghanistan von dieser Stelle aus ein Neujahr, das friedfertig sein könnte und sein soll und frei und gut – Mardome Mohtarame Afghanestan Norooz-e-shoma pirooz, azad va Solh-amiz bad!",Defense,0,International,International,International,19218_Tagesordnungspunkt_15_GRUENE_Nouripour_ID1921811000_25.03.2021.csv
24,"Vielen Dank, Omid Nouripour. – Zur Erklärung, fürs Protokoll: Der letzte Satz war das, was Sie vorher auf Deutsch gesagt hatten?",*,0,International,International,International,19218_Tagesordnungspunkt_15_GRUENE_Nouripour_ID1921811000_25.03.2021.csv
25,– Gut.,*,0,International,International,International,19218_Tagesordnungspunkt_15_GRUENE_Nouripour_ID1921811000_25.03.2021.csv
26,Nächste Rednerin: für die SPD-Fraktion Siemtje Möller.,*,0,International,International,International,19218_Tagesordnungspunkt_15_GRUENE_Nouripour_ID1921811000_25.03.2021.csv
