,text,label_gold,segment_id,label_bert,label_parlbert,label_svm,speech_id
0,"Vielen Dank, Frau Präsidentin. – Ich möchte jetzt – erster Punkt – dazu mal was sagen, weil Sie in Ihren Reden wiederholt gesagt haben, Herr Özdemir, die Autohersteller wechseln auf Elektromobilität.",Energy,0,Energy,Domestic,Energy,19214_Tagesordnungspunkt_6_AfD_Spaniel_ID1921410600_03.03.2021.csv
1,"Das ist ja völlig klar, dass sie das tun: Die Autohersteller folgen der Politik, die eine Vorgabe macht – das zeigen der Antrag der FDP und auch unser Antrag –, die den Autoherstellern gar keine Wahl lässt.",Energy,0,Energy,Domestic,Energy,19214_Tagesordnungspunkt_6_AfD_Spaniel_ID1921410600_03.03.2021.csv
2,Es gibt eben keine Technologieoffenheit.,Energy,0,Energy,Domestic,Energy,19214_Tagesordnungspunkt_6_AfD_Spaniel_ID1921410600_03.03.2021.csv
3,Deshalb wechseln die Autohersteller auf Elektromobilität.,Energy,0,Energy,Domestic,Energy,19214_Tagesordnungspunkt_6_AfD_Spaniel_ID1921410600_03.03.2021.csv
4,Das ist also kein Argument.,Energy,0,Energy,Domestic,Energy,19214_Tagesordnungspunkt_6_AfD_Spaniel_ID1921410600_03.03.2021.csv
5,Das Zweite.,Energy,0,Energy,Domestic,Energy,19214_Tagesordnungspunkt_6_AfD_Spaniel_ID1921410600_03.03.2021.csv
6,Sie sprechen hier von einer Dieselsubvention.,Energy,0,Energy,Domestic,Energy,19214_Tagesordnungspunkt_6_AfD_Spaniel_ID1921410600_03.03.2021.csv
7,Das ist kompletter Unfug.,Energy,0,Energy,Domestic,Energy,19214_Tagesordnungspunkt_6_AfD_Spaniel_ID1921410600_03.03.2021.csv
8,Der Diesel wird nur etwas weniger hoch besteuert als der Benzinkraftstoff.,Energy,0,Energy,Domestic,Energy,19214_Tagesordnungspunkt_6_AfD_Spaniel_ID1921410600_03.03.2021.csv
9,"Deshalb ist es eine Unverschämtheit, hier von einer Dieselsubvention zu reden.",Energy,0,Energy,Domestic,Energy,19214_Tagesordnungspunkt_6_AfD_Spaniel_ID1921410600_03.03.2021.csv
10,In beiden Fällen kassiert der Staat.,Energy,0,Energy,Domestic,Energy,19214_Tagesordnungspunkt_6_AfD_Spaniel_ID1921410600_03.03.2021.csv
11,"Der dritte Punkt – und da bitte ich Sie, jetzt mal etwas zu machen; ich sage das jetzt mal hier im Plenum – betrifft den Wirkungsgrad eines Elektroautos.",Energy,0,Energy,Domestic,Energy,19214_Tagesordnungspunkt_6_AfD_Spaniel_ID1921410600_03.03.2021.csv
12,Die Ladeverluste bei Strom betragen ungefähr 10 Prozent.,Energy,0,Energy,Domestic,Energy,19214_Tagesordnungspunkt_6_AfD_Spaniel_ID1921410600_03.03.2021.csv
13,Dazu kommen Verluste von ungefähr 80 Prozent auf dem Weg von der Batterie in den Elektromotor.,Energy,0,Energy,Domestic,Energy,19214_Tagesordnungspunkt_6_AfD_Spaniel_ID1921410600_03.03.2021.csv
14,Wir kommen auf ungefähr knapp 60 Prozent Wirkungsgrad.,Energy,0,Energy,Domestic,Energy,19214_Tagesordnungspunkt_6_AfD_Spaniel_ID1921410600_03.03.2021.csv
15,"Jetzt rechnen Sie mir doch bitte mal vor, wo Ihre 10 Prozent Wirkungsgrad – von denen Sie immer reden – bei synthetischen Kraftstoffen herkommen sollen.",Energy,0,Energy,Domestic,Energy,19214_Tagesordnungspunkt_6_AfD_Spaniel_ID1921410600_03.03.2021.csv
16,Das möchte ich hier im Plenum einfach mal hören vom Ausschussvorsitzenden des Verkehrsausschusses.,Energy,0,Energy,Domestic,Energy,19214_Tagesordnungspunkt_6_AfD_Spaniel_ID1921410600_03.03.2021.csv
17,"Einfach mal vorrechnen, wo Ihre Zahl und Ihre Behauptung herkommen, mit den 10 Prozent!",Energy,0,Energy,Domestic,Energy,19214_Tagesordnungspunkt_6_AfD_Spaniel_ID1921410600_03.03.2021.csv
18,Vielen Dank.,*,0,Energy,Domestic,Energy,19214_Tagesordnungspunkt_6_AfD_Spaniel_ID1921410600_03.03.2021.csv
19,"Herr Abgeordneter, möchten Sie reagieren?",*,0,Energy,Domestic,Energy,19214_Tagesordnungspunkt_6_AfD_Spaniel_ID1921410600_03.03.2021.csv
