,text,label_gold,segment_id,label_bert,label_parlbert,label_svm,speech_id
0,Frau Präsidentin!,*,0,Energy,Transportation,Energy,19214_Tagesordnungspunkt_6_LINKE_Beutin_ID1921410400_03.03.2021.csv
1,Liebe Kolleginnen und Kollegen!,*,0,Energy,Transportation,Energy,19214_Tagesordnungspunkt_6_LINKE_Beutin_ID1921410400_03.03.2021.csv
2,Unter dem Label der Technologieoffenheit will uns die FDP heute synthetische Kraftstoffe als die Lösung für den Pkw-Verkehr verkaufen.,Energy,0,Energy,Transportation,Energy,19214_Tagesordnungspunkt_6_LINKE_Beutin_ID1921410400_03.03.2021.csv
3,"Aber wie so häufig kann man auch hier davon ausgehen, dass das Gegenteil von dem, was die FDP sagt, tatsächlich richtig ist.",Energy,0,Energy,Transportation,Energy,19214_Tagesordnungspunkt_6_LINKE_Beutin_ID1921410400_03.03.2021.csv
4,"Ich will das an zwei Punkten deutlich machen:
Erstens.",Energy,0,Energy,Transportation,Energy,19214_Tagesordnungspunkt_6_LINKE_Beutin_ID1921410400_03.03.2021.csv
5,"Es wurde hier schon erwähnt: Synthetische Kraftstoffe werden am besten hergestellt, indem Wasser in Wasserstoff und Sauerstoff aufgespalten wird.",Energy,0,Energy,Transportation,Energy,19214_Tagesordnungspunkt_6_LINKE_Beutin_ID1921410400_03.03.2021.csv
6,Dabei fällt eine sehr große Menge an Energie an.,Energy,0,Energy,Transportation,Energy,19214_Tagesordnungspunkt_6_LINKE_Beutin_ID1921410400_03.03.2021.csv
7,Es gibt aber noch einen zweiten Schritt.,Energy,0,Energy,Transportation,Energy,19214_Tagesordnungspunkt_6_LINKE_Beutin_ID1921410400_03.03.2021.csv
8,"In diesem wird der synthetische Kraftstoff mithilfe von CO
Deswegen sagen wir ganz klar: Am besten wäre natürlich der direkte Einsatz von Strom – etwa bei der Bahn, bei Bussen, bei Straßenbahnen oder anderen Verkehrsmitteln – oder der Einsatz von E-Autos.",Energy,0,Energy,Transportation,Energy,19214_Tagesordnungspunkt_6_LINKE_Beutin_ID1921410400_03.03.2021.csv
9,"Bei E-Autos haben wir immerhin einen Energieeinsatz von 73 Prozent, das heißt: 73 Prozent der Energie, die man ins E-Auto steckt, kommen da schließlich auch an.",Energy,0,Energy,Transportation,Energy,19214_Tagesordnungspunkt_6_LINKE_Beutin_ID1921410400_03.03.2021.csv
10,Erlauben Sie eine Zwischenfrage von Herrn Schulze von der CDU/CSU-Fraktion?,*,0,Energy,Transportation,Energy,19214_Tagesordnungspunkt_6_LINKE_Beutin_ID1921410400_03.03.2021.csv
11,Ja.,*,1,Environment,Energy,Energy,19214_Tagesordnungspunkt_6_LINKE_Beutin_ID1921410400_03.03.2021.csv
12,"Schönen Dank, dass Sie die Zwischenfrage zulassen. – Sie haben gesagt: Wenn man Wasser in Sauerstoff und Wasserstoff aufteilt, wird viel Energie frei. – Das ist falsch.",Energy,1,Environment,Energy,Energy,19214_Tagesordnungspunkt_6_LINKE_Beutin_ID1921410400_03.03.2021.csv
13,"Das ist eine endotherme Reaktion; ich benötige Energie, um Wasserstoff und Sauerstoff zu trennen.",Energy,1,Environment,Energy,Energy,19214_Tagesordnungspunkt_6_LINKE_Beutin_ID1921410400_03.03.2021.csv
14,Nehmen Sie das bitte zur Kenntnis und korrigieren es. – Danke.,Energy,1,Environment,Energy,Energy,19214_Tagesordnungspunkt_6_LINKE_Beutin_ID1921410400_03.03.2021.csv
15,"Ich hab es doch eben gesagt: Man braucht einen Energieeinsatz, um Wasser aufzuspalten, so ist es.",Energy,1,Environment,Energy,Energy,19214_Tagesordnungspunkt_6_LINKE_Beutin_ID1921410400_03.03.2021.csv
16,Erlauben Sie eine Wortmeldung des Kollegen von der FDP-Fraktion?,*,1,Environment,Energy,Energy,19214_Tagesordnungspunkt_6_LINKE_Beutin_ID1921410400_03.03.2021.csv
17,"Ja, bitte.",*,2,Energy,Environment,Energy,19214_Tagesordnungspunkt_6_LINKE_Beutin_ID1921410400_03.03.2021.csv
18,"Lieber Kollege, vielen Dank, dass Sie die Zwischenfrage zulassen. – Würden Sie mir zustimmen, dass wir im Moment weltweit circa 1,2 Milliarden Fahrzeuge haben, von denen der größte Teil einen Verbrennungsmotor hat?",Energy,2,Energy,Environment,Energy,19214_Tagesordnungspunkt_6_LINKE_Beutin_ID1921410400_03.03.2021.csv
19,"Wenn Sie wirklich für Klimaschutz eintreten – das haben Sie ja gerade gesagt; das glaube ich Ihnen auch – und wirkliche Klimaneutralität weltweit hinbekommen wollen, wie wollen Sie diese roundabout 1,2 Milliarden Fahrzeuge in Zukunft betreiben, wenn nicht mit E-Fuels?",Energy,2,Energy,Environment,Energy,19214_Tagesordnungspunkt_6_LINKE_Beutin_ID1921410400_03.03.2021.csv
20,"Beim Ausbau der erneuerbaren Energien in der Bundesrepublik ist zu beachten, dass Energie eine begrenzte Ressource ist.",Energy,2,Energy,Environment,Energy,19214_Tagesordnungspunkt_6_LINKE_Beutin_ID1921410400_03.03.2021.csv
21,"Das bedeutet, wir haben keine Chance, wenn wir erneuerbare Energien verschwenden.",Energy,2,Energy,Environment,Energy,19214_Tagesordnungspunkt_6_LINKE_Beutin_ID1921410400_03.03.2021.csv
22,"Aber weil ein so hoher Energieeinsatz notwendig ist, um synthetische Kraftstoffe herzustellen, würden bei ihrer Herstellung erneuerbare Energien tatsächlich verschwendet.",Energy,2,Energy,Environment,Energy,19214_Tagesordnungspunkt_6_LINKE_Beutin_ID1921410400_03.03.2021.csv
23,"Das wäre ein Problem; denn wir brauchen sie viel dringender in anderen Bereichen, beispielsweise zur Dekarbonisierung der Industrie, zur Ablösung der Kohlekraft, zur Ablösung der Atomkraft.",Energy,2,Energy,Environment,Energy,19214_Tagesordnungspunkt_6_LINKE_Beutin_ID1921410400_03.03.2021.csv
24,"Wir dürfen erneuerbare Energien nicht verschwenden, indem wir mit ihnen fahrlässig umgehen.",Energy,2,Energy,Environment,Energy,19214_Tagesordnungspunkt_6_LINKE_Beutin_ID1921410400_03.03.2021.csv
25,"Das ist der zentrale Punkt, den ich hier ausgeführt habe.",Energy,2,Energy,Environment,Energy,19214_Tagesordnungspunkt_6_LINKE_Beutin_ID1921410400_03.03.2021.csv
26,"Das bedeutet: Wenn wir erneuerbare Energien für die Herstellung synthetischer Kraftstoffe einsetzen, wobei 90 Prozent der eingesetzten Energie verloren geht, wird tatsächlich Energie verschwendet.",Energy,2,Energy,Environment,Energy,19214_Tagesordnungspunkt_6_LINKE_Beutin_ID1921410400_03.03.2021.csv
27,"Angesichts der Notwendigkeit, den Klimawandel zu stoppen und sparsam mit unseren Ressourcen, mit unseren Lebensgrundlagen umzugehen, ist das für den Pkw-Bereich eben der falsche Weg.",Energy,2,Energy,Environment,Energy,19214_Tagesordnungspunkt_6_LINKE_Beutin_ID1921410400_03.03.2021.csv
28,Ein zweiter Punkt.,Energy,2,Energy,Environment,Energy,19214_Tagesordnungspunkt_6_LINKE_Beutin_ID1921410400_03.03.2021.csv
29,"Die reinen Herstellungskosten von synthetischen Kraftstoffen liegen aktuell bei 4,50 Euro.",Energy,2,Energy,Environment,Energy,19214_Tagesordnungspunkt_6_LINKE_Beutin_ID1921410400_03.03.2021.csv
30,Laut Prognosen werden sie bis 2030 vielleicht auf etwa 2 Euro sinken.,Energy,2,Energy,Environment,Energy,19214_Tagesordnungspunkt_6_LINKE_Beutin_ID1921410400_03.03.2021.csv
31,Mit Steuern und Abgaben sind wir dann bei einem Preis von etwa 6 Euro an der Tankstelle. 6 Euro pro Liter an der Tankstelle kann sich tatsächlich niemand mit kleinem und mittlerem Einkommen leisten.,Energy,2,Energy,Environment,Energy,19214_Tagesordnungspunkt_6_LINKE_Beutin_ID1921410400_03.03.2021.csv
32,"Für jemanden, der mit dem Auto pendelt, der eine teure Miete zahlt oder der gerade dabei ist, sein Eigenheim abzubezahlen, sind 6 Euro pro Liter einfach unbezahlbar.",Energy,2,Energy,Environment,Energy,19214_Tagesordnungspunkt_6_LINKE_Beutin_ID1921410400_03.03.2021.csv
33,"Hier wird deutlich: Die FDP bedient nur die Klientel, die tatsächlich so reich ist, dass ihr die Treibstoffkosten schlicht egal sein können.",Energy,2,Energy,Environment,Energy,19214_Tagesordnungspunkt_6_LINKE_Beutin_ID1921410400_03.03.2021.csv
34,Wir als Linke sagen: Klimaschutz geht nur sozial gerecht.,Energy,2,Energy,Environment,Energy,19214_Tagesordnungspunkt_6_LINKE_Beutin_ID1921410400_03.03.2021.csv
35,"Die FDP und andere argumentieren hier, der Verbrennungsmotor sei eine großartige deutsche Ingenieursleistung.",Energy,2,Energy,Environment,Energy,19214_Tagesordnungspunkt_6_LINKE_Beutin_ID1921410400_03.03.2021.csv
36,Man kann Ihnen selbstverständlich nur zustimmen.,Energy,2,Energy,Environment,Energy,19214_Tagesordnungspunkt_6_LINKE_Beutin_ID1921410400_03.03.2021.csv
37,Aber eine großartige Ingenieursleistung war beispielsweise auch die Rechenmaschine von Konrad Zuse.,Energy,2,Energy,Environment,Energy,19214_Tagesordnungspunkt_6_LINKE_Beutin_ID1921410400_03.03.2021.csv
38,"Trotzdem wäre das heutzutage kein Argument, zu sagen: Wir müssen unbedingt die Rechenmaschine von Konrad Zuse nachbauen.",Energy,3,Energy,Environment,Energy,19214_Tagesordnungspunkt_6_LINKE_Beutin_ID1921410400_03.03.2021.csv
39,"Wir müssen mit unserer Energie effizient umgehen, das heißt, wir dürfen synthetische Kraftstoffe nur da einsetzen, wo sie tatsächlich gebraucht werden, beispielsweise bei der Dekarbonisierung des Flugverkehrs.",Energy,3,Energy,Environment,Energy,19214_Tagesordnungspunkt_6_LINKE_Beutin_ID1921410400_03.03.2021.csv
40,"Deshalb sagen wir: Klimaschutz geht nur sozial gerecht,
nicht mit Verschwendung erneuerbarer Energien.",Energy,3,Energy,Environment,Energy,19214_Tagesordnungspunkt_6_LINKE_Beutin_ID1921410400_03.03.2021.csv
41,Vielen Dank.,*,3,Energy,Environment,Energy,19214_Tagesordnungspunkt_6_LINKE_Beutin_ID1921410400_03.03.2021.csv
