,text,label_gold,segment_id,label_bert,label_parlbert,label_svm,speech_id
0,Frau Präsidentin!,*,0,International,Defense,International,19218_Tagesordnungspunkt_15_CDU_CSU_Brandl_ID1921811200_25.03.2021.csv
1,Verehrte Kolleginnen und Kollegen!,*,0,International,Defense,International,19218_Tagesordnungspunkt_15_CDU_CSU_Brandl_ID1921811200_25.03.2021.csv
2,"Es ist vielleicht das letzte Mal, dass wir hier im Bundestag über die Verlängerung eines Afghanistan-Mandates beraten.",Defense,0,International,Defense,International,19218_Tagesordnungspunkt_15_CDU_CSU_Brandl_ID1921811200_25.03.2021.csv
3,"Ein Zeichen dafür, dass der Einsatz dem Ende zugeht, ist auch, dass wir ihn dieses Mal nur um zehn Monate und nicht um die üblichen zwölf Monate verlängern.",Defense,0,International,Defense,International,19218_Tagesordnungspunkt_15_CDU_CSU_Brandl_ID1921811200_25.03.2021.csv
4,Der Abzug ist in Sichtweite.,Defense,0,International,Defense,International,19218_Tagesordnungspunkt_15_CDU_CSU_Brandl_ID1921811200_25.03.2021.csv
5,Was ist unser Ziel für die nächsten Monate?,International Affairs,0,International,Defense,International,19218_Tagesordnungspunkt_15_CDU_CSU_Brandl_ID1921811200_25.03.2021.csv
6,"Wir wollen ein Afghanistan hinterlassen, von dem keine Gefahr mehr für die westliche Welt durch Terrorismus ausgeht.",International Affairs,0,International,Defense,International,19218_Tagesordnungspunkt_15_CDU_CSU_Brandl_ID1921811200_25.03.2021.csv
7,"Wir wollen ein Afghanistan hinterlassen, das zumindest so stabil und sicher ist, dass es eine Perspektive auf wirtschaftliche Entwicklung hat, ein Afghanistan, in dem die Menschen für sich eine Zukunft sehen und in dem sie freiwillig gerne bleiben.",International Affairs,0,International,Defense,International,19218_Tagesordnungspunkt_15_CDU_CSU_Brandl_ID1921811200_25.03.2021.csv
8,"Ob dies gelingt, hängt ganz wesentlich von den innerafghanischen Friedensverhandlungen ab, die im Moment laufen.",International Affairs,0,International,Defense,International,19218_Tagesordnungspunkt_15_CDU_CSU_Brandl_ID1921811200_25.03.2021.csv
9,"Klar ist: Ohne die internationale Gemeinschaft, ohne die internationale Präsenz wäre es nie zu diesen Verhandlungen gekommen.",International Affairs,0,International,Defense,International,19218_Tagesordnungspunkt_15_CDU_CSU_Brandl_ID1921811200_25.03.2021.csv
10,"Natürlich liegen bei diesen Verhandlungen auch die internationale Truppenpräsenz vor Ort und die Entwicklungshilfe, die Hilfe, die wir im zivilen Bereich leisten, auf dem Tisch.",International Affairs,0,International,Defense,International,19218_Tagesordnungspunkt_15_CDU_CSU_Brandl_ID1921811200_25.03.2021.csv
11,Die Position der Taliban ist doch klar: Sie wollen die Truppen loswerden und das Geld behalten.,International Affairs,0,International,Defense,International,19218_Tagesordnungspunkt_15_CDU_CSU_Brandl_ID1921811200_25.03.2021.csv
12,"Sie wollen die Entwicklungshilfe deshalb behalten, weil sie merken, dass sich damit das Leben der Menschen vor Ort verbessert.",International Affairs,0,International,Defense,International,19218_Tagesordnungspunkt_15_CDU_CSU_Brandl_ID1921811200_25.03.2021.csv
13,"Und damit sie Akzeptanz vor Ort haben, müssen sie das Leben der Menschen verbessern.",International Affairs,0,International,Defense,International,19218_Tagesordnungspunkt_15_CDU_CSU_Brandl_ID1921811200_25.03.2021.csv
14,Dazu brauchen sie unsere Unterstützung.,International Affairs,0,International,Defense,International,19218_Tagesordnungspunkt_15_CDU_CSU_Brandl_ID1921811200_25.03.2021.csv
15,"Wir sind auch bereit, weiter zu unterstützen.",International Affairs,0,International,Defense,International,19218_Tagesordnungspunkt_15_CDU_CSU_Brandl_ID1921811200_25.03.2021.csv
16,"Die Bundesregierung hat ja klargemacht, dass mit einem Truppenabzug nicht das Ende der Entwicklungszusammenarbeit verbunden ist.",International Affairs,0,International,Defense,International,19218_Tagesordnungspunkt_15_CDU_CSU_Brandl_ID1921811200_25.03.2021.csv
17,Aber wir knüpfen unsere Hilfe an Bedingungen für genau diese Verhandlungen.,International Affairs,0,International,Defense,International,19218_Tagesordnungspunkt_15_CDU_CSU_Brandl_ID1921811200_25.03.2021.csv
18,Im Moment – das ist angesprochen worden – gibt es bei zwei Kernfragen keinen Fortschritt; das sind zum einen der Waffenstillstand und zum anderen die Verfassung.,International Affairs,0,International,Defense,International,19218_Tagesordnungspunkt_15_CDU_CSU_Brandl_ID1921811200_25.03.2021.csv
19,"Die Situation in Afghanistan kann man momentan mit den Stichwörtern „fight and talk“ beschreiben; sie reden, aber sie kämpfen auch miteinander.",International Affairs,0,International,Defense,International,19218_Tagesordnungspunkt_15_CDU_CSU_Brandl_ID1921811200_25.03.2021.csv
20,"Ob am Ende das Reden oder das Kämpfen überwiegt, ist noch nicht sicher.",International Affairs,0,International,Defense,International,19218_Tagesordnungspunkt_15_CDU_CSU_Brandl_ID1921811200_25.03.2021.csv
21,"Sicher ist auf jeden Fall, dass, wenn wir zu früh und zu schnell abziehen, Afghanistan keine Chance hat, zu einer friedlichen Lösung mit den Taliban zu kommen.",International Affairs,0,International,Defense,International,19218_Tagesordnungspunkt_15_CDU_CSU_Brandl_ID1921811200_25.03.2021.csv
22,"So bleiben wir dort noch einige Monate – vielleicht zehn, vielleicht müssen wir das Mandat auch noch einmal verlängern –, aber nicht auf ewig, sondern nur so lange wie nötig.",International Affairs,0,International,Defense,International,19218_Tagesordnungspunkt_15_CDU_CSU_Brandl_ID1921811200_25.03.2021.csv
23,"Vielleicht sind es gerade die letzten Monate, die Afghanistan die Startchancen für eine bessere Zukunft geben.",International Affairs,0,International,Defense,International,19218_Tagesordnungspunkt_15_CDU_CSU_Brandl_ID1921811200_25.03.2021.csv
24,In diesem Sinne bitte ich Sie um Zustimmung zu diesem Mandat.,International Affairs,0,International,Defense,International,19218_Tagesordnungspunkt_15_CDU_CSU_Brandl_ID1921811200_25.03.2021.csv
25,Herzlichen Dank.,*,0,International,Defense,International,19218_Tagesordnungspunkt_15_CDU_CSU_Brandl_ID1921811200_25.03.2021.csv
