,text,label_gold,segment_id,label_bert,label_parlbert,label_svm,speech_id
0,"Gehen wir einmal für eine Sekunde davon aus, Sie hätten recht mit dem, was Sie hier gerne immer sagen: „Diese furchtbaren links-grün Versifften haben die Union unterwandert, sie haben die SPD unterwandert, sie haben den demokratischen Teil dieses Hauses unterwandert, jetzt kontrollieren sie sogar die Automobilindustrie – durch irgendwelche Strahlen von Bill Gates –,
die Köpfe von Källenius, Diess und Duesmann und übrigens auch der Arbeitnehmervertreter, die ja auch mit dabei sind“, und folgen Ihrem Wahn.",Energy,0,Transportation,Transportation,Civil,19214_Tagesordnungspunkt_6_GRUENE_Oezdemir_ID1921410700_03.03.2021.csv
1,"Aber gilt das dann auch, bitte schön, für die wichtigsten Absatzmärkte der deutschen Autoindustrie?",Energy,0,Transportation,Transportation,Civil,19214_Tagesordnungspunkt_6_GRUENE_Oezdemir_ID1921410700_03.03.2021.csv
2,Die haben das doch alle beschlossen; die beschließen einer nach dem anderen den Ausstieg aus dem fossilen Verbrenner.,Energy,0,Transportation,Transportation,Civil,19214_Tagesordnungspunkt_6_GRUENE_Oezdemir_ID1921410700_03.03.2021.csv
3,"Wenn es Ihnen wirklich ums Auto gehen würde – aber darum geht es Ihnen ja gar nicht, Sie wollen einen Kulturkampf –, wenn es Ihnen wirklich darum gehen würde, den Standort zu erhalten,
dann würden Sie doch mit uns gemeinsam dafür sorgen, dass wir morgen noch Autos in alle Welt verkaufen.",Energy,0,Transportation,Transportation,Civil,19214_Tagesordnungspunkt_6_GRUENE_Oezdemir_ID1921410700_03.03.2021.csv
4,Die Hälfte der Absatzmärkte der deutschen Automobilindustrie setzt mittlerweile auf batteriebetriebene Elektromobilität.,Energy,0,Transportation,Transportation,Civil,19214_Tagesordnungspunkt_6_GRUENE_Oezdemir_ID1921410700_03.03.2021.csv
5,Ich will künftig auch noch deutsche Autos – Sie offensichtlich lieber kalifornische oder chinesische.,Energy,0,Transportation,Transportation,Civil,19214_Tagesordnungspunkt_6_GRUENE_Oezdemir_ID1921410700_03.03.2021.csv
6,Das ist der Unterschied zwischen uns.,Energy,0,Transportation,Transportation,Civil,19214_Tagesordnungspunkt_6_GRUENE_Oezdemir_ID1921410700_03.03.2021.csv
7,Danke sehr. – Wir setzen die Debatte fort mit Dr.,*,0,Transportation,Transportation,Civil,19214_Tagesordnungspunkt_6_GRUENE_Oezdemir_ID1921410700_03.03.2021.csv
8,Christoph Ploß von der CDU/CSU-Fraktion.,*,0,Transportation,Transportation,Civil,19214_Tagesordnungspunkt_6_GRUENE_Oezdemir_ID1921410700_03.03.2021.csv
