,text,label_gold,segment_id,label_bert,label_parlbert,label_svm,speech_id
0,Frau Präsidentin!,*,0,Environment,Energy,Energy,19214_Tagesordnungspunkt_6_FDP_Skudelny_ID1921410000_03.03.2021.csv
1,Meine Damen und Herren!,*,0,Environment,Energy,Energy,19214_Tagesordnungspunkt_6_FDP_Skudelny_ID1921410000_03.03.2021.csv
2,"In unserem Antrag geht es darum, einen weiteren zu Weg zur Erreichung der Pariser Klimaziele zu eröffnen und synthetischen, klimaneutralen Kraftstoffen eine faire Chance im Energie- und Mobilitätsmix der Zukunft einzuräumen.",Energy,0,Environment,Energy,Energy,19214_Tagesordnungspunkt_6_FDP_Skudelny_ID1921410000_03.03.2021.csv
3,"Unser Antrag zu synthetischen Kraftstoffen ist ein Plädoyer und ein Bekenntnis zur Technologieoffenheit –
Technologieoffenheit nicht als Selbstzweck, sondern als Möglichkeit, Wohlstand und Lebensqualität in Deutschland für die Zukunft zu sichern.",Energy,0,Environment,Energy,Energy,19214_Tagesordnungspunkt_6_FDP_Skudelny_ID1921410000_03.03.2021.csv
4,"Und weil wir Freien Demokraten für neue Technologien offen sind, können wir die einseitige Fokussierung der Bundesregierung auf die Elektromobilität nicht nachvollziehen.",Energy,0,Environment,Energy,Energy,19214_Tagesordnungspunkt_6_FDP_Skudelny_ID1921410000_03.03.2021.csv
5,"Lebensqualität bedeutet längst, das Klima zu schützen.",Energy,0,Environment,Energy,Energy,19214_Tagesordnungspunkt_6_FDP_Skudelny_ID1921410000_03.03.2021.csv
6,"Und mit Blick auf die Realität sehen wir doch, dass noch immer 75 Prozent der in Deutschland neu zugelassenen Fahrzeuge im Jahr 2020 mit Verbrennungsmotoren angetrieben worden sind; weltweit sind es sogar über 90 Prozent.",Energy,0,Environment,Energy,Energy,19214_Tagesordnungspunkt_6_FDP_Skudelny_ID1921410000_03.03.2021.csv
7,"Wenn wir das Klima schützen wollen, dann müssen wir diese Fahrzeuge klimaneutral fahren lassen.",Energy,0,Environment,Energy,Energy,19214_Tagesordnungspunkt_6_FDP_Skudelny_ID1921410000_03.03.2021.csv
8,Der Schlüssel dazu sind nun mal synthetische Kraftstoffe.,Energy,0,Environment,Energy,Energy,19214_Tagesordnungspunkt_6_FDP_Skudelny_ID1921410000_03.03.2021.csv
9,"An dieser Stelle wird immer wieder über Kosten gesprochen: Die kosten ja so schrecklich viel. – Meine Damen und Herren, im Jahr 2000 war die Solarenergie unendlich teuer – 50 Cent pro Kilowattstunde –, und trotzdem haben wir ihr eine Chance eingeräumt.",Energy,0,Environment,Energy,Energy,19214_Tagesordnungspunkt_6_FDP_Skudelny_ID1921410000_03.03.2021.csv
10,"Und schauen Sie, wo die Solarenergie heute ist.",Energy,0,Environment,Energy,Energy,19214_Tagesordnungspunkt_6_FDP_Skudelny_ID1921410000_03.03.2021.csv
11,Die gleiche faire Chance fordern wir hier und heute für synthetische Kraftstoffe.,Energy,0,Environment,Energy,Energy,19214_Tagesordnungspunkt_6_FDP_Skudelny_ID1921410000_03.03.2021.csv
12,"Wir wollen technologieoffen sein, und das heißt: faire Chancen für alle.",Energy,0,Environment,Energy,Energy,19214_Tagesordnungspunkt_6_FDP_Skudelny_ID1921410000_03.03.2021.csv
13,Aber die Bundesregierung hat es nicht so mit der Technologieoffenheit.,Energy,0,Environment,Energy,Energy,19214_Tagesordnungspunkt_6_FDP_Skudelny_ID1921410000_03.03.2021.csv
14,"Anders lässt es sich nicht erklären, dass sie an allen Ecken und Enden gegen die synthetischen Kraftstoffe kämpft.",Energy,0,Environment,Energy,Energy,19214_Tagesordnungspunkt_6_FDP_Skudelny_ID1921410000_03.03.2021.csv
15,Nur ein paar Beispiele: Entgegen der EU-Richtlinie sind synthetische Kraftstoffe im deutschen Straßenverkehr nicht zugelassen.,Energy,0,Environment,Energy,Energy,19214_Tagesordnungspunkt_6_FDP_Skudelny_ID1921410000_03.03.2021.csv
16,Die Anrechnung der synthetischen Kraftstoffe im Hinblick auf die Erreichung der Klimaziele erfolgt nicht.,Energy,0,Environment,Energy,Energy,19214_Tagesordnungspunkt_6_FDP_Skudelny_ID1921410000_03.03.2021.csv
17,Bei der Luftreinhaltung – synthetische Kraftstoffe können sogar Feinstaub und Stickoxide reduzieren – finden sie keine Berücksichtigung.,Energy,0,Environment,Energy,Energy,19214_Tagesordnungspunkt_6_FDP_Skudelny_ID1921410000_03.03.2021.csv
18,Sogar bei der jetzt debattierten RED‑II-Richtlinie werden synthetische Kraftstoffe nach wie vor signifikant gegenüber der Elektromobilität benachteiligt.,Energy,0,Environment,Energy,Energy,19214_Tagesordnungspunkt_6_FDP_Skudelny_ID1921410000_03.03.2021.csv
19,"Meine Damen und Herren, man kann das Gefühl bekommen: Hier geht es gar nicht um Klimaschutz, hier geht es um Einschränkungen der individuellen Mobilität und um das Verbot des Verbrennungsmotors.",Energy,0,Environment,Energy,Energy,19214_Tagesordnungspunkt_6_FDP_Skudelny_ID1921410000_03.03.2021.csv
20,"Während manche Parteien das tatsächlich sogar in ihren Parteiprogrammen haben, wundert es mich gerade bei Ihnen, liebe CDU, dass Sie dieses Spiel mitspielen;
denn alle von mir gerade eben genannten Regelungen sind in Ihrer Verantwortung in dieser Legislaturperiode getroffen worden.",Energy,0,Environment,Energy,Energy,19214_Tagesordnungspunkt_6_FDP_Skudelny_ID1921410000_03.03.2021.csv
21,"Liebe CDU, ganz ehrlich:
Da tragen Sie Verantwortung; das hätten Sie besser machen können.",Energy,0,Environment,Energy,Energy,19214_Tagesordnungspunkt_6_FDP_Skudelny_ID1921410000_03.03.2021.csv
22,Aber sei’s drum!,Energy,0,Environment,Energy,Energy,19214_Tagesordnungspunkt_6_FDP_Skudelny_ID1921410000_03.03.2021.csv
23,"Wir als FDP sind eine offene, eine optimistische und eine zukunftsorientierte Partei.",Energy,0,Environment,Energy,Energy,19214_Tagesordnungspunkt_6_FDP_Skudelny_ID1921410000_03.03.2021.csv
24,"Deswegen wollen wir Ihnen mit unserem Antrag die Möglichkeit geben, unser Bekenntnis zu Wohlstand und Arbeitsplätzen, unser Bekenntnis zu Lebensqualität und Klimaschutz und unser Bekenntnis zu Technologieoffenheit zu unterstützen.",Energy,1,Environment,Energy,International,19214_Tagesordnungspunkt_6_FDP_Skudelny_ID1921410000_03.03.2021.csv
25,"Schließen Sie sich dem Antrag für synthetische Kraftstoffe an, und räumen Sie diesen einen fairen Part im Energiemix der Zukunft ein.",Energy,1,Environment,Energy,International,19214_Tagesordnungspunkt_6_FDP_Skudelny_ID1921410000_03.03.2021.csv
26,Vielen Dank. – Das Wort hat Oliver Grundmann von der CDU/CSU-Fraktion.,*,1,Environment,Energy,International,19214_Tagesordnungspunkt_6_FDP_Skudelny_ID1921410000_03.03.2021.csv
