,text,label_gold,segment_id,label_bert,label_parlbert,label_svm,speech_id
0,Frau Präsidentin!,*,0,Defense,Defense,Defense,19218_Tagesordnungspunkt_15_CDU_CSU_Wadephul_ID1921810700_25.03.2021.csv
1,Liebe Kolleginnen und Kollegen!,*,0,Defense,Defense,Defense,19218_Tagesordnungspunkt_15_CDU_CSU_Wadephul_ID1921810700_25.03.2021.csv
2,Das ist das 20.,Defense,0,Defense,Defense,Defense,19218_Tagesordnungspunkt_15_CDU_CSU_Wadephul_ID1921810700_25.03.2021.csv
3,"Mal – die Kollegin Özoğuz hat darauf hingewiesen –, dass wir über ein Afghanistan-Mandat diskutieren.",Defense,0,Defense,Defense,Defense,19218_Tagesordnungspunkt_15_CDU_CSU_Wadephul_ID1921810700_25.03.2021.csv
4,Es ist aus meiner Sicht eines der wichtigsten Mandate nach den schrecklichen Verlusten 2010.,Defense,0,Defense,Defense,Defense,19218_Tagesordnungspunkt_15_CDU_CSU_Wadephul_ID1921810700_25.03.2021.csv
5,Es ist ein Übergangsmandat.,Defense,0,Defense,Defense,Defense,19218_Tagesordnungspunkt_15_CDU_CSU_Wadephul_ID1921810700_25.03.2021.csv
6,"Der Umstand, dass es eine Übereinkunft der Amerikaner mit den Taliban gegeben hat, am 30.",Defense,0,Defense,Defense,Defense,19218_Tagesordnungspunkt_15_CDU_CSU_Wadephul_ID1921810700_25.03.2021.csv
7,"April dieses Jahres abzuziehen, verlangt in der Tat eine Rechtfertigung, eine Begründung.",Defense,0,Defense,Defense,Defense,19218_Tagesordnungspunkt_15_CDU_CSU_Wadephul_ID1921810700_25.03.2021.csv
8,Es ist eine schwierige Abwägung.,Defense,0,Defense,Defense,Defense,19218_Tagesordnungspunkt_15_CDU_CSU_Wadephul_ID1921810700_25.03.2021.csv
9,"Ich bin dankbar, dass die Freien Demokraten und auch viele Kolleginnen und Kollegen aus der Fraktion Bündnis 90/Die Grünen dem Vorhaben der Koalition folgen und ihm zustimmen.",Defense,0,Defense,Defense,Defense,19218_Tagesordnungspunkt_15_CDU_CSU_Wadephul_ID1921810700_25.03.2021.csv
10,Natürlich hat es im Zuge dieses Mandats Rückschläge gegeben; das ist vollkommen klar.,Defense,0,Defense,Defense,Defense,19218_Tagesordnungspunkt_15_CDU_CSU_Wadephul_ID1921810700_25.03.2021.csv
11,"Es ist durch den militärischen Einsatz, durch unseren zivilgesellschaftlichen Einsatz und auch durch unseren Einsatz auf diplomatischer Ebene nicht automatisch alles gut und richtig.",Defense,0,Defense,Defense,Defense,19218_Tagesordnungspunkt_15_CDU_CSU_Wadephul_ID1921810700_25.03.2021.csv
12,Wir werden daraus Schlüsse ziehen müssen.,Defense,0,Defense,Defense,Defense,19218_Tagesordnungspunkt_15_CDU_CSU_Wadephul_ID1921810700_25.03.2021.csv
13,"Auch ich bin der Auffassung, dass wir diesen Einsatz evaluieren müssen.",Defense,0,Defense,Defense,Defense,19218_Tagesordnungspunkt_15_CDU_CSU_Wadephul_ID1921810700_25.03.2021.csv
14,"Meine Kollegin Heinrich hat kürzlich öffentlich gesagt – ich bin froh, dass wir uns hier mit den Freien Demokraten einig sind; Frau Strack-Zimmermann hat auch schon darauf hingewiesen –, dass wir uns angucken müssen: Was ist in den 20 Jahren an Fehlern gemacht worden?",Defense,0,Defense,Defense,Defense,19218_Tagesordnungspunkt_15_CDU_CSU_Wadephul_ID1921810700_25.03.2021.csv
15,Welche Schlussfolgerungen können wir daraus ziehen?,Defense,0,Defense,Defense,Defense,19218_Tagesordnungspunkt_15_CDU_CSU_Wadephul_ID1921810700_25.03.2021.csv
16,"Ich glaube, das sind wir den Soldatinnen und Soldaten schuldig.",Defense,0,Defense,Defense,Defense,19218_Tagesordnungspunkt_15_CDU_CSU_Wadephul_ID1921810700_25.03.2021.csv
17,"Die CDU/CSU-Fraktion wird dem Antrag zustimmen, weil uns das die Vernunft gebietet, weil wir Verlässlichkeit zeigen und weil wir Verantwortung übernehmen.",Defense,0,Defense,Defense,Defense,19218_Tagesordnungspunkt_15_CDU_CSU_Wadephul_ID1921810700_25.03.2021.csv
18,Erstens.,Defense,0,Defense,Defense,Defense,19218_Tagesordnungspunkt_15_CDU_CSU_Wadephul_ID1921810700_25.03.2021.csv
19,Warum ist das vernünftig?,Defense,0,Defense,Defense,Defense,19218_Tagesordnungspunkt_15_CDU_CSU_Wadephul_ID1921810700_25.03.2021.csv
20,Wir müssen uns ins Jahr 2001 zurückversetzen.,Defense,0,Defense,Defense,Defense,19218_Tagesordnungspunkt_15_CDU_CSU_Wadephul_ID1921810700_25.03.2021.csv
21,"Damals haben wir, die NATO und viele weitere Staaten, eingegriffen, weil sich so etwas wie der 11.",Defense,0,Defense,Defense,Defense,19218_Tagesordnungspunkt_15_CDU_CSU_Wadephul_ID1921810700_25.03.2021.csv
22,September 2001 niemals wiederholen sollte.,Defense,0,Defense,Defense,Defense,19218_Tagesordnungspunkt_15_CDU_CSU_Wadephul_ID1921810700_25.03.2021.csv
23,"Es ging und es geht in Afghanistan um den Kampf gegen den internationalen Terrorismus, vor allem gegen die Massenmörder von al-Qaida.",Defense,0,Defense,Defense,Defense,19218_Tagesordnungspunkt_15_CDU_CSU_Wadephul_ID1921810700_25.03.2021.csv
24,Und wir waren erfolgreich.,Defense,0,Defense,Defense,Defense,19218_Tagesordnungspunkt_15_CDU_CSU_Wadephul_ID1921810700_25.03.2021.csv
25,"Afghanistan ist nicht mehr der sichere Zufluchtsort für internationalen Terrorismus, der er noch 2001 war.",Defense,0,Defense,Defense,Defense,19218_Tagesordnungspunkt_15_CDU_CSU_Wadephul_ID1921810700_25.03.2021.csv
26,"Diesen Erfolg, liebe Kolleginnen und Kollegen, gilt es zu sichern.",Defense,0,Defense,Defense,Defense,19218_Tagesordnungspunkt_15_CDU_CSU_Wadephul_ID1921810700_25.03.2021.csv
27,Deswegen setzen wir den Einsatz jetzt fort.,Defense,0,Defense,Defense,Defense,19218_Tagesordnungspunkt_15_CDU_CSU_Wadephul_ID1921810700_25.03.2021.csv
28,"Wir stehen vor einem Kompromissfrieden in Afghanistan, einem Kompromissfrieden mit den Taliban.",Defense,0,Defense,Defense,Defense,19218_Tagesordnungspunkt_15_CDU_CSU_Wadephul_ID1921810700_25.03.2021.csv
29,Das haben wir uns vor einigen Jahren noch nicht vorstellen können.,Defense,0,Defense,Defense,Defense,19218_Tagesordnungspunkt_15_CDU_CSU_Wadephul_ID1921810700_25.03.2021.csv
30,"Doch es braucht einen solchen Frieden, damit das Land Frieden und die Gewalt ein Ende findet.",Defense,0,Defense,Defense,Defense,19218_Tagesordnungspunkt_15_CDU_CSU_Wadephul_ID1921810700_25.03.2021.csv
31,"Wir müssen jetzt dafür sorgen, dass das erreicht werden kann.",Defense,0,Defense,Defense,Defense,19218_Tagesordnungspunkt_15_CDU_CSU_Wadephul_ID1921810700_25.03.2021.csv
32,Nur durch den militärischen Einsatz auch der Bundeswehr haben wir eine militärische Pattsituation erreicht.,Defense,0,Defense,Defense,Defense,19218_Tagesordnungspunkt_15_CDU_CSU_Wadephul_ID1921810700_25.03.2021.csv
33,"Nur deswegen, weil Militär in Afghanistan präsent ist, wollen die Taliban überhaupt verhandeln.",Defense,0,Defense,Defense,Defense,19218_Tagesordnungspunkt_15_CDU_CSU_Wadephul_ID1921810700_25.03.2021.csv
34,"Natürlich brauchen wir eine politische Lösung, eine Versöhnungslösung in diesem Land, aber dazu ist noch militärischer Einsatz – man kann es bedauern, aber man muss es realistisch sehen – notwendig.",Defense,0,Defense,Defense,Defense,19218_Tagesordnungspunkt_15_CDU_CSU_Wadephul_ID1921810700_25.03.2021.csv
35,Zweitens.,Defense,0,Defense,Defense,Defense,19218_Tagesordnungspunkt_15_CDU_CSU_Wadephul_ID1921810700_25.03.2021.csv
36,Wir sind verlässlich.,Defense,0,Defense,Defense,Defense,19218_Tagesordnungspunkt_15_CDU_CSU_Wadephul_ID1921810700_25.03.2021.csv
37,"Die Amerikaner haben uns in der Tat gebeten, der neuen Administration von Joe Biden zur Seite zu stehen und es ihr zu ermöglichen, einen Friedensschluss herbeizuführen, der sich an konkreten Bedingungen orientiert.",Defense,0,Defense,Defense,Defense,19218_Tagesordnungspunkt_15_CDU_CSU_Wadephul_ID1921810700_25.03.2021.csv
38,"Ich möchte den Kolleginnen und Kollegen von Bündnis 90/Die Grünen, die bei ihrer Entscheidung noch überlegen, sagen: Will man Joe Biden nach vier Jahren Trump enttäuschen und die Unterstützung verweigern?",Defense,0,Defense,Defense,Defense,19218_Tagesordnungspunkt_15_CDU_CSU_Wadephul_ID1921810700_25.03.2021.csv
39,Das wäre das falsche Signal.,Defense,0,Defense,Defense,Defense,19218_Tagesordnungspunkt_15_CDU_CSU_Wadephul_ID1921810700_25.03.2021.csv
40,"Wir brauchen die Amerikaner, und wir brauchen den Erfolg der Biden-Administration.",Defense,0,Defense,Defense,Defense,19218_Tagesordnungspunkt_15_CDU_CSU_Wadephul_ID1921810700_25.03.2021.csv
41,Alle NATO-Partner wollen den Einsatz fortsetzen.,Defense,0,Defense,Defense,Defense,19218_Tagesordnungspunkt_15_CDU_CSU_Wadephul_ID1921810700_25.03.2021.csv
42,"Deswegen sage ich an Bündnis 90/Die Grünen: Es reicht nicht, ins Wahlprogramm hineinzuschreiben, dass man zu den Verpflichtungen in der NATO steht.",Defense,0,Defense,Defense,Defense,19218_Tagesordnungspunkt_15_CDU_CSU_Wadephul_ID1921810700_25.03.2021.csv
43,"Wenn die NATO an dieser Stelle den Einsatz fortsetzen will, dann muss man im Rahmen der NATO solidarisch handeln.",Defense,0,Defense,Defense,Defense,19218_Tagesordnungspunkt_15_CDU_CSU_Wadephul_ID1921810700_25.03.2021.csv
44,"Wenn Sie regieren wollen, wenn Ihre Spitzenleute sich für kanzlerfähig halten, dann müssen Sie auch zeigen, dass Sie regierungsfähig sind, dass Sie bündnisfähig sind, dass Sie wirklich in der Lage sind, Regierungsverantwortung zu übernehmen.",Defense,0,Defense,Defense,Defense,19218_Tagesordnungspunkt_15_CDU_CSU_Wadephul_ID1921810700_25.03.2021.csv
45,Deswegen müssen Sie zustimmen.,Defense,0,Defense,Defense,Defense,19218_Tagesordnungspunkt_15_CDU_CSU_Wadephul_ID1921810700_25.03.2021.csv
46,Sie dürfen sich nicht wegducken.,Defense,0,Defense,Defense,Defense,19218_Tagesordnungspunkt_15_CDU_CSU_Wadephul_ID1921810700_25.03.2021.csv
47,"Das wäre das falsche Zeichen.
– Herr Kollege Nouripour, ich bin sehr dankbar, dass Sie das erkennen und zustimmen.",Defense,0,Defense,Defense,Defense,19218_Tagesordnungspunkt_15_CDU_CSU_Wadephul_ID1921810700_25.03.2021.csv
48,"Ich will Ihnen und Ihrer Fraktion da Unterstützung zusagen.
– Frau Kollegin, ich will wiederholen, was Frau Özoğuz vorhin schon gesagt hat.",Defense,0,Defense,Defense,Defense,19218_Tagesordnungspunkt_15_CDU_CSU_Wadephul_ID1921810700_25.03.2021.csv
49,"In diesem Land sind gerade Frauen von den Taliban in einer brutalen Steinzeitart misshandelt worden, wie wir es noch nicht erlebt haben.",International Affairs,0,Defense,Defense,Defense,19218_Tagesordnungspunkt_15_CDU_CSU_Wadephul_ID1921810700_25.03.2021.csv
50,Wir – Sie haben das früher unterstützt – haben durch den Einsatz unserer Bundeswehr gerade für die Bildung der Frauen etwas erreicht.,International Affairs,0,Defense,Defense,Defense,19218_Tagesordnungspunkt_15_CDU_CSU_Wadephul_ID1921810700_25.03.2021.csv
51,"Wer jetzt abzieht und das Land den Taliban überlässt, überlässt auch die Frauen in Afghanistan wieder den Taliban, und das ist dann Ihre Verantwortung.",International Affairs,0,Defense,Defense,Defense,19218_Tagesordnungspunkt_15_CDU_CSU_Wadephul_ID1921810700_25.03.2021.csv
52,"Genderpolitik gibt es nicht nur hier, wenn es um das Sternchen geht.",International Affairs,0,Defense,Defense,Defense,19218_Tagesordnungspunkt_15_CDU_CSU_Wadephul_ID1921810700_25.03.2021.csv
53,Genderpolitik gibt es auch in Afghanistan.,International Affairs,0,Defense,Defense,Defense,19218_Tagesordnungspunkt_15_CDU_CSU_Wadephul_ID1921810700_25.03.2021.csv
54,Zeigen Sie Engagement!,International Affairs,0,Defense,Defense,Defense,19218_Tagesordnungspunkt_15_CDU_CSU_Wadephul_ID1921810700_25.03.2021.csv
55,Engagieren Sie sich!,International Affairs,0,Defense,Defense,Defense,19218_Tagesordnungspunkt_15_CDU_CSU_Wadephul_ID1921810700_25.03.2021.csv
56,"Zeigen Sie, dass Sie regierungsfähig sind.",International Affairs,0,Defense,Defense,Defense,19218_Tagesordnungspunkt_15_CDU_CSU_Wadephul_ID1921810700_25.03.2021.csv
57,Es gibt viele taffe Frauen in Afghanistan.,International Affairs,0,Defense,Defense,Defense,19218_Tagesordnungspunkt_15_CDU_CSU_Wadephul_ID1921810700_25.03.2021.csv
58,"Gucken Sie sich die Dokumentation im ZDF über eine Bürgermeisterin an, die sagt: Wir wollen weiterhin die Unterstützung der Alliierten, damit wir unser Land weiter aufbauen können. – Es ist eine Demokratie, natürlich nicht unbedingt so wie in der Schweiz oder in der Bundesrepublik, aber es ist ein demokratisches Land, das für Freiheit und für Rechtsstaatlichkeit kämpft.",Defense,0,Defense,Defense,Defense,19218_Tagesordnungspunkt_15_CDU_CSU_Wadephul_ID1921810700_25.03.2021.csv
59,Das müssen wir unterstützen.,Defense,0,Defense,Defense,Defense,19218_Tagesordnungspunkt_15_CDU_CSU_Wadephul_ID1921810700_25.03.2021.csv
60,"Ich möchte die Verluste ansprechen, die es in der Tat gegeben hat.",Defense,0,Defense,Defense,Defense,19218_Tagesordnungspunkt_15_CDU_CSU_Wadephul_ID1921810700_25.03.2021.csv
61,Wir haben 59 Soldatinnen und Soldaten verloren.,Defense,0,Defense,Defense,Defense,19218_Tagesordnungspunkt_15_CDU_CSU_Wadephul_ID1921810700_25.03.2021.csv
62,Wir schicken Soldaten in einen schwierigen Einsatz und sollten unseren Soldaten danken.,Defense,0,Defense,Defense,Defense,19218_Tagesordnungspunkt_15_CDU_CSU_Wadephul_ID1921810700_25.03.2021.csv
63,"Ich möchte an dieser Stelle – auch wenn sie vielen Anwürfen ausgesetzt war – die verstorbene Karin Strenz erwähnen, die Weihnachten – nach meiner Kenntnis als einzige Abgeordnete – mit den Soldatinnen und Soldaten vor Ort gefeiert hat.",Defense,0,Defense,Defense,Defense,19218_Tagesordnungspunkt_15_CDU_CSU_Wadephul_ID1921810700_25.03.2021.csv
64,Auch das gehört dazu.,Defense,0,Defense,Defense,Defense,19218_Tagesordnungspunkt_15_CDU_CSU_Wadephul_ID1921810700_25.03.2021.csv
65,Das möchte ich an dieser Stelle erwähnen.,Defense,0,Defense,Defense,Defense,19218_Tagesordnungspunkt_15_CDU_CSU_Wadephul_ID1921810700_25.03.2021.csv
66,Wir sind unseren Soldatinnen und Soldaten dankbar für ihren Einsatz.,Defense,0,Defense,Defense,Defense,19218_Tagesordnungspunkt_15_CDU_CSU_Wadephul_ID1921810700_25.03.2021.csv
67,Wir unterstützen sie.,Defense,0,Defense,Defense,Defense,19218_Tagesordnungspunkt_15_CDU_CSU_Wadephul_ID1921810700_25.03.2021.csv
68,"Sie ermöglichen, dass Afghanistan eine gute Zukunft hat.",Defense,0,Defense,Defense,Defense,19218_Tagesordnungspunkt_15_CDU_CSU_Wadephul_ID1921810700_25.03.2021.csv
69,Bitte stimmen Sie dem Antrag zu.,Defense,0,Defense,Defense,Defense,19218_Tagesordnungspunkt_15_CDU_CSU_Wadephul_ID1921810700_25.03.2021.csv
70,Vielen Dank.,*,0,Defense,Defense,Defense,19218_Tagesordnungspunkt_15_CDU_CSU_Wadephul_ID1921810700_25.03.2021.csv
71,"Vielen Dank, Dr.",*,0,Defense,Defense,Defense,19218_Tagesordnungspunkt_15_CDU_CSU_Wadephul_ID1921810700_25.03.2021.csv
72,"Johann Wadephul. – Ich möchte noch darauf hinweisen, liebe Kolleginnen und Kollegen, dass ich die Urnen für die namentliche Abstimmung über den Antrag der FDP noch ungefähr acht Minuten offen lasse.",*,0,Defense,Defense,Defense,19218_Tagesordnungspunkt_15_CDU_CSU_Wadephul_ID1921810700_25.03.2021.csv
73,Falls Sie noch nicht abgestimmt haben: Bitte vergessen Sie das nicht.,*,0,Defense,Defense,Defense,19218_Tagesordnungspunkt_15_CDU_CSU_Wadephul_ID1921810700_25.03.2021.csv
74,Der nächste Redner ist für die FDP-Fraktion Bijan Djir-Sarai.,*,0,Defense,Defense,Defense,19218_Tagesordnungspunkt_15_CDU_CSU_Wadephul_ID1921810700_25.03.2021.csv
