,text,label_gold,segment_id,label_bert,label_parlbert,label_svm,speech_id
0,Vielen Dank.- Frau Präsidentin!,*,0,Defense,Defense,Defense,19218_Tagesordnungspunkt_15_FDP_Djir-Sarai_ID1921810800_25.03.2021.csv
1,Meine Damen und Herren!,*,0,Defense,Defense,Defense,19218_Tagesordnungspunkt_15_FDP_Djir-Sarai_ID1921810800_25.03.2021.csv
2,Liebe Kolleginnen und Kollegen!,*,0,Defense,Defense,Defense,19218_Tagesordnungspunkt_15_FDP_Djir-Sarai_ID1921810800_25.03.2021.csv
3,Die Bundeswehr engagiert sich seit 20 Jahren in Afghanistan.,Defense,0,Defense,Defense,Defense,19218_Tagesordnungspunkt_15_FDP_Djir-Sarai_ID1921810800_25.03.2021.csv
4,"Es liegt in der Natur der Sache, dass wir in diesem Zusammenhang über eine Abzugsperspektive sprechen bzw. sprechen müssen.",Defense,0,Defense,Defense,Defense,19218_Tagesordnungspunkt_15_FDP_Djir-Sarai_ID1921810800_25.03.2021.csv
5,"Wir brauchen aber nicht nur eine Abzugsperspektive, sondern wir brauchen auch eine Bewertung, eine Bilanz des gesamten Einsatzes der letzten Jahre.",Defense,0,Defense,Defense,Defense,19218_Tagesordnungspunkt_15_FDP_Djir-Sarai_ID1921810800_25.03.2021.csv
6,Eine Abzugsperspektive muss selbstverständlich international abgestimmt werden.,Defense,0,Defense,Defense,Defense,19218_Tagesordnungspunkt_15_FDP_Djir-Sarai_ID1921810800_25.03.2021.csv
7,"Gemeinsam rein, gemeinsam raus!",Defense,0,Defense,Defense,Defense,19218_Tagesordnungspunkt_15_FDP_Djir-Sarai_ID1921810800_25.03.2021.csv
8,"Dieser altbekannte Grundsatz ist wieder von Bedeutung, und das ist auch gut so.",Defense,0,Defense,Defense,Defense,19218_Tagesordnungspunkt_15_FDP_Djir-Sarai_ID1921810800_25.03.2021.csv
9,Die Trump-Administration hat aus unserer Sicht viele Fehler gemacht.,Defense,0,Defense,Defense,Defense,19218_Tagesordnungspunkt_15_FDP_Djir-Sarai_ID1921810800_25.03.2021.csv
10,"Sie hat bei den sogenannten Friedensverhandlungen mit den Taliban den Fehler gemacht, die Taliban massiv aufzuwerten, gleichzeitig aber die afghanische Regierung abzuwerten.",Defense,0,Defense,Defense,Defense,19218_Tagesordnungspunkt_15_FDP_Djir-Sarai_ID1921810800_25.03.2021.csv
11,Leider ist die Situation in Afghanistan nach wie vor extrem komplex.,Defense,0,Defense,Defense,Defense,19218_Tagesordnungspunkt_15_FDP_Djir-Sarai_ID1921810800_25.03.2021.csv
12,"Ja, es wurden Fortschritte gemacht, aber die Gewalt gegen die Bevölkerung und die Regierungskräfte hält weiter an.",Defense,0,Defense,Defense,Defense,19218_Tagesordnungspunkt_15_FDP_Djir-Sarai_ID1921810800_25.03.2021.csv
13,Die Bilanz der letzten 20 Jahre fällt also leider nicht nur positiv aus.,Defense,0,Defense,Defense,Defense,19218_Tagesordnungspunkt_15_FDP_Djir-Sarai_ID1921810800_25.03.2021.csv
14,"Ich wünschte, ich könnte hier anderes behaupten.",Defense,0,Defense,Defense,Defense,19218_Tagesordnungspunkt_15_FDP_Djir-Sarai_ID1921810800_25.03.2021.csv
15,Trotz der bekannten Schwierigkeiten darf ein Abzug der Bundeswehr vor allem weder kopflos noch im Alleingang vollzogen werden.,Defense,0,Defense,Defense,Defense,19218_Tagesordnungspunkt_15_FDP_Djir-Sarai_ID1921810800_25.03.2021.csv
16,"Das ist für uns nicht nur eine Frage der Verantwortung, sondern auch eine Frage der Bündnisfähigkeit und des Ansehens Deutschlands in der Welt.",Defense,0,Defense,Defense,Defense,19218_Tagesordnungspunkt_15_FDP_Djir-Sarai_ID1921810800_25.03.2021.csv
17,"Unsere Fraktion wird daher der Verlängerung des Mandats heute mehrheitlich zustimmen.
20 Jahre, das ist eine verdammt lange Zeit, und das waren auch verdammt harte Jahre für unsere Soldatinnen und Soldaten.",Defense,0,Defense,Defense,Defense,19218_Tagesordnungspunkt_15_FDP_Djir-Sarai_ID1921810800_25.03.2021.csv
18,Ihnen gelten unsere Anerkennung und unser Dank.,Defense,0,Defense,Defense,Defense,19218_Tagesordnungspunkt_15_FDP_Djir-Sarai_ID1921810800_25.03.2021.csv
19,Wir können auf die Arbeit der Bundeswehr in Afghanistan sehr stolz sein.,Defense,0,Defense,Defense,Defense,19218_Tagesordnungspunkt_15_FDP_Djir-Sarai_ID1921810800_25.03.2021.csv
20,Ihnen und den Menschen in Afghanistan sind wir natürlich Antworten schuldig.,Defense,0,Defense,Defense,Defense,19218_Tagesordnungspunkt_15_FDP_Djir-Sarai_ID1921810800_25.03.2021.csv
21,"Wir sind den Menschen in unserem Land gegenüber verpflichtet, zu erklären, warum die Bundeswehr in Afghanistan ist, und wir sind den Menschen in unserem Land gegenüber verpflichtet, zu erklären, warum Sicherheit in Afghanistan auch ein Beitrag zur Sicherheit in Deutschland ist.",Defense,0,Defense,Defense,Defense,19218_Tagesordnungspunkt_15_FDP_Djir-Sarai_ID1921810800_25.03.2021.csv
22,Deswegen haben wir als FDP-Fraktion auch erneut einen entsprechenden Entschließungsantrag vorbereitet.,Defense,0,Defense,Defense,Defense,19218_Tagesordnungspunkt_15_FDP_Djir-Sarai_ID1921810800_25.03.2021.csv
23,Klar ist: Das absehbare Ende des militärischen Einsatzes bedeutet nicht gleich ein Ende des Engagements vor Ort.,Defense,0,Defense,Defense,Defense,19218_Tagesordnungspunkt_15_FDP_Djir-Sarai_ID1921810800_25.03.2021.csv
24,"Die Situation in Afghanistan ist nach wie vor fragil, und wir dürfen nicht zulassen, dass Afghanistan eines Tages wieder Brutstätte für internationalen Terrorismus wird.",Defense,0,Defense,Defense,Defense,19218_Tagesordnungspunkt_15_FDP_Djir-Sarai_ID1921810800_25.03.2021.csv
25,Dazu haben wir uns alle in diesem Haus verpflichtet.,Defense,0,Defense,Defense,Defense,19218_Tagesordnungspunkt_15_FDP_Djir-Sarai_ID1921810800_25.03.2021.csv
26,"Meine Damen und Herren, liebe Kolleginnen und Kollegen, nur mittels massiver internationaler Unterstützung kann der Staat am Hindukusch langfristig stabilisiert werden.",Defense,0,Defense,Defense,Defense,19218_Tagesordnungspunkt_15_FDP_Djir-Sarai_ID1921810800_25.03.2021.csv
27,Kommen Sie zum Ende.,Defense,0,Defense,Defense,Defense,19218_Tagesordnungspunkt_15_FDP_Djir-Sarai_ID1921810800_25.03.2021.csv
28,"Ein letzter Satz, Frau Präsidentin. – Die Arbeit ist selbst nach dem Abzug der Bundeswehr noch längst nicht getan.",Defense,0,Defense,Defense,Defense,19218_Tagesordnungspunkt_15_FDP_Djir-Sarai_ID1921810800_25.03.2021.csv
29,Vielen Dank für Ihre Aufmerksamkeit.,*,0,Defense,Defense,Defense,19218_Tagesordnungspunkt_15_FDP_Djir-Sarai_ID1921810800_25.03.2021.csv
30,"Vielen Dank, Herr Djir-Sarai. – Ich rufe den nächsten Redner auf, und das ist für die Fraktion Die Linke Tobias Pflüger.",*,0,Defense,Defense,Defense,19218_Tagesordnungspunkt_15_FDP_Djir-Sarai_ID1921810800_25.03.2021.csv
