,text,label_gold,segment_id,label_bert,label_parlbert,label_svm,speech_id
0,Verehrte Frau Präsidentin!,*,0,Agriculture,Agriculture,Agriculture,19227_Tagesordnungspunkt_33_FDP_Hocker_ID1922712100_06.05.2021.csv
1,Liebe Kolleginnen und Kollegen!,*,0,Agriculture,Agriculture,Agriculture,19227_Tagesordnungspunkt_33_FDP_Hocker_ID1922712100_06.05.2021.csv
2,"Es kann nicht sein, dass ein Milchbauer zu dem Zeitpunkt, da seine Milch abgeholt wird, nicht weiß, welchen Preis er für 1 Liter bekommt, sondern das erst einige Tage später per Bescheid erfährt.",Agriculture,0,Agriculture,Agriculture,Agriculture,19227_Tagesordnungspunkt_33_FDP_Hocker_ID1922712100_06.05.2021.csv
3,"Und es kann auch nicht sein, dass die Erzeuger, Landwirte, verdorbene Ware, die der Lebensmitteleinzelhandel nicht hat absetzen können, zurücknehmen müssen.",Agriculture,0,Agriculture,Agriculture,Agriculture,19227_Tagesordnungspunkt_33_FDP_Hocker_ID1922712100_06.05.2021.csv
4,"Meine Damen und Herren, das Ungleichgewicht der Marktkräfte zwischen Erzeugern auf der einen Seite und Lebensmitteleinzelhandel auf der anderen Seite kann auch nicht sein.",Agriculture,0,Agriculture,Agriculture,Agriculture,19227_Tagesordnungspunkt_33_FDP_Hocker_ID1922712100_06.05.2021.csv
5,"Aber ich sage es ganz ausdrücklich an die Kolleginnen und Kollegen der SPD: Meine Damen und Herren, das ist auch nicht zuletzt auf Sigmar Gabriel zurückzuführen,
der 2016 Wirtschaftsminister gewesen ist, der sich nämlich über die Empfehlung des Bundeskartellamtes, der Experten, hinweggesetzt hat und die Fusion von Kaiser’s Tengelmann mit Edeka durchgewunken hat, meine sehr verehrten Damen und Herren.",Agriculture,0,Agriculture,Agriculture,Agriculture,19227_Tagesordnungspunkt_33_FDP_Hocker_ID1922712100_06.05.2021.csv
6,Das gehört zur Wahrheit dazu.,Agriculture,0,Agriculture,Agriculture,Agriculture,19227_Tagesordnungspunkt_33_FDP_Hocker_ID1922712100_06.05.2021.csv
7,"So richtig es ist, dass UTP umgesetzt wird, so sehr habe ich auch den Eindruck, dass die Bundesregierung ein bisschen versucht, sich aus der Verantwortung für die schlechte und falsche Agrarpolitik der letzten dreieinhalb Jahre zu stehlen, und den Schwarzen Peter einfach anderen zuschieben will.",Agriculture,0,Agriculture,Agriculture,Agriculture,19227_Tagesordnungspunkt_33_FDP_Hocker_ID1922712100_06.05.2021.csv
8,"Verehrte Kolleginnen und Kollegen der Bundesregierung, Sie wollen davon ablenken, dass Sie in den letzten Jahren zu häufig zu gerne auf NGOs gehört haben und eben nicht der wissenschaftlichen und fachlichen Praxis das Wort geredet haben: bei Insektenschutz, bei Düngeverordnungen, bei der Nutztierhalterverordnung und vielen anderen Themen mehr.",Agriculture,0,Agriculture,Agriculture,Agriculture,19227_Tagesordnungspunkt_33_FDP_Hocker_ID1922712100_06.05.2021.csv
9,"So einfach kommen Sie nicht durchs Loch, Frau Ministerin.",Agriculture,0,Agriculture,Agriculture,Agriculture,19227_Tagesordnungspunkt_33_FDP_Hocker_ID1922712100_06.05.2021.csv
10,"Sie haben im zweiten Halbjahr 2020, vom 1.",Agriculture,0,Agriculture,Agriculture,Agriculture,19227_Tagesordnungspunkt_33_FDP_Hocker_ID1922712100_06.05.2021.csv
11,Juli bis 31.,Agriculture,0,Agriculture,Agriculture,Agriculture,19227_Tagesordnungspunkt_33_FDP_Hocker_ID1922712100_06.05.2021.csv
12,"Dezember 2020, während der deutschen EU-Ratspräsidentschaft tatsächlich auch keine einzige Initiative vorzuweisen, die einen Beitrag dafür geleistet hätte, dass die Wettbewerbs- und Produktionsstandards innerhalb des gemeinsamen europäischen Binnenmarktes angeglichen werden.",Agriculture,0,Agriculture,Agriculture,Agriculture,19227_Tagesordnungspunkt_33_FDP_Hocker_ID1922712100_06.05.2021.csv
13,"Deswegen machen Sie es sich zu einfach, UTP mehr als erforderlich, mehr als eins zu eins umzusetzen und jetzt pauschal dem Lebensmitteleinzelhandel den Schwarzen Peter zuzuschieben.",Agriculture,0,Agriculture,Agriculture,Agriculture,19227_Tagesordnungspunkt_33_FDP_Hocker_ID1922712100_06.05.2021.csv
14,"Damit kommen Sie nicht durchs Loch, meine Damen und Herren.",Agriculture,0,Agriculture,Agriculture,Agriculture,19227_Tagesordnungspunkt_33_FDP_Hocker_ID1922712100_06.05.2021.csv
15,"Ich sage es ganz ausdrücklich: Wenn man mit dem Handel spricht, dann sagen die Kolleginnen und Kollegen: Na ja, das ist ja alles schön und gut; aber es birgt natürlich die Gefahr, wenn Sie die Daumenschrauben zu fest andrehen, dass die Warenströme künftig eben von außerhalb Deutschlands – aus der Europäischen Union, vielleicht auch aus Übersee – nach Deutschland und zum Verbraucher gelangen.",Agriculture,0,Agriculture,Agriculture,Agriculture,19227_Tagesordnungspunkt_33_FDP_Hocker_ID1922712100_06.05.2021.csv
16,"Sie erweisen den Landwirten in Deutschland einen Bärendienst, wenn Sie die Schrauben zu fest anziehen.",Agriculture,0,Agriculture,Agriculture,Agriculture,19227_Tagesordnungspunkt_33_FDP_Hocker_ID1922712100_06.05.2021.csv
17,"Was wir wirklich endlich bräuchten, verehrte Kolleginnen und Kollegen, verehrte Frau Ministerin, ist ein Auflagenmoratorium, damit Landwirte, die Investitionen, die sie gerne tätigen – egal ob bei Tierhaltung, Ackerbau oder wo auch immer –, weil sie sich gerne weiterentwickeln wollen, tatsächlich auch amortisieren können und für einen kritischen Zeitraum tatsächlich auch die Gewähr haben, dass der Gesetzgeber nicht kommt und auf dem Gesetzeswege wiederum neue Auflagen erlässt, bevor die ersten Investitionen überhaupt zurückgezahlt werden konnten.",Agriculture,0,Agriculture,Agriculture,Agriculture,19227_Tagesordnungspunkt_33_FDP_Hocker_ID1922712100_06.05.2021.csv
18,"Das wäre Ihre Aufgabe, und da müssen Sie liefern, anstatt den Schwarzen Peter einfach anderen zuzuschieben.",Agriculture,0,Agriculture,Agriculture,Agriculture,19227_Tagesordnungspunkt_33_FDP_Hocker_ID1922712100_06.05.2021.csv
19,Vielen Dank für die Aufmerksamkeit.,*,0,Agriculture,Agriculture,Agriculture,19227_Tagesordnungspunkt_33_FDP_Hocker_ID1922712100_06.05.2021.csv
20,"Vielen Dank, Dr.",*,0,Agriculture,Agriculture,Agriculture,19227_Tagesordnungspunkt_33_FDP_Hocker_ID1922712100_06.05.2021.csv
21,"Gero Hocker. – So, liebe Kolleginnen und Kollegen, es sind noch zehn Minuten Abstimmungszeit übrig.",*,0,Agriculture,Agriculture,Agriculture,19227_Tagesordnungspunkt_33_FDP_Hocker_ID1922712100_06.05.2021.csv
22,Ich möchte Sie darauf hinweisen: Zehn Minuten lang können Sie bei der namentlichen Abstimmung noch abstimmen.,*,0,Agriculture,Agriculture,Agriculture,19227_Tagesordnungspunkt_33_FDP_Hocker_ID1922712100_06.05.2021.csv
23,Nächste Rednerin: für die Fraktion Die Linke Dr.,*,0,Agriculture,Agriculture,Agriculture,19227_Tagesordnungspunkt_33_FDP_Hocker_ID1922712100_06.05.2021.csv
24,Kirsten Tackmann.,*,0,Agriculture,Agriculture,Agriculture,19227_Tagesordnungspunkt_33_FDP_Hocker_ID1922712100_06.05.2021.csv
