,text,label_gold,segment_id,label_bert,label_parlbert,label_svm,speech_id
0,Sehr geehrte Frau Präsidentin!,*,0,Health,Health,Health,19227_Tagesordnungspunkt_16_FDP_Aschenberg-Dugnus_ID1922708300_06.05.2021.csv
1,Liebe Kolleginnen und Kollegen!,*,0,Health,Health,Health,19227_Tagesordnungspunkt_16_FDP_Aschenberg-Dugnus_ID1922708300_06.05.2021.csv
2,"Wir alle hören doch aus unseren Wahlkreisen, dass Spätfolgen einer Coronaerkrankung leider keine Einzelfälle mehr sind.",Health,0,Health,Health,Health,19227_Tagesordnungspunkt_16_FDP_Aschenberg-Dugnus_ID1922708300_06.05.2021.csv
3,Diese Schicksale lassen doch keinen von uns kalt.,Health,0,Health,Health,Health,19227_Tagesordnungspunkt_16_FDP_Aschenberg-Dugnus_ID1922708300_06.05.2021.csv
4,"Chronische Müdigkeit, Konzentrationsprobleme, Kopfschmerzen, Schwindel, Atembeschwerden, Ängste, Depressionen – das sind Folgen, die den Menschen schwer zu schaffen machen.",Health,0,Health,Health,Health,19227_Tagesordnungspunkt_16_FDP_Aschenberg-Dugnus_ID1922708300_06.05.2021.csv
5,"Die Weltgesundheitsorganisation schätzt, dass zwölf Wochen nach einer Covid-19-Erkrankung etwa jeder zehnte Patient noch immer unter den Langzeitfolgen leidet.",Health,0,Health,Health,Health,19227_Tagesordnungspunkt_16_FDP_Aschenberg-Dugnus_ID1922708300_06.05.2021.csv
6,"Es betrifft alle Bevölkerungsschichten, von jung bis alt.",Health,0,Health,Health,Health,19227_Tagesordnungspunkt_16_FDP_Aschenberg-Dugnus_ID1922708300_06.05.2021.csv
7,Selbst Leistungssportler sind von Covid-19-Langzeitfolgen betroffen.,Health,0,Health,Health,Health,19227_Tagesordnungspunkt_16_FDP_Aschenberg-Dugnus_ID1922708300_06.05.2021.csv
8,"Nach Medienberichten – das wird auch aus persönlichen Berichten klar – nehmen die Hilferufe besorgter Eltern, deren Kinder sich nach einer SARS-CoV-2-Infektion nicht vollständig erholt haben, deutlich zu.",Health,0,Health,Health,Health,19227_Tagesordnungspunkt_16_FDP_Aschenberg-Dugnus_ID1922708300_06.05.2021.csv
9,"In Deutschland gibt es bisher keine spezialisierten Behandlungszentren, um den Menschen, den Kindern schnellstmöglich zu helfen – weder ambulant noch stationär.",Health,0,Health,Health,Health,19227_Tagesordnungspunkt_16_FDP_Aschenberg-Dugnus_ID1922708300_06.05.2021.csv
10,Dabei benötigen die heute schätzungsweise 300 000 Betroffenen unbedingt unsere Hilfe.,Health,0,Health,Health,Health,19227_Tagesordnungspunkt_16_FDP_Aschenberg-Dugnus_ID1922708300_06.05.2021.csv
11,"Damit sie sich nicht im Versorgungswirrwarr verirren, brauchen sie geeignete Ansprechpartner.",Health,0,Health,Health,Health,19227_Tagesordnungspunkt_16_FDP_Aschenberg-Dugnus_ID1922708300_06.05.2021.csv
12,"Für Patientinnen und Patienten ist es oft sehr schwierig, den bestmöglichen Versorgungspfad zu finden; denn die Symptome von Long Covid sind unspezifisch und unterschiedlich ausgeprägt.",Health,0,Health,Health,Health,19227_Tagesordnungspunkt_16_FDP_Aschenberg-Dugnus_ID1922708300_06.05.2021.csv
13,Außerdem führt die fehlende Datengrundlage zu einem geringen Wissensstand.,Health,0,Health,Health,Health,19227_Tagesordnungspunkt_16_FDP_Aschenberg-Dugnus_ID1922708300_06.05.2021.csv
14,Es gibt derzeit nur vereinzelt spezialisierte Therapiemöglichkeiten.,Health,0,Health,Health,Health,19227_Tagesordnungspunkt_16_FDP_Aschenberg-Dugnus_ID1922708300_06.05.2021.csv
15,In anderen Ländern wurden bereits sehr konkrete Schritte für eine bessere Versorgung unternommen.,Health,0,Health,Health,Health,19227_Tagesordnungspunkt_16_FDP_Aschenberg-Dugnus_ID1922708300_06.05.2021.csv
16,"Für Großbritannien kündigte der Chef des National Health Service an, flächendeckend über 80 spezialisierte Behandlungszentren zu eröffnen.",Health,0,Health,Health,Health,19227_Tagesordnungspunkt_16_FDP_Aschenberg-Dugnus_ID1922708300_06.05.2021.csv
17,"In Deutschland gibt es kein vergleichbares Angebot, und das wollen wir gerne ändern.",Health,0,Health,Health,Health,19227_Tagesordnungspunkt_16_FDP_Aschenberg-Dugnus_ID1922708300_06.05.2021.csv
18,"Wir müssen uns jetzt mit dieser Thematik befassen und nicht erst dann, wenn es zu spät ist.",Health,0,Health,Health,Health,19227_Tagesordnungspunkt_16_FDP_Aschenberg-Dugnus_ID1922708300_06.05.2021.csv
19,Denn die Patientinnen und Patienten brauchen jetzt unsere Hilfe und nicht erst in einem Jahr oder noch später.,Health,0,Health,Health,Health,19227_Tagesordnungspunkt_16_FDP_Aschenberg-Dugnus_ID1922708300_06.05.2021.csv
20,"Es ist unsere gemeinsame Aufgabe, einen flächendeckenden Aufbau von Long-Covid-Behandlungszentren zu etablieren.",Health,0,Health,Health,Health,19227_Tagesordnungspunkt_16_FDP_Aschenberg-Dugnus_ID1922708300_06.05.2021.csv
21,"Die Leistungserbringer der vertragsärztlichen Versorgung, die Krankenhäuser und die Vorsorge- und Rehaeinrichtungen müssen berechtigt sein, entsprechende Leistungen zu erbringen.",Health,0,Health,Health,Health,19227_Tagesordnungspunkt_16_FDP_Aschenberg-Dugnus_ID1922708300_06.05.2021.csv
22,Der Gemeinsame Bundesausschuss definiert dabei den Behandlungsrahmen. – Das fordern wir in unserem Antrag.,Health,0,Health,Health,Health,19227_Tagesordnungspunkt_16_FDP_Aschenberg-Dugnus_ID1922708300_06.05.2021.csv
23,"Meine Damen und Herren, um ausreichend Erkenntnisse über diese neue Erkrankung zu sammeln, wollen wir gemeinsam mit den Bundesländern ein Long-Covid-Register entwickeln, das die Fälle systematisch erfasst und analysiert.",Health,0,Health,Health,Health,19227_Tagesordnungspunkt_16_FDP_Aschenberg-Dugnus_ID1922708300_06.05.2021.csv
24,"Ein Register kann helfen, Krankheitssymptome rechtzeitig zu erkennen.",Health,0,Health,Health,Health,19227_Tagesordnungspunkt_16_FDP_Aschenberg-Dugnus_ID1922708300_06.05.2021.csv
25,Auch Forschungsstudien über Long Covid müssen dringend auf den Weg gebracht und dauerhaft gefördert werden; denn eine zielgenaue Diagnose und Therapie verhindern langes Leiden.,Health,0,Health,Health,Health,19227_Tagesordnungspunkt_16_FDP_Aschenberg-Dugnus_ID1922708300_06.05.2021.csv
26,Die Bundesregierung muss jetzt handeln und darf nicht zögern!,Health,0,Health,Health,Health,19227_Tagesordnungspunkt_16_FDP_Aschenberg-Dugnus_ID1922708300_06.05.2021.csv
27,Auf den digitalen Impfpass warten wir bis heute.,Health,0,Health,Health,Health,19227_Tagesordnungspunkt_16_FDP_Aschenberg-Dugnus_ID1922708300_06.05.2021.csv
28,"Lassen Sie uns gemeinsam daran arbeiten, dass wir die Long-Covid-Patienten optimal versorgen und dass es für diese Menschen nicht wieder zu spät ist.",Health,0,Health,Health,Health,19227_Tagesordnungspunkt_16_FDP_Aschenberg-Dugnus_ID1922708300_06.05.2021.csv
29,Ich freue mich auf die Beratungen im Ausschuss.,Health,0,Health,Health,Health,19227_Tagesordnungspunkt_16_FDP_Aschenberg-Dugnus_ID1922708300_06.05.2021.csv
30,Herzlichen Dank.,*,0,Health,Health,Health,19227_Tagesordnungspunkt_16_FDP_Aschenberg-Dugnus_ID1922708300_06.05.2021.csv
31,"Herzlichen Dank, liebe Kollegin Aschenberg-Dugnus. – Das Wort geht an Stephan Albani von der CDU/CSU-Fraktion.",*,0,Health,Health,Health,19227_Tagesordnungspunkt_16_FDP_Aschenberg-Dugnus_ID1922708300_06.05.2021.csv
