,text,label_gold,segment_id,label_bert,label_parlbert,label_svm,speech_id
0,"Vielen Dank, Herr Präsident. – Liebe Kolleginnen und Kollegen!",*,0,Social,Social,Social,19224_Tagesordnungspunkt_11_CDU_CSU_Weinberg_ID1922401200_22.04.2021.csv
1,Da sagt die sehr geschätzte Kollegin Ingrid Pahlmann heute Morgen zu mir: „Was hast du für einen schicken Anzug an!,*,0,Social,Social,Social,19224_Tagesordnungspunkt_11_CDU_CSU_Weinberg_ID1922401200_22.04.2021.csv
2,"“ – Da sage ich: „Ich habe immer schicke Anzüge an.“
Aber heute habe ich einen besonders schicken Anzug an,
weil es einen Anlass dafür gibt, weil es ein tolles Gesetz gibt, ein wichtiges Gesetz.",*,0,Social,Social,Social,19224_Tagesordnungspunkt_11_CDU_CSU_Weinberg_ID1922401200_22.04.2021.csv
3,"Dazu haben wir, glaube ich, alle beigetragen.",*,0,Social,Social,Social,19224_Tagesordnungspunkt_11_CDU_CSU_Weinberg_ID1922401200_22.04.2021.csv
4,"Deswegen ein herzliches Dankeschön an alle, die dies bewegt haben!",*,0,Social,Social,Social,19224_Tagesordnungspunkt_11_CDU_CSU_Weinberg_ID1922401200_22.04.2021.csv
5,"Nun mag die Kinder- und Jugendhilfe ja nicht immer das große Thema der Öffentlichkeit sein, in den Medien oder auch bei Fraktionssitzungen.",*,0,Social,Social,Social,19224_Tagesordnungspunkt_11_CDU_CSU_Weinberg_ID1922401200_22.04.2021.csv
6,"Aber richtig ist: Es geht um Tausende, es geht um Zehntausende von Kindern, von Jugendlichen, von Familien, die benachteiligt sind.",*,0,Social,Social,Social,19224_Tagesordnungspunkt_11_CDU_CSU_Weinberg_ID1922401200_22.04.2021.csv
7,"Das sind diejenigen, die unter keinen positiven Lebensbedingungen aufwachsen, und das sind diejenigen, die Gefahr laufen, von der sozialen und kulturellen Teilhabe abgehängt zu werden.",*,0,Social,Social,Social,19224_Tagesordnungspunkt_11_CDU_CSU_Weinberg_ID1922401200_22.04.2021.csv
8,"Es ist unser Aufgabe, sich um diese Kinder zu kümmern, ihnen Chancengerechtigkeit, gesellschaftliche Teilhabe zu geben.",*,0,Social,Social,Social,19224_Tagesordnungspunkt_11_CDU_CSU_Weinberg_ID1922401200_22.04.2021.csv
9,"Nach 30 Jahren reformieren wir eines der wichtigsten Gesetze dieses Landes, ein ganzes Sozialgesetzbuch, nach einer intensiven Diskussion.",*,0,Social,Social,Social,19224_Tagesordnungspunkt_11_CDU_CSU_Weinberg_ID1922401200_22.04.2021.csv
10,Sie wurde breit geführt.,*,0,Social,Social,Social,19224_Tagesordnungspunkt_11_CDU_CSU_Weinberg_ID1922401200_22.04.2021.csv
11,"Den Dank, Frau Marks, möchte ich Ihnen ausdrücklich zurückgeben, für dieses Engagement, für die breite Diskussion.",*,0,Social,Social,Social,19224_Tagesordnungspunkt_11_CDU_CSU_Weinberg_ID1922401200_22.04.2021.csv
12,"Am Ende sehen Sie heute, was es bringt, wenn man einen transparenten Prozess entwickelt und dies gemeinschaftlich mit allen zusammen gestaltet.",*,0,Social,Social,Social,19224_Tagesordnungspunkt_11_CDU_CSU_Weinberg_ID1922401200_22.04.2021.csv
13,Das ist ein großer Erfolg.,*,0,Social,Social,Social,19224_Tagesordnungspunkt_11_CDU_CSU_Weinberg_ID1922401200_22.04.2021.csv
14,"Deswegen noch mal: Danke schön, auch danke schön an Frau Bahr und Herrn Rix von der SPD für die gute Zusammenarbeit!",*,0,Social,Social,Social,19224_Tagesordnungspunkt_11_CDU_CSU_Weinberg_ID1922401200_22.04.2021.csv
15,"Denn es geht um die Kooperation im Kinderschutz, es geht darum, leicht zugängliche Alltagshilfen bei Unterstützungsbedarf bereitzustellen, um die Implementierung von Ombudsstellen; es geht um die stärkere Berücksichtigung von Kindern und Pflegekindern.",*,0,Social,Social,Social,19224_Tagesordnungspunkt_11_CDU_CSU_Weinberg_ID1922401200_22.04.2021.csv
16,Ich darf das für uns im Wesentlichen zusammenfassen.,*,0,Social,Social,Social,19224_Tagesordnungspunkt_11_CDU_CSU_Weinberg_ID1922401200_22.04.2021.csv
17,"Wenn man fünf Sätze hat, um dieses Gesetz zusammenzufassen, dann lauten diese fünf Sätze relativ einfach: Wir schaffen einen bessern Kinder- und Jugendschutz.",*,0,Social,Social,Social,19224_Tagesordnungspunkt_11_CDU_CSU_Weinberg_ID1922401200_22.04.2021.csv
18,Wir stärken Kinder und Jugendliche in Pflegefamilien und in den Einrichtungen der Erziehungshilfe.,*,0,Social,Social,Social,19224_Tagesordnungspunkt_11_CDU_CSU_Weinberg_ID1922401200_22.04.2021.csv
19,Wir bereiten die Hilfen aus einer Hand für Kinder und Jugendliche mit und ohne Behinderung vor.,*,0,Social,Social,Social,19224_Tagesordnungspunkt_11_CDU_CSU_Weinberg_ID1922401200_22.04.2021.csv
20,Wir sorgen für mehr Prävention vor Ort.,*,0,Social,Social,Social,19224_Tagesordnungspunkt_11_CDU_CSU_Weinberg_ID1922401200_22.04.2021.csv
21,Und wir sorgen für mehr Beteiligung von jungen Menschen und ihren Familien.,*,0,Social,Social,Social,19224_Tagesordnungspunkt_11_CDU_CSU_Weinberg_ID1922401200_22.04.2021.csv
22,"Das stärkt Kinder, Jugendliche und Familien in diesem Land, und deswegen bitten wir um Unterstützung für dieses Gesetz,
für besseren Kinder- und Jugendschutz sowie eine verbesserte Kooperation im Kinderschutz durch die stärkere Einbeziehung des Gesundheitswesens in die Verantwortungsgemeinschaft für einen wirksamen Kinderschutz.",*,0,Social,Social,Social,19224_Tagesordnungspunkt_11_CDU_CSU_Weinberg_ID1922401200_22.04.2021.csv
23,"In dem im Ausschuss eingebrachten Änderungsantrag – er liegt Ihnen vor; er hat viele Punkte aufgegriffen, von denen ich nur zwei, drei exemplarisch nennen möchte – haben wir noch mal gesagt: Auch Ärztinnen und Ärzte sowie Angehörige anderer Heilberufe sollen bei einer dringenden Gefahr für das Kindeswohl im Regelfall das Jugendamt informieren. – Darauf kommt es an; das ist eine Erfahrung der letzten Jahre gewesen.",*,0,Social,Social,Social,19224_Tagesordnungspunkt_11_CDU_CSU_Weinberg_ID1922401200_22.04.2021.csv
24,"Wir brauchen dringend Kinderärzte und ‑ärztinnen, um die Frage beantworten zu können, ob das Kindeswohl gefährdet ist.",*,0,Social,Social,Social,19224_Tagesordnungspunkt_11_CDU_CSU_Weinberg_ID1922401200_22.04.2021.csv
25,"Wir wollen dann auch – in der Entschließung können Sie das nachlesen –, dass die Leitlinien weiterentwickelt bzw. konkretisiert werden.",*,0,Social,Social,Social,19224_Tagesordnungspunkt_11_CDU_CSU_Weinberg_ID1922401200_22.04.2021.csv
26,"Zweiter Punkt, Stärkung von Kindern und Jugendlichen in Pflegefamilien und Einrichtungen der Erziehungshilfe.",*,0,Social,Social,Social,19224_Tagesordnungspunkt_11_CDU_CSU_Weinberg_ID1922401200_22.04.2021.csv
27,"Ja, 25 Prozent des Einkommens „müssen“ dann abgegeben werden; das Einkommen wird um 25 Prozent reduziert.",*,0,Social,Social,Social,19224_Tagesordnungspunkt_11_CDU_CSU_Weinberg_ID1922401200_22.04.2021.csv
28,Wir tragen ja auch die Kosten einer Unterbringung.,*,0,Social,Social,Social,19224_Tagesordnungspunkt_11_CDU_CSU_Weinberg_ID1922401200_22.04.2021.csv
29,"Wir haben im Änderungsantrag noch mal aufgenommen, dass 150 Euro für Einkommen aus Schülerjobs, aus Praktika oder aus einer Ausbildungsvergütung unberücksichtigt bleiben – als Freibetrag.",*,0,Social,Social,Social,19224_Tagesordnungspunkt_11_CDU_CSU_Weinberg_ID1922401200_22.04.2021.csv
30,"Ich glaube, das ist auch ein deutlicher Hinweis, dass wir Ferienjobs und übrigens auch ehrenamtliches Engagement unterstützen; denn auch das ist ausgenommen.",*,0,Social,Social,Social,19224_Tagesordnungspunkt_11_CDU_CSU_Weinberg_ID1922401200_22.04.2021.csv
31,"Es ist uns wichtig, dass genau diese Jugendlichen, gerade diese Jugendlichen sich im Ehrenamt engagieren.",*,0,Social,Social,Social,19224_Tagesordnungspunkt_11_CDU_CSU_Weinberg_ID1922401200_22.04.2021.csv
32,Bei den Hilfen aus einer Hand wird der Schritt jetzt verbindlich aufgenommen.,*,0,Social,Social,Social,19224_Tagesordnungspunkt_11_CDU_CSU_Weinberg_ID1922401200_22.04.2021.csv
33,"Das ist ein Thema der nächsten Jahre, und das wird noch viele Diskussionen und Debatten hier im Deutschen Bundestag füllen.",*,0,Social,Social,Social,19224_Tagesordnungspunkt_11_CDU_CSU_Weinberg_ID1922401200_22.04.2021.csv
34,"Wir haben im Änderungsantrag noch mal etwas klargestellt – das war, glaube ich, auch ein gutes Einvernehmen –, indem wir gesagt haben: Das sinnvolle Instrument der Verfahrenslotsen kann auch schon vor dem 1.",*,0,Social,Social,Social,19224_Tagesordnungspunkt_11_CDU_CSU_Weinberg_ID1922401200_22.04.2021.csv
35,"Januar 2024 eingesetzt werden, wenn die Voraussetzungen stimmen.",*,0,Social,Social,Social,19224_Tagesordnungspunkt_11_CDU_CSU_Weinberg_ID1922401200_22.04.2021.csv
36,Wir stärken mehr Prävention vor Ort.,*,0,Social,Social,Social,19224_Tagesordnungspunkt_11_CDU_CSU_Weinberg_ID1922401200_22.04.2021.csv
37,"Da habe ich einen wichtigen Punkt, weil ich Paul Lehrieder sehe, der zusammen mit vielen anderen Kolleginnen und Kollegen aller Fraktionen für das Thema „Unterstützung von Kindern psychisch kranker Eltern“ gekämpft hat.",*,0,Social,Social,Social,19224_Tagesordnungspunkt_11_CDU_CSU_Weinberg_ID1922401200_22.04.2021.csv
38,"Wir schaffen es jetzt, dass wir für diese Kinder – das sind nicht wenige; es sind Zehntausende von Kindern, es sind Hunderttausende von Kindern, die sich im jungen Alter um die Familie kümmern müssen, weil die Eltern suchtkrank sind – auch Verbindliches regeln, nämlich dass sie einen Anspruch auf eine Regelleistung haben.",*,0,Social,Social,Social,19224_Tagesordnungspunkt_11_CDU_CSU_Weinberg_ID1922401200_22.04.2021.csv
39,Das ist ein Ergebnis nach Jahren der guten Diskussion.,*,0,Social,Social,Social,19224_Tagesordnungspunkt_11_CDU_CSU_Weinberg_ID1922401200_22.04.2021.csv
40,"Es ist uns besonders wichtig, dass diese Familien gestärkt werden, dass diese Kinder gestärkt werden.",*,0,Social,Social,Social,19224_Tagesordnungspunkt_11_CDU_CSU_Weinberg_ID1922401200_22.04.2021.csv
41,"Dazu kommt auch das Thema § 19 SGB VIII, sogenannte gemeinsame Wohnformen.",*,0,Social,Social,Social,19224_Tagesordnungspunkt_11_CDU_CSU_Weinberg_ID1922401200_22.04.2021.csv
42,"Damit wollen wir es schaffen, dass die Bindungen zwischen beiden Elternteilen und den Kindern gestärkt werden.",*,0,Social,Social,Social,19224_Tagesordnungspunkt_11_CDU_CSU_Weinberg_ID1922401200_22.04.2021.csv
43,"Dazu gehört auch die Fragestellung, wie man die Unterbringungen zusammenführen kann.",*,0,Social,Social,Social,19224_Tagesordnungspunkt_11_CDU_CSU_Weinberg_ID1922401200_22.04.2021.csv
44,"Ein letzter Punkt – damit muss ich leider schon schließen –: Auch wenn gewisse Dinge nicht im Normtext auftauchen, sind sie wichtig für uns, etwa das Thema Straßenkinder und Obdachlosigkeit.",*,0,Social,Social,Social,19224_Tagesordnungspunkt_11_CDU_CSU_Weinberg_ID1922401200_22.04.2021.csv
45,Dazu haben wir auch eine Anhörung gehabt.,*,0,Social,Social,Social,19224_Tagesordnungspunkt_11_CDU_CSU_Weinberg_ID1922401200_22.04.2021.csv
46,"Es ist auch meiner Fraktion zu verdanken, dass sie diese Anhörung auf den Weg gebracht hat.",*,0,Social,Social,Social,19224_Tagesordnungspunkt_11_CDU_CSU_Weinberg_ID1922401200_22.04.2021.csv
47,"Wir sagen ganz deutlich im Entschließungsantrag: Das ist ein Thema für die nächsten Jahre, und wir wollen Modellprojekte stärken.",*,0,Social,Social,Social,19224_Tagesordnungspunkt_11_CDU_CSU_Weinberg_ID1922401200_22.04.2021.csv
48,"Herr Präsident, ich komme zum Schluss und sage: Bitte unterstützen Sie dieses Gesetz!",*,0,Social,Social,Social,19224_Tagesordnungspunkt_11_CDU_CSU_Weinberg_ID1922401200_22.04.2021.csv
49,Es ist wichtig für die Kinder und Jugendlichen.,*,0,Social,Social,Social,19224_Tagesordnungspunkt_11_CDU_CSU_Weinberg_ID1922401200_22.04.2021.csv
50,Es ist ein gutes Gesetz.,*,0,Social,Social,Social,19224_Tagesordnungspunkt_11_CDU_CSU_Weinberg_ID1922401200_22.04.2021.csv
51,"Die große Hoffnung ist auch, dass der Bundesrat bitte dieses Gesetz in seiner Verantwortung unterstützt, sodass wir am Ende dieser Legislaturperiode sagen können: ein großer Erfolg für die Familien, für die Kinder und Jugendlichen.",*,0,Social,Social,Social,19224_Tagesordnungspunkt_11_CDU_CSU_Weinberg_ID1922401200_22.04.2021.csv
52,Das wünschen wir uns.,*,0,Social,Social,Social,19224_Tagesordnungspunkt_11_CDU_CSU_Weinberg_ID1922401200_22.04.2021.csv
53,Vielen Dank für die gute Zusammenarbeit.,*,0,Social,Social,Social,19224_Tagesordnungspunkt_11_CDU_CSU_Weinberg_ID1922401200_22.04.2021.csv
54,Wir bitten um Zustimmung.,*,0,Social,Social,Social,19224_Tagesordnungspunkt_11_CDU_CSU_Weinberg_ID1922401200_22.04.2021.csv
55,"Daniel Föst, FDP, ist der nächste Redner.",*,0,Social,Social,Social,19224_Tagesordnungspunkt_11_CDU_CSU_Weinberg_ID1922401200_22.04.2021.csv
