,text,label_gold,segment_id,label_bert,label_parlbert,label_svm,speech_id
0,Sehr geehrte Frau Präsidentin!,*,0,Health,Health,Health,19227_Tagesordnungspunkt_16_SPD_Mueller_ID1922708600_06.05.2021.csv
1,Liebe Kolleginnen und Kollegen!,*,0,Health,Health,Health,19227_Tagesordnungspunkt_16_SPD_Mueller_ID1922708600_06.05.2021.csv
2,"Covid-19 fordert Tote, Covid-19 füllt die Intensivstationen, Covid-19 schränkt unser aller Alltagsleben massiv ein.",Health,0,Health,Health,Health,19227_Tagesordnungspunkt_16_SPD_Mueller_ID1922708600_06.05.2021.csv
3,Wir haben das hier im Hohen Hause schon unzählige Male diskutiert.,Health,0,Health,Health,Health,19227_Tagesordnungspunkt_16_SPD_Mueller_ID1922708600_06.05.2021.csv
4,"Covid-19 schränkt aber auch die Gesundheit von vielen Menschen ein, nachdem sie von der eigentlichen Infektion genesen sind, und das über viele Wochen und Monate.",Health,0,Health,Health,Health,19227_Tagesordnungspunkt_16_SPD_Mueller_ID1922708600_06.05.2021.csv
5,"Insofern bin ich für die Gelegenheit dankbar, dass durch die heutige Debatte das Augenmerk auch einmal auf die Herausforderungen gerichtet wird, die durch Post Covid bzw.",Health,0,Health,Health,Health,19227_Tagesordnungspunkt_16_SPD_Mueller_ID1922708600_06.05.2021.csv
6,"Long Covid entstehen, Herausforderungen, deren Bewältigung unser Gesundheitssystem wohl noch sehr lange beschäftigen wird.",Health,0,Health,Health,Health,19227_Tagesordnungspunkt_16_SPD_Mueller_ID1922708600_06.05.2021.csv
7,Klar ist: Die Versorgung von Patientinnen und Patienten mit Long-Covid-Symptomen ist Teil des notwenigen Miteinanders bei der Bekämpfung der Pandemie und in einem solidarisch organisierten Gesundheitssystem natürlich selbstverständlich.,Health,0,Health,Health,Health,19227_Tagesordnungspunkt_16_SPD_Mueller_ID1922708600_06.05.2021.csv
8,"Und es ist eben nicht so, dass es hier keine Hilfe gibt oder, wie es der Titel des FDP-Antrags suggeriert, Long Covid nicht ernstgenommen wird.",Health,0,Health,Health,Health,19227_Tagesordnungspunkt_16_SPD_Mueller_ID1922708600_06.05.2021.csv
9,Trotz der vielen ungelösten Fragen der medizinisch weitgehend ungeklärten Zusammenhänge und trotz der dünnen Studienlage – die FDP weist in ihrem Antrag ja selbst darauf hin – haben sich bereits Versorgungsstrukturen entwickelt.,Health,0,Health,Health,Health,19227_Tagesordnungspunkt_16_SPD_Mueller_ID1922708600_06.05.2021.csv
10,Nahezu alle Universitätskliniken – das ist schon angeklungen – haben inzwischen sogenannte Post-Covid-Ambulanzen eingerichtet.,Health,0,Health,Health,Health,19227_Tagesordnungspunkt_16_SPD_Mueller_ID1922708600_06.05.2021.csv
11,"Bundesweit gibt es mehr als 40 solcher Ambulanzen, in denen Patientinnen und Patienten im Anschluss an stationäre Covid-19-Behandlungen betreut werden.",Health,0,Health,Health,Health,19227_Tagesordnungspunkt_16_SPD_Mueller_ID1922708600_06.05.2021.csv
12,"Sie kümmern sich aber auch um Menschen, die nach milden Infektionsverläufen – das ist ja das Fatale an diesem Syndrom – Long-Covid-Symptome aufweisen.",Health,0,Health,Health,Health,19227_Tagesordnungspunkt_16_SPD_Mueller_ID1922708600_06.05.2021.csv
13,"Hinzu kommen die niedergelassenen Ärzte, die ihre Covid-Patientinnen und ‑Patienten selbst behandeln oder mit den Ambulanzen sehr eng verzahnt sind.",Health,0,Health,Health,Health,19227_Tagesordnungspunkt_16_SPD_Mueller_ID1922708600_06.05.2021.csv
14,Auch die Rehaträger halten inzwischen entsprechende Kapazitäten vor.,Health,0,Health,Health,Health,19227_Tagesordnungspunkt_16_SPD_Mueller_ID1922708600_06.05.2021.csv
15,"Liebe Kolleginnen und Kollegen, Long Covid wird wirklich sehr ernst genommen.",Health,0,Health,Health,Health,19227_Tagesordnungspunkt_16_SPD_Mueller_ID1922708600_06.05.2021.csv
16,Wir sind da alle am Ball.,Health,0,Health,Health,Health,19227_Tagesordnungspunkt_16_SPD_Mueller_ID1922708600_06.05.2021.csv
17,Es gibt bereits etablierte Strukturen.,Health,0,Health,Health,Health,19227_Tagesordnungspunkt_16_SPD_Mueller_ID1922708600_06.05.2021.csv
18,Die Finanzierung ist grundsätzlich gegeben.,Health,0,Health,Health,Health,19227_Tagesordnungspunkt_16_SPD_Mueller_ID1922708600_06.05.2021.csv
19,"Im ambulanten Bereich sind die Leistungen zur Behandlung von Long Covid durch den EBM, einheitlicher Bewertungsmaßstab, gedeckt.",Health,0,Health,Health,Health,19227_Tagesordnungspunkt_16_SPD_Mueller_ID1922708600_06.05.2021.csv
20,"Die Ambulanzen, vor allem die Hochschulambulanzen, sind finanziert.",Health,0,Health,Health,Health,19227_Tagesordnungspunkt_16_SPD_Mueller_ID1922708600_06.05.2021.csv
21,"Projektfinanzierungen, zum Beispiel über den Innovationsfonds, kommen noch hinzu.",Health,0,Health,Health,Health,19227_Tagesordnungspunkt_16_SPD_Mueller_ID1922708600_06.05.2021.csv
22,Und laut Auskunft der Deutschen Krankenhausgesellschaft sind die Ambulanzen außerhalb der Hochschulen mit den Kassenärztlichen Vereinigungen bereits im Gespräch über die Finanzierungsfragen.,Health,0,Health,Health,Health,19227_Tagesordnungspunkt_16_SPD_Mueller_ID1922708600_06.05.2021.csv
23,"Gleichwohl: Man muss die Situation sorgfältig im Auge behalten, genau prüfen, wo möglicherweise Nachregelungsbedarf in Struktur- und Finanzierungsfragen besteht, wie sich die Fallzahlen und die Dauer der Behandlungen entwickeln, welche Therapiemöglichkeiten sich als geeignet erweisen und wo es zu Verdrängungsprozessen – das ist auch ein ganz wichtiger Punkt – zulasten anderer Patienten in den Ambulanzen kommt.",Health,0,Health,Health,Health,19227_Tagesordnungspunkt_16_SPD_Mueller_ID1922708600_06.05.2021.csv
24,Hier ist neben der Politik vor allem auch die Selbstverwaltung gefragt.,Health,0,Health,Health,Health,19227_Tagesordnungspunkt_16_SPD_Mueller_ID1922708600_06.05.2021.csv
25,"Der G‑BA muss Vorgaben machen, die medizinischen Fachgesellschaften müssen Leitlinien für die Behandlung weiterentwickeln, und hier muss auch die Forschung ihren Beitrag leisten.",Health,0,Health,Health,Health,19227_Tagesordnungspunkt_16_SPD_Mueller_ID1922708600_06.05.2021.csv
26,"Überall ist man hier, aus meiner Sicht, wirklich auf einem guten Weg.",Health,0,Health,Health,Health,19227_Tagesordnungspunkt_16_SPD_Mueller_ID1922708600_06.05.2021.csv
27,"Die FDP hat zu ihrem Antrag eine Anhörung vor dem Gesundheitsausschuss anberaumt, die für Anfang Juni angesetzt ist.",Health,0,Health,Health,Health,19227_Tagesordnungspunkt_16_SPD_Mueller_ID1922708600_06.05.2021.csv
28,"Ob ihre Vorschläge, wie zum Beispiel die Schaffung eines neuen § 116c SGB V, tatsächlich geeignet sind, die Versorgung von Long-Covid-Patientinnen und ‑Patienten zu verbessern, das werden wir dann im Austausch mit den relevanten Akteuren und eingeladenen Sachverständigen sicher klären können.",Health,0,Health,Health,Health,19227_Tagesordnungspunkt_16_SPD_Mueller_ID1922708600_06.05.2021.csv
29,Ich danke Ihnen allen für die Aufmerksamkeit.,*,0,Health,Health,Health,19227_Tagesordnungspunkt_16_SPD_Mueller_ID1922708600_06.05.2021.csv
30,"Vielen Dank, Kollegin Müller. – Das Wort geht an die Fraktion Die Linke mit Dr.",*,0,Health,Health,Health,19227_Tagesordnungspunkt_16_SPD_Mueller_ID1922708600_06.05.2021.csv
31,Achim Kessler.,*,0,Health,Health,Health,19227_Tagesordnungspunkt_16_SPD_Mueller_ID1922708600_06.05.2021.csv
