,text,label_gold,segment_id,label_bert,label_parlbert,label_svm,speech_id
0,Sehr geehrter Herr Präsident!,*,0,Social,Social,Civil,19224_Tagesordnungspunkt_11_AfD_Huber_ID1922401100_22.04.2021.csv
1,Meine Damen und Herren!,*,0,Social,Social,Civil,19224_Tagesordnungspunkt_11_AfD_Huber_ID1922401100_22.04.2021.csv
2,"Die Bundesregierung legt uns einen Gesetzentwurf vor, der sich für uns wie ein Flickenteppich durch das SGB VIII zieht.",Social Welfare,0,Social,Social,Civil,19224_Tagesordnungspunkt_11_AfD_Huber_ID1922401100_22.04.2021.csv
3,"Sie springen von der Senkung der Kostenbeteiligung von Kindern und Jugendlichen an ihrer eigenen stationären Unterbringung über die Stärkung sogenannter Selbstvertretungen von Leistungsberechtigten und die Implementierung eines Verfahrenslotsen, der das von Ihnen verursachte Chaos in der Übergangszeit für Betroffene erträglicher machen soll, bis hin zu Ihrem Lieblingsthema Inklusion.",Social Welfare,0,Social,Social,Civil,19224_Tagesordnungspunkt_11_AfD_Huber_ID1922401100_22.04.2021.csv
4,"Zwar sind in dem Gesetz Aspekte vorhanden, die auch wir begrüßen, wie etwa die verbesserten, weil unangekündigten Kontrollen von Einrichtungen der Kinder- und Jugendhilfe; aber in der Summe kann man bilanzieren, dass Sie sich noch stärker auf den Inhalt statt auf einen schönen Namen des Gesetzes hätten konzentrieren sollen.",Social Welfare,0,Social,Social,Civil,19224_Tagesordnungspunkt_11_AfD_Huber_ID1922401100_22.04.2021.csv
5,"Natürlich sind Selbstvertretungen ein ganz entscheidender Baustein, wenn es darum geht, Fehler und Mängel im System zu erkennen.",Social Welfare,0,Social,Social,Civil,19224_Tagesordnungspunkt_11_AfD_Huber_ID1922401100_22.04.2021.csv
6,"So haben wir vor Kurzem in der Kinderkommission durch den Vorsitzenden des Landesheimrates Hessen erfahren müssen, dass fremduntergebrachte Kinder und Jugendliche oftmals keinen ausreichenden WLAN-Zugang haben, um in dem von Ihnen verhängten Distanzunterricht überhaupt bestehen zu können; von den Geräten selbst wollen wir gar nicht erst sprechen.",Social Welfare,0,Social,Social,Civil,19224_Tagesordnungspunkt_11_AfD_Huber_ID1922401100_22.04.2021.csv
7,Aber es sollten dann auch echte Selbstvertretungen sein.,Social Welfare,0,Social,Social,Civil,19224_Tagesordnungspunkt_11_AfD_Huber_ID1922401100_22.04.2021.csv
8,"So empfinden wir es als wenig hilfreich, dass Sie jenen ehrenamtlich Tätige in der Kinder- und Jugendhilfe beistellen.",Social Welfare,0,Social,Social,Civil,19224_Tagesordnungspunkt_11_AfD_Huber_ID1922401100_22.04.2021.csv
9,"Hierbei entsteht für uns der schale Eindruck, dass Sie letztlich eine gefilterte Meinung hören wollen, die von diesen Aufpassern kontrolliert wird.",Social Welfare,0,Social,Social,Civil,19224_Tagesordnungspunkt_11_AfD_Huber_ID1922401100_22.04.2021.csv
10,"Auch die von Ihnen eingeführten Vertrauenspersonen bergen die Gefahr, dass sie die Missstände eher decken als aufdecken, was ich in der ersten Lesung schon ausgeführt habe.",Social Welfare,0,Social,Social,Civil,19224_Tagesordnungspunkt_11_AfD_Huber_ID1922401100_22.04.2021.csv
11,Ähnlich inkonsequent verhalten Sie sich auch bei der Senkung der Kostenbeteiligung von Kindern und Jugendlichen in vollstationären Maßnahmen.,Social Welfare,0,Social,Social,Civil,19224_Tagesordnungspunkt_11_AfD_Huber_ID1922401100_22.04.2021.csv
12,"Zwar haben Sie endlich erkannt, dass es skandalös ist, das Vermögen oder das durch harte Arbeit in Minijobs aufgebesserte Taschengeld für die Mitfinanzierung der Einrichtungen einzuziehen; aber anstatt diesen Missstand endlich aus der Welt zu schaffen, möchten Sie auch in Zukunft noch 25 Prozent der Einnahmen heranziehen.",Social Welfare,0,Social,Social,Civil,19224_Tagesordnungspunkt_11_AfD_Huber_ID1922401100_22.04.2021.csv
13,"Wie demotivierend muss es für einen jungen Menschen sein, der unter schwierigsten Umständen aufwächst, wenn für seine ersten Schritte in ein selbstbestimmtes Leben auch noch eine Gebühr erhoben wird – eine Gebühr für eine Maßnahme, die er sich nicht selber ausgesucht hat, sondern die vielmehr Ausdruck von dessen misslicher Lage ist.",Social Welfare,0,Social,Social,Civil,19224_Tagesordnungspunkt_11_AfD_Huber_ID1922401100_22.04.2021.csv
14,"Verabschieden Sie sich also von dieser Sondersteuer, und geben Sie diesen jungen Leuten die Luft zum Atmen;
denn damit würden Sie ihnen vermitteln, dass sie im Leben etwas erreichen können, und bestrafen Sie sie bitte nicht für die Umstände, in denen sie leben müssen.",Social Welfare,0,Social,Social,Civil,19224_Tagesordnungspunkt_11_AfD_Huber_ID1922401100_22.04.2021.csv
15,"Geben Sie auch jungen Menschen eine Chance, die aufgrund einer schweren Behinderung einen besonders holprigen Start in das Leben hatten.",Social Welfare,0,Social,Social,Civil,19224_Tagesordnungspunkt_11_AfD_Huber_ID1922401100_22.04.2021.csv
16,Ihr ewiges Märchen von der undifferenzierten Inklusion scheitert nämlich an der harten Realität.,Social Welfare,0,Social,Social,Civil,19224_Tagesordnungspunkt_11_AfD_Huber_ID1922401100_22.04.2021.csv
17,"Sie erreichen nichts, wenn Sie nicht auf die Bedürfnisse der Einzelnen eingehen und diese in den Mittelpunkt stellen, sondern diese Menschen in generalisierte Projekte stecken.",Social Welfare,0,Social,Social,Civil,19224_Tagesordnungspunkt_11_AfD_Huber_ID1922401100_22.04.2021.csv
18,"Sie erreichen auch nichts, wenn Sie jedem Betroffenen jetzt einen Betreuer zur Seite stellen; denn erstens wissen Sie selbst, dass Sie nicht ausreichend Personal haben, und zweitens sind diese Leute auch nicht in dem Umfang qualifiziert wie echte Spezialisten, die tagtäglich mit diesen Fällen zu tun haben.",Social Welfare,0,Social,Social,Civil,19224_Tagesordnungspunkt_11_AfD_Huber_ID1922401100_22.04.2021.csv
19,Sie rauben daher einer ganzen Generation junger Menschen mit schwerer Behinderung die Chance auf ein wirklich selbstbestimmtes Leben und stellen Ihre Ideologie leider über deren Zukunft.,Social Welfare,0,Social,Social,Civil,19224_Tagesordnungspunkt_11_AfD_Huber_ID1922401100_22.04.2021.csv
20,"Aus diesem Grund können wir Ihrem Gesetzentwurf heute nicht zustimmen; denn dafür hätten Sie ein Kinder- und Jugendstärkungsgesetz vorlegen müssen, dessen Inhalt auch hält, was der Name verspricht.",Social Welfare,0,Social,Social,Civil,19224_Tagesordnungspunkt_11_AfD_Huber_ID1922401100_22.04.2021.csv
21,Vielen Dank.,*,0,Social,Social,Civil,19224_Tagesordnungspunkt_11_AfD_Huber_ID1922401100_22.04.2021.csv
22,"Jetzt erhält das Wort der Kollege Marcus Weinberg, CDU/CSU.",*,0,Social,Social,Civil,19224_Tagesordnungspunkt_11_AfD_Huber_ID1922401100_22.04.2021.csv
