,text,label_gold,segment_id,label_bert,label_parlbert,label_svm,speech_id
0,Sehr geehrter Herr Präsident!,*,0,Social,Government,Defense,19224_Tagesordnungspunkt_11_FDP_Foest_ID1922401300_22.04.2021.csv
1,Werte Kolleginnen und Kollegen!,*,0,Social,Government,Defense,19224_Tagesordnungspunkt_11_FDP_Foest_ID1922401300_22.04.2021.csv
2,"Was ist das für ein Signal, das Sie von der GroKo hier senden?",Social Welfare,0,Social,Government,Defense,19224_Tagesordnungspunkt_11_FDP_Foest_ID1922401300_22.04.2021.csv
3,"Damit meine ich nicht, dass sich Kollege Weinberg so sehr über seinen Anzug freut, sondern dass Sie eine 30‑minütige Debatte über die größte Reform des SGB VIII ansetzen. 30 Minuten Debatte über die Reform des SGB VIII!",Social Welfare,0,Social,Government,Defense,19224_Tagesordnungspunkt_11_FDP_Foest_ID1922401300_22.04.2021.csv
4,Erst am Donnerstagabend kamen 108 Seiten Änderungsanträge der GroKo.,Social Welfare,0,Social,Government,Defense,19224_Tagesordnungspunkt_11_FDP_Foest_ID1922401300_22.04.2021.csv
5,Jetzt wird das hier durchgepeitscht.,Social Welfare,0,Social,Government,Defense,19224_Tagesordnungspunkt_11_FDP_Foest_ID1922401300_22.04.2021.csv
6,"Das wird dem Thema nicht gerecht, und es zeigt wieder mal, wie CDU/CSU und SPD die Debatten im Deutschen Bundestag wertschätzen.",Social Welfare,0,Social,Government,Defense,19224_Tagesordnungspunkt_11_FDP_Foest_ID1922401300_22.04.2021.csv
7,"Werte Kolleginnen und Kollegen, verstehen Sie mich nicht falsch: Vieles an diesem Gesetzentwurf ist inhaltlich gut.",Social Welfare,0,Social,Government,Defense,19224_Tagesordnungspunkt_11_FDP_Foest_ID1922401300_22.04.2021.csv
8,Aber gut reicht manchmal einfach nicht aus.,Social Welfare,0,Social,Government,Defense,19224_Tagesordnungspunkt_11_FDP_Foest_ID1922401300_22.04.2021.csv
9,"Herr Kollege, gestatten Sie eine Zwischenfrage?",*,0,Social,Government,Defense,19224_Tagesordnungspunkt_11_FDP_Foest_ID1922401300_22.04.2021.csv
10,"Ja, gern.",*,1,Civil,Social,Social,19224_Tagesordnungspunkt_11_FDP_Foest_ID1922401300_22.04.2021.csv
11,"Bitte, Frau Kollegin.",*,1,Civil,Social,Social,19224_Tagesordnungspunkt_11_FDP_Foest_ID1922401300_22.04.2021.csv
12,"Bei den Mund-Nasen-Bedeckungen ist es so schwer, alle Kolleginnen und Kollegen zu erkennen.",*,1,Civil,Social,Social,19224_Tagesordnungspunkt_11_FDP_Foest_ID1922401300_22.04.2021.csv
13,Sie haben das Wort zu einer Zwischenfrage.,*,1,Civil,Social,Social,19224_Tagesordnungspunkt_11_FDP_Foest_ID1922401300_22.04.2021.csv
14,"Sehr geehrter Herr Präsident, vielen Dank.",*,1,Civil,Social,Social,19224_Tagesordnungspunkt_11_FDP_Foest_ID1922401300_22.04.2021.csv
15,"Mein Name ist Heike Baehrens. – Herr Kollege Föst, vielen Dank, dass Sie die Zwischenfrage zulassen.",*,1,Civil,Social,Social,19224_Tagesordnungspunkt_11_FDP_Foest_ID1922401300_22.04.2021.csv
16,"Sie haben gerade die Koalitionsfraktionen dafür kritisiert, dass wir für ein so gewichtiges Thema nur eine 30-Minuten-Debatte haben.",Health,1,Civil,Social,Social,19224_Tagesordnungspunkt_11_FDP_Foest_ID1922401300_22.04.2021.csv
17,"Darum möchte ich Sie gerne fragen, was Sie davon halten, dass die FDP-Fraktion für die heutige Kernzeit eine einstündige Debatte zum Thema „Digitaler Impfpass“ angesetzt hat.",Health,1,Civil,Social,Social,19224_Tagesordnungspunkt_11_FDP_Foest_ID1922401300_22.04.2021.csv
18,"Wir fragen uns, warum man für ein solches Thema, wo doch bereits der europäische Impfpass auf dem Weg ist, eine einstündige Debatte in der Kernzeit ansetzt.",Health,1,Civil,Social,Social,19224_Tagesordnungspunkt_11_FDP_Foest_ID1922401300_22.04.2021.csv
19,"Sehr geehrte Frau Kollegin, jetzt bin ich konsterniert.",Health,1,Civil,Social,Social,19224_Tagesordnungspunkt_11_FDP_Foest_ID1922401300_22.04.2021.csv
20,"Ich habe gedacht, Sie erklären mir jetzt, dass Sie das alles super gemacht haben bei dem Kinder- und Jugendstärkungsgesetz,
was de facto ja falsch ist.",Health,1,Civil,Social,Social,19224_Tagesordnungspunkt_11_FDP_Foest_ID1922401300_22.04.2021.csv
21,"Aber Sie werfen uns jetzt vor, dass wir eine Debatte aufsetzen, die die Menschen da draußen bewegt, genauso wie diese Debatte die Menschen bewegt.",Health,1,Civil,Social,Social,19224_Tagesordnungspunkt_11_FDP_Foest_ID1922401300_22.04.2021.csv
22,"Fällt Ihnen das nicht auf, sehr geehrte SPD und CDU/CSU, dass wir im Kampf gegen Corona anfangen, die Menschen zu verlieren?",Health,1,Civil,Social,Social,19224_Tagesordnungspunkt_11_FDP_Foest_ID1922401300_22.04.2021.csv
23,"Und wenn wir die Menschen im Kampf gegen Corona verlieren, verlieren wir den Kampf gegen Corona.",Health,1,Civil,Social,Social,19224_Tagesordnungspunkt_11_FDP_Foest_ID1922401300_22.04.2021.csv
24,"Jetzt ich bin ich echt konsterniert: Uns vorzuwerfen, dass wir das, was Millionen Geimpfter, übrigens auch schon Millionen Genesener umtreibt, zur Debatte im Deutschen Bundestag machen!",Health,1,Civil,Social,Social,19224_Tagesordnungspunkt_11_FDP_Foest_ID1922401300_22.04.2021.csv
25,"Da war ich jetzt konsterniert, überrascht, und ich teile Ihre Meinung in keiner Weise.",Health,1,Civil,Social,Social,19224_Tagesordnungspunkt_11_FDP_Foest_ID1922401300_22.04.2021.csv
26,Genau solche Themen müssen wir hier diskutieren.,Health,1,Civil,Social,Social,19224_Tagesordnungspunkt_11_FDP_Foest_ID1922401300_22.04.2021.csv
27,Aber kommen wir zum Gesetzentwurf zurück.,Social Welfare,1,Civil,Social,Social,19224_Tagesordnungspunkt_11_FDP_Foest_ID1922401300_22.04.2021.csv
28,"Inhaltlich gut, aber gut reicht manchmal halt nicht aus.",Social Welfare,1,Civil,Social,Social,19224_Tagesordnungspunkt_11_FDP_Foest_ID1922401300_22.04.2021.csv
29,"Wir können ja davon ausgehen, dass es nach dieser Reform Jahre, wenn nicht sogar Jahrzehnte dauern wird, bis wir wieder darüber reden.",Social Welfare,1,Civil,Social,Social,19224_Tagesordnungspunkt_11_FDP_Foest_ID1922401300_22.04.2021.csv
30,"Deswegen wäre es uns von der FDP lieber, dass wir es statt gut exzellent machen.",Social Welfare,1,Civil,Social,Social,19224_Tagesordnungspunkt_11_FDP_Foest_ID1922401300_22.04.2021.csv
31,Es geht hier um viele Menschen.,Social Welfare,1,Civil,Social,Social,19224_Tagesordnungspunkt_11_FDP_Foest_ID1922401300_22.04.2021.csv
32,"Es geht um viele Menschen, die in diesem Bereich arbeiten.",Social Welfare,1,Civil,Social,Social,19224_Tagesordnungspunkt_11_FDP_Foest_ID1922401300_22.04.2021.csv
33,"Es geht vor allen Dingen aber um Kinder, Jugendliche und Familien.",Social Welfare,1,Civil,Social,Social,19224_Tagesordnungspunkt_11_FDP_Foest_ID1922401300_22.04.2021.csv
34,"Da müssen wir insbesondere bei Änderungen beim Kinder- und Jugendschutz genau hinterfragen: Erreicht man das, was man in der Theorie will, auch in der Praxis?",Social Welfare,1,Civil,Social,Social,19224_Tagesordnungspunkt_11_FDP_Foest_ID1922401300_22.04.2021.csv
35,"Einiges ist gut, aber es sind auch richtige Böcke drin – denn gut gemeint ist nicht gleich gut gemacht.",Social Welfare,1,Civil,Social,Social,19224_Tagesordnungspunkt_11_FDP_Foest_ID1922401300_22.04.2021.csv
36,Wir haben einige Änderungsanträge eingebracht.,Social Welfare,1,Civil,Social,Social,19224_Tagesordnungspunkt_11_FDP_Foest_ID1922401300_22.04.2021.csv
37,"Wir wollen, dass diese Reform nicht nur gut, sondern exzellent wird.",Social Welfare,1,Civil,Social,Social,19224_Tagesordnungspunkt_11_FDP_Foest_ID1922401300_22.04.2021.csv
38,Ich kann aufgrund dieser Turbodebatte nicht auf alle Änderungsanträge eingehen.,Social Welfare,1,Civil,Social,Social,19224_Tagesordnungspunkt_11_FDP_Foest_ID1922401300_22.04.2021.csv
39,"Deswegen erwähne ich die Sachen, die uns am wichtigsten sind.",Social Welfare,1,Civil,Social,Social,19224_Tagesordnungspunkt_11_FDP_Foest_ID1922401300_22.04.2021.csv
40,Erstens: der Hilfeplan des Jugendamtes.,Social Welfare,1,Civil,Social,Social,19224_Tagesordnungspunkt_11_FDP_Foest_ID1922401300_22.04.2021.csv
41,"Bewährt und geschätzt in der Praxis, basierend auf Vertrauen.",Social Welfare,1,Civil,Social,Social,19224_Tagesordnungspunkt_11_FDP_Foest_ID1922401300_22.04.2021.csv
42,"Wenn dieser Hilfeplan jetzt an das Familiengericht weitergegeben werden kann, dann wird seine Wirkung in der Praxis nachlassen, dann wird das Vertrauen in diesen Hilfeplan ausgehöhlt.",Social Welfare,1,Civil,Social,Social,19224_Tagesordnungspunkt_11_FDP_Foest_ID1922401300_22.04.2021.csv
43,Zweitens: Ombudsstellen als Baustein im KJSG.,Social Welfare,1,Civil,Social,Social,19224_Tagesordnungspunkt_11_FDP_Foest_ID1922401300_22.04.2021.csv
44,"Die Beteiligung von jungen Menschen, Eltern und Familien zu verbessern, ist ein sehr, sehr gutes Ziel.",Social Welfare,1,Civil,Social,Social,19224_Tagesordnungspunkt_11_FDP_Foest_ID1922401300_22.04.2021.csv
45,Aber diese Ombudsstellen müssen auch wirklich unabhängig und dezentral organisiert sein.,Social Welfare,1,Civil,Social,Social,19224_Tagesordnungspunkt_11_FDP_Foest_ID1922401300_22.04.2021.csv
46,"Unserer Meinung nach darf eine Ombudsstelle niemals am Jugendamt angesiedelt sein, nicht mal im gleichen Gebäude sein.",Social Welfare,1,Civil,Social,Social,19224_Tagesordnungspunkt_11_FDP_Foest_ID1922401300_22.04.2021.csv
47,Drittens: Modellregionen und ‑projekte.,Social Welfare,1,Civil,Social,Social,19224_Tagesordnungspunkt_11_FDP_Foest_ID1922401300_22.04.2021.csv
48,"Die inklusive Umsetzung der Kinder- und Jugendhilfe ist absolut richtig – großes Ziel der SGB‑VIII-Reform, absolut richtig.",Social Welfare,1,Civil,Social,Social,19224_Tagesordnungspunkt_11_FDP_Foest_ID1922401300_22.04.2021.csv
49,"Aber sie ist komplex, weil zwei unterschiedliche Systematiken zusammengeführt werden.",Social Welfare,1,Civil,Social,Social,19224_Tagesordnungspunkt_11_FDP_Foest_ID1922401300_22.04.2021.csv
50,Warum warten wir bis 2024 bzw. bis 2028?,Social Welfare,1,Civil,Social,Social,19224_Tagesordnungspunkt_11_FDP_Foest_ID1922401300_22.04.2021.csv
51,"Es gibt genügend Kommunen und Träger, die jetzt schon Ideen und Pläne in der Schublade haben, die jetzt schon gern starten würden.",Social Welfare,1,Civil,Social,Social,19224_Tagesordnungspunkt_11_FDP_Foest_ID1922401300_22.04.2021.csv
52,"Geben wir ihnen doch die Möglichkeit, mit Modellregionen und Modellprojekten bei der flächendeckenden Einführung voranzugehen!",Social Welfare,1,Civil,Social,Social,19224_Tagesordnungspunkt_11_FDP_Foest_ID1922401300_22.04.2021.csv
53,"Diese Praxiserfahrung wird uns dann sehr, sehr helfen.",Social Welfare,1,Civil,Social,Social,19224_Tagesordnungspunkt_11_FDP_Foest_ID1922401300_22.04.2021.csv
54,"Liebe Kollegen, gut gemeint ist nicht immer gut gemacht.",Social Welfare,1,Civil,Social,Social,19224_Tagesordnungspunkt_11_FDP_Foest_ID1922401300_22.04.2021.csv
55,Wir wollen aus gut exzellent werden lassen.,Social Welfare,1,Civil,Social,Social,19224_Tagesordnungspunkt_11_FDP_Foest_ID1922401300_22.04.2021.csv
56,Stimmen Sie unseren Änderungsanträgen zu!,Social Welfare,1,Civil,Social,Social,19224_Tagesordnungspunkt_11_FDP_Foest_ID1922401300_22.04.2021.csv
57,Die Kinder- und Jugendhilfe hat es verdient.,Social Welfare,1,Civil,Social,Social,19224_Tagesordnungspunkt_11_FDP_Foest_ID1922401300_22.04.2021.csv
58,Vielen Dank.,*,1,Civil,Social,Social,19224_Tagesordnungspunkt_11_FDP_Foest_ID1922401300_22.04.2021.csv
59,"Nächster Redner ist der Kollege Norbert Müller, Die Linke.",*,1,Civil,Social,Social,19224_Tagesordnungspunkt_11_FDP_Foest_ID1922401300_22.04.2021.csv
