,text,label_gold,segment_id,label_bert,label_parlbert,label_svm,speech_id
0,Frau Präsidentin!,*,0,Labor,Health,Civil,19227_Tagesordnungspunkt_16_LINKE_Kessler_ID1922708700_06.05.2021.csv
1,Sehr geehrte Damen und Herren!,*,0,Labor,Health,Civil,19227_Tagesordnungspunkt_16_LINKE_Kessler_ID1922708700_06.05.2021.csv
2,Viele Menschen sind in der Coronapandemie durch ihren Beruf einem besonders hohen Infektionsrisiko ausgesetzt.,Labor,0,Labor,Health,Civil,19227_Tagesordnungspunkt_16_LINKE_Kessler_ID1922708700_06.05.2021.csv
3,"Ich muss Ihnen sagen: Ich finde es schon bemerkenswert, dass Sie von den Regierungsfraktionen diese Personen, dass Sie unseren Antrag mit keiner Silbe erwähnen; offensichtlich ist Ihnen das Schicksal dieser Menschen egal.",Labor,0,Labor,Health,Civil,19227_Tagesordnungspunkt_16_LINKE_Kessler_ID1922708700_06.05.2021.csv
4,"Zu diesen Menschen gehören Pflegerinnen und Pfleger, Sozialarbeiterinnen und Sozialarbeiter, Busfahrerinnen und Busfahrer, Fabrikarbeiterinnen und Fabrikarbeiter, Lehrerinnen und Lehrer, um nur einige Beispiele zu nennen.",Labor,0,Labor,Health,Civil,19227_Tagesordnungspunkt_16_LINKE_Kessler_ID1922708700_06.05.2021.csv
5,Sie halten mit einem hohen persönlichen Risiko für uns alle das gesellschaftliche Leben am Laufen.,Labor,0,Labor,Health,Civil,19227_Tagesordnungspunkt_16_LINKE_Kessler_ID1922708700_06.05.2021.csv
6,Die Linke sagt allen diesen Menschen: Danke für Ihren Einsatz und für Ihr Engagement!,Labor,0,Labor,Health,Civil,19227_Tagesordnungspunkt_16_LINKE_Kessler_ID1922708700_06.05.2021.csv
7,"Aber, meine Damen und Herren, das reicht nicht.",Labor,0,Labor,Health,Civil,19227_Tagesordnungspunkt_16_LINKE_Kessler_ID1922708700_06.05.2021.csv
8,Beim Dank allein darf es nicht bleiben.,Labor,0,Labor,Health,Civil,19227_Tagesordnungspunkt_16_LINKE_Kessler_ID1922708700_06.05.2021.csv
9,"Wir sind verpflichtet, sie vor Ansteckung zu schützen und für den Fall einer Krankheit auch abzusichern.",Labor,0,Labor,Health,Civil,19227_Tagesordnungspunkt_16_LINKE_Kessler_ID1922708700_06.05.2021.csv
10,"Ich fordere Sie auf: Sorgen Sie endlich für verbindliche, gesetzlich geregelte Schutzmaßnahmen am Arbeitsplatz.",Labor,0,Labor,Health,Civil,19227_Tagesordnungspunkt_16_LINKE_Kessler_ID1922708700_06.05.2021.csv
11,Und vor allem: Setzen Sie diese Maßnahmen dann auch mit wirksamen Kontrollen durch.,Labor,0,Labor,Health,Civil,19227_Tagesordnungspunkt_16_LINKE_Kessler_ID1922708700_06.05.2021.csv
12,"Es darf doch nicht sein, dass diese oft schlecht bezahlten Beschäftigten das volle Gesundheitsrisiko tragen, während die Manager und die Anteilseigner in Einzelbüro und Homeoffice die Gewinne einstreichen.",Labor,0,Labor,Health,Civil,19227_Tagesordnungspunkt_16_LINKE_Kessler_ID1922708700_06.05.2021.csv
13,"Und ich fordere Sie auf: Sorgen Sie endlich dafür, dass Covid-19 für alle Berufe als Berufskrankheit anerkannt wird.",Labor,0,Labor,Health,Civil,19227_Tagesordnungspunkt_16_LINKE_Kessler_ID1922708700_06.05.2021.csv
14,"Es ist gut, dass Covid-19 bei den Kolleginnen und Kollegen im Gesundheitswesen und in der Wohlfahrtspflege als Berufskrankheit anerkannt ist.",Labor,0,Labor,Health,Civil,19227_Tagesordnungspunkt_16_LINKE_Kessler_ID1922708700_06.05.2021.csv
15,Aber was ist mit den anderen?,Labor,0,Labor,Health,Civil,19227_Tagesordnungspunkt_16_LINKE_Kessler_ID1922708700_06.05.2021.csv
16,"Was ist mit den Busfahrerinnen und Busfahrern, den Lehrerinnen und Lehrern, den Fabrikarbeiterinnen und Fabrikarbeitern?",Labor,0,Labor,Health,Civil,19227_Tagesordnungspunkt_16_LINKE_Kessler_ID1922708700_06.05.2021.csv
17,"Meine Damen und Herren, auch sie verdienen die bestmögliche Absicherung.",Labor,0,Labor,Health,Civil,19227_Tagesordnungspunkt_16_LINKE_Kessler_ID1922708700_06.05.2021.csv
18,"Die Anerkennung als Berufskrankheit ist notwendig, damit Betroffene bei Langzeitfolgen die Leistungen der Berufsgenossenschaften erhalten.",Health,0,Labor,Health,Civil,19227_Tagesordnungspunkt_16_LINKE_Kessler_ID1922708700_06.05.2021.csv
19,Die gehen nämlich weit über die Leistungen der Krankenkassen hinaus und beinhalten beispielsweise auch Entschädigungsrenten.,Health,0,Labor,Health,Civil,19227_Tagesordnungspunkt_16_LINKE_Kessler_ID1922708700_06.05.2021.csv
20,"Inzwischen haben sich 3,5 Millionen Menschen in Deutschland nachweislich mit dem Coronavirus infiziert.",Health,0,Labor,Health,Civil,19227_Tagesordnungspunkt_16_LINKE_Kessler_ID1922708700_06.05.2021.csv
21,In Wahrheit werden es wahrscheinlich noch viel mehr sein.,Health,0,Labor,Health,Civil,19227_Tagesordnungspunkt_16_LINKE_Kessler_ID1922708700_06.05.2021.csv
22,Jede zehnte dieser Personen leidet inzwischen an Langzeitfolgen der Erkrankung.,Health,0,Labor,Health,Civil,19227_Tagesordnungspunkt_16_LINKE_Kessler_ID1922708700_06.05.2021.csv
23,"Wir fordern die Bundesregierung auf, ein umfassendes Programm zur Erforschung der Krankheit, ihrer Langzeitfolgen und der Behandlungsmöglichkeiten aufzulegen.",Health,0,Labor,Health,Civil,19227_Tagesordnungspunkt_16_LINKE_Kessler_ID1922708700_06.05.2021.csv
24,Die US-Regierung hat dazu ein Programm mit einem Volumen von 1 Milliarde Dollar aufgelegt.,Health,0,Labor,Health,Civil,19227_Tagesordnungspunkt_16_LINKE_Kessler_ID1922708700_06.05.2021.csv
25,Warum ist das in Deutschland nicht möglich?,Health,0,Labor,Health,Civil,19227_Tagesordnungspunkt_16_LINKE_Kessler_ID1922708700_06.05.2021.csv
26,Alle Betroffenen müssen gut und umfassend versorgt werden.,Health,0,Labor,Health,Civil,19227_Tagesordnungspunkt_16_LINKE_Kessler_ID1922708700_06.05.2021.csv
27,"Ich fordere deshalb die Bundesregierung auf, schnell zusätzliche Kapazitäten zur Behandlung von Patientinnen und Patienten mit Long Covid zu schaffen.",Health,0,Labor,Health,Civil,19227_Tagesordnungspunkt_16_LINKE_Kessler_ID1922708700_06.05.2021.csv
28,"Dazu gehören spezialisierte Rehakliniken und Long-Covid-Ambulanzen; denn die ersten Rehakliniken melden schon jetzt, dass sie an ihrer Kapazitätsgrenze sind.",Health,0,Labor,Health,Civil,19227_Tagesordnungspunkt_16_LINKE_Kessler_ID1922708700_06.05.2021.csv
29,Kommen Sie bitte zum Ende.,Health,0,Labor,Health,Civil,19227_Tagesordnungspunkt_16_LINKE_Kessler_ID1922708700_06.05.2021.csv
30,"Ich finde es wirklich schade, dass Sie unsere Vorschläge wieder zurückweisen.",Health,0,Labor,Health,Civil,19227_Tagesordnungspunkt_16_LINKE_Kessler_ID1922708700_06.05.2021.csv
31,Vielleicht greifen Sie sie in einem halben Jahr auf.,Health,0,Labor,Health,Civil,19227_Tagesordnungspunkt_16_LINKE_Kessler_ID1922708700_06.05.2021.csv
32,Aber eigentlich müsste dieses Auf-Sicht-Fahren der Bundesregierung jetzt endlich ein Ende haben.,Health,0,Labor,Health,Civil,19227_Tagesordnungspunkt_16_LINKE_Kessler_ID1922708700_06.05.2021.csv
33,"Ich fordere Sie auf: Handeln Sie, und warten Sie nicht wieder, bis es zu spät ist.",Health,0,Labor,Health,Civil,19227_Tagesordnungspunkt_16_LINKE_Kessler_ID1922708700_06.05.2021.csv
34,Vielen Dank.,*,0,Labor,Health,Civil,19227_Tagesordnungspunkt_16_LINKE_Kessler_ID1922708700_06.05.2021.csv
35,Danke. – Das Wort geht an Maria Klein-Schmeink von der Fraktion Bündnis 90/Die Grünen.,*,0,Labor,Health,Civil,19227_Tagesordnungspunkt_16_LINKE_Kessler_ID1922708700_06.05.2021.csv
