,text,label_gold,segment_id,label_bert,label_parlbert,label_svm,speech_id
0,Sehr geehrter Herr Präsident!,*,0,Social,Social,Law,19224_Tagesordnungspunkt_11_CDU_CSU_Schoen_ID1922401700_22.04.2021.csv
1,Liebe Kolleginnen und Kollegen!,*,0,Social,Social,Law,19224_Tagesordnungspunkt_11_CDU_CSU_Schoen_ID1922401700_22.04.2021.csv
2,"Wie schade, dass dieses Gesetzesvorhaben in der Öffentlichkeit bisher nicht mehr Aufmerksamkeit erfahren hat.",Law and Crime,0,Social,Social,Law,19224_Tagesordnungspunkt_11_CDU_CSU_Schoen_ID1922401700_22.04.2021.csv
3,"Denn mit dieser Reform heute verändern wir das Leben von vielen, vielen Kindern und Jugendlichen in unserem Land.",Law and Crime,0,Social,Social,Law,19224_Tagesordnungspunkt_11_CDU_CSU_Schoen_ID1922401700_22.04.2021.csv
4,"Deshalb war es auch so wichtig, dass wir uns ganz intensiv mit diesem Gesetzentwurf beschäftigt haben.",Law and Crime,0,Social,Social,Law,19224_Tagesordnungspunkt_11_CDU_CSU_Schoen_ID1922401700_22.04.2021.csv
5,"In meiner letzten Rede hatte ich mich bereits beim Ministerium bedankt, das den von uns eingeforderten ausführlichen Prozess wirklich gut umgesetzt hat.",Law and Crime,0,Social,Social,Law,19224_Tagesordnungspunkt_11_CDU_CSU_Schoen_ID1922401700_22.04.2021.csv
6,"Aber auch wir im Parlament haben uns wochenlang in vielen Gesprächen, Anhörungen, Berichterstattergesprächen und natürlich auch in Gesprächen vor Ort intensiv mit der nicht ganz unkomplexen Materie auseinandergesetzt.",Law and Crime,0,Social,Social,Law,19224_Tagesordnungspunkt_11_CDU_CSU_Schoen_ID1922401700_22.04.2021.csv
7,"Ich finde, das Ergebnis kann sich wirklich sehen lassen.",Law and Crime,0,Social,Social,Law,19224_Tagesordnungspunkt_11_CDU_CSU_Schoen_ID1922401700_22.04.2021.csv
8,Deshalb zwei Worte an die Vorredner.,Law and Crime,0,Social,Social,Law,19224_Tagesordnungspunkt_11_CDU_CSU_Schoen_ID1922401700_22.04.2021.csv
9,"Kollege Müller, wenn der ASD in Berlin schlecht ausgestattet ist,
dann liegt die Verantwortung in Berlin und nicht bei uns im Bundestag.",Law and Crime,0,Social,Social,Law,19224_Tagesordnungspunkt_11_CDU_CSU_Schoen_ID1922401700_22.04.2021.csv
10,"Deshalb empfehle ich, dass Sie sich bei Ihren Kollegen in Berlin dafür einsetzen, dass auch dort der ASD besser ausgestattet wird.",Law and Crime,0,Social,Social,Law,19224_Tagesordnungspunkt_11_CDU_CSU_Schoen_ID1922401700_22.04.2021.csv
11,"Sie sagen jetzt, das sei in allen Ländern so.",Law and Crime,0,Social,Social,Law,19224_Tagesordnungspunkt_11_CDU_CSU_Schoen_ID1922401700_22.04.2021.csv
12,Dazu sage ich Ihnen: In Berlin ist es besonders schlecht.,Law and Crime,0,Social,Social,Law,19224_Tagesordnungspunkt_11_CDU_CSU_Schoen_ID1922401700_22.04.2021.csv
13,"Mir gehen an diesem Morgen viele Bilder durch den Kopf, viele Begegnungen der letzten Jahre, wo ich immer wieder festgestellt habe: Da haben wir Probleme im System der Jugendhilfe, da passt was nicht zusammen, da gibt es Schnittschnellen, die besser aufeinander abgestimmt sein müssten.",Law and Crime,0,Social,Social,Law,19224_Tagesordnungspunkt_11_CDU_CSU_Schoen_ID1922401700_22.04.2021.csv
14,"Ich bin wirklich stolz, dass wir heute mit diesem Gesetz viele dieser Probleme lösen.",Law and Crime,0,Social,Social,Law,19224_Tagesordnungspunkt_11_CDU_CSU_Schoen_ID1922401700_22.04.2021.csv
15,"Es gibt zum Beispiel das Projekt „OASE“ aus meiner Heimat, aus St.",Law and Crime,0,Social,Social,Law,19224_Tagesordnungspunkt_11_CDU_CSU_Schoen_ID1922401700_22.04.2021.csv
16,Wendel; dies ist ein Projekt der Caritas.,Law and Crime,0,Social,Social,Law,19224_Tagesordnungspunkt_11_CDU_CSU_Schoen_ID1922401700_22.04.2021.csv
17,Dieses Projekt kümmert sich seit Jahren um Kinder psychisch kranker Eltern.,Law and Crime,0,Social,Social,Law,19224_Tagesordnungspunkt_11_CDU_CSU_Schoen_ID1922401700_22.04.2021.csv
18,Bisher lief das alles ehrenamtlich.,Law and Crime,0,Social,Social,Law,19224_Tagesordnungspunkt_11_CDU_CSU_Schoen_ID1922401700_22.04.2021.csv
19,"Durch Spenden und durch sehr viel Aufwand wurde eine Struktur aufgebaut, mit der man gerade diese Kinder unterstützen konnte.",Law and Crime,0,Social,Social,Law,19224_Tagesordnungspunkt_11_CDU_CSU_Schoen_ID1922401700_22.04.2021.csv
20,"Denn die Eltern sind in psychologischer Behandlung oder auch in ärztlicher Behandlung, aber die Kinder fallen bisher durchs Raster.",Law and Crime,0,Social,Social,Law,19224_Tagesordnungspunkt_11_CDU_CSU_Schoen_ID1922401700_22.04.2021.csv
21,Sie stellen sich die Fragen: Warum steht der Papa morgens nicht auf?,Law and Crime,0,Social,Social,Law,19224_Tagesordnungspunkt_11_CDU_CSU_Schoen_ID1922401700_22.04.2021.csv
22,Warum ist die Mama so aggressiv?,Law and Crime,0,Social,Social,Law,19224_Tagesordnungspunkt_11_CDU_CSU_Schoen_ID1922401700_22.04.2021.csv
23,Wie ist das mit dem Alkohol?,Law and Crime,0,Social,Social,Law,19224_Tagesordnungspunkt_11_CDU_CSU_Schoen_ID1922401700_22.04.2021.csv
24,Warum sind die manchmal so komisch?,Law and Crime,0,Social,Social,Law,19224_Tagesordnungspunkt_11_CDU_CSU_Schoen_ID1922401700_22.04.2021.csv
25,Und: Was hat das mit mir zu tun?,Law and Crime,0,Social,Social,Law,19224_Tagesordnungspunkt_11_CDU_CSU_Schoen_ID1922401700_22.04.2021.csv
26,Bin ich vielleicht schuld?,Law and Crime,0,Social,Social,Law,19224_Tagesordnungspunkt_11_CDU_CSU_Schoen_ID1922401700_22.04.2021.csv
27,"Diesen Kindern zu helfen, ihnen Gesprächsangebote zu machen, ihnen Gruppenangebote zu machen, wo sie sich austauschen können, auch ein Setting zu haben, wo sich die Ärzte miteinander unterhalten können, ist wichtig.",Law and Crime,0,Social,Social,Law,19224_Tagesordnungspunkt_11_CDU_CSU_Schoen_ID1922401700_22.04.2021.csv
28,Das gab es bisher nicht; das alles musste ehrenamtlich gestemmt werden.,Law and Crime,0,Social,Social,Law,19224_Tagesordnungspunkt_11_CDU_CSU_Schoen_ID1922401700_22.04.2021.csv
29,Wir als Unionsfraktion haben uns dafür eingesetzt.,Law and Crime,0,Social,Social,Law,19224_Tagesordnungspunkt_11_CDU_CSU_Schoen_ID1922401700_22.04.2021.csv
30,"Ich will besonders Marcus Weinberg und Paul Lehrieder nennen, die an vorderster Front und zusammen mit den anderen Familienpolitikern diesen Prozess in der letzten Legislaturperiode gestartet haben, auch aufgrund solcher Erfahrungen, wie ich sie bei mir vor Ort gemacht habe.",Law and Crime,0,Social,Social,Law,19224_Tagesordnungspunkt_11_CDU_CSU_Schoen_ID1922401700_22.04.2021.csv
31,Heute haben wir die Lösung.,Law and Crime,0,Social,Social,Law,19224_Tagesordnungspunkt_11_CDU_CSU_Schoen_ID1922401700_22.04.2021.csv
32,"Heute bieten wir gerade für diese Zielgruppe eine passgenaue Lösung an mit Unterstützung, Beratung, ehrenamtlichen Angeboten und Paten.",Law and Crime,0,Social,Social,Law,19224_Tagesordnungspunkt_11_CDU_CSU_Schoen_ID1922401700_22.04.2021.csv
33,Das wird gerade für diese Kinder ganz viel ändern.,Law and Crime,0,Social,Social,Law,19224_Tagesordnungspunkt_11_CDU_CSU_Schoen_ID1922401700_22.04.2021.csv
34,"Ich denke an die vielen Gespräche mit den Pflegeeltern, die, finde ich, eine wahnsinnig tolle Aufgabe erfüllen, nämlich Kindern eine Heimat zu geben.",Law and Crime,0,Social,Social,Law,19224_Tagesordnungspunkt_11_CDU_CSU_Schoen_ID1922401700_22.04.2021.csv
35,Sie sagen: Wir machen das gerne.,Law and Crime,0,Social,Social,Law,19224_Tagesordnungspunkt_11_CDU_CSU_Schoen_ID1922401700_22.04.2021.csv
36,Wir machen das mit Herzblut und geben sehr viel Zeit und Liebe für diese Kinder in unseren Familien.,Law and Crime,0,Social,Social,Law,19224_Tagesordnungspunkt_11_CDU_CSU_Schoen_ID1922401700_22.04.2021.csv
37,Wir haben aber auch Probleme.,Law and Crime,0,Social,Social,Law,19224_Tagesordnungspunkt_11_CDU_CSU_Schoen_ID1922401700_22.04.2021.csv
38,Wir leben in einem permanenten Zustand der Unsicherheit.,Law and Crime,0,Social,Social,Law,19224_Tagesordnungspunkt_11_CDU_CSU_Schoen_ID1922401700_22.04.2021.csv
39,Wir haben oft zu wenig Unterstützung durchs Jugendamt.,Law and Crime,0,Social,Social,Law,19224_Tagesordnungspunkt_11_CDU_CSU_Schoen_ID1922401700_22.04.2021.csv
40,"Wir hängen in der Luft, wenn Kinder erwachsen werden; dann gibt es einen harten Bruch, und das wollen wir eigentlich nicht.",Law and Crime,0,Social,Social,Law,19224_Tagesordnungspunkt_11_CDU_CSU_Schoen_ID1922401700_22.04.2021.csv
41,"Wir wollen sie ins Erwachsenenleben begleiten, bis sie wirklich selbstständig sind.",Law and Crime,0,Social,Social,Law,19224_Tagesordnungspunkt_11_CDU_CSU_Schoen_ID1922401700_22.04.2021.csv
42,Auch hier setzen wir mit diesem Gesetz an.,Law and Crime,0,Social,Social,Law,19224_Tagesordnungspunkt_11_CDU_CSU_Schoen_ID1922401700_22.04.2021.csv
43,Wir nehmen die Careleaver in den Blick und ermöglichen Angebote auch über die Volljährigkeit hinaus.,Law and Crime,0,Social,Social,Law,19224_Tagesordnungspunkt_11_CDU_CSU_Schoen_ID1922401700_22.04.2021.csv
44,"Wir schaffen es, dass diese Familien besser unterstützt werden.",Law and Crime,0,Social,Social,Law,19224_Tagesordnungspunkt_11_CDU_CSU_Schoen_ID1922401700_22.04.2021.csv
45,"Und die Kinder werden in Zukunft nicht mehr 75 Prozent ihres Einkommens abgeben müssen, sondern sie werden 75 Prozent behalten können.",Law and Crime,0,Social,Social,Law,19224_Tagesordnungspunkt_11_CDU_CSU_Schoen_ID1922401700_22.04.2021.csv
46,Einkommen aus Ferienjobs und ehrenamtlicher Arbeit können sie komplett behalten; und das ist auch gut so.,Law and Crime,0,Social,Social,Law,19224_Tagesordnungspunkt_11_CDU_CSU_Schoen_ID1922401700_22.04.2021.csv
47,"Wir nehmen die Familien in den Blick, wo die Kinder in Heimen oder in der Pflegefamilie sind, es aber eigentlich eine gute emotionale Bindung der Eltern zu diesen Kindern gibt.",Law and Crime,0,Social,Social,Law,19224_Tagesordnungspunkt_11_CDU_CSU_Schoen_ID1922401700_22.04.2021.csv
48,"Diese sagen oft: Wir werden zu wenig unterstützt. – Künftig können diese Eltern auch Hilfen zur Erziehung bekommen, wenn die Kinder fremduntergebracht sind.",Law and Crime,0,Social,Social,Law,19224_Tagesordnungspunkt_11_CDU_CSU_Schoen_ID1922401700_22.04.2021.csv
49,"Das ist wichtig; denn viele Kinder wollen zurück zu ihren leiblichen Eltern, und viele leibliche Eltern wollen die Kinder wieder zurückholen und suchen nach Unterstützung, nach Hilfe, um ihre Erziehungskompetenz zu stärken.",Law and Crime,0,Social,Social,Law,19224_Tagesordnungspunkt_11_CDU_CSU_Schoen_ID1922401700_22.04.2021.csv
50,Auch das ermöglichen wir mit diesem Gesetz.,Law and Crime,0,Social,Social,Law,19224_Tagesordnungspunkt_11_CDU_CSU_Schoen_ID1922401700_22.04.2021.csv
51,Die behinderten Kinder nehmen wir mit der inklusiven Lösung in den Blick.,Law and Crime,0,Social,Social,Law,19224_Tagesordnungspunkt_11_CDU_CSU_Schoen_ID1922401700_22.04.2021.csv
52,Wir stärken die Beteiligung.,Law and Crime,0,Social,Social,Law,19224_Tagesordnungspunkt_11_CDU_CSU_Schoen_ID1922401700_22.04.2021.csv
53,"Und – mein Herzensthema – bei sexuellem Missbrauch schaffen wir es, dass künftig der Austausch zwischen den ganzen Fachkräften, zwischen Ärzten und dem Jugendamt besser wird, damit Kinder ganzheitlich in den Blick genommen werden und damit wir Missbrauch und Gewalt vorbeugen können.",Law and Crime,0,Social,Social,Law,19224_Tagesordnungspunkt_11_CDU_CSU_Schoen_ID1922401700_22.04.2021.csv
54,Auch das ist ein Meilenstein.,Law and Crime,0,Social,Social,Law,19224_Tagesordnungspunkt_11_CDU_CSU_Schoen_ID1922401700_22.04.2021.csv
55,Deshalb: Herzlichen Dank für dieses gute Gesetz!,Law and Crime,0,Social,Social,Law,19224_Tagesordnungspunkt_11_CDU_CSU_Schoen_ID1922401700_22.04.2021.csv
56,Damit schließe ich die Aussprache.,*,0,Social,Social,Law,19224_Tagesordnungspunkt_11_CDU_CSU_Schoen_ID1922401700_22.04.2021.csv
