,text,label_gold,segment_id,label_bert,label_parlbert,label_svm,speech_id
0,Frau Präsidentin!,*,0,Domestic,Agriculture,Agriculture,19227_Tagesordnungspunkt_33_CDU_CSU_Straubinger_ID1922712600_06.05.2021.csv
1,Werte Kolleginnen und Kollegen!,*,0,Domestic,Agriculture,Agriculture,19227_Tagesordnungspunkt_33_CDU_CSU_Straubinger_ID1922712600_06.05.2021.csv
2,"Am Ende dieser Debatte zum Agrarmarktstrukturgesetz ist festzustellen, dass wir hier vor allen Dingen zwei Dinge zusammenbringen wollen: auf der einen Seite die Stärkung der Produzenten, nämlich unserer Bäuerinnen und Bauern, deren Arbeit ja die Grundlage dafür ist, dass wir als Verbraucherinnen und Verbraucher uns freuen können, dass wir großartige und gesunde Lebensmittel in hervorragender Qualität bekommen können.",Agriculture,0,Domestic,Agriculture,Agriculture,19227_Tagesordnungspunkt_33_CDU_CSU_Straubinger_ID1922712600_06.05.2021.csv
3,"Auf der anderen Seite geht es um den Handel, der in starkem Wettbewerb steht und den Verbrauchern günstige Angebote unterbreitet.",Agriculture,0,Domestic,Agriculture,Agriculture,19227_Tagesordnungspunkt_33_CDU_CSU_Straubinger_ID1922712600_06.05.2021.csv
4,Das ist immer eine große Herausforderung für alle Marktteilnehmer.,Agriculture,0,Domestic,Agriculture,Agriculture,19227_Tagesordnungspunkt_33_CDU_CSU_Straubinger_ID1922712600_06.05.2021.csv
5,"Vor allen Dingen muss das alles auch in partnerschaftlicher Hinsicht gestaltet werden, und dafür legen wir mit diesem Gesetz die Grundlage.",Agriculture,0,Domestic,Agriculture,Agriculture,19227_Tagesordnungspunkt_33_CDU_CSU_Straubinger_ID1922712600_06.05.2021.csv
6,Partnerschaft zieht jeder für sich selbst heran; das ist völlig klar.,Agriculture,0,Domestic,Agriculture,Agriculture,19227_Tagesordnungspunkt_33_CDU_CSU_Straubinger_ID1922712600_06.05.2021.csv
7,"Jeder glaubt, dass er die besten Grundlagen geschaffen hat.",Agriculture,0,Domestic,Agriculture,Agriculture,19227_Tagesordnungspunkt_33_CDU_CSU_Straubinger_ID1922712600_06.05.2021.csv
8,"Trotzdem müssen wir feststellen, dass es in der Vergangenheit auch sehr unlautere Praktiken gab, einfach ob der Handelsmacht der einzelnen Akteure.",Agriculture,0,Domestic,Agriculture,Agriculture,19227_Tagesordnungspunkt_33_CDU_CSU_Straubinger_ID1922712600_06.05.2021.csv
9,"Die Kollegin Gitta Connemann, Albert Stegemann und auch andere Redner haben bereits auf die Handelsmacht unserer vier großen Player hingewiesen.",Agriculture,0,Domestic,Agriculture,Agriculture,19227_Tagesordnungspunkt_33_CDU_CSU_Straubinger_ID1922712600_06.05.2021.csv
10,Sie repräsentieren 85 Prozent des gesamten Handels in Deutschland.,Agriculture,0,Domestic,Agriculture,Agriculture,19227_Tagesordnungspunkt_33_CDU_CSU_Straubinger_ID1922712600_06.05.2021.csv
11,Aber das ist nicht genug.,Agriculture,0,Domestic,Agriculture,Agriculture,19227_Tagesordnungspunkt_33_CDU_CSU_Straubinger_ID1922712600_06.05.2021.csv
12,"Sie haben sich auch in europäischen Einkaufsverbünden zusammengeschlossen, die noch eine weit größere Handelsmacht darstellen.",Agriculture,0,Domestic,Agriculture,Agriculture,19227_Tagesordnungspunkt_33_CDU_CSU_Straubinger_ID1922712600_06.05.2021.csv
13,Von einer Handelsmacht mit einem Volumen von 160 bis über 200 Milliarden Euro wird hier gesprochen.,Agriculture,0,Domestic,Agriculture,Agriculture,19227_Tagesordnungspunkt_33_CDU_CSU_Straubinger_ID1922712600_06.05.2021.csv
14,"Deshalb bedeutet das Ganze auch, in dieser Situation ein gewisses Gleichgewicht herbeizuführen, und dazu trägt dieses Gesetz bei.",Agriculture,0,Domestic,Agriculture,Agriculture,19227_Tagesordnungspunkt_33_CDU_CSU_Straubinger_ID1922712600_06.05.2021.csv
15,"Ich bin überzeugt, dass es Wirkung hat.",Agriculture,0,Domestic,Agriculture,Agriculture,19227_Tagesordnungspunkt_33_CDU_CSU_Straubinger_ID1922712600_06.05.2021.csv
16,"Auf der einen Seite geht es darum, weiterhin Lebensmittel in guter Qualität zu haben.",Agriculture,0,Domestic,Agriculture,Agriculture,19227_Tagesordnungspunkt_33_CDU_CSU_Straubinger_ID1922712600_06.05.2021.csv
17,"Es geht auf der anderen Seite aber auch darum, dass unsere Produzenten, die Bäuerinnen und Bauern, vom Verkauf ihrer Produkte zu diesen Preisen leben können.",Agriculture,0,Domestic,Agriculture,Agriculture,19227_Tagesordnungspunkt_33_CDU_CSU_Straubinger_ID1922712600_06.05.2021.csv
18,"Das ist hier entscheidend, und deshalb wenden wir uns gegen diese unlauteren Handelspraktiken.",Agriculture,0,Domestic,Agriculture,Agriculture,19227_Tagesordnungspunkt_33_CDU_CSU_Straubinger_ID1922712600_06.05.2021.csv
19,Kollege Saathoff hat gerade manche genannt.,Agriculture,0,Domestic,Agriculture,Agriculture,19227_Tagesordnungspunkt_33_CDU_CSU_Straubinger_ID1922712600_06.05.2021.csv
20,"Ich kann noch eine hinzufügen, weil mir die besonders ins Auge gestochen ist, nämlich die Hochzeitsprämie.",Agriculture,0,Domestic,Agriculture,Agriculture,19227_Tagesordnungspunkt_33_CDU_CSU_Straubinger_ID1922712600_06.05.2021.csv
21,"Wenn eine große Handelsmarke 50 Läden übernehmen wird, dann sollen angeblich Hochzeitsprämien zu zahlen sein.",Agriculture,0,Domestic,Agriculture,Agriculture,19227_Tagesordnungspunkt_33_CDU_CSU_Straubinger_ID1922712600_06.05.2021.csv
22,"Das heißt, die Lieferanten zahlen letztendlich für die Übernahme.",Agriculture,0,Domestic,Agriculture,Agriculture,19227_Tagesordnungspunkt_33_CDU_CSU_Straubinger_ID1922712600_06.05.2021.csv
23,Das kann nicht richtig sein; das muss man auch mit sehen.,Agriculture,0,Domestic,Agriculture,Agriculture,19227_Tagesordnungspunkt_33_CDU_CSU_Straubinger_ID1922712600_06.05.2021.csv
24,"Deshalb bin ich dankbar, dass wir mit diesem Gesetz all diese Praktiken verhindern, auf der einen Seite zugunsten der Bäuerinnen und Bauern in unserem Land, gleichzeitig aber auch für die Verbraucherinnen und Verbraucher in unserem Land, damit sie weiterhin hervorragende, günstige, aber qualitätshaltige Lebensmittel haben werden.",Agriculture,0,Domestic,Agriculture,Agriculture,19227_Tagesordnungspunkt_33_CDU_CSU_Straubinger_ID1922712600_06.05.2021.csv
25,In diesem Sinne bitte ich um Zustimmung.,Agriculture,0,Domestic,Agriculture,Agriculture,19227_Tagesordnungspunkt_33_CDU_CSU_Straubinger_ID1922712600_06.05.2021.csv
26,Herzlichen Dank für die Aufmerksamkeit.,*,0,Domestic,Agriculture,Agriculture,19227_Tagesordnungspunkt_33_CDU_CSU_Straubinger_ID1922712600_06.05.2021.csv
