,text,label_gold,segment_id,label_bert,label_parlbert,label_svm,speech_id
0,Sehr geehrte Frau Präsidentin!,*,0,Health,Health,Health,19227_Tagesordnungspunkt_16_CDU_CSU_Albani_ID1922708400_06.05.2021.csv
1,Liebe Kolleginnen und Kollegen!,*,0,Health,Health,Health,19227_Tagesordnungspunkt_16_CDU_CSU_Albani_ID1922708400_06.05.2021.csv
2,"Ich bin den Oppositionsfraktionen für die beiden Anträge sehr dankbar, durch die wir diese Debatte nutzen können, um auch über die Langzeitfolgen einer Covid‑19-Erkrankung zu reden.",Health,0,Health,Health,Health,19227_Tagesordnungspunkt_16_CDU_CSU_Albani_ID1922708400_06.05.2021.csv
3,"Ja, nach Angaben der amerikanischen Seuchenschutzbehörde CDC treten als Langzeitsymptome der Covid‑19-Erkrankung am häufigsten folgende Symptome auf: Fatigue – das heißt Müdigkeit –, schnelle Erschöpfung, Luftnot, Husten, Gelenkschmerzen, Thoraxschmerzen, also Schmerzen des oberen Brustkorbes, Konzentrationsprobleme, Depressionen, Muskelschmerzen, Kopfschmerzen, rezidivierendes Fieber und Palpitationen, was Herzklopfen, Herzstolpern und dergleichen mehr bedeutet.",Health,0,Health,Health,Health,19227_Tagesordnungspunkt_16_CDU_CSU_Albani_ID1922708400_06.05.2021.csv
4,"Sie sehen an dieser großen Auswahl: Wer das hat, der weiß, was er hat.",Health,0,Health,Health,Health,19227_Tagesordnungspunkt_16_CDU_CSU_Albani_ID1922708400_06.05.2021.csv
5,Das ist sehr unangenehm.,Health,0,Health,Health,Health,19227_Tagesordnungspunkt_16_CDU_CSU_Albani_ID1922708400_06.05.2021.csv
6,"Aber zugleich wird deutlich: Es ist eine große Heterogenität, was die Fragen der Zuordnung, des richtigen Umganges und der Behandlung sehr schwierig zu beantworten macht.",Health,0,Health,Health,Health,19227_Tagesordnungspunkt_16_CDU_CSU_Albani_ID1922708400_06.05.2021.csv
7,"Diese Symptome treten, wie meine Vorrednerin schon gesagt hat, erst nach zwölf Wochen auf, teilweise auch erst nach sechs Monaten.",Health,0,Health,Health,Health,19227_Tagesordnungspunkt_16_CDU_CSU_Albani_ID1922708400_06.05.2021.csv
8,"Es kann also teilweise sehr lange dauern, bis dies auftritt.",Health,0,Health,Health,Health,19227_Tagesordnungspunkt_16_CDU_CSU_Albani_ID1922708400_06.05.2021.csv
9,"Und ja, in der derzeitigen Situation beschäftigen sich die Berichterstattungen, beschäftigen wir uns im Rahmen der öffentlichen Diskussion über die Pandemie mit Inzidenzen, R‑Werten, Infektionszahlen, Auslastungen.",Health,0,Health,Health,Health,19227_Tagesordnungspunkt_16_CDU_CSU_Albani_ID1922708400_06.05.2021.csv
10,"Wir beklagen über 84 000 Tote in der Pandemie – Menschen, die wir verloren haben.",Health,0,Health,Health,Health,19227_Tagesordnungspunkt_16_CDU_CSU_Albani_ID1922708400_06.05.2021.csv
11,Diese Verluste können wir nicht wiedergutmachen.,Health,0,Health,Health,Health,19227_Tagesordnungspunkt_16_CDU_CSU_Albani_ID1922708400_06.05.2021.csv
12,Gegen alle anderen Folgen der Pandemie können und müssen wir aktiv arbeiten.,Health,0,Health,Health,Health,19227_Tagesordnungspunkt_16_CDU_CSU_Albani_ID1922708400_06.05.2021.csv
13,"Das tun unzählige Menschen jeden Tag, und zwar nicht nur, wie hier häufig erwähnt, in den Altenheimen, Krankenhäusern, Intensivstationen, Impfzentren, Hausarztpraxen – in der letzten Zeit sehr intensiv –, sondern halt auch in den Rehaeinrichtungen.",Health,0,Health,Health,Health,19227_Tagesordnungspunkt_16_CDU_CSU_Albani_ID1922708400_06.05.2021.csv
14,"Und es gibt bereits – da möchte ich Sie korrigieren – erste Spezialeinrichtungen, Spezialsprechstunden, gerade an Universitätskrankenhäusern, zum Beispiel in München.",Health,0,Health,Health,Health,19227_Tagesordnungspunkt_16_CDU_CSU_Albani_ID1922708400_06.05.2021.csv
15,Da gibt es also schon einiges.,Health,0,Health,Health,Health,19227_Tagesordnungspunkt_16_CDU_CSU_Albani_ID1922708400_06.05.2021.csv
16,Ich danke auch den Menschen in diesem Bereich; denn sie werden mitunter vergessen.,Health,0,Health,Health,Health,19227_Tagesordnungspunkt_16_CDU_CSU_Albani_ID1922708400_06.05.2021.csv
17,"Wir lernen täglich über die Pandemie hinzu, und im Lichte neuer Erkenntnisse verschärfen wir auch die Anstrengungen.",Health,0,Health,Health,Health,19227_Tagesordnungspunkt_16_CDU_CSU_Albani_ID1922708400_06.05.2021.csv
18,"Als Forschungspolitiker möchte ich daher sagen: Die Anträge der Opposition sind deutlich hinter dem zurück, was wir derzeit bereits auf den Weg gebracht haben – 150 Millionen Euro für den Aufbau eines Forschungsnetzwerkes, um die Forschungsaktivitäten der gesamten Universitätskliniken rund um die Bewältigung der Covid‑19-Pandemie zu unterstützen.",Health,0,Health,Health,Health,19227_Tagesordnungspunkt_16_CDU_CSU_Albani_ID1922708400_06.05.2021.csv
19,"Da geht es auch genau um die Datensammlung, von der Sie sprachen und die derzeit – weil wir versuchen, solche Fälle zu verhindern – erst in begrenztem Maße vorliegt.",Health,0,Health,Health,Health,19227_Tagesordnungspunkt_16_CDU_CSU_Albani_ID1922708400_06.05.2021.csv
20,"Aber die entsprechenden Daten zu sammeln, ist auf den Weg gebracht.",Health,0,Health,Health,Health,19227_Tagesordnungspunkt_16_CDU_CSU_Albani_ID1922708400_06.05.2021.csv
21,"Hier geht es darum, konkrete Erfahrungen aus der Behandlung von Coronapatienten so schnell wie möglich auszutauschen.",Health,0,Health,Health,Health,19227_Tagesordnungspunkt_16_CDU_CSU_Albani_ID1922708400_06.05.2021.csv
22,"Denn das ist natürlich notwendig, um entsprechende Maßnahmen dagegen zu entwickeln. 50 Millionen Euro wurden für ein neues Förderprogramm zur Unterstützung der Entwicklung von Therapeutika und klinische Studien bereitgestellt, fast 1 Milliarde Euro für die Forschung im Bereich der Impfstoffe.",Health,0,Health,Health,Health,19227_Tagesordnungspunkt_16_CDU_CSU_Albani_ID1922708400_06.05.2021.csv
23,"Insofern möchte ich die Behauptung, dass hier – auch im Bereich des Danach – nichts getan würde, entschieden zurückweisen.",Health,0,Health,Health,Health,19227_Tagesordnungspunkt_16_CDU_CSU_Albani_ID1922708400_06.05.2021.csv
24,Hier haben wir viel auf den Weg gebracht.,Health,0,Health,Health,Health,19227_Tagesordnungspunkt_16_CDU_CSU_Albani_ID1922708400_06.05.2021.csv
25,Auch im Rahmen des Gesundheitsforschungsprogramms der Bundesregierung haben wir für Corona ein entsprechendes Rahmenprogramm für die Erforschung körperlicher und psychosozialer Folgen von Covid-19 auf den Weg gebracht.,Health,0,Health,Health,Health,19227_Tagesordnungspunkt_16_CDU_CSU_Albani_ID1922708400_06.05.2021.csv
26,Wir stärken die entsprechenden Strukturen der Medizininformatik-Initiative und der DZG.,Health,0,Health,Health,Health,19227_Tagesordnungspunkt_16_CDU_CSU_Albani_ID1922708400_06.05.2021.csv
27,"Die Ministerin Karliczek hat einen Vorschlag unterbreitet, wie auf europäischer Ebene im Rahmen der Pandemiebewältigung das Danach gestaltet werden soll, hier durch die Einrichtung einer europäischen Agentur für Krisenvorsorge und die Schaffung derartiger Strukturen.",Health,0,Health,Health,Health,19227_Tagesordnungspunkt_16_CDU_CSU_Albani_ID1922708400_06.05.2021.csv
28,Hier ist also einiges zusammen mit Experten auf den Weg gebracht.,Health,0,Health,Health,Health,19227_Tagesordnungspunkt_16_CDU_CSU_Albani_ID1922708400_06.05.2021.csv
29,"Das zeigt, dass die Anträge der Opposition in Bezug auf die Forschung zu der Erkrankung zu spät und leider in einigen Bereichen viel zu früh kommen.",Health,0,Health,Health,Health,19227_Tagesordnungspunkt_16_CDU_CSU_Albani_ID1922708400_06.05.2021.csv
30,"Das heißt, die Wissenschaft lernt über die Erkrankung täglich dazu.",Health,0,Health,Health,Health,19227_Tagesordnungspunkt_16_CDU_CSU_Albani_ID1922708400_06.05.2021.csv
31,Aber nach Vorstellung der FDP sollten schon heute Behandlungszentren eingerichtet werden.,Health,0,Health,Health,Health,19227_Tagesordnungspunkt_16_CDU_CSU_Albani_ID1922708400_06.05.2021.csv
32,"Als eine ansonsten so staatsskeptische Partei fordern Sie schon wieder eine Struktur, der die Wissensgrundlage momentan noch fehlt.",Health,0,Health,Health,Health,19227_Tagesordnungspunkt_16_CDU_CSU_Albani_ID1922708400_06.05.2021.csv
33,Kommen Sie bitte zum Ende.,*,0,Health,Health,Health,19227_Tagesordnungspunkt_16_CDU_CSU_Albani_ID1922708400_06.05.2021.csv
34,Insofern müssen wir sagen: Mit diesen Anträgen wollen FDP und Linke schlauer sein als die Wissenschaft.,Health,0,Health,Health,Health,19227_Tagesordnungspunkt_16_CDU_CSU_Albani_ID1922708400_06.05.2021.csv
35,Bitte nehmen Sie es mir nicht übel: Sie sind es nicht.,Health,0,Health,Health,Health,19227_Tagesordnungspunkt_16_CDU_CSU_Albani_ID1922708400_06.05.2021.csv
36,Herzlichen Dank.,*,0,Health,Health,Health,19227_Tagesordnungspunkt_16_CDU_CSU_Albani_ID1922708400_06.05.2021.csv
37,Vielen Dank. – Das Wort geht an Dr.,*,0,Health,Health,Health,19227_Tagesordnungspunkt_16_CDU_CSU_Albani_ID1922708400_06.05.2021.csv
38,Robby Schlund von der AfD-Fraktion.,*,0,Health,Health,Health,19227_Tagesordnungspunkt_16_CDU_CSU_Albani_ID1922708400_06.05.2021.csv
