,text,label_gold,segment_id,label_bert,label_parlbert,label_svm,speech_id
0,Herr Präsident!,*,0,Law,Social,International,19224_Tagesordnungspunkt_11_GRUENE_Deligoez_ID1922401500_22.04.2021.csv
1,Liebe Kolleginnen und Kollegen!,*,0,Law,Social,International,19224_Tagesordnungspunkt_11_GRUENE_Deligoez_ID1922401500_22.04.2021.csv
2,"Die Zielrichtung dieses Gesetzes ist meines Erachtens gut, vieles ist überfällig, und deshalb werden wir Grünen diesem Gesetzentwurf zustimmen.",Law and Crime,0,Law,Social,International,19224_Tagesordnungspunkt_11_GRUENE_Deligoez_ID1922401500_22.04.2021.csv
3,Damit möchte ich auch anfangen.,Law and Crime,0,Law,Social,International,19224_Tagesordnungspunkt_11_GRUENE_Deligoez_ID1922401500_22.04.2021.csv
4,"Wir haben in unserem Entschließungsantrag noch mal wesentliche Aspekte gewürdigt, die wirklich gut sind: Beratung, Beteiligung, Kinderschutz, Prävention, Inklusion, die Situation der Pflegekinder.",Law and Crime,0,Law,Social,International,19224_Tagesordnungspunkt_11_GRUENE_Deligoez_ID1922401500_22.04.2021.csv
5,"Das teilen wir, das unterstützen wir, dahinter stehen wir.",Law and Crime,0,Law,Social,International,19224_Tagesordnungspunkt_11_GRUENE_Deligoez_ID1922401500_22.04.2021.csv
6,"Aber es gibt auch unzureichende Punkte, und die müssen hier auch mal benannt werden.",Law and Crime,0,Law,Social,International,19224_Tagesordnungspunkt_11_GRUENE_Deligoez_ID1922401500_22.04.2021.csv
7,"Das Erstaunliche ist ja, liebe Kolleginnen und Kollegen: Die Koalition weiß das selber.",Law and Crime,0,Law,Social,International,19224_Tagesordnungspunkt_11_GRUENE_Deligoez_ID1922401500_22.04.2021.csv
8,"Denn zum ersten Mal erlebe ich, dass die Koalition zum eigenen Gesetzentwurf selbst einen Entschließungsantrag vorlegt, in dem die Defizite aufgezeigt werden.",Law and Crime,0,Law,Social,International,19224_Tagesordnungspunkt_11_GRUENE_Deligoez_ID1922401500_22.04.2021.csv
9,"Das heißt, Sie glauben ja selber nicht, dass das, was Sie heute hier vorlegen, der große Aufbruch ist.",Law and Crime,0,Law,Social,International,19224_Tagesordnungspunkt_11_GRUENE_Deligoez_ID1922401500_22.04.2021.csv
10,Das bedauere ich sehr; denn das sollte es nämlich sein.,Law and Crime,0,Law,Social,International,19224_Tagesordnungspunkt_11_GRUENE_Deligoez_ID1922401500_22.04.2021.csv
11,"Die Weichen haben Sie gestellt; aber die Arbeit, die wir zu erledigen haben, beginnt erst jetzt.",Law and Crime,0,Law,Social,International,19224_Tagesordnungspunkt_11_GRUENE_Deligoez_ID1922401500_22.04.2021.csv
12,Die Hausaufgaben werden hier festgestellt.,Law and Crime,0,Law,Social,International,19224_Tagesordnungspunkt_11_GRUENE_Deligoez_ID1922401500_22.04.2021.csv
13,"Sie machen Politik mit angezogener Handbremse an einer Stelle, wo wir eigentlich ein Signal des gesellschaftlichen Aufbruchs brauchen würden.",Law and Crime,0,Law,Social,International,19224_Tagesordnungspunkt_11_GRUENE_Deligoez_ID1922401500_22.04.2021.csv
14,Ich will Ihnen das an ein paar Beispielen vorführen.,Law and Crime,0,Law,Social,International,19224_Tagesordnungspunkt_11_GRUENE_Deligoez_ID1922401500_22.04.2021.csv
15,"Sie erschweren zum Beispiel die Arbeit im Inklusionsbereich, weil Sie von vornherein einen Leistungsdeckel festschreiben.",Law and Crime,0,Law,Social,International,19224_Tagesordnungspunkt_11_GRUENE_Deligoez_ID1922401500_22.04.2021.csv
16,Es soll sich was verändern; es soll aber nichts kosten.,Law and Crime,0,Law,Social,International,19224_Tagesordnungspunkt_11_GRUENE_Deligoez_ID1922401500_22.04.2021.csv
17,"Das funktioniert so leider nicht;
denn wenn wir Dinge verändern, müssen wir davon ausgehen, dass wir manchmal auch Geld dafür ausgeben müssen.",Law and Crime,0,Law,Social,International,19224_Tagesordnungspunkt_11_GRUENE_Deligoez_ID1922401500_22.04.2021.csv
18,Mir fehlt auch die Experimentierklausel.,Law and Crime,0,Law,Social,International,19224_Tagesordnungspunkt_11_GRUENE_Deligoez_ID1922401500_22.04.2021.csv
19,"Der Vorschlag kam ja von uns Grünen; wir werden es im Bundesrat noch mal bringen; denn gerade die Bundesländer, die Regionen, die vorausschreiten wollen, sollen es auch machen können.",Law and Crime,0,Law,Social,International,19224_Tagesordnungspunkt_11_GRUENE_Deligoez_ID1922401500_22.04.2021.csv
20,Nur so gelingt uns doch der Wandel.,Law and Crime,0,Law,Social,International,19224_Tagesordnungspunkt_11_GRUENE_Deligoez_ID1922401500_22.04.2021.csv
21,Beim Kinderschutz verzichten Sie auf weitergehende Kooperationsregelungen.,Law and Crime,0,Law,Social,International,19224_Tagesordnungspunkt_11_GRUENE_Deligoez_ID1922401500_22.04.2021.csv
22,Warum eigentlich?,Law and Crime,0,Law,Social,International,19224_Tagesordnungspunkt_11_GRUENE_Deligoez_ID1922401500_22.04.2021.csv
23,Danach wird schon länger gerufen.,Law and Crime,0,Law,Social,International,19224_Tagesordnungspunkt_11_GRUENE_Deligoez_ID1922401500_22.04.2021.csv
24,"Kinderschutzarbeit im Gesundheitsbereich muss auch adäquat entlohnt, finanziert werden, damit sie nicht ehrenamtlich oder für lau ist, sondern ein Teil des Schutzbereichs.",Law and Crime,0,Law,Social,International,19224_Tagesordnungspunkt_11_GRUENE_Deligoez_ID1922401500_22.04.2021.csv
25,Misslungen ist Ihnen komplett der Bereich Meldebefugnisnorm im KKG.,Law and Crime,0,Law,Social,International,19224_Tagesordnungspunkt_11_GRUENE_Deligoez_ID1922401500_22.04.2021.csv
26,Da haben die Expertinnen und Experten alle gleichermaßen gerufen.,Law and Crime,0,Law,Social,International,19224_Tagesordnungspunkt_11_GRUENE_Deligoez_ID1922401500_22.04.2021.csv
27,"Sie waren aber resistent gegenüber der Annahme jeglichen Rates, den uns die Expertinnen und Experten mit auf den Weg gegeben haben.",Law and Crime,0,Law,Social,International,19224_Tagesordnungspunkt_11_GRUENE_Deligoez_ID1922401500_22.04.2021.csv
28,"Bei der Kostenheranziehung von Pflege- und Heimkindern hätte ich mir schon gewünscht, dass Sie endlich mal über Ihren Schatten springen und ganz auf sie verzichten.",Law and Crime,0,Law,Social,International,19224_Tagesordnungspunkt_11_GRUENE_Deligoez_ID1922401500_22.04.2021.csv
29,Warum?,Law and Crime,0,Law,Social,International,19224_Tagesordnungspunkt_11_GRUENE_Deligoez_ID1922401500_22.04.2021.csv
30,Weil wir damit das Signal an junge Menschen senden würden: Eure Leistung wird anerkannt!,Law and Crime,0,Law,Social,International,19224_Tagesordnungspunkt_11_GRUENE_Deligoez_ID1922401500_22.04.2021.csv
31,Eure Leistung zählt!,Law and Crime,0,Law,Social,International,19224_Tagesordnungspunkt_11_GRUENE_Deligoez_ID1922401500_22.04.2021.csv
32,Wir glauben an euch!,Law and Crime,0,Law,Social,International,19224_Tagesordnungspunkt_11_GRUENE_Deligoez_ID1922401500_22.04.2021.csv
33,Wir vertrauen auf euch!,Law and Crime,0,Law,Social,International,19224_Tagesordnungspunkt_11_GRUENE_Deligoez_ID1922401500_22.04.2021.csv
34,"Und wenn ihr 300 Euro Ausbildungsgeld erhaltet, dann sollt ihr das auch behalten, weil ihr dafür gearbeitet habt!",Law and Crime,0,Law,Social,International,19224_Tagesordnungspunkt_11_GRUENE_Deligoez_ID1922401500_22.04.2021.csv
35,Leistung muss sich lohnen!,Law and Crime,0,Law,Social,International,19224_Tagesordnungspunkt_11_GRUENE_Deligoez_ID1922401500_22.04.2021.csv
36,Das fände ich an der Stelle wichtig.,Law and Crime,0,Law,Social,International,19224_Tagesordnungspunkt_11_GRUENE_Deligoez_ID1922401500_22.04.2021.csv
37,"Liebe Kolleginnen und Kollegen, der Gesetzentwurf ist ein Schritt nach vorne; weitere müssen aber folgen.",Law and Crime,0,Law,Social,International,19224_Tagesordnungspunkt_11_GRUENE_Deligoez_ID1922401500_22.04.2021.csv
38,"Er ist der Beginn eines Prozesses, und wir stimmen dem zu.",Law and Crime,0,Law,Social,International,19224_Tagesordnungspunkt_11_GRUENE_Deligoez_ID1922401500_22.04.2021.csv
39,"Aber wir werden auch im Bundesrat und in den kommenden Jahren sowieso darauf achten, dass es weitergeht.",Law and Crime,0,Law,Social,International,19224_Tagesordnungspunkt_11_GRUENE_Deligoez_ID1922401500_22.04.2021.csv
40,"Vielen Dank, Herr Präsident – in der letzten Sekunde – für Ihre wunderbare Karte, die Sie mir gestern zu meinem Geburtstag geschrieben haben.",*,0,Law,Social,International,19224_Tagesordnungspunkt_11_GRUENE_Deligoez_ID1922401500_22.04.2021.csv
41,"So viel Zeit muss sein. – Ulrike Bahr, SPD, ist die nächste Rednerin.",*,0,Law,Social,International,19224_Tagesordnungspunkt_11_GRUENE_Deligoez_ID1922401500_22.04.2021.csv
