,text,label_gold,segment_id,label_bert,label_parlbert,label_svm,speech_id
0,Sehr geehrte Frau Präsidentin!,*,0,Health,Health,Health,19227_Tagesordnungspunkt_16_CDU_CSU_Rueddel_ID1922708900_06.05.2021.csv
1,Meine Damen und Herren!,*,0,Health,Health,Health,19227_Tagesordnungspunkt_16_CDU_CSU_Rueddel_ID1922708900_06.05.2021.csv
2,Viele Covid-19-Patienten klagen auch Wochen und Monate nach Überwindung der akuten Krankheitsphase über anhaltende Symptome.,Health,0,Health,Health,Health,19227_Tagesordnungspunkt_16_CDU_CSU_Rueddel_ID1922708900_06.05.2021.csv
3,"Während die meisten Infizierten nach Überwindung von Fieber, Husten und Schnupfen Gott sei Dank beschwerdefrei in ihr gewohntes Leben zurückkehren können, haben zahlreiche Covid-19-Patienten weiterhin erhebliche Probleme.",Health,0,Health,Health,Health,19227_Tagesordnungspunkt_16_CDU_CSU_Rueddel_ID1922708900_06.05.2021.csv
4,"Das ist mehrfach angesprochen worden, aber ich denke, es ist wichtig, deutlich zu machen, dass man diese Probleme wie Müdigkeit, Atemnot, Muskelschmerzen, Schlaf- und Sehstörungen, Gedächtnis- und Konzentrationsschwächen bis hin zu Bewusstseinsstörungen erkannt hat.",Health,0,Health,Health,Health,19227_Tagesordnungspunkt_16_CDU_CSU_Rueddel_ID1922708900_06.05.2021.csv
5,Zu chronischer Müdigkeit kommen in vielen Fällen langanhaltende Störungen des Geruchssinns hinzu.,Health,0,Health,Health,Health,19227_Tagesordnungspunkt_16_CDU_CSU_Rueddel_ID1922708900_06.05.2021.csv
6,"Deshalb bin ich dankbar, dass wir diese Diskussion heute hier führen.",Health,0,Health,Health,Health,19227_Tagesordnungspunkt_16_CDU_CSU_Rueddel_ID1922708900_06.05.2021.csv
7,"Wir haben die Möglichkeit, einerseits darzustellen, was wir bisher auf den Weg gebracht haben, und andererseits aber auch zu zeigen, wo noch Lösungen gesucht werden müssen.",Health,0,Health,Health,Health,19227_Tagesordnungspunkt_16_CDU_CSU_Rueddel_ID1922708900_06.05.2021.csv
8,"Aktuelle Studien legen den Schluss nahe, dass auch nach einer überstandenen Infektion eine Impfung nach sechs Monaten in jedem Fall sinnvoll ist – auch, um das Risiko solcher Symptome bei Genesenen zu reduzieren.",Health,0,Health,Health,Health,19227_Tagesordnungspunkt_16_CDU_CSU_Rueddel_ID1922708900_06.05.2021.csv
9,"In Deutschland werden derzeit bereits an verschiedenen Orten die Spät- und Langzeitfolgen einer Covid-19-Erkrankung erforscht, zum Beispiel an der Uniklinik Köln.",Health,0,Health,Health,Health,19227_Tagesordnungspunkt_16_CDU_CSU_Rueddel_ID1922708900_06.05.2021.csv
10,"Davon profitieren auch die Menschen, die, wie es Frau Klein-Schmeink angesprochen hat, unter dem Chronischen Erschöpfungssyndrom leiden.",Health,0,Health,Health,Health,19227_Tagesordnungspunkt_16_CDU_CSU_Rueddel_ID1922708900_06.05.2021.csv
11,"Ich denke, auch die muss man mit in die Erforschung und auch in die Versorgungsplanung einbeziehen.",Health,0,Health,Health,Health,19227_Tagesordnungspunkt_16_CDU_CSU_Rueddel_ID1922708900_06.05.2021.csv
12,"An mehreren Kliniken wurden inzwischen Post-Covid-Ambulanzen eingerichtet, etwa am Universitätsklinikum Frankfurt und in Jena.",Health,0,Health,Health,Health,19227_Tagesordnungspunkt_16_CDU_CSU_Rueddel_ID1922708900_06.05.2021.csv
13,Bundesweit steht die Gesundheitsministerkonferenz in einem ständigen Austausch über die Folgen der Pandemie.,Health,0,Health,Health,Health,19227_Tagesordnungspunkt_16_CDU_CSU_Rueddel_ID1922708900_06.05.2021.csv
14,Das Robert-Koch-Institut sammelt kontinuierlich alle Erkenntnisse zu Langzeit- und Spätfolgen.,Health,0,Health,Health,Health,19227_Tagesordnungspunkt_16_CDU_CSU_Rueddel_ID1922708900_06.05.2021.csv
15,"Aber natürlich wird der bilaterale Wissensaustausch mit unseren Partnerländern ebenfalls intensiviert, wie auch der internationale Austausch über die WHO.",Health,0,Health,Health,Health,19227_Tagesordnungspunkt_16_CDU_CSU_Rueddel_ID1922708900_06.05.2021.csv
16,"Bei all diesen Bemühungen geht es selbstverständlich auch darum, verstärkt adäquate Versorgungsangebote für Long-Covid-Patientinnen und -Patienten in den Blick zu nehmen.",Health,0,Health,Health,Health,19227_Tagesordnungspunkt_16_CDU_CSU_Rueddel_ID1922708900_06.05.2021.csv
17,Dabei dürfen wir die Menschen mit ähnlichen Erkrankungen nicht aus dem Blick verlieren.,Health,0,Health,Health,Health,19227_Tagesordnungspunkt_16_CDU_CSU_Rueddel_ID1922708900_06.05.2021.csv
18,Wir werden im Ausschuss auf Grundlage der vorliegenden Anträge beraten und sicherlich ergänzende Maßnahmen beschließen.,Health,0,Health,Health,Health,19227_Tagesordnungspunkt_16_CDU_CSU_Rueddel_ID1922708900_06.05.2021.csv
19,"Es ist vielleicht banal, aber die besten Möglichkeiten, Spät- und Langzeitfolgen auszuschließen, sind die Primärprävention und das Impfen.",Health,0,Health,Health,Health,19227_Tagesordnungspunkt_16_CDU_CSU_Rueddel_ID1922708900_06.05.2021.csv
20,Kommen Sie bitte zum Ende.,Health,0,Health,Health,Health,19227_Tagesordnungspunkt_16_CDU_CSU_Rueddel_ID1922708900_06.05.2021.csv
21,"Deshalb möchte ich hier noch einmal ganz deutlich machen: Impfen schützt Leben, und deshalb müssen wir Impfskeptiker und Impfgegner hier im Land überzeugen, dass sie sich impfen lassen.",Health,0,Health,Health,Health,19227_Tagesordnungspunkt_16_CDU_CSU_Rueddel_ID1922708900_06.05.2021.csv
22,Das hilft.,Health,0,Health,Health,Health,19227_Tagesordnungspunkt_16_CDU_CSU_Rueddel_ID1922708900_06.05.2021.csv
23,Vielen Dank.,*,0,Health,Health,Health,19227_Tagesordnungspunkt_16_CDU_CSU_Rueddel_ID1922708900_06.05.2021.csv
24,Danke schön. – Das Wort geht an Hilde Mattheis von der SPD-Fraktion.,*,0,Health,Health,Health,19227_Tagesordnungspunkt_16_CDU_CSU_Rueddel_ID1922708900_06.05.2021.csv
