,text,label_gold,segment_id,label_bert,label_parlbert,label_svm,speech_id
0,Sehr geehrter Herr Präsident!,*,0,Social,Social,Social,19224_Tagesordnungspunkt_11_SPD_Bahr_ID1922401600_22.04.2021.csv
1,Liebe Kollegen und Kolleginnen!,*,0,Social,Social,Social,19224_Tagesordnungspunkt_11_SPD_Bahr_ID1922401600_22.04.2021.csv
2,"„Was lange währt, wird endlich gut“ – so hat die AGJ im letzten Herbst ihre Stellungnahme zum neuen Kinder- und Jugendstärkungsgesetz überschrieben.",Social Welfare,0,Social,Social,Social,19224_Tagesordnungspunkt_11_SPD_Bahr_ID1922401600_22.04.2021.csv
3,"Und heute ist es endlich so weit: Wir beschließen eine Reform, die über die gesamte Legislaturperiode hinweg vorbereitet und beraten wurde.",Social Welfare,0,Social,Social,Social,19224_Tagesordnungspunkt_11_SPD_Bahr_ID1922401600_22.04.2021.csv
4,Staatssekretärin Caren Marks hat diesen Prozess umsichtig gesteuert und hartnäckig vorangetrieben.,Social Welfare,0,Social,Social,Social,19224_Tagesordnungspunkt_11_SPD_Bahr_ID1922401600_22.04.2021.csv
5,"Auch ganz herzlichen Dank an Frau Ministerin Giffey und natürlich auch an den Koalitionspartner: Herr Weinberg, ganz herzlichen Dank für die Verhandlungen und dafür, wie sie gelaufen sind.",Social Welfare,0,Social,Social,Social,19224_Tagesordnungspunkt_11_SPD_Bahr_ID1922401600_22.04.2021.csv
6,"Auch die Opposition hat sich engagiert und eigene Anträge eingebracht, über die wir heute mitbeschließen, und aus denen auch einiges seinen Weg in das Gesetz gefunden hat.",Social Welfare,0,Social,Social,Social,19224_Tagesordnungspunkt_11_SPD_Bahr_ID1922401600_22.04.2021.csv
7,"Danke auch an die Grünen, die hier schon Zustimmung signalisiert haben.",Social Welfare,0,Social,Social,Social,19224_Tagesordnungspunkt_11_SPD_Bahr_ID1922401600_22.04.2021.csv
8,"Aus der Fülle der Änderungen möchte ich drei Dinge herausgreifen, die mir besonders am Herzen liegen:
Erstens sind da die Regelungen zu nennen, die Kindern mit psychisch kranken Eltern helfen.",Social Welfare,0,Social,Social,Social,19224_Tagesordnungspunkt_11_SPD_Bahr_ID1922401600_22.04.2021.csv
9,"Ganz zum Ende der letzten Wahlperiode hatte der Bundestag eine interdisziplinäre AG aus Fachleuten beauftragt, Empfehlungen an die Kinder- und Jugendhilfe und an das Gesundheitswesen zu erarbeiten.",Social Welfare,0,Social,Social,Social,19224_Tagesordnungspunkt_11_SPD_Bahr_ID1922401600_22.04.2021.csv
10,Seit Ende 2019 liegt der Bericht vor.,Social Welfare,0,Social,Social,Social,19224_Tagesordnungspunkt_11_SPD_Bahr_ID1922401600_22.04.2021.csv
11,Und mit dem KJSG setzen wir die darin enthaltenen Vorschläge nun um.,Social Welfare,0,Social,Social,Social,19224_Tagesordnungspunkt_11_SPD_Bahr_ID1922401600_22.04.2021.csv
12,"So erweitern wir den Anspruch auf Hilfen in Notsituationen, wenn zum Beispiel Eltern sich zeitweilig aufgrund psychischer Erkrankungen oder wegen Suchtproblemen nicht ausreichend um ihre Kinder kümmern können.",Social Welfare,0,Social,Social,Social,19224_Tagesordnungspunkt_11_SPD_Bahr_ID1922401600_22.04.2021.csv
13,"Auf diese Hilfen besteht nun ein Rechtsanspruch, sie sind aber dennoch niedrigschwellig ausgestaltet.",Social Welfare,0,Social,Social,Social,19224_Tagesordnungspunkt_11_SPD_Bahr_ID1922401600_22.04.2021.csv
14,Eine mögliche Einbeziehung von Patinnen und Paten in solche Hilfen kommt dem Wunsch der Betroffenen nach nichtstigmatisierender Alltagsunterstützung nach.,Social Welfare,0,Social,Social,Social,19224_Tagesordnungspunkt_11_SPD_Bahr_ID1922401600_22.04.2021.csv
15,"Diese neue Hilfeform ist keine Konkurrenz, sondern eine Ergänzung zu den Hilfen zur Erziehung und soll in ihre Wirkung sorgfältig evaluiert werden.",Social Welfare,0,Social,Social,Social,19224_Tagesordnungspunkt_11_SPD_Bahr_ID1922401600_22.04.2021.csv
16,Zweitens möchte ich das Paket für junge Volljährige nennen.,Social Welfare,0,Social,Social,Social,19224_Tagesordnungspunkt_11_SPD_Bahr_ID1922401600_22.04.2021.csv
17,Der Careleaver e.,Social Welfare,0,Social,Social,Social,19224_Tagesordnungspunkt_11_SPD_Bahr_ID1922401600_22.04.2021.csv
18,"V. hat mir eindrucksvoll aufgezeigt, wie wirksam Selbstvertretung und Empowerment sind.",Social Welfare,0,Social,Social,Social,19224_Tagesordnungspunkt_11_SPD_Bahr_ID1922401600_22.04.2021.csv
19,"Gut, dass Selbstvertretungsorganisationen nun einen Anspruch auf Förderung und Einbeziehung haben.",Social Welfare,0,Social,Social,Social,19224_Tagesordnungspunkt_11_SPD_Bahr_ID1922401600_22.04.2021.csv
20,"Richtig ist es auch, dass junge Volljährige einen soliden Rechtsanspruch auf die Fortsetzung von Hilfen erhalten.",Social Welfare,0,Social,Social,Social,19224_Tagesordnungspunkt_11_SPD_Bahr_ID1922401600_22.04.2021.csv
21,"Im Entschließungsantrag stellen wir klar, dass persönliche Lebensumstände wie schulische oder berufliche Ausbildung bei der Gewährung von Hilfen berücksichtigt werden müssen.",Social Welfare,0,Social,Social,Social,19224_Tagesordnungspunkt_11_SPD_Bahr_ID1922401600_22.04.2021.csv
22,"Mit der Rückkehroption und der Nachbetreuung wollen wir verhindern, dass junge Menschen auf dem Weg in die Selbstständigkeit scheitern.",Social Welfare,0,Social,Social,Social,19224_Tagesordnungspunkt_11_SPD_Bahr_ID1922401600_22.04.2021.csv
23,Die stark reduzierte Kostenheranziehung ermöglicht ihnen künftig den Aufbau eines kleinen finanziellen Polsters.,Social Welfare,0,Social,Social,Social,19224_Tagesordnungspunkt_11_SPD_Bahr_ID1922401600_22.04.2021.csv
24,"Das wissenschaftliche Projekt „Care Leaving Statistics“, für das wir Ende 2020 Mittel bereitgestellt haben, wird in den kommenden Jahren weitere Argumente für eine gute und nachhaltige Ausgestaltung von Hilfen beisteuern; davon bin ich überzeugt.",Social Welfare,0,Social,Social,Social,19224_Tagesordnungspunkt_11_SPD_Bahr_ID1922401600_22.04.2021.csv
25,"Und schließlich, drittens, möchte ich das größte Projekt dieser Reform nennen.",Social Welfare,0,Social,Social,Social,19224_Tagesordnungspunkt_11_SPD_Bahr_ID1922401600_22.04.2021.csv
26,Mit „Hilfen aus einer Hand“ haben wir endlich einen Fahrplan hin zur Zusammenführung von Eingliederungs- und Jugendhilfe geschaffen.,Social Welfare,0,Social,Social,Social,19224_Tagesordnungspunkt_11_SPD_Bahr_ID1922401600_22.04.2021.csv
27,Sie sind ein klarer Handlungsauftrag und ein Versprechen.,Social Welfare,0,Social,Social,Social,19224_Tagesordnungspunkt_11_SPD_Bahr_ID1922401600_22.04.2021.csv
28,"Nach der Reform ist vor der Reform, und wir werden sofort damit beginnen.",Social Welfare,0,Social,Social,Social,19224_Tagesordnungspunkt_11_SPD_Bahr_ID1922401600_22.04.2021.csv
29,Kommunen können Verfahrenslotsen freiwillig schon vor 2024 einsetzen.,Social Welfare,0,Social,Social,Social,19224_Tagesordnungspunkt_11_SPD_Bahr_ID1922401600_22.04.2021.csv
30,Für begleitende Modellprojekte sind im BMFSFJ ab sofort Mittel bereitgestellt.,Social Welfare,0,Social,Social,Social,19224_Tagesordnungspunkt_11_SPD_Bahr_ID1922401600_22.04.2021.csv
31,In einem weiteren Beteiligungsprozess gibt es dann viel zu regeln.,Social Welfare,0,Social,Social,Social,19224_Tagesordnungspunkt_11_SPD_Bahr_ID1922401600_22.04.2021.csv
32,"Das Ziel ist klar: Alle Familien, in denen Kinder mit Behinderungen leben, dürfen nicht nur nicht schlechter gestellt werden, sondern müssen besser, schneller und unbürokratischer zu ihren Hilfen kommen.",Social Welfare,0,Social,Social,Social,19224_Tagesordnungspunkt_11_SPD_Bahr_ID1922401600_22.04.2021.csv
33,"Die Träger wünschen, und das zu Recht, ein modernes Leistungserbringungsrecht für gute Arbeit, zur Bindung von Fachkräften und mit Tarifschutz.",Social Welfare,0,Social,Social,Social,19224_Tagesordnungspunkt_11_SPD_Bahr_ID1922401600_22.04.2021.csv
34,Darum wird uns das achte Sozialgesetzbuch auch in den kommenden Legislaturperioden weiterhin beschäftigen.,Social Welfare,0,Social,Social,Social,19224_Tagesordnungspunkt_11_SPD_Bahr_ID1922401600_22.04.2021.csv
35,Hier sind wir alle in der Verantwortung.,Social Welfare,0,Social,Social,Social,19224_Tagesordnungspunkt_11_SPD_Bahr_ID1922401600_22.04.2021.csv
36,Ich freue mich darauf und werbe heute um Ihre Zustimmung.,Social Welfare,0,Social,Social,Social,19224_Tagesordnungspunkt_11_SPD_Bahr_ID1922401600_22.04.2021.csv
37,Danke.,*,0,Social,Social,Social,19224_Tagesordnungspunkt_11_SPD_Bahr_ID1922401600_22.04.2021.csv
38,"Voraussichtlich letzte Rednerin in dieser Debatte ist die Kollegin Nadine Schön, CDU/CSU.",*,0,Social,Social,Social,19224_Tagesordnungspunkt_11_SPD_Bahr_ID1922401600_22.04.2021.csv
