,text,label_gold,segment_id,label_bert,label_parlbert,label_svm,speech_id
0,Frau Präsidentin!,*,0,Agriculture,Agriculture,Agriculture,19227_Tagesordnungspunkt_33_AfD_von_Gottberg_ID1922711900_06.05.2021.csv
1,Meine Damen und Herren!,*,0,Agriculture,Agriculture,Agriculture,19227_Tagesordnungspunkt_33_AfD_von_Gottberg_ID1922711900_06.05.2021.csv
2,Frau Ministerin Klöckner!,*,0,Agriculture,Agriculture,Agriculture,19227_Tagesordnungspunkt_33_AfD_von_Gottberg_ID1922711900_06.05.2021.csv
3,"Frau Ministerin, Sie haben bei der Einbringung des Gesetzes am 27.",Labor,0,Agriculture,Agriculture,Agriculture,19227_Tagesordnungspunkt_33_AfD_von_Gottberg_ID1922711900_06.05.2021.csv
4,"Januar 2021 einleitend ausgeführt – ich zitiere –:
Ein menschenwürdiges Einkommen, faire Preise für die Bauernfamilien müssen selbstverständlich sein.",Labor,0,Agriculture,Agriculture,Agriculture,19227_Tagesordnungspunkt_33_AfD_von_Gottberg_ID1922711900_06.05.2021.csv
5,Es geht … um Fairplay im und am Markt.,Labor,0,Agriculture,Agriculture,Agriculture,19227_Tagesordnungspunkt_33_AfD_von_Gottberg_ID1922711900_06.05.2021.csv
6,"Sie wollen mit dem nunmehr nachgebesserten Gesetzentwurf die Position der Bauernfamilien gegenüber dem Einzelhandel stärken, um bessere Erlöse und mehr Fairplay am Markt durchzusetzen.",Labor,0,Agriculture,Agriculture,Agriculture,19227_Tagesordnungspunkt_33_AfD_von_Gottberg_ID1922711900_06.05.2021.csv
7,Ihre Absicht ist anerkennenswert.,Labor,0,Agriculture,Agriculture,Agriculture,19227_Tagesordnungspunkt_33_AfD_von_Gottberg_ID1922711900_06.05.2021.csv
8,Die Erfolgsaussichten sind aber sehr gering.,Labor,0,Agriculture,Agriculture,Agriculture,19227_Tagesordnungspunkt_33_AfD_von_Gottberg_ID1922711900_06.05.2021.csv
9,Die AfD-Fraktion hat die Expertenbefragung zu diesem Gesetz bereits in der ersten Lesung sehr begrüßt und am 22.,Labor,0,Agriculture,Agriculture,Agriculture,19227_Tagesordnungspunkt_33_AfD_von_Gottberg_ID1922711900_06.05.2021.csv
10,Februar 2021 entsprechend genau verfolgt.,Labor,0,Agriculture,Agriculture,Agriculture,19227_Tagesordnungspunkt_33_AfD_von_Gottberg_ID1922711900_06.05.2021.csv
11,"Die Anhörung brachte gute Erkenntnisse, und offenbar weckte sie auch bei der Koalition die Einsicht: Der Gesetzentwurf ist zu modifizieren, ist nachzubessern. – Wir stellen aber fest, dass die Expertenempfehlungen wenig Beachtung gefunden haben.",Labor,0,Agriculture,Agriculture,Agriculture,19227_Tagesordnungspunkt_33_AfD_von_Gottberg_ID1922711900_06.05.2021.csv
12,Zugestanden sei: Das Thema ist vielschichtig und nicht einfach zu bewerten. – Die zahlreichen Änderungswünsche des Bundesrates belegen dies.,Labor,0,Agriculture,Agriculture,Agriculture,19227_Tagesordnungspunkt_33_AfD_von_Gottberg_ID1922711900_06.05.2021.csv
13,Das Resümee der Expertenanhörung bleibt eindrücklich: unnötige Kosten und sinnloses Bewegen von Papier. – Wir gratulieren der Regierungskoalition zu diesem Erfolg.,Labor,0,Agriculture,Agriculture,Agriculture,19227_Tagesordnungspunkt_33_AfD_von_Gottberg_ID1922711900_06.05.2021.csv
14,"Zum Inhalt des Entwurfs: Überwachungsbehörde für die Einhaltung des fairen Wettbewerbs soll die BLE, die Bundesanstalt für Landwirtschaft und Ernährung, sein.",Agriculture,0,Agriculture,Agriculture,Agriculture,19227_Tagesordnungspunkt_33_AfD_von_Gottberg_ID1922711900_06.05.2021.csv
15,Dazu hat die Anhörung am 22.,Agriculture,0,Agriculture,Agriculture,Agriculture,19227_Tagesordnungspunkt_33_AfD_von_Gottberg_ID1922711900_06.05.2021.csv
16,"Februar ergeben, was ich für die AfD bereits in der ersten Lesung im Januar gefordert habe: Das Bundeskartellamt ist geeigneter für diese Aufgabe.",Agriculture,0,Agriculture,Agriculture,Agriculture,19227_Tagesordnungspunkt_33_AfD_von_Gottberg_ID1922711900_06.05.2021.csv
17,"Geschultes Personal ist dort vorhanden, und es hat auch die Kompetenz, unlautere Handelspraktiken mit Bußgeldern zu ahnden.",Agriculture,0,Agriculture,Agriculture,Agriculture,19227_Tagesordnungspunkt_33_AfD_von_Gottberg_ID1922711900_06.05.2021.csv
18,Im Gegensatz dazu muss die BLE für die neue Aufgabe erst aufwendig hochgerüstet werden.,Agriculture,0,Agriculture,Agriculture,Agriculture,19227_Tagesordnungspunkt_33_AfD_von_Gottberg_ID1922711900_06.05.2021.csv
19,Dadurch können am Ende sogar teure Doppelstrukturen entstehen.,Agriculture,0,Agriculture,Agriculture,Agriculture,19227_Tagesordnungspunkt_33_AfD_von_Gottberg_ID1922711900_06.05.2021.csv
20,"Die AfD-Fraktion begrüßt, dass durch die Einarbeitung der UTP-Richtlinie in das Agrarmarktstrukturgesetz unlautere Handelspraktiken weitergehend als bisher unterbunden werden sollen.",Agriculture,0,Agriculture,Agriculture,Agriculture,19227_Tagesordnungspunkt_33_AfD_von_Gottberg_ID1922711900_06.05.2021.csv
21,Das neue Gesetz ändert aber nichts an der Machtkonzentration und an wenig geballten Abnahmestrukturen der Landwirtschaft gegenüber Ernährungsindustrie und Handel.,Agriculture,0,Agriculture,Agriculture,Agriculture,19227_Tagesordnungspunkt_33_AfD_von_Gottberg_ID1922711900_06.05.2021.csv
22,"Ganz im Gegenteil: In der Anhörung wurde unsere Befürchtung bestätigt, der Preisdruck auf die Bauern könnte sich durch diese Gesetzgebung noch erhöhen.",Agriculture,0,Agriculture,Agriculture,Agriculture,19227_Tagesordnungspunkt_33_AfD_von_Gottberg_ID1922711900_06.05.2021.csv
23,Wenn man die Machtstellung der landwirtschaftlichen Betriebe stärken will – hier wiederhole ich unseren Appell vom 27.,Agriculture,0,Agriculture,Agriculture,Agriculture,19227_Tagesordnungspunkt_33_AfD_von_Gottberg_ID1922711900_06.05.2021.csv
24,"Januar –, muss man auf der Angebotsseite stärker bündeln.",Agriculture,0,Agriculture,Agriculture,Agriculture,19227_Tagesordnungspunkt_33_AfD_von_Gottberg_ID1922711900_06.05.2021.csv
25,"Genau in diese Richtung geht unser hier ebenfalls abzustimmender Antrag, den alle anderen Fraktionen aber offenbar ablehnen.",Agriculture,0,Agriculture,Agriculture,Agriculture,19227_Tagesordnungspunkt_33_AfD_von_Gottberg_ID1922711900_06.05.2021.csv
26,Abschließend: Das Gesetz ist im Hinblick auf die EU-Vorgabe zur Umsetzung fast eine Woche überfällig – ein Armutszeugnis.,Agriculture,0,Agriculture,Agriculture,Agriculture,19227_Tagesordnungspunkt_33_AfD_von_Gottberg_ID1922711900_06.05.2021.csv
27,Auch der holprige Weg der Gesetzgebung gerade bei diesem Gesetz ist beachtenswert.,Agriculture,0,Agriculture,Agriculture,Agriculture,19227_Tagesordnungspunkt_33_AfD_von_Gottberg_ID1922711900_06.05.2021.csv
28,Begrüßenswert sind die Einrichtung einer Ombudsstelle und das Anheben der Bußgeldobergrenze auf bis zu 750 000 Euro.,Agriculture,0,Agriculture,Agriculture,Agriculture,19227_Tagesordnungspunkt_33_AfD_von_Gottberg_ID1922711900_06.05.2021.csv
29,"Der Anwendungsbereich erfasst nun Milch- und Fleischprodukte, Obst, Gemüse und Gartenbauprodukte sowie Kartoffeln.",Agriculture,0,Agriculture,Agriculture,Agriculture,19227_Tagesordnungspunkt_33_AfD_von_Gottberg_ID1922711900_06.05.2021.csv
30,Die Umsatzgrenze wurde auf Unternehmen bis zu 4 Milliarden Euro Umsatz hochgeschleust.,Agriculture,0,Agriculture,Agriculture,Agriculture,19227_Tagesordnungspunkt_33_AfD_von_Gottberg_ID1922711900_06.05.2021.csv
31,Das ist ein anerkennenswertes Signal.,Agriculture,0,Agriculture,Agriculture,Agriculture,19227_Tagesordnungspunkt_33_AfD_von_Gottberg_ID1922711900_06.05.2021.csv
32,Das teilweise Hinausgehen über den Umfang der EU-Richtlinie sehen das Bundeskartellamt und die Bundesrechtsanwaltskammer kritisch.,Agriculture,0,Agriculture,Agriculture,Agriculture,19227_Tagesordnungspunkt_33_AfD_von_Gottberg_ID1922711900_06.05.2021.csv
33,Dem schließen wir uns an.,Agriculture,0,Agriculture,Agriculture,Agriculture,19227_Tagesordnungspunkt_33_AfD_von_Gottberg_ID1922711900_06.05.2021.csv
34,Die Umsetzung der UTP-Richtlinie in nationales Recht können und wollen wir nicht verhindern.,Agriculture,0,Agriculture,Agriculture,Agriculture,19227_Tagesordnungspunkt_33_AfD_von_Gottberg_ID1922711900_06.05.2021.csv
35,Andernfalls würde gegen geltendes EU-Recht verstoßen.,Agriculture,0,Agriculture,Agriculture,Agriculture,19227_Tagesordnungspunkt_33_AfD_von_Gottberg_ID1922711900_06.05.2021.csv
36,Danke.,*,1,Government,Government,Government,19227_Tagesordnungspunkt_33_AfD_von_Gottberg_ID1922711900_06.05.2021.csv
37,"Danke schön, Wilhelm vom Gottberg. – Nächste Rednerin: für die SPD-Fraktion Ursula Schulte.",*,1,Government,Government,Government,19227_Tagesordnungspunkt_33_AfD_von_Gottberg_ID1922711900_06.05.2021.csv
