,text,label_gold,segment_id,label_bert,label_parlbert,label_svm,speech_id
0,Sehr geehrte Frau Präsidentin!,*,0,Domestic,Domestic,Domestic,19227_Tagesordnungspunkt_33_SPD_Schulte_ID1922712000_06.05.2021.csv
1,Sehr geehrte Frau Ministerin!,*,0,Domestic,Domestic,Domestic,19227_Tagesordnungspunkt_33_SPD_Schulte_ID1922712000_06.05.2021.csv
2,Liebe Kolleginnen und Kollegen!,*,0,Domestic,Domestic,Domestic,19227_Tagesordnungspunkt_33_SPD_Schulte_ID1922712000_06.05.2021.csv
3,"Mit der Änderung des Agrarmarktstrukturgesetzes setzen wir die EU-Richtlinie über unlautere Handelspraktiken in den Geschäftsbeziehungen zwischen Unternehmen in der Agrar- und Lebensmittelversorgungskette, kurz: UTP, um.",Agriculture,0,Domestic,Domestic,Domestic,19227_Tagesordnungspunkt_33_SPD_Schulte_ID1922712000_06.05.2021.csv
4,Die UTP-Richtlinie will Erzeuger und Lieferanten vor unlauteren Handelspraktiken schützen.,Agriculture,0,Domestic,Domestic,Domestic,19227_Tagesordnungspunkt_33_SPD_Schulte_ID1922712000_06.05.2021.csv
5,Dafür führt sie konkrete Praktiken in zwei verschiedenen Listen auf.,Agriculture,0,Domestic,Domestic,Domestic,19227_Tagesordnungspunkt_33_SPD_Schulte_ID1922712000_06.05.2021.csv
6,"Der Unterschied zwischen schwarzer und grauer Liste: Bei den Praktiken der grauen Liste geht man davon aus, dass sie ihre Unlauterkeit verlieren können, wenn beide Parteien sie einvernehmlich vereinbaren.",Agriculture,0,Domestic,Domestic,Domestic,19227_Tagesordnungspunkt_33_SPD_Schulte_ID1922712000_06.05.2021.csv
7,"Man blendet bei dieser Annahme geflissentlich aus, dass die Vertragsverhandlungen in diesem Bereich selten auf Augenhöhe stattfinden, was dazu führt, dass Lieferanten aus Angst um ihre Existenz letztlich Verträgen zustimmen, die für sie nachteilige Bedingungen enthalten.",Agriculture,0,Domestic,Domestic,Domestic,19227_Tagesordnungspunkt_33_SPD_Schulte_ID1922712000_06.05.2021.csv
8,"Lieferanten berichten uns zudem, dass es eben gerade die Praktiken der grauen Liste sind, die ihnen das Leben schwermachen.",Agriculture,0,Domestic,Domestic,Domestic,19227_Tagesordnungspunkt_33_SPD_Schulte_ID1922712000_06.05.2021.csv
9,"Ich möchte daher unterstreichen, was ich bereits bei der ersten Lesung im Januar gesagt habe: Unlauter ist und bleibt unlauter.",Agriculture,0,Domestic,Domestic,Domestic,19227_Tagesordnungspunkt_33_SPD_Schulte_ID1922712000_06.05.2021.csv
10,"Liebe Kolleginnen und Kollegen, ich bin froh, dass wir uns mit unserem Koalitionspartner darauf verständigen konnten, im Vergleich zur EU-Richtlinie zumindest einige Praktiken der grauen Liste in die schwarze zu überführen und somit gänzlich zu verbieten.",Agriculture,0,Domestic,Domestic,Domestic,19227_Tagesordnungspunkt_33_SPD_Schulte_ID1922712000_06.05.2021.csv
11,"So dürfen Handelsunternehmen Lieferanten nicht mehr an den Lagerkosten beteiligen oder nicht verkaufte Ware zurückschicken, ohne dafür zu bezahlen.",Agriculture,0,Domestic,Domestic,Domestic,19227_Tagesordnungspunkt_33_SPD_Schulte_ID1922712000_06.05.2021.csv
12,"Wir als SPD – das ist kein Geheimnis – hätten gerne alle grauen Praktiken geschwärzt,
und wir wollten eine offene Liste bzw. eine Generalklausel, um klarzustellen, dass jegliches unlautere Geschäftsgebaren in der Lieferkette unzulässig ist.",Agriculture,0,Domestic,Domestic,Domestic,19227_Tagesordnungspunkt_33_SPD_Schulte_ID1922712000_06.05.2021.csv
13,Das hätte die Position der Erzeuger und Lieferanten ganz wesentlich verbessert.,Agriculture,0,Domestic,Domestic,Domestic,19227_Tagesordnungspunkt_33_SPD_Schulte_ID1922712000_06.05.2021.csv
14,Eine Generalklausel war mit der Union nicht umzusetzen; das möchte ich hier nicht verschweigen.,Agriculture,0,Domestic,Domestic,Domestic,19227_Tagesordnungspunkt_33_SPD_Schulte_ID1922712000_06.05.2021.csv
15,"Angesichts dieses Wermutstropfens ist es aber umso wichtiger, dass das Gesetz nach zwei Jahren evaluiert wird.",Agriculture,0,Domestic,Domestic,Domestic,19227_Tagesordnungspunkt_33_SPD_Schulte_ID1922712000_06.05.2021.csv
16,Dafür und für die konkrete Formulierung des Evaluierungsparagrafen hat sich meine Fraktion vehement eingesetzt.,Agriculture,0,Domestic,Domestic,Domestic,19227_Tagesordnungspunkt_33_SPD_Schulte_ID1922712000_06.05.2021.csv
17,"Darin heißt es:
Neben der Überprüfung der Einhaltung bestehender Verbote kann der Deutsche Bundestag im Zuge der Evaluierung gegebenenfalls auch die Liste verbotener Handelspraktiken um neue, bisher nicht erfasste unlautere Handelspraktiken erweitern.",Agriculture,0,Domestic,Domestic,Domestic,19227_Tagesordnungspunkt_33_SPD_Schulte_ID1922712000_06.05.2021.csv
18,"In die Evaluierung fließen auch
– und das ist mir ganz wichtig –
die Ergebnisse der Prüfung eines möglichen Verbots des Einkaufs von Lebensmitteln und Agrarerzeugnissen unterhalb ihrer Produktionskosten ein.",Agriculture,0,Domestic,Domestic,Domestic,19227_Tagesordnungspunkt_33_SPD_Schulte_ID1922712000_06.05.2021.csv
19,"Es wird also künftig genau darauf zu achten sein, ob Unternehmen die Verbote kreativ umgehen, indem sie sich neue Praktiken oder Vertragsbestandteile einfallen lassen, die bisher nicht vom Gesetz erfasst wurden.",Agriculture,1,Agriculture,Agriculture,Agriculture,19227_Tagesordnungspunkt_33_SPD_Schulte_ID1922712000_06.05.2021.csv
20,Dann muss der Gesetzgeber nachschärfen.,Agriculture,1,Agriculture,Agriculture,Agriculture,19227_Tagesordnungspunkt_33_SPD_Schulte_ID1922712000_06.05.2021.csv
21,"Liebe Kolleginnen und Kollegen, für die SPD-Fraktion war es ganz wichtig und war es ein Herzensanliegen, eine Ombudsstelle einzurichten.",Agriculture,1,Agriculture,Agriculture,Agriculture,19227_Tagesordnungspunkt_33_SPD_Schulte_ID1922712000_06.05.2021.csv
22,"Davon konnten wir schließlich auch unseren Koalitionspartner überzeugen. – Ich bin froh, dass Sie das mittragen.",Agriculture,1,Agriculture,Agriculture,Agriculture,19227_Tagesordnungspunkt_33_SPD_Schulte_ID1922712000_06.05.2021.csv
23,"Die unabhängige Ombudsstelle soll keine Konkurrenz zur Durchführungsbehörde sein, sondern eine sinnvolle, weil niedrigschwelligere Ergänzung.",Agriculture,1,Agriculture,Agriculture,Agriculture,19227_Tagesordnungspunkt_33_SPD_Schulte_ID1922712000_06.05.2021.csv
24,"Sie soll Anlaufstelle für alle sein, die von unfairen Handelspraktiken oder unfairen Preisen betroffen sind.",Agriculture,1,Agriculture,Agriculture,Agriculture,19227_Tagesordnungspunkt_33_SPD_Schulte_ID1922712000_06.05.2021.csv
25,"Dabei können ihr auch Praktiken gemeldet werden, die das Gesetz noch gar nicht aufführt.",Agriculture,1,Agriculture,Agriculture,Agriculture,19227_Tagesordnungspunkt_33_SPD_Schulte_ID1922712000_06.05.2021.csv
26,Zudem soll die Stelle die Entwicklung von Produktionskosten und Preisen beobachten.,Agriculture,1,Agriculture,Agriculture,Agriculture,19227_Tagesordnungspunkt_33_SPD_Schulte_ID1922712000_06.05.2021.csv
27,"Die Erkenntnisse, die dabei gewonnen werden, sollen wiederum in die Gesetzesevaluierung einfließen.",Agriculture,1,Agriculture,Agriculture,Agriculture,19227_Tagesordnungspunkt_33_SPD_Schulte_ID1922712000_06.05.2021.csv
28,"Ich bin davon überzeugt, liebe Kolleginnen und Kollegen: Diese Ombudsstelle, die im Entschließungsantrag näher beschrieben wird, ist ein echter Meilenstein für mehr Fairness in der Agrar- und Lebensmittellieferkette.",Agriculture,1,Agriculture,Agriculture,Agriculture,19227_Tagesordnungspunkt_33_SPD_Schulte_ID1922712000_06.05.2021.csv
29,Und sie sollte schnellstmöglich umgesetzt werden.,Agriculture,1,Agriculture,Agriculture,Agriculture,19227_Tagesordnungspunkt_33_SPD_Schulte_ID1922712000_06.05.2021.csv
30,Darauf werden wir auf jeden Fall achten.,Agriculture,1,Agriculture,Agriculture,Agriculture,19227_Tagesordnungspunkt_33_SPD_Schulte_ID1922712000_06.05.2021.csv
31,"Leider war die Union nicht bereit, ein Verbot von Dumpingpreisen im Zuge der UTP-Umsetzung auf den Weg zu bringen.",Agriculture,1,Agriculture,Agriculture,Agriculture,19227_Tagesordnungspunkt_33_SPD_Schulte_ID1922712000_06.05.2021.csv
32,"Dafür ist es uns aber gemeinsam gelungen, die Erhöhung des Bußgeldrahmens um 50 Prozent zu vereinbaren.",Agriculture,1,Agriculture,Agriculture,Agriculture,19227_Tagesordnungspunkt_33_SPD_Schulte_ID1922712000_06.05.2021.csv
33,Im Fall von Verstößen gegen die neuen Regeln können nun bis zu 750 000 Euro Strafe verhängt werden.,Agriculture,1,Agriculture,Agriculture,Agriculture,19227_Tagesordnungspunkt_33_SPD_Schulte_ID1922712000_06.05.2021.csv
34,Das ist gut so; denn Strafen müssen eine abschreckende Wirkung haben.,Agriculture,1,Agriculture,Agriculture,Agriculture,19227_Tagesordnungspunkt_33_SPD_Schulte_ID1922712000_06.05.2021.csv
35,"Alles in allem legen wir dem Deutschen Bundestag ein gutes Gesetz vor, das ein Meilenstein für bessere Bedingungen für unsere Landwirte ist.",Agriculture,1,Agriculture,Agriculture,Agriculture,19227_Tagesordnungspunkt_33_SPD_Schulte_ID1922712000_06.05.2021.csv
36,Deswegen bitte ich um Zustimmung.,Agriculture,2,Government,Government,Transportation,19227_Tagesordnungspunkt_33_SPD_Schulte_ID1922712000_06.05.2021.csv
37,Herzlichen Dank.,*,2,Government,Government,Transportation,19227_Tagesordnungspunkt_33_SPD_Schulte_ID1922712000_06.05.2021.csv
38,"Vielen Dank, Ursula Schulte. – Darf ich Sie noch mal herzlich bitten, den Geräuschpegel wirklich nach unten zu drehen bzw. still zu sein und Diskussionen nicht hier im Raum zu führen?",*,2,Government,Government,Transportation,19227_Tagesordnungspunkt_33_SPD_Schulte_ID1922712000_06.05.2021.csv
39,"Es ist unglaublich schwierig, die Rednerinnen und Redner zu verstehen.",*,2,Government,Government,Transportation,19227_Tagesordnungspunkt_33_SPD_Schulte_ID1922712000_06.05.2021.csv
40,"Und eigentlich ist es auch wirklich nicht solidarisch, wenn die Kolleginnen und Kollegen Ihnen ihre Rede vortragen, Gespräche zu führen.",*,2,Government,Government,Transportation,19227_Tagesordnungspunkt_33_SPD_Schulte_ID1922712000_06.05.2021.csv
41,Dann machen Sie das draußen und nicht hier im Saal.,*,2,Government,Government,Transportation,19227_Tagesordnungspunkt_33_SPD_Schulte_ID1922712000_06.05.2021.csv
42,Nächster Redner: Dr.,*,2,Government,Government,Transportation,19227_Tagesordnungspunkt_33_SPD_Schulte_ID1922712000_06.05.2021.csv
43,Gero Hocker für die FDP-Fraktion.,*,2,Government,Government,Transportation,19227_Tagesordnungspunkt_33_SPD_Schulte_ID1922712000_06.05.2021.csv
