,text,label_gold,segment_id,label_bert,label_parlbert,label_svm,speech_id
0,Frau Präsidentin!,*,0,Domestic,Agriculture,Government,19227_Tagesordnungspunkt_33_LINKE_Tackmann_ID1922712200_06.05.2021.csv
1,Frau Ministerin!,*,0,Domestic,Agriculture,Government,19227_Tagesordnungspunkt_33_LINKE_Tackmann_ID1922712200_06.05.2021.csv
2,Liebe Kolleginnen und Kollegen!,*,0,Domestic,Agriculture,Government,19227_Tagesordnungspunkt_33_LINKE_Tackmann_ID1922712200_06.05.2021.csv
3,Mit dem vorliegenden Gesetzentwurf wird die EU-Richtlinie gegen unlautere Handelspraktiken in der Lebensmittelkette umgesetzt.,Agriculture,0,Domestic,Agriculture,Government,19227_Tagesordnungspunkt_33_LINKE_Tackmann_ID1922712200_06.05.2021.csv
4,"Sinnverwandt zu „unlauter“ sind übrigens laut Wörterbuch die Begriffe „betrügerisch“, „gaunerhaft“, „irreführend“, „unzulässig“.",Agriculture,0,Domestic,Agriculture,Government,19227_Tagesordnungspunkt_33_LINKE_Tackmann_ID1922712200_06.05.2021.csv
5,"Tatsächlich ist „unlauter“ eine geradezu verharmlosende Bezeichnung für die Situation, die ich als Linke seit Jahren kritisiere; denn es geht darum, dass Lebensmittelkonzerne ihre Marktübermacht missbrauchen und ihre Profitinteressen auf Kosten der Agrarbetriebe durchsetzen.",Agriculture,0,Domestic,Agriculture,Government,19227_Tagesordnungspunkt_33_LINKE_Tackmann_ID1922712200_06.05.2021.csv
6,Für eigene volle Kassen wird also die soziale Schieflage in den Agrarbetrieben verschärft.,Agriculture,0,Domestic,Agriculture,Government,19227_Tagesordnungspunkt_33_LINKE_Tackmann_ID1922712200_06.05.2021.csv
7,"Das ist wohl eher gaunerhaft, und es ist definitiv inakzeptabel.",Agriculture,0,Domestic,Agriculture,Government,19227_Tagesordnungspunkt_33_LINKE_Tackmann_ID1922712200_06.05.2021.csv
8,"Deshalb war es überfällig, dass die EU mit der Richtlinie dagegen einen Stein ins Rollen gebracht hat.",Agriculture,0,Domestic,Agriculture,Government,19227_Tagesordnungspunkt_33_LINKE_Tackmann_ID1922712200_06.05.2021.csv
9,Auf einer schwarzen Liste stehen verbotene Handelspraktiken.,Agriculture,0,Domestic,Agriculture,Government,19227_Tagesordnungspunkt_33_LINKE_Tackmann_ID1922712200_06.05.2021.csv
10,Zum Beispiel müssen jetzt bestellte verderbliche Lebensmittel wie Salat oder Erdbeeren auch abgenommen werden.,Agriculture,0,Domestic,Agriculture,Government,19227_Tagesordnungspunkt_33_LINKE_Tackmann_ID1922712200_06.05.2021.csv
11,"Auf einer grauen Liste stehen Handelspraktiken, die bei Einvernehmen erlaubt bleiben sollen.",Agriculture,0,Domestic,Agriculture,Government,19227_Tagesordnungspunkt_33_LINKE_Tackmann_ID1922712200_06.05.2021.csv
12,"Nur, ohne Augenhöhe zwischen den Verhandelnden ist doch eine solche graue Liste unsinnig.",Agriculture,0,Domestic,Agriculture,Government,19227_Tagesordnungspunkt_33_LINKE_Tackmann_ID1922712200_06.05.2021.csv
13,"Deshalb hat Die Linke auch gefordert, im Gesetz alle grauen Handelspraktiken auf die schwarze Verbotsliste zu setzen.",Agriculture,0,Domestic,Agriculture,Government,19227_Tagesordnungspunkt_33_LINKE_Tackmann_ID1922712200_06.05.2021.csv
14,Leider erfolgt das nur für zwei graue Handelspraktiken.,Agriculture,0,Domestic,Agriculture,Government,19227_Tagesordnungspunkt_33_LINKE_Tackmann_ID1922712200_06.05.2021.csv
15,So ist nun wenigstens die Rückgabe nicht verkaufter Erzeugnisse ohne Bezahlung verboten und auch das Abwälzen von Lagerkosten auf die Lieferantinnen und Lieferanten.,Agriculture,0,Domestic,Agriculture,Government,19227_Tagesordnungspunkt_33_LINKE_Tackmann_ID1922712200_06.05.2021.csv
16,"Ja, die Koalition hat den Gesetzentwurf verbessert.",Agriculture,0,Domestic,Agriculture,Government,19227_Tagesordnungspunkt_33_LINKE_Tackmann_ID1922712200_06.05.2021.csv
17,Aber ich habe selten in einer Anhörung so einhellige Forderungen aller Sachverständigen nach deutlichen Nachbesserungen erlebt.,Agriculture,0,Domestic,Agriculture,Government,19227_Tagesordnungspunkt_33_LINKE_Tackmann_ID1922712200_06.05.2021.csv
18,"Deswegen ist die Lernkurve bei der Koalition zwar erkennbar, sie bleibt aber gemessen an der Realität trotzdem zu flach.",Agriculture,0,Domestic,Agriculture,Government,19227_Tagesordnungspunkt_33_LINKE_Tackmann_ID1922712200_06.05.2021.csv
19,Warum?,Agriculture,0,Domestic,Agriculture,Government,19227_Tagesordnungspunkt_33_LINKE_Tackmann_ID1922712200_06.05.2021.csv
20,Das steht im Entschließungsantrag der Linken.,Agriculture,0,Domestic,Agriculture,Government,19227_Tagesordnungspunkt_33_LINKE_Tackmann_ID1922712200_06.05.2021.csv
21,Zu den wichtigsten Kritikpunkten: Es werden nicht einmal alle – übrigens über 40 – bekannten unlauteren Handelspraktiken verboten.,Agriculture,0,Domestic,Agriculture,Government,19227_Tagesordnungspunkt_33_LINKE_Tackmann_ID1922712200_06.05.2021.csv
22,"Auch Die Linke fordert darüber hinaus eine sogenannte Generalklausel, damit eben alle, auch bisher unbekannte Praktiken verboten werden.",Agriculture,0,Domestic,Agriculture,Government,19227_Tagesordnungspunkt_33_LINKE_Tackmann_ID1922712200_06.05.2021.csv
23,Denn die Konzernzentralen sind einfallsreich.,Agriculture,1,Domestic,Domestic,Government,19227_Tagesordnungspunkt_33_LINKE_Tackmann_ID1922712200_06.05.2021.csv
24,"Und ja, es ist gut, dass nun doch eine Ombudsstelle für Beschwerden kommen soll.",Agriculture,1,Domestic,Domestic,Government,19227_Tagesordnungspunkt_33_LINKE_Tackmann_ID1922712200_06.05.2021.csv
25,Leider stehen deren Aufgaben aber nicht im Gesetz.,Agriculture,1,Domestic,Domestic,Government,19227_Tagesordnungspunkt_33_LINKE_Tackmann_ID1922712200_06.05.2021.csv
26,"Und ja, es ist richtig, dass die Ombudsstelle auch Produktionskosten und Preisentwicklung beobachten soll.",Agriculture,1,Domestic,Domestic,Government,19227_Tagesordnungspunkt_33_LINKE_Tackmann_ID1922712200_06.05.2021.csv
27,Aber in Spanien und Frankreich gibt es eine eigene Preisbeobachtungsstelle.,Agriculture,1,Domestic,Domestic,Government,19227_Tagesordnungspunkt_33_LINKE_Tackmann_ID1922712200_06.05.2021.csv
28,Das Gesetz bleibt ohne Verbot des Verkaufs unter Produktionskosten zahnlos.,Agriculture,1,Domestic,Domestic,Government,19227_Tagesordnungspunkt_33_LINKE_Tackmann_ID1922712200_06.05.2021.csv
29,Natürlich müssen dann auch Produktionsmengen reguliert werden; das war ein wichtiger Hinweis des Bundesverbands Deutscher Milchviehhalter in der Anhörung.,Agriculture,1,Domestic,Domestic,Government,19227_Tagesordnungspunkt_33_LINKE_Tackmann_ID1922712200_06.05.2021.csv
30,"Es fehlt in dem Gesetz die Beweislastumkehr, damit Konzerne ihr lauteres Handeln nachweisen müssen.",Agriculture,1,Domestic,Domestic,Government,19227_Tagesordnungspunkt_33_LINKE_Tackmann_ID1922712200_06.05.2021.csv
31,Auch Kartellrecht und Entflechtung fehlen im Gesetz.,Agriculture,1,Domestic,Domestic,Government,19227_Tagesordnungspunkt_33_LINKE_Tackmann_ID1922712200_06.05.2021.csv
32,"Weil also auch dieser geänderte Gesetzentwurf bestenfalls einige Symptome lindert, können wir uns als Linke leider nur enthalten.",Agriculture,1,Domestic,Domestic,Government,19227_Tagesordnungspunkt_33_LINKE_Tackmann_ID1922712200_06.05.2021.csv
33,Vielen Dank für Ihre Aufmerksamkeit.,*,1,Domestic,Domestic,Government,19227_Tagesordnungspunkt_33_LINKE_Tackmann_ID1922712200_06.05.2021.csv
34,"Vielen Dank, Dr.",*,1,Domestic,Domestic,Government,19227_Tagesordnungspunkt_33_LINKE_Tackmann_ID1922712200_06.05.2021.csv
35,Kirsten Tackmann. – Die nächste Rednerin: für Bündnis 90/Die Grünen Katharina Dröge.,*,1,Domestic,Domestic,Government,19227_Tagesordnungspunkt_33_LINKE_Tackmann_ID1922712200_06.05.2021.csv
