,text,label_gold,segment_id,label_bert,label_parlbert,label_svm,speech_id
0,Sehr geehrter Herr Präsident!,*,0,Social,Social,Social,19224_Tagesordnungspunkt_11_none_Marks_ID1922401000_22.04.2021.csv
1,Liebe Kolleginnen und Kollegen!,*,0,Social,Social,Social,19224_Tagesordnungspunkt_11_none_Marks_ID1922401000_22.04.2021.csv
2,Heute beraten wir abschließend in zweiter und dritter Lesung eine große und wichtige Reform des achten Sozialgesetzbuchs: das Kinder- und Jugendstärkungsgesetz.,Social Welfare,0,Social,Social,Social,19224_Tagesordnungspunkt_11_none_Marks_ID1922401000_22.04.2021.csv
3,Darüber freue ich mich sehr; denn ich habe dieses Gesetz auf seinem langen Weg von Anfang an begleitet.,Social Welfare,0,Social,Social,Social,19224_Tagesordnungspunkt_11_none_Marks_ID1922401000_22.04.2021.csv
4,"Mit dieser komplexen Reform stärken wir Kinder, Jugendliche und Familien in unserem Land spürbar und langfristig.",Social Welfare,0,Social,Social,Social,19224_Tagesordnungspunkt_11_none_Marks_ID1922401000_22.04.2021.csv
5,Wir eröffnen für sie neue Chancen und Perspektiven.,Social Welfare,0,Social,Social,Social,19224_Tagesordnungspunkt_11_none_Marks_ID1922401000_22.04.2021.csv
6,"Wir stärken aber auch die vielen Mitarbeiterinnen und Mitarbeiter in der breit aufgestellten Kinder- und Jugendhilfe, und wir verzahnen Akteure an zentralen Schnittstellen miteinander.",Social Welfare,0,Social,Social,Social,19224_Tagesordnungspunkt_11_none_Marks_ID1922401000_22.04.2021.csv
7,So gelingt zum Beispiel ein noch besserer Kinderschutz.,Social Welfare,0,Social,Social,Social,19224_Tagesordnungspunkt_11_none_Marks_ID1922401000_22.04.2021.csv
8,"Im Bundesfamilienministerium haben wir gemeinsam mit den Koalitionsfraktionen entschieden, uns ausreichend Zeit für diese umfangreich angelegte Reform zu nehmen, und das Ergebnis gibt uns recht.",Social Welfare,0,Social,Social,Social,19224_Tagesordnungspunkt_11_none_Marks_ID1922401000_22.04.2021.csv
9,"Die vielen Verbesserungen, die der Gesetzentwurf für die Kinder- und Jugendhilfe schafft, lassen sich in fünf zentrale Bereiche einteilen: ein besserer Kinder- und Jugendschutz; die Stärkung von Kindern und Jugendlichen in Pflegefamilien und Einrichtungen der Erziehungshilfe; Hilfen aus einer Hand für Kinder und Jugendliche mit und ohne Behinderungen; mehr Prävention vor Ort und mehr Beteiligung von jungen Menschen, Eltern und Familien.",Social Welfare,0,Social,Social,Social,19224_Tagesordnungspunkt_11_none_Marks_ID1922401000_22.04.2021.csv
10,"Die Bedürfnisse der Kinder und Jugendlichen stehen dabei ganz besonders im Vordergrund, ganz im Sinne der UN-Kinderrechtskonvention.",Social Welfare,0,Social,Social,Social,19224_Tagesordnungspunkt_11_none_Marks_ID1922401000_22.04.2021.csv
11,"Der Gesetzentwurf hat ferner im Blick, dass Entscheidungen für Kinder, Jugendliche und Eltern nachvollziehbar sein müssen.",Social Welfare,0,Social,Social,Social,19224_Tagesordnungspunkt_11_none_Marks_ID1922401000_22.04.2021.csv
12,Es gibt erstmals ein Beschwerdemanagement über die Ombudsstellen.,Social Welfare,0,Social,Social,Social,19224_Tagesordnungspunkt_11_none_Marks_ID1922401000_22.04.2021.csv
13,"Liebe Kolleginnen und Kollegen, in der letzten Legislaturperiode wurde unsere Kinder- und Jugendhilfereform leider nicht abschließend im Bundesrat beraten.",Social Welfare,0,Social,Social,Social,19224_Tagesordnungspunkt_11_none_Marks_ID1922401000_22.04.2021.csv
14,"Für den zweiten Anlauf unseres Kinder- und Jugendstärkungsgesetzes haben wir uns entschieden, einen breiten Beteiligungsprozess vorzuschalten.",Social Welfare,0,Social,Social,Social,19224_Tagesordnungspunkt_11_none_Marks_ID1922401000_22.04.2021.csv
15,Der Dialogprozess „Mitreden – Mitgestalten: Die Zukunft der Kinder- und Jugendhilfe“ war über ein Jahr angelegt.,Social Welfare,0,Social,Social,Social,19224_Tagesordnungspunkt_11_none_Marks_ID1922401000_22.04.2021.csv
16,"Beteiligt waren Expertinnen und Experten aus Wissenschaft und Praxis, der Kinder- und Jugendhilfe, der Behindertenhilfe, der Gesundheitshilfe sowie Vertreter aus Bund, Ländern und Kommunen.",Social Welfare,0,Social,Social,Social,19224_Tagesordnungspunkt_11_none_Marks_ID1922401000_22.04.2021.csv
17,"Über 70 Personen haben zu thematischen Schwerpunkten miteinander diskutiert, sich eingebracht und gemeinsam mit uns im Ministerium um die wirklich besten Reformansätze gerungen.",Social Welfare,0,Social,Social,Social,19224_Tagesordnungspunkt_11_none_Marks_ID1922401000_22.04.2021.csv
18,"Weitere Akteure konnten sich schriftlich beteiligen, Ideen liefern und kritisch in Foren mitmischen.",Social Welfare,0,Social,Social,Social,19224_Tagesordnungspunkt_11_none_Marks_ID1922401000_22.04.2021.csv
19,Unglaublich viel Expertise ist in unser Kinder- und Jugendstärkungsgesetz eingeflossen.,Social Welfare,0,Social,Social,Social,19224_Tagesordnungspunkt_11_none_Marks_ID1922401000_22.04.2021.csv
20,"Ich durfte diesen Dialogprozess leiten, und ich möchte mich an dieser Stelle noch mal ausdrücklich bei allen Beteiligten ganz herzlich bedanken.",Social Welfare,0,Social,Social,Social,19224_Tagesordnungspunkt_11_none_Marks_ID1922401000_22.04.2021.csv
21,Und ich kann sagen: Dieser Prozess hat sich wirklich gelohnt.,Social Welfare,0,Social,Social,Social,19224_Tagesordnungspunkt_11_none_Marks_ID1922401000_22.04.2021.csv
22,Er war von sehr fachlichen und auch konstruktiven Beratungen geprägt.,Social Welfare,0,Social,Social,Social,19224_Tagesordnungspunkt_11_none_Marks_ID1922401000_22.04.2021.csv
23,Mein Dank gilt auch den Koalitionsfraktionen für die guten und konstruktiven Gespräche im parlamentarischen Verfahren.,Social Welfare,0,Social,Social,Social,19224_Tagesordnungspunkt_11_none_Marks_ID1922401000_22.04.2021.csv
24,"Namentlich erwähnen möchte ich die Berichterstatterin Ulrike Bahr für die SPD-Fraktion
sowie den Berichterstatter Marcus Weinberg für die CDU/CSU-Fraktion.",Social Welfare,0,Social,Social,Social,19224_Tagesordnungspunkt_11_none_Marks_ID1922401000_22.04.2021.csv
25,"Liebe Kolleginnen und Kollegen, heute schließen wir unsere gemeinsamen Beratungen ab.",Social Welfare,1,Civil,Government,International,19224_Tagesordnungspunkt_11_none_Marks_ID1922401000_22.04.2021.csv
26,"Das ist wirklich ein riesiger Erfolg, über den wir uns auch wirklich gemeinsam freuen können.",Social Welfare,1,Civil,Government,International,19224_Tagesordnungspunkt_11_none_Marks_ID1922401000_22.04.2021.csv
27,Herzlichen Dank.,*,1,Civil,Government,International,19224_Tagesordnungspunkt_11_none_Marks_ID1922401000_22.04.2021.csv
28,"Nächster Redner ist der Kollege Johannes Huber, AfD.",*,1,Civil,Government,International,19224_Tagesordnungspunkt_11_none_Marks_ID1922401000_22.04.2021.csv
