,text,label_gold,segment_id,label_bert,label_parlbert,label_svm,speech_id
0,Sehr geehrte Frau Präsidentin!,*,0,Domestic,Agriculture,Agriculture,19227_Tagesordnungspunkt_33_CDU_CSU_Stegemann_ID1922712400_06.05.2021.csv
1,Liebe Kolleginnen!,*,0,Domestic,Agriculture,Agriculture,19227_Tagesordnungspunkt_33_CDU_CSU_Stegemann_ID1922712400_06.05.2021.csv
2,Liebe Kollegen!,*,0,Domestic,Agriculture,Agriculture,19227_Tagesordnungspunkt_33_CDU_CSU_Stegemann_ID1922712400_06.05.2021.csv
3,"Wer politisch gestalten will, muss wissen, was den Menschen in diesem Land wichtig ist.",Agriculture,0,Domestic,Agriculture,Agriculture,19227_Tagesordnungspunkt_33_CDU_CSU_Stegemann_ID1922712400_06.05.2021.csv
4,"Also lohnt sich ein Blick darauf, wofür wir in Deutschland unser Geld ausgeben.",Agriculture,0,Domestic,Agriculture,Agriculture,19227_Tagesordnungspunkt_33_CDU_CSU_Stegemann_ID1922712400_06.05.2021.csv
5,"Laut Statistischem Bundesamt geben wir die Hälfte unseres Einkommens für unsere Grundbedürfnisse Wohnen, Energie und Nahrungsmittel aus.",Agriculture,0,Domestic,Agriculture,Agriculture,19227_Tagesordnungspunkt_33_CDU_CSU_Stegemann_ID1922712400_06.05.2021.csv
6,"Da wir es uns gern sehr schön einrichten, dem Nachbarn in nichts nachstehen wollen, da wir selbstverständlich nicht auf unser Auto und unseren hoffentlich bald wieder möglichen Urlaub verzichten wollen, bleiben für unsere Grundnahrungsmittel nur noch 15 Prozent. 15 Prozent der gesamten Konsumausgaben bleiben für Nahrungsmittel, Getränke und Tabakwaren.",Agriculture,0,Domestic,Agriculture,Agriculture,19227_Tagesordnungspunkt_33_CDU_CSU_Stegemann_ID1922712400_06.05.2021.csv
7,Bereinigt um die Genussmittel ist es noch mal deutlich weniger.,Agriculture,0,Domestic,Agriculture,Agriculture,19227_Tagesordnungspunkt_33_CDU_CSU_Stegemann_ID1922712400_06.05.2021.csv
8,Um das Jahr 1900 lag dieser Wert noch bei etwa 50 Prozent.,Agriculture,0,Domestic,Agriculture,Agriculture,19227_Tagesordnungspunkt_33_CDU_CSU_Stegemann_ID1922712400_06.05.2021.csv
9,Die Entwicklung von 50 Prozent auf 15 Prozent lässt sich mit nur einem Wort beschreiben: Wohlstand.,Agriculture,0,Domestic,Agriculture,Agriculture,19227_Tagesordnungspunkt_33_CDU_CSU_Stegemann_ID1922712400_06.05.2021.csv
10,"Wir konnten durch das günstige Angebot an Nahrungsmitteln immer mehr in andere Konsumgüter investieren, und der Motor unserer Konsumwirtschaft brummte.",Agriculture,0,Domestic,Agriculture,Agriculture,19227_Tagesordnungspunkt_33_CDU_CSU_Stegemann_ID1922712400_06.05.2021.csv
11,"Leider sind damit auch negative Konsequenzen verbunden: So sehnen sich viele nach dem Modell des Tante-Emma-Ladens; aber den gibt es nicht mehr – zu teuer, zu ineffizient, zu personalkostenintensiv.",Agriculture,0,Domestic,Agriculture,Agriculture,19227_Tagesordnungspunkt_33_CDU_CSU_Stegemann_ID1922712400_06.05.2021.csv
12,"Die Discounter waren geboren: größer, schneller, noch billiger.",Agriculture,0,Domestic,Agriculture,Agriculture,19227_Tagesordnungspunkt_33_CDU_CSU_Stegemann_ID1922712400_06.05.2021.csv
13,Geiz ist geil!,Agriculture,0,Domestic,Agriculture,Agriculture,19227_Tagesordnungspunkt_33_CDU_CSU_Stegemann_ID1922712400_06.05.2021.csv
14,Teuer war gestern!,Agriculture,0,Domestic,Agriculture,Agriculture,19227_Tagesordnungspunkt_33_CDU_CSU_Stegemann_ID1922712400_06.05.2021.csv
15,– Da ist ein „Wir lieben Lebensmittel“ für viele Produzenten wohl nur noch ein schwacher und ironischer Trost.,Agriculture,0,Domestic,Agriculture,Agriculture,19227_Tagesordnungspunkt_33_CDU_CSU_Stegemann_ID1922712400_06.05.2021.csv
16,Dennoch mache ich dem Lebensmitteleinzelhandel keinen Vorwurf.,Agriculture,0,Domestic,Agriculture,Agriculture,19227_Tagesordnungspunkt_33_CDU_CSU_Stegemann_ID1922712400_06.05.2021.csv
17,"Wer sich am täglich stattfindenden Angebotskampf um das günstigste Lebensmittel nicht beteiligt, verliert Marktanteile und verschwindet bald von den Werbeflächen, da der Umsatz ausbleibt.",Agriculture,0,Domestic,Agriculture,Agriculture,19227_Tagesordnungspunkt_33_CDU_CSU_Stegemann_ID1922712400_06.05.2021.csv
18,Man kann den Konkurrenzkampf im Lebensmitteleinzelhandel zu Recht und sehr zutreffend als Haifischbecken bezeichnen.,Agriculture,0,Domestic,Agriculture,Agriculture,19227_Tagesordnungspunkt_33_CDU_CSU_Stegemann_ID1922712400_06.05.2021.csv
19,"Inzwischen hat diese Situation dazu geführt, dass die vier großen Player 85 Prozent des Marktes unter sich aufteilen.",Agriculture,0,Domestic,Agriculture,Agriculture,19227_Tagesordnungspunkt_33_CDU_CSU_Stegemann_ID1922712400_06.05.2021.csv
20,Dadurch ist eine enorme Marktasymmetrie entstanden.,Agriculture,0,Domestic,Agriculture,Agriculture,19227_Tagesordnungspunkt_33_CDU_CSU_Stegemann_ID1922712400_06.05.2021.csv
21,"Unsere Bauern, aber auch Verarbeiter wie unsere Molkereien sind der Marktmacht des Handels viel zu oft unterlegen.",Agriculture,0,Domestic,Agriculture,Agriculture,19227_Tagesordnungspunkt_33_CDU_CSU_Stegemann_ID1922712400_06.05.2021.csv
22,David und Goliath lassen grüßen.,Agriculture,0,Domestic,Agriculture,Agriculture,19227_Tagesordnungspunkt_33_CDU_CSU_Stegemann_ID1922712400_06.05.2021.csv
23,Preisdruck ist in der Konsequenz eine Folge marktwirtschaftlichen Handelns.,Agriculture,0,Domestic,Agriculture,Agriculture,19227_Tagesordnungspunkt_33_CDU_CSU_Stegemann_ID1922712400_06.05.2021.csv
24,"Aber wo wir als Gesetzgeber nun nicht mehr wegschauen können, sind die daraus resultierenden unlauteren Handelspraktiken.",Agriculture,0,Domestic,Agriculture,Agriculture,19227_Tagesordnungspunkt_33_CDU_CSU_Stegemann_ID1922712400_06.05.2021.csv
25,"Wenn zum Beispiel bestellte verderbliche Ware kurzfristig storniert wird, der Lieferant also auf seiner Ware sitzen bleibt, oder wenn Rechnungen vom Käufer bewusst nicht bezahlt werden, nur um den Lieferanten unter Druck zu setzen, dann müssen wir handeln.",Agriculture,0,Domestic,Agriculture,Agriculture,19227_Tagesordnungspunkt_33_CDU_CSU_Stegemann_ID1922712400_06.05.2021.csv
26,"So verbieten wir im Agrarmarktstrukturgesetz eine ganze Liste von unlauteren Handelspraktiken, die eigentlich eine Selbstverständlichkeit für einen ehrbaren Kaufmann sein sollten.",Agriculture,0,Domestic,Agriculture,Agriculture,19227_Tagesordnungspunkt_33_CDU_CSU_Stegemann_ID1922712400_06.05.2021.csv
27,"Ich will mich an dieser Stelle ganz herzlich bei der Kollegin Ursula Schulte von der SPD dafür bedanken, dass wir diesen Zug erfolgreich auf die Schiene gesetzt haben.",Agriculture,0,Domestic,Agriculture,Agriculture,19227_Tagesordnungspunkt_33_CDU_CSU_Stegemann_ID1922712400_06.05.2021.csv
28,"Ich möchte mich aber auch bei unseren Wirtschaftspolitikern, insbesondere bei Matthias Heider, ganz herzlich bedanken, der uns in dieser Sache wirklich konstruktiv begleitet hat.",Agriculture,0,Domestic,Agriculture,Agriculture,19227_Tagesordnungspunkt_33_CDU_CSU_Stegemann_ID1922712400_06.05.2021.csv
29,"Ich freue mich, dass wir das alles so hinbekommen haben.",Agriculture,0,Domestic,Agriculture,Agriculture,19227_Tagesordnungspunkt_33_CDU_CSU_Stegemann_ID1922712400_06.05.2021.csv
30,Auf geht’s zu mehr Fairness im Lebensmitteleinzelhandel!,Agriculture,0,Domestic,Agriculture,Agriculture,19227_Tagesordnungspunkt_33_CDU_CSU_Stegemann_ID1922712400_06.05.2021.csv
31,Vielen Dank.,*,0,Domestic,Agriculture,Agriculture,19227_Tagesordnungspunkt_33_CDU_CSU_Stegemann_ID1922712400_06.05.2021.csv
