,text,label_gold,segment_id,label_bert,label_parlbert,label_svm,speech_id
0,Sehr geehrte Frau Präsidentin!,*,0,Health,Health,Health,19227_Tagesordnungspunkt_16_AfD_Schlund_ID1922708500_06.05.2021.csv
1,Werte Kollegen!,*,0,Health,Health,Health,19227_Tagesordnungspunkt_16_AfD_Schlund_ID1922708500_06.05.2021.csv
2,"Wer hätte das gedacht, dass Politiker durchaus vernünftige Vorschläge machen können?",Health,0,Health,Health,Health,19227_Tagesordnungspunkt_16_AfD_Schlund_ID1922708500_06.05.2021.csv
3,"Und damit meine ich nicht Ihre Anträge, die wir gerade diskutieren, sondern den Mediziner und Staatsrat Christoph Hufeland aus dem 19.",Health,0,Health,Health,Health,19227_Tagesordnungspunkt_16_AfD_Schlund_ID1922708500_06.05.2021.csv
4,Jahrhundert.,Health,0,Health,Health,Health,19227_Tagesordnungspunkt_16_AfD_Schlund_ID1922708500_06.05.2021.csv
5,Denn er postulierte: „Vorbeugen ist besser als Heilen!,Health,0,Health,Health,Health,19227_Tagesordnungspunkt_16_AfD_Schlund_ID1922708500_06.05.2021.csv
6,"“
Was uns von der AfD im Geiste mit ihm eint, ist, dass definitiv die Vorbeugung und Prävention einer langwierigen Behandlung von Krankheiten vorzuziehen ist.",Health,0,Health,Health,Health,19227_Tagesordnungspunkt_16_AfD_Schlund_ID1922708500_06.05.2021.csv
7,Im Übrigen haben wir diesen Ansatz bereits im Februar letzten Jahres hier an dieser Stelle vorgestellt.,Health,0,Health,Health,Health,19227_Tagesordnungspunkt_16_AfD_Schlund_ID1922708500_06.05.2021.csv
8,"Dabei spielen die drei Säulen eines effizienten Pandemiemanagements eine wichtige Rolle, nämlich, erstens, Prävention, zweitens, medikamentöse Behandlung und, drittens, internationale Forschung, zum Beispiel an gemeinsamen Impfstoffen.",Health,0,Health,Health,Health,19227_Tagesordnungspunkt_16_AfD_Schlund_ID1922708500_06.05.2021.csv
9,"Meine Damen und Herren, versuchen Sie doch erst einmal, die Pandemie in den Griff zu bekommen.",Health,0,Health,Health,Health,19227_Tagesordnungspunkt_16_AfD_Schlund_ID1922708500_06.05.2021.csv
10,"Und wenn Sie das geschafft haben,
dann können wir gerne über die Folge- und Kollateralschäden diskutieren, die für die Betroffenen wirklich sehr schlimm sind – aber sie werden in einem sehr guten Gesundheitssystem bereits versorgt.",Health,0,Health,Health,Health,19227_Tagesordnungspunkt_16_AfD_Schlund_ID1922708500_06.05.2021.csv
11,Einiges wurde hier auch auf den Weg gebracht.,Health,0,Health,Health,Health,19227_Tagesordnungspunkt_16_AfD_Schlund_ID1922708500_06.05.2021.csv
12,"Umso mehr ist es nicht zu verstehen, wieso bis heute immer noch nicht der Impfstoff Sputnik V zugelassen ist und wieso sich unsere Gesundheitsgremien überhaupt noch nicht mit dem zweiten russischen Impfstoff, EpiVacCorona, befasst haben.",Health,0,Health,Health,Health,19227_Tagesordnungspunkt_16_AfD_Schlund_ID1922708500_06.05.2021.csv
13,"Bereits Anfang April wurde von russischer Wissenschaftsseite mitgeteilt, dass dieser Impfstoff gegen alle Mutationen inklusive der südafrikanischen hochwirksam ist, und es ist mittlerweile auch bekannt, dass dieser kaum Nebenwirkungen hat.",Health,0,Health,Health,Health,19227_Tagesordnungspunkt_16_AfD_Schlund_ID1922708500_06.05.2021.csv
14,"Es zeichnet sich auch ab, dass damit nach einer Covid-Erkrankung deutlich weniger Post-Covid-Symptome auftreten würden.",Health,0,Health,Health,Health,19227_Tagesordnungspunkt_16_AfD_Schlund_ID1922708500_06.05.2021.csv
15,"Nun vermisse ich eigentlich Ihre Anträge hierzu; denn die Menschen haben nicht nur ein Recht auf Freiwilligkeit der Impfung, sondern eben auch ein Recht auf freie Wahl des Impfstoffs und des Impfstofftyps.",Civil Rights,0,Health,Health,Health,19227_Tagesordnungspunkt_16_AfD_Schlund_ID1922708500_06.05.2021.csv
16,"Würden Sie solche effizienten Anträge hier einbringen, könnten Sie das angeschlagene Vertrauen in die Impfpolitik wieder zurückgewinnen.",Civil Rights,0,Health,Health,Health,19227_Tagesordnungspunkt_16_AfD_Schlund_ID1922708500_06.05.2021.csv
17,Gestern diskutierten wir zum Beispiel über die Entlassungen in den Sana Kliniken.,Health,0,Health,Health,Health,19227_Tagesordnungspunkt_16_AfD_Schlund_ID1922708500_06.05.2021.csv
18,"Unter diesem Aspekt muss man sich schon fragen, ob einige der Antragsteller darüber nachgedacht haben, dass es gerade durch ihre Ideen zu einer weiteren Kommerzialisierung und Kapitalisierung im Krankenhausmarkt kommen wird.",Health,0,Health,Health,Health,19227_Tagesordnungspunkt_16_AfD_Schlund_ID1922708500_06.05.2021.csv
19,Deshalb lassen Sie mich mit einem Zitat – ich zitiere mit Erlaubnis der Frau Präsidentin – von Dr.,Health,0,Health,Health,Health,19227_Tagesordnungspunkt_16_AfD_Schlund_ID1922708500_06.05.2021.csv
20,"John Mandrola, Kardiologe aus Amerika und scharfer Kritiker einer Long-Covid-Strategie, enden:
Aus der Perspektive eines Krankenhaus-Betreibers bietet Long-COVID eine Gelegenheit, den Marktanteil zu erhöhen und Geld zu verdienen.",Health,0,Health,Health,Health,19227_Tagesordnungspunkt_16_AfD_Schlund_ID1922708500_06.05.2021.csv
21,"Dass das für Sie, liebe FDP, kein Problem darstellt, wundert mich, ehrlich gesagt, wirklich nicht.",Health,0,Health,Health,Health,19227_Tagesordnungspunkt_16_AfD_Schlund_ID1922708500_06.05.2021.csv
22,Aber bei den Kollegen der Linken mache ich mir da so meine Gedanken.,Health,0,Health,Health,Health,19227_Tagesordnungspunkt_16_AfD_Schlund_ID1922708500_06.05.2021.csv
23,"Denn bei so vielen links-marktliberalen Sorgen kann ich Ihre Kollegin, Frau Wagenknecht, manchmal durchaus verstehen.",Health,0,Health,Health,Health,19227_Tagesordnungspunkt_16_AfD_Schlund_ID1922708500_06.05.2021.csv
24,Der Überweisung stimmen wir zu.,Health,1,Government,Government,Government,19227_Tagesordnungspunkt_16_AfD_Schlund_ID1922708500_06.05.2021.csv
25,Vielen Dank.,*,1,Government,Government,Government,19227_Tagesordnungspunkt_16_AfD_Schlund_ID1922708500_06.05.2021.csv
26,Danke schön. – Das Wort geht an die Abgeordnete Bettina Müller von der SPD-Fraktion.,*,1,Government,Government,Government,19227_Tagesordnungspunkt_16_AfD_Schlund_ID1922708500_06.05.2021.csv
