,text,label_gold,segment_id,label_bert,label_parlbert,label_svm,speech_id
0,Sehr geehrte Frau Präsidentin!,*,0,Health,Health,Civil,19227_Tagesordnungspunkt_16_GRUENE_Klein-Schmeink_ID1922708800_06.05.2021.csv
1,Meine lieben Kolleginnen und Kollegen!,*,0,Health,Health,Civil,19227_Tagesordnungspunkt_16_GRUENE_Klein-Schmeink_ID1922708800_06.05.2021.csv
2,"Ich bin sehr dankbar für die beiden Anträge, die die Gelegenheit schaffen, hier auf die Probleme von Long Covid hinzuweisen und auch auf die Versorgungslücken, die wir derzeit in Deutschland an dieser Stelle haben.",Health,0,Health,Health,Civil,19227_Tagesordnungspunkt_16_GRUENE_Klein-Schmeink_ID1922708800_06.05.2021.csv
3,Dafür bin ich dankbar.,Health,0,Health,Health,Civil,19227_Tagesordnungspunkt_16_GRUENE_Klein-Schmeink_ID1922708800_06.05.2021.csv
4,"Ich wundere mich ein bisschen, dass diese ganzen Themen, die wir jetzt zur Sprache bringen, heute Morgen in der Aktuellen Stunde und in der Diskussion über Geimpfte und Nichtgeimpfte und die Verfassungseingriffe, Grundrechtseingriffe keine Rolle gespielt haben.",Health,0,Health,Health,Civil,19227_Tagesordnungspunkt_16_GRUENE_Klein-Schmeink_ID1922708800_06.05.2021.csv
5,"Gerade die Folgen von Long Covid sind ja ein wichtiger Grund, warum wir den Gesundheitsschutz so verdammt ernst nehmen müssen.",Health,0,Health,Health,Civil,19227_Tagesordnungspunkt_16_GRUENE_Klein-Schmeink_ID1922708800_06.05.2021.csv
6,Das an die Adresse der beiden Antragsteller.,Health,0,Health,Health,Civil,19227_Tagesordnungspunkt_16_GRUENE_Klein-Schmeink_ID1922708800_06.05.2021.csv
7,"Insgesamt sehen wir, dass die Folgen von Long Covid durchaus massiv sein können, und wir können im Moment auch noch nicht wirklich überschauen, wie lange sie eigentlich anhalten werden.",Health,0,Health,Health,Civil,19227_Tagesordnungspunkt_16_GRUENE_Klein-Schmeink_ID1922708800_06.05.2021.csv
8,"Wenn wir von neurologischen Ausfallerscheinungen sprechen, wenn wir von Depression sprechen, wenn wir davon sprechen, dass Menschen Konzentrationsstörungen haben, wenn sie Kopfschmerzen haben, dauerhaft und in einem ganz großen Umfang, dann muss man sagen: Das sind schon sehr ernstzunehmende Beeinträchtigungen für diese Menschen, und in der Tat ist für viele noch nicht klar, wie lange das andauern wird.",Health,0,Health,Health,Civil,19227_Tagesordnungspunkt_16_GRUENE_Klein-Schmeink_ID1922708800_06.05.2021.csv
9,Sie sind deshalb auf eine gute Versorgung angewiesen.,Health,0,Health,Health,Civil,19227_Tagesordnungspunkt_16_GRUENE_Klein-Schmeink_ID1922708800_06.05.2021.csv
10,"Und da, Herr Albani und Frau Müller, muss ich sagen: Nein, es steht nicht zum Besten um die Forschung.",Health,0,Health,Health,Civil,19227_Tagesordnungspunkt_16_GRUENE_Klein-Schmeink_ID1922708800_06.05.2021.csv
11,"Ja, es gibt Forschungsprogramme.",Health,0,Health,Health,Civil,19227_Tagesordnungspunkt_16_GRUENE_Klein-Schmeink_ID1922708800_06.05.2021.csv
12,"Dabei geht es aber um die Akutversorgung von Infizierten und ganz wenig darum, wie die Nachsorge insgesamt aussehen muss und wie insgesamt mit Long Covid umgegangen werden muss.",Health,0,Health,Health,Civil,19227_Tagesordnungspunkt_16_GRUENE_Klein-Schmeink_ID1922708800_06.05.2021.csv
13,Das ist nicht Teil dieser Programme.,Health,0,Health,Health,Civil,19227_Tagesordnungspunkt_16_GRUENE_Klein-Schmeink_ID1922708800_06.05.2021.csv
14,"Wir haben das hier abgefragt, und ich persönlich muss sagen: Ich war mehr als erschrocken, als ich die Antworten auf unsere Kleine Anfrage erhalten habe, wie wenig die Bundesregierung weiß und wie wenig sie dafür tut, das Wissen tatsächlich systematisch zu erweitern.",Health,0,Health,Health,Civil,19227_Tagesordnungspunkt_16_GRUENE_Klein-Schmeink_ID1922708800_06.05.2021.csv
15,Da besteht Handlungsbedarf.,Health,0,Health,Health,Civil,19227_Tagesordnungspunkt_16_GRUENE_Klein-Schmeink_ID1922708800_06.05.2021.csv
16,"Genauso besteht Handlungsbedarf bei den vielen Ambulanzen, die es an den Unikliniken in der Tat ja schon gibt.",Health,0,Health,Health,Civil,19227_Tagesordnungspunkt_16_GRUENE_Klein-Schmeink_ID1922708800_06.05.2021.csv
17,"Die sind aber nicht durchfinanziert, sondern in der Regel kommt es zu einem Verschieben von einem Arbeitsfeld zu einem anderen Arbeitsfeld.",Health,0,Health,Health,Civil,19227_Tagesordnungspunkt_16_GRUENE_Klein-Schmeink_ID1922708800_06.05.2021.csv
18,Man hat einfach einen anderen Schwerpunkt gesetzt.,Health,0,Health,Health,Civil,19227_Tagesordnungspunkt_16_GRUENE_Klein-Schmeink_ID1922708800_06.05.2021.csv
19,Dann entstehen aber natürlich Lücken in diesem Bereich.,Health,0,Health,Health,Civil,19227_Tagesordnungspunkt_16_GRUENE_Klein-Schmeink_ID1922708800_06.05.2021.csv
20,"Insofern stellt sich die Frage: Wie gehen wir mit der Versorgung von circa 300 000 Menschen, die bis jetzt betroffen sein werden, um?",Health,0,Health,Health,Civil,19227_Tagesordnungspunkt_16_GRUENE_Klein-Schmeink_ID1922708800_06.05.2021.csv
21,"Das ist nicht geregelt, und deshalb werden wir sehr deutlich darüber sprechen müssen.",Health,0,Health,Health,Civil,19227_Tagesordnungspunkt_16_GRUENE_Klein-Schmeink_ID1922708800_06.05.2021.csv
22,"Vor einem möchte ich dringend warnen: Wir haben mit den ME/CFS-Erkrankten ganz massive und abschreckende Beispiele dafür, was passiert, wenn sich dieses Gesundheitswesen einer Erkrankung nicht stellt.",Health,0,Health,Health,Civil,19227_Tagesordnungspunkt_16_GRUENE_Klein-Schmeink_ID1922708800_06.05.2021.csv
23,Kommen Sie bitte zum Ende.,*,0,Health,Health,Civil,19227_Tagesordnungspunkt_16_GRUENE_Klein-Schmeink_ID1922708800_06.05.2021.csv
24,"Das sind Menschen mit einem Fatigue-Syndrom, die seit Jahrzehnten auf eine gute Versorgung warten.",Health,0,Health,Health,Civil,19227_Tagesordnungspunkt_16_GRUENE_Klein-Schmeink_ID1922708800_06.05.2021.csv
25,"In diesem Sinne kann uns das nur Warnung sein, und gleichzeitig muss das Auftrag sein, für eine gute Versorgung all dieser Gruppen zu sorgen.",Health,0,Health,Health,Civil,19227_Tagesordnungspunkt_16_GRUENE_Klein-Schmeink_ID1922708800_06.05.2021.csv
26,Danke schön. – Das Wort geht an die CDU/CSU-Fraktion mit Erwin Rüddel.,*,0,Health,Health,Civil,19227_Tagesordnungspunkt_16_GRUENE_Klein-Schmeink_ID1922708800_06.05.2021.csv
