,text,label_gold,segment_id,label_bert,label_parlbert,label_svm,speech_id
0,Sehr geehrte Frau Präsidentin!,*,0,Agriculture,Agriculture,Agriculture,19227_Tagesordnungspunkt_33_GRUENE_Droege_ID1922712300_06.05.2021.csv
1,Liebe Kolleginnen und Kollegen!,*,0,Agriculture,Agriculture,Agriculture,19227_Tagesordnungspunkt_33_GRUENE_Droege_ID1922712300_06.05.2021.csv
2,"Es ist gut, dass wir uns an bestimmten Punkten hier im Parlament einigermaßen einig sind.",Agriculture,0,Agriculture,Agriculture,Agriculture,19227_Tagesordnungspunkt_33_GRUENE_Droege_ID1922712300_06.05.2021.csv
3,"Wir sind uns mittlerweile einig, dass es nicht akzeptabel ist, wenn Bäuerinnen und Bauern für den Liter Milch so wenig ausgezahlt bekommen, dass sie damit noch nicht mal ihre eigenen Herstellungskosten decken können.",Agriculture,0,Agriculture,Agriculture,Agriculture,19227_Tagesordnungspunkt_33_GRUENE_Droege_ID1922712300_06.05.2021.csv
4,"Wir sind uns mittlerweile einig, dass es nicht akzeptabel ist, wenn immer mehr Bäuerinnen und Bauern in diesem Land ihre Betriebe aufgeben müssen, weil sie nicht in der Lage sind, von ihrer eigenen Arbeit noch leben zu können.",Agriculture,0,Agriculture,Agriculture,Agriculture,19227_Tagesordnungspunkt_33_GRUENE_Droege_ID1922712300_06.05.2021.csv
5,"Liebe Kolleginnen und Kollegen, eine vielfältige, eine regionale, eine faire Landwirtschaft ist nötig in unserem Land.",Agriculture,0,Agriculture,Agriculture,Agriculture,19227_Tagesordnungspunkt_33_GRUENE_Droege_ID1922712300_06.05.2021.csv
6,"Aber dafür braucht es eben auch einen Markt, der funktioniert.",Agriculture,0,Agriculture,Agriculture,Agriculture,19227_Tagesordnungspunkt_33_GRUENE_Droege_ID1922712300_06.05.2021.csv
7,"Und das ist etwas, was nicht der Fall war.",Agriculture,0,Agriculture,Agriculture,Agriculture,19227_Tagesordnungspunkt_33_GRUENE_Droege_ID1922712300_06.05.2021.csv
8,"Angesichts einer immensen Marktmacht von wenigen großen Supermärkten auf der einen Seite und sehr vielen, auch kleinen Landwirten auf der anderen Seite haben wir in den letzten Jahren ein eklatantes Marktversagen beobachtet.",Agriculture,0,Agriculture,Agriculture,Agriculture,19227_Tagesordnungspunkt_33_GRUENE_Droege_ID1922712300_06.05.2021.csv
9,"Es ist gut, dass das Parlament jetzt endlich den Mut hat, hier Regeln zu erlassen, die dem entgegenwirken.",Agriculture,0,Agriculture,Agriculture,Agriculture,19227_Tagesordnungspunkt_33_GRUENE_Droege_ID1922712300_06.05.2021.csv
10,Ich sage „endlich“; denn das Ganze war ein Prozess mit vielen kleinen Schritten.,Agriculture,0,Agriculture,Agriculture,Agriculture,19227_Tagesordnungspunkt_33_GRUENE_Droege_ID1922712300_06.05.2021.csv
11,"Ich erinnere mich noch sehr gut daran, wie ich vor ungefähr einem Jahr in der Fragestunde des Bundestages Frau Ministerin Klöckner die Frage gestellt habe, ob es nicht angesichts der immensen Marktmacht der Supermärkte notwendig wäre, mehr zu tun als die Minimalumsetzung einer EU-Richtlinie.",Agriculture,0,Agriculture,Agriculture,Agriculture,19227_Tagesordnungspunkt_33_GRUENE_Droege_ID1922712300_06.05.2021.csv
12,"Sehr geehrte Damen und Herren, ich erspare Ihnen die ganze Antwort; sie war nämlich ziemlich lang und nur einigermaßen freundlich.",Agriculture,0,Agriculture,Agriculture,Agriculture,19227_Tagesordnungspunkt_33_GRUENE_Droege_ID1922712300_06.05.2021.csv
13,"Aber die Ministerin hat sehr klar gesagt, dass sie keinen weiteren Handlungsbedarf sieht.",Agriculture,0,Agriculture,Agriculture,Agriculture,19227_Tagesordnungspunkt_33_GRUENE_Droege_ID1922712300_06.05.2021.csv
14,"Aus diesem Grund, sehr geehrte Kolleginnen und Kollegen von den Koalitionsfraktionen, bedanke ich mich wirklich ganz herzlich, dass Sie den Mut gefunden haben, weiterzugehen, dass Sie den Mut gefunden haben, Regelungen zu erlassen, die wirklich in der Lage sein könnten, die Landwirtinnen und Landwirte in diesem Land zu schützen und zu unterstützen.",Agriculture,0,Agriculture,Agriculture,Agriculture,19227_Tagesordnungspunkt_33_GRUENE_Droege_ID1922712300_06.05.2021.csv
15,"Es ist richtig – wir haben es lange von Ihnen gefordert –, eine Ombudsstelle einzurichten, an die die Bäuerinnen und Bauern sich auch anonym wenden können, eine Ombudsstelle, die nun auch die Aufgabe hat, Preise zu beobachten; denn nur wenn wir wissen, wie die Preise sind, nur wenn wir definieren, was faire Preise sind, können wir auch den Durchsetzungsbehörden die Instrumente an die Hand geben, um Marktmachtmissbrauch effektiv festzustellen.",Agriculture,0,Agriculture,Agriculture,Agriculture,19227_Tagesordnungspunkt_33_GRUENE_Droege_ID1922712300_06.05.2021.csv
16,Hier hätten Sie allerdings die Aufgaben klarer beschreiben müssen.,Agriculture,0,Agriculture,Agriculture,Agriculture,19227_Tagesordnungspunkt_33_GRUENE_Droege_ID1922712300_06.05.2021.csv
17,Das wäre ein notwendiger Schritt gewesen.,Agriculture,0,Agriculture,Agriculture,Agriculture,19227_Tagesordnungspunkt_33_GRUENE_Droege_ID1922712300_06.05.2021.csv
18,"Es ist auch richtig, dass Sie sich dazu durchgerungen haben, die Liste der unfairen Handelspraktiken zu erweitern auf die sogenannten grauen Handelspraktiken.",Agriculture,0,Agriculture,Agriculture,Agriculture,19227_Tagesordnungspunkt_33_GRUENE_Droege_ID1922712300_06.05.2021.csv
19,"Schade ist es, dass Sie nicht den ganzen Schritt gemacht haben.",Agriculture,0,Agriculture,Agriculture,Agriculture,19227_Tagesordnungspunkt_33_GRUENE_Droege_ID1922712300_06.05.2021.csv
20,"Schade ist es, dass Sie nur die halbe Liste der unfairen grauen Handelspraktiken verboten haben.",Agriculture,0,Agriculture,Agriculture,Agriculture,19227_Tagesordnungspunkt_33_GRUENE_Droege_ID1922712300_06.05.2021.csv
21,"Auch dass man die Landwirte dafür zahlen lässt, dass die Supermärkte ihre Produkte bewerben, auch dass man die Landwirte weiterhin nicht vollständig von den Zahlungen für Listungen ausschließt, hätten Sie verbieten müssen.",Agriculture,0,Agriculture,Agriculture,Agriculture,19227_Tagesordnungspunkt_33_GRUENE_Droege_ID1922712300_06.05.2021.csv
22,"Das wäre ein notwendiger Schritt gewesen, um die Bäuerinnen und Bauern zu unterstützen.",Agriculture,0,Agriculture,Agriculture,Agriculture,19227_Tagesordnungspunkt_33_GRUENE_Droege_ID1922712300_06.05.2021.csv
23,Zum Letzten.,Agriculture,0,Agriculture,Agriculture,Agriculture,19227_Tagesordnungspunkt_33_GRUENE_Droege_ID1922712300_06.05.2021.csv
24,"Es ist nahezu eine Revolution, dass Sie jetzt zumindest als Prüfauftrag in Ihren Änderungsantrag aufgenommen haben, dass es ein Verbot des Verkaufs unter Herstellungskosten geben soll.",Agriculture,0,Agriculture,Agriculture,Agriculture,19227_Tagesordnungspunkt_33_GRUENE_Droege_ID1922712300_06.05.2021.csv
25,"Ich erinnere mich noch sehr gut daran, wie viel Spott und Häme uns Grünen entgegengeschlagen ist, als wir vor zwei Jahren diesen Vorschlag gemacht haben.",Agriculture,0,Agriculture,Agriculture,Agriculture,19227_Tagesordnungspunkt_33_GRUENE_Droege_ID1922712300_06.05.2021.csv
26,"Es ist richtig, es ist wichtig, es ist sogar wettbewerbsrechtlich geboten, dass man den Missbrauch von Marktmacht so definiert, dass es unfair ist, wenn man Produkte im Supermarkt verkauft, die noch nicht mal die Herstellungskosten der Landwirte decken.",Agriculture,0,Agriculture,Agriculture,Agriculture,19227_Tagesordnungspunkt_33_GRUENE_Droege_ID1922712300_06.05.2021.csv
27,"Das ist Marktmachtmissbrauch, der reguliert werden muss.",Agriculture,0,Agriculture,Agriculture,Agriculture,19227_Tagesordnungspunkt_33_GRUENE_Droege_ID1922712300_06.05.2021.csv
28,"Hier sollten Sie sich nicht nur mit einem Prüfauftrag zufriedengeben, sondern hier können Sie endlich handeln.",Agriculture,0,Agriculture,Agriculture,Agriculture,19227_Tagesordnungspunkt_33_GRUENE_Droege_ID1922712300_06.05.2021.csv
29,"Das ist nämlich am Ende das entscheidende Instrument, was den Landwirten in diesem Land wirklich helfen würde.",Agriculture,0,Agriculture,Agriculture,Agriculture,19227_Tagesordnungspunkt_33_GRUENE_Droege_ID1922712300_06.05.2021.csv
30,"Vielen Dank, Katharina Dröge. – Nächster Redner: für die CDU/CSU-Fraktion Albert Stegemann.",*,0,Agriculture,Agriculture,Agriculture,19227_Tagesordnungspunkt_33_GRUENE_Droege_ID1922712300_06.05.2021.csv
