,text,label_gold,segment_id,label_bert,label_parlbert,label_svm,speech_id
0,Frau Präsidentin!,*,0,Health,Health,Government,19227_Tagesordnungspunkt_16_SPD_Mattheis_ID1922709000_06.05.2021.csv
1,Liebe Kolleginnen und Kollegen!,*,0,Health,Health,Government,19227_Tagesordnungspunkt_16_SPD_Mattheis_ID1922709000_06.05.2021.csv
2,"Ich betrachte die hier eingebrachten Anträge als Unterstützung dessen, was wir bereits auf den Weg gebracht haben, und ich finde es gut, dass wir uns im Rahmen der vierten Coronadebatte hier heute auch mit diesem Thema beschäftigen; denn jedes Schicksal ist wichtig.",Health,0,Health,Health,Government,19227_Tagesordnungspunkt_16_SPD_Mattheis_ID1922709000_06.05.2021.csv
3,"Sicherlich kennen wir den einen oder anderen Fall auch aus unserer unmittelbaren Umgebung, dass Monate nach einer Coronaerkrankung immer noch Atemnot existiert, die Haare ausfallen und viele andere Nebenerscheinungen sich im täglichen Leben zeigen und das tägliche Leben und die Teilhabe an der Arbeitswelt erschweren.",Health,0,Health,Health,Government,19227_Tagesordnungspunkt_16_SPD_Mattheis_ID1922709000_06.05.2021.csv
4,"Es ist unsere Aufgabe und unser Auftrag, dafür zu sorgen, dass wir genügend Forschungsunterlagen haben, dass möglichst viele und umfassende Therapie- und Reha-Angebote gemacht werden usw., und dem stellen wir uns.",Health,0,Health,Health,Government,19227_Tagesordnungspunkt_16_SPD_Mattheis_ID1922709000_06.05.2021.csv
5,"Dass wir uns dem stellen, zeigt die Antwort der Bundesregierung auf die Kleine Anfrage der Grünen.",Health,0,Health,Health,Government,19227_Tagesordnungspunkt_16_SPD_Mattheis_ID1922709000_06.05.2021.csv
6,"Man sagt ja so schön: Lesen bildet. – Ich empfehle, die Antworten zu lesen.",Health,0,Health,Health,Government,19227_Tagesordnungspunkt_16_SPD_Mattheis_ID1922709000_06.05.2021.csv
7,"Ich bin keine Regierungssprecherin, will aber doch sagen: Die Antworten auf diese Kleine Anfrage geben durchaus einen Einblick in das, was bisher schon auf den Weg gebracht worden ist.",Health,0,Health,Health,Government,19227_Tagesordnungspunkt_16_SPD_Mattheis_ID1922709000_06.05.2021.csv
8,"Ich finde, im Bereich der Versorgung, im Bereich der Forschung und auch in Bezug auf unsere Aufgabe als Parlament haben wir uns da ganz gut auf den Weg gemacht.",Health,0,Health,Health,Government,19227_Tagesordnungspunkt_16_SPD_Mattheis_ID1922709000_06.05.2021.csv
9,"Egal ob die Charité, die Uniklinik Köln, das Universitätsklinikum Freiburg oder die Gesundheitsforschungszentren: Alle beteiligen sich.",Health,0,Health,Health,Government,19227_Tagesordnungspunkt_16_SPD_Mattheis_ID1922709000_06.05.2021.csv
10,"Vielleicht geschieht das noch nicht in genügendem Umfang, und vielleicht haben wir auch die Vernetzung noch nicht ausreichend sichergestellt.",Health,0,Health,Health,Government,19227_Tagesordnungspunkt_16_SPD_Mattheis_ID1922709000_06.05.2021.csv
11,Das mag unsere Aufgabe sein; dieser wollen wir uns gerne annehmen.,Health,0,Health,Health,Government,19227_Tagesordnungspunkt_16_SPD_Mattheis_ID1922709000_06.05.2021.csv
12,"Wir haben uns aber auf den Weg gemacht, seitdem die ersten Nacherkrankungen bzw.",Health,0,Health,Health,Government,19227_Tagesordnungspunkt_16_SPD_Mattheis_ID1922709000_06.05.2021.csv
13,"Folgeerscheinungen offenbar geworden sind, und das ist auch gut und richtig so.",Health,0,Health,Health,Government,19227_Tagesordnungspunkt_16_SPD_Mattheis_ID1922709000_06.05.2021.csv
14,"Ich finde, das darf man nicht kleinreden.",Health,0,Health,Health,Government,19227_Tagesordnungspunkt_16_SPD_Mattheis_ID1922709000_06.05.2021.csv
15,"Man sollte sich immer weiter anspornen, und das wollen wir auch gerne tun.",Health,0,Health,Health,Government,19227_Tagesordnungspunkt_16_SPD_Mattheis_ID1922709000_06.05.2021.csv
16,"Ich will jetzt hinsichtlich der Versorgung gerne auf einen Punkt aufmerksam machen, der im FDP-Antrag zu finden ist.",Health,0,Health,Health,Government,19227_Tagesordnungspunkt_16_SPD_Mattheis_ID1922709000_06.05.2021.csv
17,"Dort steht, dass Sie im SGB V hinter dem § 116 auch einen § 116c einfügen wollen.",Health,0,Health,Health,Government,19227_Tagesordnungspunkt_16_SPD_Mattheis_ID1922709000_06.05.2021.csv
18,"Es gibt bereits den § 116b, nach dem die Möglichkeit der Vernetzung von ambulanten und stationären Angeboten besteht.",Health,0,Health,Health,Government,19227_Tagesordnungspunkt_16_SPD_Mattheis_ID1922709000_06.05.2021.csv
19,Es macht mich irgendwie ein bisschen – wie soll ich sagen?,Health,0,Health,Health,Government,19227_Tagesordnungspunkt_16_SPD_Mattheis_ID1922709000_06.05.2021.csv
20,"– ratlos, dass Sie ausgerechnet für Corona einen Sonderparagrafen – den § 116c – einbauen wollen, um einen besonderen Leistungsanspruch generieren zu können.",Health,0,Health,Health,Government,19227_Tagesordnungspunkt_16_SPD_Mattheis_ID1922709000_06.05.2021.csv
21,"Das ist nicht einsehbar, weil man die Erkrankung Corona durchaus in § 116b aufnehmen kann, und man kann auch Wert darauf legen, dass nicht sämtliche Leistungserbringer im Krankenhauswesen davon profitieren, sondern die zugelassenen Krankenhäuser, die sich jetzt schon auf den Weg machen.",Health,0,Health,Health,Government,19227_Tagesordnungspunkt_16_SPD_Mattheis_ID1922709000_06.05.2021.csv
22,Ich sage: Lesen Sie die Antwort auf die Kleine Anfrage.,Health,0,Health,Health,Government,19227_Tagesordnungspunkt_16_SPD_Mattheis_ID1922709000_06.05.2021.csv
23,Ich sage Ihnen gerne die Drucksachennummer: 19/28419.,Health,0,Health,Health,Government,19227_Tagesordnungspunkt_16_SPD_Mattheis_ID1922709000_06.05.2021.csv
24,Dann kommen wir da zusammen und können gemeinsam auf dieser Grundlage die nächsten Schritte miteinander planen.,Health,0,Health,Health,Government,19227_Tagesordnungspunkt_16_SPD_Mattheis_ID1922709000_06.05.2021.csv
25,Vielen Dank.,*,0,Health,Health,Government,19227_Tagesordnungspunkt_16_SPD_Mattheis_ID1922709000_06.05.2021.csv
26,Danke sehr. – Zum Abschluss der Debatte bekommt Erich Irlstorfer von der CDU/CSU-Fraktion das Wort.,*,0,Health,Health,Government,19227_Tagesordnungspunkt_16_SPD_Mattheis_ID1922709000_06.05.2021.csv
