,text,label_gold,segment_id,label_bert,label_parlbert,label_svm,speech_id
0,Frau Präsidentin!,*,0,Agriculture,Agriculture,Agriculture,19227_Tagesordnungspunkt_33_CDU_CSU_Connemann_ID1922711800_06.05.2021.csv
1,Meine Damen und Herren!,*,0,Agriculture,Agriculture,Agriculture,19227_Tagesordnungspunkt_33_CDU_CSU_Connemann_ID1922711800_06.05.2021.csv
2,Wir lieben Lebensmittel: Diesen Satz kann sicherlich jeder von uns unterzeichnen.,Agriculture,0,Agriculture,Agriculture,Agriculture,19227_Tagesordnungspunkt_33_CDU_CSU_Connemann_ID1922711800_06.05.2021.csv
3,Denn wer liebt keine Lebensmittel?,Agriculture,0,Agriculture,Agriculture,Agriculture,19227_Tagesordnungspunkt_33_CDU_CSU_Connemann_ID1922711800_06.05.2021.csv
4,"Jeder will genießen, jeder will essen, jeder will sich gesund ernähren.",Agriculture,0,Agriculture,Agriculture,Agriculture,19227_Tagesordnungspunkt_33_CDU_CSU_Connemann_ID1922711800_06.05.2021.csv
5,Alles das ist möglich mit Lebensmitteln aus Deutschland.,Agriculture,0,Agriculture,Agriculture,Agriculture,19227_Tagesordnungspunkt_33_CDU_CSU_Connemann_ID1922711800_06.05.2021.csv
6,Noch nie waren diese so sicher wie heute; das bestätigt das Bundesinstitut für Risikobewertung.,Agriculture,0,Agriculture,Agriculture,Agriculture,19227_Tagesordnungspunkt_33_CDU_CSU_Connemann_ID1922711800_06.05.2021.csv
7,"Noch nie wurde ihnen so vertraut wie heute, und zwar weltweit.",Agriculture,0,Agriculture,Agriculture,Agriculture,19227_Tagesordnungspunkt_33_CDU_CSU_Connemann_ID1922711800_06.05.2021.csv
8,Lebensmittel made in Germany sind heiß begehrt.,Agriculture,0,Agriculture,Agriculture,Agriculture,19227_Tagesordnungspunkt_33_CDU_CSU_Connemann_ID1922711800_06.05.2021.csv
9,Aber wie zeigt sich diese Liebe?,Agriculture,0,Agriculture,Agriculture,Agriculture,19227_Tagesordnungspunkt_33_CDU_CSU_Connemann_ID1922711800_06.05.2021.csv
10,Durch das Verhalten an der Kasse?,Agriculture,0,Agriculture,Agriculture,Agriculture,19227_Tagesordnungspunkt_33_CDU_CSU_Connemann_ID1922711800_06.05.2021.csv
11,Nein.,Agriculture,0,Agriculture,Agriculture,Agriculture,19227_Tagesordnungspunkt_33_CDU_CSU_Connemann_ID1922711800_06.05.2021.csv
12,In kaum einem Land wird weniger für Essen und Trinken ausgegeben als in Deutschland – knapp 10 Prozent des Haushaltseinkommens.,Agriculture,0,Agriculture,Agriculture,Agriculture,19227_Tagesordnungspunkt_33_CDU_CSU_Connemann_ID1922711800_06.05.2021.csv
13,"Ramschpreise machen es möglich, zum Beispiel morgen: 1 Kilo Schweinenacken für 3,99 Euro.",Agriculture,0,Agriculture,Agriculture,Agriculture,19227_Tagesordnungspunkt_33_CDU_CSU_Connemann_ID1922711800_06.05.2021.csv
14,"Was nichts kostet, scheint nichts wert zu sein.",Agriculture,0,Agriculture,Agriculture,Agriculture,19227_Tagesordnungspunkt_33_CDU_CSU_Connemann_ID1922711800_06.05.2021.csv
15,"Im Schnitt wirft jeder Verbraucher 76 Kilo pro Jahr in den Müll – insgesamt 6,1 Millionen Tonnen an Energie, an CO
Wie zeigt der Handel seine Liebe?",Agriculture,0,Agriculture,Agriculture,Agriculture,19227_Tagesordnungspunkt_33_CDU_CSU_Connemann_ID1922711800_06.05.2021.csv
16,Durch Fairness?,Agriculture,0,Agriculture,Agriculture,Agriculture,19227_Tagesordnungspunkt_33_CDU_CSU_Connemann_ID1922711800_06.05.2021.csv
17,Beim Handel vor Ort bestimmt.,Agriculture,0,Agriculture,Agriculture,Agriculture,19227_Tagesordnungspunkt_33_CDU_CSU_Connemann_ID1922711800_06.05.2021.csv
18,"Er kauft regional zu, er sucht die Partnerschaft mit dem Landwirt, mit dem Bäcker, mit den Metzgern.",Agriculture,0,Agriculture,Agriculture,Agriculture,19227_Tagesordnungspunkt_33_CDU_CSU_Connemann_ID1922711800_06.05.2021.csv
19,Aber wie ist es bei den Großen?,Agriculture,0,Agriculture,Agriculture,Agriculture,19227_Tagesordnungspunkt_33_CDU_CSU_Connemann_ID1922711800_06.05.2021.csv
20,Fairness?,Agriculture,0,Agriculture,Agriculture,Agriculture,19227_Tagesordnungspunkt_33_CDU_CSU_Connemann_ID1922711800_06.05.2021.csv
21,Augenhöhe?,Agriculture,0,Agriculture,Agriculture,Agriculture,19227_Tagesordnungspunkt_33_CDU_CSU_Connemann_ID1922711800_06.05.2021.csv
22,Nein.,Agriculture,0,Agriculture,Agriculture,Agriculture,19227_Tagesordnungspunkt_33_CDU_CSU_Connemann_ID1922711800_06.05.2021.csv
23,David tritt gegen Goliath an.,Agriculture,0,Agriculture,Agriculture,Agriculture,19227_Tagesordnungspunkt_33_CDU_CSU_Connemann_ID1922711800_06.05.2021.csv
24,"Zehntausende von Produzenten gegen vier Riesen, die 85 Prozent des Marktes in der Hand halten und immer noch mehr wollen.",Agriculture,0,Agriculture,Agriculture,Agriculture,19227_Tagesordnungspunkt_33_CDU_CSU_Connemann_ID1922711800_06.05.2021.csv
25,Dafür führen sie brutale Kämpfe auf dem Rücken von Landwirten und Lieferanten.,Agriculture,0,Agriculture,Agriculture,Agriculture,19227_Tagesordnungspunkt_33_CDU_CSU_Connemann_ID1922711800_06.05.2021.csv
26,Deshalb bauen wir heute für sie einen Schutzwall.,Agriculture,0,Agriculture,Agriculture,Agriculture,19227_Tagesordnungspunkt_33_CDU_CSU_Connemann_ID1922711800_06.05.2021.csv
27,Deshalb haben wir den Gesetzentwurf der Bundesregierung noch einmal verschärft.,Agriculture,0,Agriculture,Agriculture,Agriculture,19227_Tagesordnungspunkt_33_CDU_CSU_Connemann_ID1922711800_06.05.2021.csv
28,"Mein besonderer Dank gilt insoweit unserem Berichterstatter Albert Stegemann, aber auch unserer Kollegin Ursula Schulte.",Agriculture,0,Agriculture,Agriculture,Agriculture,19227_Tagesordnungspunkt_33_CDU_CSU_Connemann_ID1922711800_06.05.2021.csv
29,"Auf der schwarzen Verbotsliste stehen jetzt neben zum Beispiel kurzfristigen Stornierungen, einseitigen Vertragsänderungen und kommerziellen Vergeltungsmaßnahmen auch die Rückgabe von unverkauften Produkten und Listungsgebühren.",Agriculture,0,Agriculture,Agriculture,Agriculture,19227_Tagesordnungspunkt_33_CDU_CSU_Connemann_ID1922711800_06.05.2021.csv
30,Kein ehrbarer Kaufmann macht so etwas.,Agriculture,0,Agriculture,Agriculture,Agriculture,19227_Tagesordnungspunkt_33_CDU_CSU_Connemann_ID1922711800_06.05.2021.csv
31,Die graue Liste ist nur noch kurz.,Agriculture,0,Agriculture,Agriculture,Agriculture,19227_Tagesordnungspunkt_33_CDU_CSU_Connemann_ID1922711800_06.05.2021.csv
32,Denn welche Vereinbarung sollte David gegen Goliath schon fair aushandeln können?,Agriculture,0,Agriculture,Agriculture,Agriculture,19227_Tagesordnungspunkt_33_CDU_CSU_Connemann_ID1922711800_06.05.2021.csv
33,Zu den Davids gehören übrigens auch unsere Genossenschaften.,Agriculture,0,Agriculture,Agriculture,Agriculture,19227_Tagesordnungspunkt_33_CDU_CSU_Connemann_ID1922711800_06.05.2021.csv
34,Eine Molkerei mit einem Inlandsumsatz von 3 Milliarden Euro klingt stark.,Agriculture,0,Agriculture,Agriculture,Agriculture,19227_Tagesordnungspunkt_33_CDU_CSU_Connemann_ID1922711800_06.05.2021.csv
35,Aber was ist das gegen die Nummer eins des Handels mit einem Inlandsumsatz von 67 Milliarden Euro?,Agriculture,0,Agriculture,Agriculture,Agriculture,19227_Tagesordnungspunkt_33_CDU_CSU_Connemann_ID1922711800_06.05.2021.csv
36,"Deshalb haben wir als CDU/CSU-Bundestagsfraktion dafür gekämpft, dass der Schutzbereich ausgeweitet wird.",Agriculture,0,Agriculture,Agriculture,Agriculture,19227_Tagesordnungspunkt_33_CDU_CSU_Connemann_ID1922711800_06.05.2021.csv
37,Das war uns besonders wichtig.,Agriculture,0,Agriculture,Agriculture,Agriculture,19227_Tagesordnungspunkt_33_CDU_CSU_Connemann_ID1922711800_06.05.2021.csv
38,"Jetzt fallen eben auch die großen Erzeugergenossenschaften in den Bereichen Obst, Milch, Fleisch und Gemüse mit einem Umsatz von bis zu 4 Milliarden Euro darunter, und das ist gut so.",Agriculture,0,Agriculture,Agriculture,Agriculture,19227_Tagesordnungspunkt_33_CDU_CSU_Connemann_ID1922711800_06.05.2021.csv
39,Bei Verstößen drohen drakonische Bußen.,Agriculture,0,Agriculture,Agriculture,Agriculture,19227_Tagesordnungspunkt_33_CDU_CSU_Connemann_ID1922711800_06.05.2021.csv
40,Der Schutzwall steht.,Agriculture,1,Agriculture,Agriculture,Agriculture,19227_Tagesordnungspunkt_33_CDU_CSU_Connemann_ID1922711800_06.05.2021.csv
41,Und was haben die Verbraucher davon?,Labor,1,Agriculture,Agriculture,Agriculture,19227_Tagesordnungspunkt_33_CDU_CSU_Connemann_ID1922711800_06.05.2021.csv
42,Am Ende alles.,Labor,1,Agriculture,Agriculture,Agriculture,19227_Tagesordnungspunkt_33_CDU_CSU_Connemann_ID1922711800_06.05.2021.csv
43,"Wenn die Erzeuger nicht fair behandelt werden, sterben Höfe und Betriebe – und mit ihnen die allerhöchsten Standards, die bei uns in diesem Land gelten.",Labor,1,Agriculture,Agriculture,Agriculture,19227_Tagesordnungspunkt_33_CDU_CSU_Connemann_ID1922711800_06.05.2021.csv
44,Ein Beispiel gefällig?,Labor,1,Agriculture,Agriculture,Agriculture,19227_Tagesordnungspunkt_33_CDU_CSU_Connemann_ID1922711800_06.05.2021.csv
45,"Früher wurden in Deutschland Gänse gehalten, aber nicht fair bezahlt.",Agriculture,1,Agriculture,Agriculture,Agriculture,19227_Tagesordnungspunkt_33_CDU_CSU_Connemann_ID1922711800_06.05.2021.csv
46,Heute kommen sie zum Beispiel aus Frankreich.,Agriculture,1,Agriculture,Agriculture,Agriculture,19227_Tagesordnungspunkt_33_CDU_CSU_Connemann_ID1922711800_06.05.2021.csv
47,Dort werden sie qualvoll mit einem Metallstab gestopft – auf das Zehnfache ihres Normalgewichts.,Agriculture,1,Agriculture,Agriculture,Agriculture,19227_Tagesordnungspunkt_33_CDU_CSU_Connemann_ID1922711800_06.05.2021.csv
48,Die Daunen kommen übrigens aus China.,Agriculture,1,Agriculture,Agriculture,Agriculture,19227_Tagesordnungspunkt_33_CDU_CSU_Connemann_ID1922711800_06.05.2021.csv
49,Dort werden Gänse bei lebendigem Leib gerupft.,Agriculture,1,Agriculture,Agriculture,Agriculture,19227_Tagesordnungspunkt_33_CDU_CSU_Connemann_ID1922711800_06.05.2021.csv
50,In Deutschland sind diese tierquälerischen Techniken schon lange verboten.,Agriculture,1,Agriculture,Agriculture,Agriculture,19227_Tagesordnungspunkt_33_CDU_CSU_Connemann_ID1922711800_06.05.2021.csv
51,Deshalb haben wir bei uns bereits heute höchste Tierwohlstandards.,Agriculture,1,Agriculture,Agriculture,Agriculture,19227_Tagesordnungspunkt_33_CDU_CSU_Connemann_ID1922711800_06.05.2021.csv
52,Das Beste für Tier und Gesundheit kommt also von unseren Landwirten und unseren Lebensmittelproduzenten.,Agriculture,1,Agriculture,Agriculture,Agriculture,19227_Tagesordnungspunkt_33_CDU_CSU_Connemann_ID1922711800_06.05.2021.csv
53,Deshalb ist dieses Gesetz so wichtig; denn es schützt sie.,Agriculture,1,Agriculture,Agriculture,Agriculture,19227_Tagesordnungspunkt_33_CDU_CSU_Connemann_ID1922711800_06.05.2021.csv
54,Den Kampf auf europäischer Ebene für diesen Entwurf hat unsere Ministerin geführt.,Agriculture,2,Agriculture,Agriculture,Agriculture,19227_Tagesordnungspunkt_33_CDU_CSU_Connemann_ID1922711800_06.05.2021.csv
55,Insoweit: Herzlichen Dank an Julia Klöckner!,Agriculture,2,Agriculture,Agriculture,Agriculture,19227_Tagesordnungspunkt_33_CDU_CSU_Connemann_ID1922711800_06.05.2021.csv
56,Wir wollen noch mehr: Wir brauchen zwingend eine Herkunftskennzeichnung – europäisch verbindlich und verpflichtend.,Agriculture,2,Agriculture,Agriculture,Agriculture,19227_Tagesordnungspunkt_33_CDU_CSU_Connemann_ID1922711800_06.05.2021.csv
57,"Jeder soll erkennen können, woher die Lebensmittel kommen, damit am Ende jeder in diesem Land unter Beweis stellen kann: Ich liebe Lebensmittel.",Agriculture,2,Agriculture,Agriculture,Agriculture,19227_Tagesordnungspunkt_33_CDU_CSU_Connemann_ID1922711800_06.05.2021.csv
58,Wir tun es.,Agriculture,2,Agriculture,Agriculture,Agriculture,19227_Tagesordnungspunkt_33_CDU_CSU_Connemann_ID1922711800_06.05.2021.csv
59,Stimmen Sie deshalb unserem Gesetzentwurf zu!,Agriculture,2,Agriculture,Agriculture,Agriculture,19227_Tagesordnungspunkt_33_CDU_CSU_Connemann_ID1922711800_06.05.2021.csv
60,Vielen Dank.,*,3,Civil,Government,Government,19227_Tagesordnungspunkt_33_CDU_CSU_Connemann_ID1922711800_06.05.2021.csv
61,"Vielen Dank, Gitta Connemann. – Nächster Redner: für die AfD-Fraktion Wilhelm von Gottberg.",*,3,Civil,Government,Government,19227_Tagesordnungspunkt_33_CDU_CSU_Connemann_ID1922711800_06.05.2021.csv
