,text,label_gold,segment_id,label_bert,label_parlbert,label_svm,speech_id
0,Sehr geehrte Frau Präsidentin!,*,0,Domestic,Domestic,International,19227_Tagesordnungspunkt_33_SPD_Saathoff_ID1922712500_06.05.2021.csv
1,Liebe Kolleginnen und Kollegen!,*,0,Domestic,Domestic,International,19227_Tagesordnungspunkt_33_SPD_Saathoff_ID1922712500_06.05.2021.csv
2,"An un för sük denkt de Minske bloot an sük. – Zunehmend leben wir in einer Welt, in der jeder nur an sich selbst denkt und auch im Handelsbereich oft mit unfairen Mitteln versucht, seine eigenen privaten Ziele umzusetzen.",Agriculture,0,Domestic,Domestic,International,19227_Tagesordnungspunkt_33_SPD_Saathoff_ID1922712500_06.05.2021.csv
3,"Dagegen richtet sich die UTP-Richtlinie der Europäischen Union, die mit dem vorliegenden Agrarmarktstrukturgesetz nunmehr bei uns in geltendes nationales Recht umgesetzt wird.",Agriculture,0,Domestic,Domestic,International,19227_Tagesordnungspunkt_33_SPD_Saathoff_ID1922712500_06.05.2021.csv
4,"UTP steht für „Unfair Trading Practices“, also für unlautere Handelspraktiken.",Agriculture,0,Domestic,Domestic,International,19227_Tagesordnungspunkt_33_SPD_Saathoff_ID1922712500_06.05.2021.csv
5,Wollen Sie Beispiele hören?,Agriculture,0,Domestic,Domestic,International,19227_Tagesordnungspunkt_33_SPD_Saathoff_ID1922712500_06.05.2021.csv
6,Ein Beispiel für eine unlautere Handelspraxis ist die Rückgabe unverkaufter Erzeugnisse an den Lieferanten ohne Zahlung des Kaufpreises.,Agriculture,0,Domestic,Domestic,International,19227_Tagesordnungspunkt_33_SPD_Saathoff_ID1922712500_06.05.2021.csv
7,Ein Beispiel für unlautere Handelspraxis ist ein Zahlungsverlangen für die Listung der Produkte.,Agriculture,0,Domestic,Domestic,International,19227_Tagesordnungspunkt_33_SPD_Saathoff_ID1922712500_06.05.2021.csv
8,"Noch ein Beispiel ist die Forderung, die Kosten für Preisnachlässe zu übernehmen.",Agriculture,0,Domestic,Domestic,International,19227_Tagesordnungspunkt_33_SPD_Saathoff_ID1922712500_06.05.2021.csv
9,Und noch ein Beispiel sind die Zahlungsverlangen gegenüber Lieferanten für die Werbung des Verkäufers.,Agriculture,0,Domestic,Domestic,International,19227_Tagesordnungspunkt_33_SPD_Saathoff_ID1922712500_06.05.2021.csv
10,Das sind lauter unfaire Handelspraktiken.,Agriculture,0,Domestic,Domestic,International,19227_Tagesordnungspunkt_33_SPD_Saathoff_ID1922712500_06.05.2021.csv
11,"Ich könnte noch 36 weitere nennen, die bekannt sind, und sicher noch ganz viele darüber hinaus, die noch unbekannt sind.",Agriculture,0,Domestic,Domestic,International,19227_Tagesordnungspunkt_33_SPD_Saathoff_ID1922712500_06.05.2021.csv
12,"Die Kreativität scheint unendlich zu sein, und wir setzen der Kreativität dieser unlauteren Handelspraktiken jetzt endlich Grenzen.",Agriculture,0,Domestic,Domestic,International,19227_Tagesordnungspunkt_33_SPD_Saathoff_ID1922712500_06.05.2021.csv
13,Wir schaffen mit diesem Gesetz ein faires Handelsgesetz.,Agriculture,0,Domestic,Domestic,International,19227_Tagesordnungspunkt_33_SPD_Saathoff_ID1922712500_06.05.2021.csv
14,Allerdings schränken wir nur bekannte Praktiken ein.,Agriculture,0,Domestic,Domestic,International,19227_Tagesordnungspunkt_33_SPD_Saathoff_ID1922712500_06.05.2021.csv
15,"Wir Sozialdemokraten hätten das Gesetz lieber offener formuliert – das darf man, glaube ich, sagen – und der Kreativität noch mehr direkt entgegengesetzt.",Agriculture,0,Domestic,Domestic,International,19227_Tagesordnungspunkt_33_SPD_Saathoff_ID1922712500_06.05.2021.csv
16,Das war mit der Union leider nicht zu schaffen; meine Kollegin Ursula Schulte hat darauf hingewiesen.,Agriculture,0,Domestic,Domestic,International,19227_Tagesordnungspunkt_33_SPD_Saathoff_ID1922712500_06.05.2021.csv
17,"Aber ich will an dieser Stelle nicht jammern, sondern mich freuen.",Agriculture,0,Domestic,Domestic,International,19227_Tagesordnungspunkt_33_SPD_Saathoff_ID1922712500_06.05.2021.csv
18,Wir schaffen mit diesem Gesetz nämlich etwas ganz Wichtiges: eine Ombudsstelle.,Agriculture,0,Domestic,Domestic,International,19227_Tagesordnungspunkt_33_SPD_Saathoff_ID1922712500_06.05.2021.csv
19,Die Ombudsstelle wird unabhängig sein und damit auch unvoreingenommen.,Agriculture,0,Domestic,Domestic,International,19227_Tagesordnungspunkt_33_SPD_Saathoff_ID1922712500_06.05.2021.csv
20,"Keiner, kein Landwirt, keine Landwirtin, muss mehr Schaden fürchten, wenn unfaire Handelspraktiken gemeldet werden.",Agriculture,0,Domestic,Domestic,International,19227_Tagesordnungspunkt_33_SPD_Saathoff_ID1922712500_06.05.2021.csv
21,"Ich finde, das ist ein ganz wichtiger Punkt.",Agriculture,0,Domestic,Domestic,International,19227_Tagesordnungspunkt_33_SPD_Saathoff_ID1922712500_06.05.2021.csv
22,Die Entscheidung für die Einrichtung dieser Ombudsstelle bedeutet einen guten Tag für die Landwirtschaft.,Agriculture,0,Domestic,Domestic,International,19227_Tagesordnungspunkt_33_SPD_Saathoff_ID1922712500_06.05.2021.csv
23,Wir haben das Bußgeld höhergesetzt.,Agriculture,0,Domestic,Domestic,International,19227_Tagesordnungspunkt_33_SPD_Saathoff_ID1922712500_06.05.2021.csv
24,"Die Bußgeldobergrenze beträgt jetzt nicht, wie im Gesetzentwurf ursprünglich vorgesehen, 500 000 Euro, sondern sie wird 750 000 Euro betragen, damit die Kalkulation im Einzelhandel, Bußgeld könnte wirtschaftlicher sein, als sich an die Regeln zu halten, nicht aufgeht.",Agriculture,0,Domestic,Domestic,International,19227_Tagesordnungspunkt_33_SPD_Saathoff_ID1922712500_06.05.2021.csv
25,"Seit Jahrzehnten, liebe Kolleginnen und Kollegen, sind die Menschen in der Landwirtschaft unter Druck.",Agriculture,0,Domestic,Domestic,International,19227_Tagesordnungspunkt_33_SPD_Saathoff_ID1922712500_06.05.2021.csv
26,"„Wachsen oder weichen“ war die notwendige Devise, von dem einen schweigend geduldet, von dem anderen vielleicht sogar still und heimlich geplant.",Agriculture,0,Domestic,Domestic,International,19227_Tagesordnungspunkt_33_SPD_Saathoff_ID1922712500_06.05.2021.csv
27,Wir wollen diesen Teufelskreis in der Landwirtschaft von „Wachsen oder weichen“ durchbrechen.,Agriculture,0,Domestic,Domestic,International,19227_Tagesordnungspunkt_33_SPD_Saathoff_ID1922712500_06.05.2021.csv
28,"Wir gehen heute dafür den ersten wichtigen Schritt, damit der Egoismus sich nicht weiter durchsetzt, damit Geiz nicht länger geil ist, sondern damit Verantwortung auch im Handel gelten soll.",Agriculture,0,Domestic,Domestic,International,19227_Tagesordnungspunkt_33_SPD_Saathoff_ID1922712500_06.05.2021.csv
29,Herzlichen Dank für Ihre Aufmerksamkeit.,*,0,Domestic,Domestic,International,19227_Tagesordnungspunkt_33_SPD_Saathoff_ID1922712500_06.05.2021.csv
30,"Vielen Dank, Johann Saathoff. – Und der letzte Redner in dieser Debatte: Max Straubinger für die CDU/CSU-Fraktion.",*,0,Domestic,Domestic,International,19227_Tagesordnungspunkt_33_SPD_Saathoff_ID1922712500_06.05.2021.csv
