,text,label_gold,segment_id,label_bert,label_parlbert,label_svm,speech_id
0,"Guten Morgen, Herr Präsident. – Sehr geehrte Damen und Herren!",*,0,Social,Social,Social,19224_Tagesordnungspunkt_11_LINKE_Mueller_ID1922401400_22.04.2021.csv
1,Die Koalition verspricht mit dem heute vorgelegten Kinder- und Jugendstärkungsgesetz eine umfassende Reform der Kinder- und Jugendhilfe.,Law and Crime,0,Social,Social,Social,19224_Tagesordnungspunkt_11_LINKE_Mueller_ID1922401400_22.04.2021.csv
2,Tatsächlich – das sagen auch wir als Fraktion Die Linke – hätte es einen umfassenden Reformbedarf in der Kinder- und Jugendhilfe gegeben.,Law and Crime,0,Social,Social,Social,19224_Tagesordnungspunkt_11_LINKE_Mueller_ID1922401400_22.04.2021.csv
3,Denken wir erstens an die völlig überlasteten Jugendämter.,Law and Crime,0,Social,Social,Social,19224_Tagesordnungspunkt_11_LINKE_Mueller_ID1922401400_22.04.2021.csv
4,"Wir haben gerade hier in Berlin, aber auch in allen anderen Jugendämtern Mitarbeiterinnen und Mitarbeiter, die bis an die Belastungsgrenze arbeiten, die häufig für 100, 150 oder mehr Familien zuständig sind, denen sie helfen sollen, aber wo sie nur noch nach Aktenlage entscheiden können.",Law and Crime,0,Social,Social,Social,19224_Tagesordnungspunkt_11_LINKE_Mueller_ID1922401400_22.04.2021.csv
5,"Wir haben erst vor zwei Jahren eine Studie vorgelegt bekommen, die besagt, dass allein im Allgemeinen Sozialen Dienst, also in den Jugendämtern, 16 000 Stellen fehlen; 16 000 Stellen, die wir in der Kinder- und Jugendhilfe gerade bräuchten.",Law and Crime,0,Social,Social,Social,19224_Tagesordnungspunkt_11_LINKE_Mueller_ID1922401400_22.04.2021.csv
6,"Deswegen haben wir als Linke heute einen Antrag vorgelegt, wie wir die Fachkräftesituation verbessern können.",Law and Crime,0,Social,Social,Social,19224_Tagesordnungspunkt_11_LINKE_Mueller_ID1922401400_22.04.2021.csv
7,Dazu schweigt die Koalition sich aus.,Law and Crime,0,Social,Social,Social,19224_Tagesordnungspunkt_11_LINKE_Mueller_ID1922401400_22.04.2021.csv
8,Zweitens.,Law and Crime,0,Social,Social,Social,19224_Tagesordnungspunkt_11_LINKE_Mueller_ID1922401400_22.04.2021.csv
9,Wir müssen über Careleaver reden.,Law and Crime,0,Social,Social,Social,19224_Tagesordnungspunkt_11_LINKE_Mueller_ID1922401400_22.04.2021.csv
10,"Auch das ist ein großes Thema der letzten Jahre, wo Sie nicht vorankommen.",Law and Crime,0,Social,Social,Social,19224_Tagesordnungspunkt_11_LINKE_Mueller_ID1922401400_22.04.2021.csv
11,"Careleaver das sind junge Menschen, die aus den stationären Einrichtungen der Kinder- und Jungendhilfe kommen, die im allerbesten Fall in die Eigenständigkeit entlassen werden, aber nicht im Regelfall.",Law and Crime,0,Social,Social,Social,19224_Tagesordnungspunkt_11_LINKE_Mueller_ID1922401400_22.04.2021.csv
12,Im Regelfall werden sie in Hartz‑IV-Systeme entlassen und im schlechtesten Fall in die Obdachlosigkeit; der Kollege Weinberg hat es angedeutet.,Law and Crime,0,Social,Social,Social,19224_Tagesordnungspunkt_11_LINKE_Mueller_ID1922401400_22.04.2021.csv
13,Aber dann tun Sie doch was!,Law and Crime,0,Social,Social,Social,19224_Tagesordnungspunkt_11_LINKE_Mueller_ID1922401400_22.04.2021.csv
14,Dann stärken Sie die Rechtsstellung von Careleavern!,Law and Crime,0,Social,Social,Social,19224_Tagesordnungspunkt_11_LINKE_Mueller_ID1922401400_22.04.2021.csv
15,"Verbessern Sie die Rechtsansprüche für junge Volljährige, damit sie nicht am 18.",Law and Crime,0,Social,Social,Social,19224_Tagesordnungspunkt_11_LINKE_Mueller_ID1922401400_22.04.2021.csv
16,Geburtstag vor die Tür gesetzt werden!,Law and Crime,0,Social,Social,Social,19224_Tagesordnungspunkt_11_LINKE_Mueller_ID1922401400_22.04.2021.csv
17,Wir müssen über eine bessere Ausstattung der Jugendverbände reden.,Law and Crime,0,Social,Social,Social,19224_Tagesordnungspunkt_11_LINKE_Mueller_ID1922401400_22.04.2021.csv
18,Seit 30 Jahren steht im Sozialgesetzbuch VIII drin: Jugendverbände sind zu fördern. – Aber das ist am Ende völlig unverbindlich.,Law and Crime,0,Social,Social,Social,19224_Tagesordnungspunkt_11_LINKE_Mueller_ID1922401400_22.04.2021.csv
19,Reden Sie doch mit den Kämmerern vor Ort in den Kreisen!,Law and Crime,0,Social,Social,Social,19224_Tagesordnungspunkt_11_LINKE_Mueller_ID1922401400_22.04.2021.csv
20,"Die sagen: Ja, das steht da drin, aber es gibt gar keinen richtigen Rechtsanspruch.",Law and Crime,0,Social,Social,Social,19224_Tagesordnungspunkt_11_LINKE_Mueller_ID1922401400_22.04.2021.csv
21,"Machen wir nicht, fällt aus, gibt die Kassenlage nicht her. – Im Zweifel kommt die Kommunalaufsicht und sagt: Ist eine freiwillige Leistung, fällt aus. – Genau das sind Punkte, da hätten wir für Stärkung sorgen müssen.",Law and Crime,0,Social,Social,Social,19224_Tagesordnungspunkt_11_LINKE_Mueller_ID1922401400_22.04.2021.csv
22,Da legen Sie nichts vor.,Law and Crime,0,Social,Social,Social,19224_Tagesordnungspunkt_11_LINKE_Mueller_ID1922401400_22.04.2021.csv
23,Stattdessen schlagen Sie im Wesentlichen einen Paradigmenwechsel in der Kinder- und Jugendhilfe vor.,Law and Crime,0,Social,Social,Social,19224_Tagesordnungspunkt_11_LINKE_Mueller_ID1922401400_22.04.2021.csv
24,Das will ich anhand von zwei Beispielen kurz darstellen.,Law and Crime,0,Social,Social,Social,19224_Tagesordnungspunkt_11_LINKE_Mueller_ID1922401400_22.04.2021.csv
25,Sie feiern sich für einen gestärkten Kinderschutz.,Law and Crime,0,Social,Social,Social,19224_Tagesordnungspunkt_11_LINKE_Mueller_ID1922401400_22.04.2021.csv
26,Ich teile das ausdrücklich nicht.,Law and Crime,0,Social,Social,Social,19224_Tagesordnungspunkt_11_LINKE_Mueller_ID1922401400_22.04.2021.csv
27,Kinderschutz in Deutschland basiert auf Vertrauen und Kooperation.,Law and Crime,0,Social,Social,Social,19224_Tagesordnungspunkt_11_LINKE_Mueller_ID1922401400_22.04.2021.csv
28,Wir wollen Familien helfen.,Law and Crime,0,Social,Social,Social,19224_Tagesordnungspunkt_11_LINKE_Mueller_ID1922401400_22.04.2021.csv
29,"Ja, Kinder müssen aus Familien, in denen sie nicht bleiben können, rausgenommen werden.",Law and Crime,0,Social,Social,Social,19224_Tagesordnungspunkt_11_LINKE_Mueller_ID1922401400_22.04.2021.csv
30,"Aber der erste Ansatz ist, Familien zu helfen und die Kinder zu stärken.",Law and Crime,0,Social,Social,Social,19224_Tagesordnungspunkt_11_LINKE_Mueller_ID1922401400_22.04.2021.csv
31,"Was Sie mit den Meldepflichten für Ärzte jetzt tun, ist das komplette Gegenteil.",Law and Crime,0,Social,Social,Social,19224_Tagesordnungspunkt_11_LINKE_Mueller_ID1922401400_22.04.2021.csv
32,"Was passiert denn mit Kindern, die in einer Familie leben, in der es ihnen nicht gut geht?",Law and Crime,0,Social,Social,Social,19224_Tagesordnungspunkt_11_LINKE_Mueller_ID1922401400_22.04.2021.csv
33,"Gehen diese Eltern mit ihren Kindern jetzt häufiger zum Arzt, wenn sie wissen, dass diese Daten möglicherweise beim Jugendamt landen?",Law and Crime,0,Social,Social,Social,19224_Tagesordnungspunkt_11_LINKE_Mueller_ID1922401400_22.04.2021.csv
34,Gehen sie jetzt häufiger zum Arzt?,Law and Crime,0,Social,Social,Social,19224_Tagesordnungspunkt_11_LINKE_Mueller_ID1922401400_22.04.2021.csv
35,"Nein, sie werden vielleicht häufiger umziehen, damit sie sich den U-Untersuchungen besser entziehen können.",Law and Crime,0,Social,Social,Social,19224_Tagesordnungspunkt_11_LINKE_Mueller_ID1922401400_22.04.2021.csv
36,Sie werden nicht häufiger zum Arzt kommen.,Law and Crime,0,Social,Social,Social,19224_Tagesordnungspunkt_11_LINKE_Mueller_ID1922401400_22.04.2021.csv
37,"Was Sie hier vorschlagen, bringt nicht mehr Kinderschutz, es bringt weniger Kinderschutz.",Law and Crime,0,Social,Social,Social,19224_Tagesordnungspunkt_11_LINKE_Mueller_ID1922401400_22.04.2021.csv
38,"Über zehn Fachgesellschaften in der Kinder- und Jugendhilfe, im Prinzip die komplette Fachwelt, hat geschlossen vor diesem Weg gewarnt; und Sie gehen ihn trotzdem.",Law and Crime,0,Social,Social,Social,19224_Tagesordnungspunkt_11_LINKE_Mueller_ID1922401400_22.04.2021.csv
39,Ich finde das fahrlässig.,Law and Crime,0,Social,Social,Social,19224_Tagesordnungspunkt_11_LINKE_Mueller_ID1922401400_22.04.2021.csv
40,Ein Zweites.,Law and Crime,0,Social,Social,Social,19224_Tagesordnungspunkt_11_LINKE_Mueller_ID1922401400_22.04.2021.csv
41,"Sie sagen, Sie wollen Kinder im Sozialraum stärken.",Law and Crime,0,Social,Social,Social,19224_Tagesordnungspunkt_11_LINKE_Mueller_ID1922401400_22.04.2021.csv
42,Dagegen ist ja nichts zu sagen.,Law and Crime,0,Social,Social,Social,19224_Tagesordnungspunkt_11_LINKE_Mueller_ID1922401400_22.04.2021.csv
43,"Klar brauchen wir mehr Jugendklubs, mehr Sozialarbeit im Sozialraum.",Social Welfare,0,Social,Social,Social,19224_Tagesordnungspunkt_11_LINKE_Mueller_ID1922401400_22.04.2021.csv
44,"Das ist ja völlig richtig; aber das kann doch nicht anstelle individueller Rechtsansprüche treten; das kann doch nicht anstelle individueller Hilfen für Familien treten, die sie dringend brauchen.",Social Welfare,0,Social,Social,Social,19224_Tagesordnungspunkt_11_LINKE_Mueller_ID1922401400_22.04.2021.csv
45,"Wenn eine Familie einen Familienhelfer braucht, kann man doch nicht sagen: Wir haben da einen Streetworker im Jugendklub.",Social Welfare,0,Social,Social,Social,19224_Tagesordnungspunkt_11_LINKE_Mueller_ID1922401400_22.04.2021.csv
46,Damit ist die Sache erledigt. – Das kann nicht sein.,Social Welfare,0,Social,Social,Social,19224_Tagesordnungspunkt_11_LINKE_Mueller_ID1922401400_22.04.2021.csv
47,"Wir wollen die individuellen Rechtsansprüche stärken;
wir wollen mehr qualifiziertes Personal in der Kinder- und Jugendhilfe.",Social Welfare,0,Social,Social,Social,19224_Tagesordnungspunkt_11_LINKE_Mueller_ID1922401400_22.04.2021.csv
48,Wir werden Ihren Gesetzentwurf ablehnen.,Social Welfare,0,Social,Social,Social,19224_Tagesordnungspunkt_11_LINKE_Mueller_ID1922401400_22.04.2021.csv
49,Vielen Dank.,*,0,Social,Social,Social,19224_Tagesordnungspunkt_11_LINKE_Mueller_ID1922401400_22.04.2021.csv
50,"Nächste Rednerin ist die Kollegin Ekin Deligöz, Bündnis 90/Die Grünen.",*,0,Social,Social,Social,19224_Tagesordnungspunkt_11_LINKE_Mueller_ID1922401400_22.04.2021.csv
