,text,label_gold,segment_id,label_bert,label_parlbert,label_svm,speech_id
0,Frau Präsidentin!,*,0,Health,Health,Health,19227_Tagesordnungspunkt_16_CDU_CSU_Irlstorfer_ID1922709100_06.05.2021.csv
1,Meine sehr geehrten Damen und Herren!,*,0,Health,Health,Health,19227_Tagesordnungspunkt_16_CDU_CSU_Irlstorfer_ID1922709100_06.05.2021.csv
2,Liebe Kolleginnen und Kollegen!,*,0,Health,Health,Health,19227_Tagesordnungspunkt_16_CDU_CSU_Irlstorfer_ID1922709100_06.05.2021.csv
3,"Ich stehe hier nicht nur als Abgeordneter und Gesundheitspolitiker, sondern ich stehe hier auch als Betroffener.",Health,0,Health,Health,Health,19227_Tagesordnungspunkt_16_CDU_CSU_Irlstorfer_ID1922709100_06.05.2021.csv
4,Ich habe mich am 3.,Health,0,Health,Health,Health,19227_Tagesordnungspunkt_16_CDU_CSU_Irlstorfer_ID1922709100_06.05.2021.csv
5,Januar bei der Sterbebegleitung meiner Mutter mit Corona infiziert und habe leider auch meine ganze Familie infiziert.,Health,0,Health,Health,Health,19227_Tagesordnungspunkt_16_CDU_CSU_Irlstorfer_ID1922709100_06.05.2021.csv
6,"Meine Familie und ich haben Spätfolgen, und ich kann Ihnen aus eigener Erfahrung berichten, wie es sich anfühlt, wenn man sich jeden Tag mit diesem Thema aktiv auseinandersetzen muss.",Health,0,Health,Health,Health,19227_Tagesordnungspunkt_16_CDU_CSU_Irlstorfer_ID1922709100_06.05.2021.csv
7,"Wir alle hatten unterschiedliche Symptome, und jeder von uns hat auch in der Spätfolge andere Symptome, außer meiner Mutter; sie ist nämlich verstorben.",Health,0,Health,Health,Health,19227_Tagesordnungspunkt_16_CDU_CSU_Irlstorfer_ID1922709100_06.05.2021.csv
8,"Von daher möchte ich schon darauf hinweisen – und natürlich auch bitten, dies anzuerkennen –, dass das ein großes Thema ist.",Health,0,Health,Health,Health,19227_Tagesordnungspunkt_16_CDU_CSU_Irlstorfer_ID1922709100_06.05.2021.csv
9,Ich höre hier natürlich auch auf die Wissenschaft.,Health,0,Health,Health,Health,19227_Tagesordnungspunkt_16_CDU_CSU_Irlstorfer_ID1922709100_06.05.2021.csv
10,"Wenn Frau Professor Behrends aus München, die für den Bereich Kinder- und Jugendmedizin zuständig ist, sagt: „Ja, wir machen die Feststellung, dass zwischen 5 und 7 Prozent der Kinder und Jugendlichen hier Symptome aufweisen, die in die Richtung ME/CFS gehen“, und wenn Frau Professor Scheibenbogen von der Charité in Berlin sagt: „Ja, wir rechnen damit, dass 2 Prozent hier mit Spätfolgen belegt sind, die in diese Richtung gehen“, dann ist es unser politischer Auftrag, das ernst zu nehmen.",Health,0,Health,Health,Health,19227_Tagesordnungspunkt_16_CDU_CSU_Irlstorfer_ID1922709100_06.05.2021.csv
11,Und deshalb sind die beiden Anträge gut und auch sinnvoll.,Health,0,Health,Health,Health,19227_Tagesordnungspunkt_16_CDU_CSU_Irlstorfer_ID1922709100_06.05.2021.csv
12,"Ich möchte aber auch darauf hinweisen, dass wir bereits Strukturen haben und dass nicht alles schlecht ist.",Health,0,Health,Health,Health,19227_Tagesordnungspunkt_16_CDU_CSU_Irlstorfer_ID1922709100_06.05.2021.csv
13,"Dass wir hier natürlich in Forschung und Weiterbildung investieren müssen, das ist klar.",Health,0,Health,Health,Health,19227_Tagesordnungspunkt_16_CDU_CSU_Irlstorfer_ID1922709100_06.05.2021.csv
14,"Das, was wir jetzt aktuell haben, genügt nicht.",Health,0,Health,Health,Health,19227_Tagesordnungspunkt_16_CDU_CSU_Irlstorfer_ID1922709100_06.05.2021.csv
15,"Und deshalb ist es notwendig, dass wir unsere niedergelassenen Ärzte, unsere Hausärzte, unsere Fachärzte und natürlich auch die Ärzte in den Kliniken hierzu weiterbilden und dass wir sie fortbilden.",Health,0,Health,Health,Health,19227_Tagesordnungspunkt_16_CDU_CSU_Irlstorfer_ID1922709100_06.05.2021.csv
16,"Es ist aber auch wichtig, dass wir bestehende Einrichtungen, die wir in Reha-, in Kurkliniken, in Heilbädern haben, hier natürlich wieder mit ins Boot holen.",Health,0,Health,Health,Health,19227_Tagesordnungspunkt_16_CDU_CSU_Irlstorfer_ID1922709100_06.05.2021.csv
17,"Und wir brauchen hier auch eine Differenzierung mit Blick auf die Erwachsenen-Reha für Long Covid, aber natürlich ebenso in der Kinder- und Jugendmedizin eine Systematik, wo man nicht sagt: Kinder sind kleine Erwachsene. – Das ist wichtig.",Health,0,Health,Health,Health,19227_Tagesordnungspunkt_16_CDU_CSU_Irlstorfer_ID1922709100_06.05.2021.csv
18,"Hier ist man in Bad Füssing unterwegs, indem man gerade ein interdisziplinäres Post-Covid-Rehabilitationskonzept mit multimodalem Behandlungsansatz entwickelt.",Health,0,Health,Health,Health,19227_Tagesordnungspunkt_16_CDU_CSU_Irlstorfer_ID1922709100_06.05.2021.csv
19,"Als ich auf Reha kam und gepostet habe, dass ich erst einmal fünf Wochen weg bin, haben sich 7 500 Menschen gemeldet, die mich um Hilfe gebeten haben und gesagt haben: Wir haben weder einen Ansprechpartner, noch haben wir eine Hilfe oder hier jemanden, der uns Informationen gibt.",Health,0,Health,Health,Health,19227_Tagesordnungspunkt_16_CDU_CSU_Irlstorfer_ID1922709100_06.05.2021.csv
20,"Das hat mich dazu bewogen, dass wir am 21.",Health,0,Health,Health,Health,19227_Tagesordnungspunkt_16_CDU_CSU_Irlstorfer_ID1922709100_06.05.2021.csv
21,Mai einen Selbsthilfeverein gründen; er nennt sich ELIAS.,Health,0,Health,Health,Health,19227_Tagesordnungspunkt_16_CDU_CSU_Irlstorfer_ID1922709100_06.05.2021.csv
22,"Ich freue mich, wenn ich sehe, was wir da an Zulauf haben.",Health,0,Health,Health,Health,19227_Tagesordnungspunkt_16_CDU_CSU_Irlstorfer_ID1922709100_06.05.2021.csv
23,"Ich danke Ralph Brinkhaus und Alexander Dobrindt, dass sie mir versprochen haben, das Ganze auch hier im politischen Alltag mit einzubringen.",Health,0,Health,Health,Health,19227_Tagesordnungspunkt_16_CDU_CSU_Irlstorfer_ID1922709100_06.05.2021.csv
24,"Ich glaube, in diese Richtung können wir niederschwellig etwas leisten.",Health,0,Health,Health,Health,19227_Tagesordnungspunkt_16_CDU_CSU_Irlstorfer_ID1922709100_06.05.2021.csv
25,Das ist auch unsere Aufgabe.,Health,0,Health,Health,Health,19227_Tagesordnungspunkt_16_CDU_CSU_Irlstorfer_ID1922709100_06.05.2021.csv
26,Ich lade Sie alle dazu ein.,Health,0,Health,Health,Health,19227_Tagesordnungspunkt_16_CDU_CSU_Irlstorfer_ID1922709100_06.05.2021.csv
27,"Herzlichen Dank, wenn Sie hier aktiv werden!",Health,0,Health,Health,Health,19227_Tagesordnungspunkt_16_CDU_CSU_Irlstorfer_ID1922709100_06.05.2021.csv
28,Danke schön.,*,0,Health,Health,Health,19227_Tagesordnungspunkt_16_CDU_CSU_Irlstorfer_ID1922709100_06.05.2021.csv
29,"Herzlichen Dank, Kollege Irlstorfer. – Ich beende die Aussprache.",*,0,Health,Health,Health,19227_Tagesordnungspunkt_16_CDU_CSU_Irlstorfer_ID1922709100_06.05.2021.csv
