,text,label_gold,segment_id,label_bert,label_parlbert,label_svm,speech_id
0,Sehr geehrte Frau Präsidentin!,*,0,Government,Government,Environment,19230_Zusatzpunkt_4_CDU_CSU_Damerow_ID1923002700_20.05.2021.csv
1,Sehr geehrte Kolleginnen und Kollegen!,*,0,Government,Government,Environment,19230_Zusatzpunkt_4_CDU_CSU_Damerow_ID1923002700_20.05.2021.csv
2,"Ja, auch ich habe mir in den vergangenen Monaten so manches Mal bundeseinheitlichere Regeln gewünscht.",Health,0,Government,Government,Environment,19230_Zusatzpunkt_4_CDU_CSU_Damerow_ID1923002700_20.05.2021.csv
3,"Dieser Wunsch war immer dann besonders ausgeprägt, wenn die Ministerpräsidentenrunden mit der Kanzlerin endeten.",Health,0,Government,Government,Environment,19230_Zusatzpunkt_4_CDU_CSU_Damerow_ID1923002700_20.05.2021.csv
4,"Denn es gab häufig einen durchaus ausgeprägten gemeinsamen Willen, aber in der Umsetzung von einheitlichen Maßnahmen haperte es dann hinterher.",Health,0,Government,Government,Environment,19230_Zusatzpunkt_4_CDU_CSU_Damerow_ID1923002700_20.05.2021.csv
5,"Das wurde dann besonders virulent, als wir im Frühjahr steigende Infektionszahlen hatten.",Health,0,Government,Government,Environment,19230_Zusatzpunkt_4_CDU_CSU_Damerow_ID1923002700_20.05.2021.csv
6,"Vor diesem Hintergrund war es richtig, dass wir eine bundeseinheitliche Notbremse beschlossen haben, um die wir richtigerweise, da wir ein föderaler Staat sind – das wird in der Diskussion heute so ein bisschen vergessen –,
heftig gerungen haben.",Health,0,Government,Government,Environment,19230_Zusatzpunkt_4_CDU_CSU_Damerow_ID1923002700_20.05.2021.csv
7,"Zum Thema „föderaler Staat“ will ich auch sagen: Gerade wir Touristiker betonen doch bei jeder Gelegenheit, wie wichtig es ist, dass Tourismus föderal betrachtet wird, weil die Gegebenheiten in unseren Bundesländern eben sehr unterschiedlich sind.",Health,0,Government,Government,Environment,19230_Zusatzpunkt_4_CDU_CSU_Damerow_ID1923002700_20.05.2021.csv
8,Deshalb bin ich nach wie vor der Ansicht – die Kollegin Hiller-Ohm hat es sehr deutlich gemacht –: Die Notbremse ist richtig; aber das Darunter müssen die Bundesländer in ihrer eigenen Hoheit entscheiden.,Health,0,Government,Government,Environment,19230_Zusatzpunkt_4_CDU_CSU_Damerow_ID1923002700_20.05.2021.csv
9,"Ich verstehe, ehrlich gesagt, Ihre Aufregung in der FDP und durchaus auch bei den Grünen nicht so ganz; denn an der einen oder anderen Landesregierung sind Sie durchaus beteiligt.",Health,0,Government,Government,Environment,19230_Zusatzpunkt_4_CDU_CSU_Damerow_ID1923002700_20.05.2021.csv
10,"Als Schleswig-Holsteinerin – das sage ich ganz offen – bin ich sehr froh, dass wir diese differenzierte Betrachtung haben; denn ohne diese Differenzierung wären im meinem Bundesland die Modellregionen so nicht möglich gewesen.",Domestic Commerce,0,Government,Government,Environment,19230_Zusatzpunkt_4_CDU_CSU_Damerow_ID1923002700_20.05.2021.csv
11,Gerade in meinem Wahlkreis mit einer Inzidenz von in den letzten Wochen dauerhaft um die 30 haben wir die Modellregionen.,Domestic Commerce,0,Government,Government,Environment,19230_Zusatzpunkt_4_CDU_CSU_Damerow_ID1923002700_20.05.2021.csv
12,Der ganze Kreis Nordfriesland und die Gemeinde Büsum sind vom 1.,Domestic Commerce,0,Government,Government,Environment,19230_Zusatzpunkt_4_CDU_CSU_Damerow_ID1923002700_20.05.2021.csv
13,Mai bis letzten Montag Modellregionen gewesen.,Domestic Commerce,0,Government,Government,Environment,19230_Zusatzpunkt_4_CDU_CSU_Damerow_ID1923002700_20.05.2021.csv
14,"Das klingt toll, und das klingt auch so einfach – war es nicht.",Domestic Commerce,1,Government,Domestic,Defense,19230_Zusatzpunkt_4_CDU_CSU_Damerow_ID1923002700_20.05.2021.csv
15,"Auch um die Bedingungen in diesen Modellregionen ist heftig gerungen worden, ist diskutiert worden.",Domestic Commerce,1,Government,Domestic,Defense,19230_Zusatzpunkt_4_CDU_CSU_Damerow_ID1923002700_20.05.2021.csv
16,"Sie erfordern von allen Akteuren, die sich daran beteiligen, ein hohes Maß an Einsatz und an Disziplin.",Domestic Commerce,1,Government,Domestic,Defense,19230_Zusatzpunkt_4_CDU_CSU_Damerow_ID1923002700_20.05.2021.csv
17,Im Übrigen haben sich auch nicht alle touristischen Unternehmen daran beteiligt; auch das gehört zur Wahrheit dazu.,Domestic Commerce,1,Government,Domestic,Defense,19230_Zusatzpunkt_4_CDU_CSU_Damerow_ID1923002700_20.05.2021.csv
18,"Das ist ihr gutes Recht, und ich finde, das muss man auch akzeptieren und hinnehmen.",Domestic Commerce,1,Government,Domestic,Defense,19230_Zusatzpunkt_4_CDU_CSU_Damerow_ID1923002700_20.05.2021.csv
19,"Daneben lief aber auch die Diskussion – das sage ich jetzt durchaus als Touristikerin, aber eben auch als Abgeordnete meines Wahlkreises –, dass eben auch die Bürger, die Einwohner in so einem Kreis durchaus Ängste entwickelt haben.",Domestic Commerce,1,Government,Domestic,Defense,19230_Zusatzpunkt_4_CDU_CSU_Damerow_ID1923002700_20.05.2021.csv
20,Das kann ich nicht einfach wegwischen.,Domestic Commerce,1,Government,Domestic,Defense,19230_Zusatzpunkt_4_CDU_CSU_Damerow_ID1923002700_20.05.2021.csv
21,Das haben im Übrigen auch die Touristiker vor Ort nicht einfach weggewischt.,Domestic Commerce,1,Government,Domestic,Defense,19230_Zusatzpunkt_4_CDU_CSU_Damerow_ID1923002700_20.05.2021.csv
22,"Ihnen möchte ich an dieser Stelle explizit einmal danken, wie verantwortungsvoll und auch wie kritikfähig sie mit dieser Situation umgegangen sind und mit wie viel Einsatz sie die Bedingungen und die Voraussetzungen für diese Modellregionen geschaffen haben.",Domestic Commerce,1,Government,Domestic,Defense,19230_Zusatzpunkt_4_CDU_CSU_Damerow_ID1923002700_20.05.2021.csv
23,Es ist eine Chance gewesen.,Domestic Commerce,1,Government,Domestic,Defense,19230_Zusatzpunkt_4_CDU_CSU_Damerow_ID1923002700_20.05.2021.csv
24,"Wir haben sie nutzen können, weil wir eine niedrige Inzidenz haben – aber nur deshalb.",Domestic Commerce,1,Government,Domestic,Defense,19230_Zusatzpunkt_4_CDU_CSU_Damerow_ID1923002700_20.05.2021.csv
25,Deshalb noch einmal: Ich wünschte mir keine bundeseinheitlichen Regeln zu einer Öffnung; denn dann wäre das nicht möglich gewesen.,Domestic Commerce,1,Government,Domestic,Defense,19230_Zusatzpunkt_4_CDU_CSU_Damerow_ID1923002700_20.05.2021.csv
26,"Ich finde, das sollte man an dieser Stelle auch einmal betrachten.",Domestic Commerce,1,Government,Domestic,Defense,19230_Zusatzpunkt_4_CDU_CSU_Damerow_ID1923002700_20.05.2021.csv
27,Modellregionen sind gut.,Domestic Commerce,1,Government,Domestic,Defense,19230_Zusatzpunkt_4_CDU_CSU_Damerow_ID1923002700_20.05.2021.csv
28,Sie haben bei uns jetzt zu einer landesweiten Öffnung geführt.,Domestic Commerce,1,Government,Domestic,Defense,19230_Zusatzpunkt_4_CDU_CSU_Damerow_ID1923002700_20.05.2021.csv
29,Andere Bundesländer werden nachziehen.,Domestic Commerce,1,Government,Domestic,Defense,19230_Zusatzpunkt_4_CDU_CSU_Damerow_ID1923002700_20.05.2021.csv
30,Aber wie gesagt: Wir werden in den nächsten Wochen um einen Flickenteppich nicht herumkommen.,Domestic Commerce,1,Government,Domestic,Defense,19230_Zusatzpunkt_4_CDU_CSU_Damerow_ID1923002700_20.05.2021.csv
31,"Das ist der Vielfalt – übrigens finde ich als Touristikerin: der ausgesprochen schönen Vielfalt – unseres Landes geschuldet, und ich finde, diese Geduld sollten wir haben.",Domestic Commerce,1,Government,Domestic,Defense,19230_Zusatzpunkt_4_CDU_CSU_Damerow_ID1923002700_20.05.2021.csv
32,"Wenn ich mich mit den Bürgern in meinem Wahlkreis unterhalte, dann sind sie durchaus in der Lage, sich darüber Gedanken zu machen, wohin sie in den Urlaub fahren und welche Regeln sie dort erfüllen müssen.",Domestic Commerce,1,Government,Domestic,Defense,19230_Zusatzpunkt_4_CDU_CSU_Damerow_ID1923002700_20.05.2021.csv
33,Das haben Sie früher nämlich auch getan.,Domestic Commerce,1,Government,Domestic,Defense,19230_Zusatzpunkt_4_CDU_CSU_Damerow_ID1923002700_20.05.2021.csv
34,"Also, es ist ja nicht so, dass alles immer überall gleich ist.",Domestic Commerce,2,Domestic,Domestic,Domestic,19230_Zusatzpunkt_4_CDU_CSU_Damerow_ID1923002700_20.05.2021.csv
35,"Insofern würde ich sagen, lieber Marcel Klinge: Der Wunsch nach bundeseinheitlichen Regeln hätte durchaus auch ein Danaergeschenk sein können.",Domestic Commerce,2,Domestic,Domestic,Domestic,19230_Zusatzpunkt_4_CDU_CSU_Damerow_ID1923002700_20.05.2021.csv
36,"Deshalb ist es gut und richtig, wie die Bundesregierung das gemeinsam mit den Bundesländern geregelt hat.",Domestic Commerce,2,Domestic,Domestic,Domestic,19230_Zusatzpunkt_4_CDU_CSU_Damerow_ID1923002700_20.05.2021.csv
37,"Jetzt, verehrte Kolleginnen und Kollegen, gilt es in der Tat, nach vorne zu schauen.",Domestic Commerce,2,Domestic,Domestic,Domestic,19230_Zusatzpunkt_4_CDU_CSU_Damerow_ID1923002700_20.05.2021.csv
38,"Wir haben natürlich noch nicht für alle Lösungen, so wie wir sie uns wünschen.",Domestic Commerce,2,Domestic,Domestic,Domestic,19230_Zusatzpunkt_4_CDU_CSU_Damerow_ID1923002700_20.05.2021.csv
39,Die verbundenen Unternehmen sind angesprochen worden.,Domestic Commerce,2,Domestic,Domestic,Domestic,19230_Zusatzpunkt_4_CDU_CSU_Damerow_ID1923002700_20.05.2021.csv
40,"Es ist schwierig – Sie, Bernd Rützel, haben es gesagt – für unsere Busunternehmen bei länderübergreifenden Reisen; das stimmt auch.",Domestic Commerce,2,Domestic,Domestic,Domestic,19230_Zusatzpunkt_4_CDU_CSU_Damerow_ID1923002700_20.05.2021.csv
41,Ebenso werden wir uns mit dem Thema auseinandersetzen – dazu sind wir bereits im Gespräch mit dem Staatssekretär –: Wie gehen wir in den nächsten Wochen und Monaten mit der Arbeitskräftegewinnung in unserer Tourismuswirtschaft um?,Domestic Commerce,2,Domestic,Domestic,Domestic,19230_Zusatzpunkt_4_CDU_CSU_Damerow_ID1923002700_20.05.2021.csv
42,"All das sind Herausforderungen, derer wir uns sehr wohl bewusst sind.",Domestic Commerce,2,Domestic,Domestic,Domestic,19230_Zusatzpunkt_4_CDU_CSU_Damerow_ID1923002700_20.05.2021.csv
43,"Dafür, liebe FDP, hätte es Ihren Antrag nicht gebraucht.",Domestic Commerce,2,Domestic,Domestic,Domestic,19230_Zusatzpunkt_4_CDU_CSU_Damerow_ID1923002700_20.05.2021.csv
44,Das wissen wir; daran arbeiten wir in vielerlei Hinsicht gemeinsam mit unserem Koalitionspartner.,Domestic Commerce,2,Domestic,Domestic,Domestic,19230_Zusatzpunkt_4_CDU_CSU_Damerow_ID1923002700_20.05.2021.csv
45,"Deshalb werden wir Ihren Antrag ablehnen, aber selbstverständlich mit Ihnen gemeinsam im Tourismusausschuss, wie wir das auch in der Vergangenheit gewöhnt waren, weiter kollegial zusammenarbeiten – zum Wohle des Tourismus und der Menschen in unserem Land.",Domestic Commerce,2,Domestic,Domestic,Domestic,19230_Zusatzpunkt_4_CDU_CSU_Damerow_ID1923002700_20.05.2021.csv
46,Ganz herzlichen Dank.,*,2,Domestic,Domestic,Domestic,19230_Zusatzpunkt_4_CDU_CSU_Damerow_ID1923002700_20.05.2021.csv
47,Grüßen Sie mir Nordfriesland!,*,2,Domestic,Domestic,Domestic,19230_Zusatzpunkt_4_CDU_CSU_Damerow_ID1923002700_20.05.2021.csv
48,– Geht Sie nichts an!,*,2,Domestic,Domestic,Domestic,19230_Zusatzpunkt_4_CDU_CSU_Damerow_ID1923002700_20.05.2021.csv
49,"Ich habe gesagt, sie soll Calli Schaschlik grüßen .",*,2,Domestic,Domestic,Domestic,19230_Zusatzpunkt_4_CDU_CSU_Damerow_ID1923002700_20.05.2021.csv
50,"Sie wissen nicht, was das ist; aber da haben Sie etwas versäumt.",*,2,Domestic,Domestic,Domestic,19230_Zusatzpunkt_4_CDU_CSU_Damerow_ID1923002700_20.05.2021.csv
51,Nächster Redner: für die SPD-Fraktion Frank Junge.,*,2,Domestic,Domestic,Domestic,19230_Zusatzpunkt_4_CDU_CSU_Damerow_ID1923002700_20.05.2021.csv
