,text,label_gold,segment_id,label_bert,label_parlbert,label_svm,speech_id
0,Sehr geehrte Frau Präsidentin!,*,0,Domestic,Domestic,Domestic,19230_Zusatzpunkt_4_FDP_Mueller-Boehm_ID1923002600_20.05.2021.csv
1,Geschätzte Kolleginnen und Kollegen!,*,0,Domestic,Domestic,Domestic,19230_Zusatzpunkt_4_FDP_Mueller-Boehm_ID1923002600_20.05.2021.csv
2,"In der Tat: Die Tourismuswirtschaft ist wahrscheinlich die Branche in unserem Land, die als Erstes von der Coronapandemie betroffen war und wahrscheinlich auch noch am längsten von der Krise und den Folgen betroffen sein wird; denn – das hat Herr Rützel gerade richtig gesagt – wir alle können nicht wissen, was eventuell eines Tages noch passieren mag.",Domestic Commerce,0,Domestic,Domestic,Domestic,19230_Zusatzpunkt_4_FDP_Mueller-Boehm_ID1923002600_20.05.2021.csv
3,"Aber genau deswegen ist es auch so wichtig, dass wir dieser Branche jetzt entschlossen helfen.",Domestic Commerce,0,Domestic,Domestic,Domestic,19230_Zusatzpunkt_4_FDP_Mueller-Boehm_ID1923002600_20.05.2021.csv
4,"Mein Eindruck – das ist nicht nur meiner, sondern auch der Eindruck vieler aus der Branche – ist, dass die Bundesregierung relativ schnell und auch großzügig ist, wenn es darum geht, Freiheitsrechte einzuschränken und die Möglichkeiten der Branche zu erhalten, sich selbst zu ernähren und nicht auf staatliche Zuschüsse angewiesen zu sein.",Domestic Commerce,0,Domestic,Domestic,Domestic,19230_Zusatzpunkt_4_FDP_Mueller-Boehm_ID1923002600_20.05.2021.csv
5,"Wenn es aber darum geht, dieser Branche konkret zu helfen, dann dauert es Ewigkeiten.",Domestic Commerce,0,Domestic,Domestic,Domestic,19230_Zusatzpunkt_4_FDP_Mueller-Boehm_ID1923002600_20.05.2021.csv
6,Die Branche wartet beispielsweise nach wie vor – das hat Marcel Klinge gerade schon ausgeführt – auf eine passende Regelung für die Verbundunternehmen.,Domestic Commerce,0,Domestic,Domestic,Domestic,19230_Zusatzpunkt_4_FDP_Mueller-Boehm_ID1923002600_20.05.2021.csv
7,Um das einmal klar zu beziffern: Das sind vielleicht nur 150 Unternehmen; dahinter stehen aber mindestens bis zu 200 000 Mitarbeiter.,Domestic Commerce,0,Domestic,Domestic,Domestic,19230_Zusatzpunkt_4_FDP_Mueller-Boehm_ID1923002600_20.05.2021.csv
8,"Da frage ich mich schon ganz ehrlich, liebe Bundesregierung und liebe Große Koalition: Warum machen Sie denn dann nichts?",Domestic Commerce,0,Domestic,Domestic,Domestic,19230_Zusatzpunkt_4_FDP_Mueller-Boehm_ID1923002600_20.05.2021.csv
9,Warum passiert denn da nicht endlich etwas?,Domestic Commerce,0,Domestic,Domestic,Domestic,19230_Zusatzpunkt_4_FDP_Mueller-Boehm_ID1923002600_20.05.2021.csv
10,Und warum lassen Sie die Leute da im Regen stehen?,Domestic Commerce,0,Domestic,Domestic,Domestic,19230_Zusatzpunkt_4_FDP_Mueller-Boehm_ID1923002600_20.05.2021.csv
11,"Das führt mich zu der Feststellung – das muss ich so deutlich sagen –, dass das Auseinanderfallen von eigener Wahrnehmung und Wirklichkeit hier im Hause anscheinend gerade bei der Großen Koalition am meisten vorhanden ist.",Domestic Commerce,0,Domestic,Domestic,Domestic,19230_Zusatzpunkt_4_FDP_Mueller-Boehm_ID1923002600_20.05.2021.csv
12,"Ich möchte Ihnen das deutlich machen: Wir haben seit Monaten im Tourismusausschuss eine Anhörung nach der anderen, und es kommen immer wieder dieselben Themen auf.",Domestic Commerce,0,Domestic,Domestic,Domestic,19230_Zusatzpunkt_4_FDP_Mueller-Boehm_ID1923002600_20.05.2021.csv
13,"Wenn ich dann von Ihnen, Frau Gabriele Hiller-Ohm, höre, dass Sie es verwunderlich finden, dass wir eine bundeseinheitliche Strategie fordern oder dass wir gegen Maßnahmen wie die Ausgangsbeschränkungen Klage erheben, dann frage ich mich: Haben Sie da eigentlich einmal zugehört?",Domestic Commerce,0,Domestic,Domestic,Domestic,19230_Zusatzpunkt_4_FDP_Mueller-Boehm_ID1923002600_20.05.2021.csv
14,"Die Leute sagen die ganze Zeit, dass das für den Tourismus schädlich ist.",Domestic Commerce,0,Domestic,Domestic,Domestic,19230_Zusatzpunkt_4_FDP_Mueller-Boehm_ID1923002600_20.05.2021.csv
15,"Wir tun etwas dagegen oder möchten zumindest erreichen, dass diesem Zustand abgeholfen wird, und dann wundern Sie sich, dass wir das machen.",Domestic Commerce,0,Domestic,Domestic,Domestic,19230_Zusatzpunkt_4_FDP_Mueller-Boehm_ID1923002600_20.05.2021.csv
16,Dafür habe ich keinerlei Verständnis!,Domestic Commerce,0,Domestic,Domestic,Domestic,19230_Zusatzpunkt_4_FDP_Mueller-Boehm_ID1923002600_20.05.2021.csv
17,"Zu guter Letzt möchte ich, weil Kerstin Kassner das gerade eben schon angesprochen hatte, auf das Thema der Insolvenzantragspflicht eingehen.",Domestic Commerce,0,Domestic,Domestic,Domestic,19230_Zusatzpunkt_4_FDP_Mueller-Boehm_ID1923002600_20.05.2021.csv
18,"Wir haben hier ebenfalls eine Situation, die ausgesprochen schwierig ist.",Domestic Commerce,0,Domestic,Domestic,Domestic,19230_Zusatzpunkt_4_FDP_Mueller-Boehm_ID1923002600_20.05.2021.csv
19,"Gerade im Tourismus ist es so, dass einige Betriebe immer noch keine Hilfsmaßnahmen erhalten haben.",Domestic Commerce,0,Domestic,Domestic,Domestic,19230_Zusatzpunkt_4_FDP_Mueller-Boehm_ID1923002600_20.05.2021.csv
20,Und was passiert nun?,Domestic Commerce,0,Domestic,Domestic,Domestic,19230_Zusatzpunkt_4_FDP_Mueller-Boehm_ID1923002600_20.05.2021.csv
21,Seit dem 30.,Domestic Commerce,0,Domestic,Domestic,Domestic,19230_Zusatzpunkt_4_FDP_Mueller-Boehm_ID1923002600_20.05.2021.csv
22,April müssen wieder Insolvenzen beantragt werden.,Domestic Commerce,0,Domestic,Domestic,Domestic,19230_Zusatzpunkt_4_FDP_Mueller-Boehm_ID1923002600_20.05.2021.csv
23,Das ist ordnungspolitisch richtig.,Domestic Commerce,0,Domestic,Domestic,Domestic,19230_Zusatzpunkt_4_FDP_Mueller-Boehm_ID1923002600_20.05.2021.csv
24,"Aber es ist ordnungspolitisch falsch, dass gesunde Unternehmen im Grunde nur deshalb Insolvenz anmelden müssen, weil staatliches Handeln fehlt und die Bundesregierung da keine entsprechende Hilfe leistet.",Domestic Commerce,0,Domestic,Domestic,Domestic,19230_Zusatzpunkt_4_FDP_Mueller-Boehm_ID1923002600_20.05.2021.csv
25,Herzlichen Dank.,*,0,Domestic,Domestic,Domestic,19230_Zusatzpunkt_4_FDP_Mueller-Boehm_ID1923002600_20.05.2021.csv
26,"Vielen Dank, Kollege Müller-Böhm. – Nächste Rednerin: für die CDU/CSU-Fraktion Astrid Damerow.",*,0,Domestic,Domestic,Domestic,19230_Zusatzpunkt_4_FDP_Mueller-Boehm_ID1923002600_20.05.2021.csv
