,text,label_gold,segment_id,label_bert,label_parlbert,label_svm,speech_id
0,Sehr geehrte Präsidentin!,*,0,Domestic,Domestic,Domestic,19230_Zusatzpunkt_4_AfD_Neumann_ID1923002400_20.05.2021.csv
1,Ehrwürdige Mitglieder dieses Hohen Hauses!,*,0,Domestic,Domestic,Domestic,19230_Zusatzpunkt_4_AfD_Neumann_ID1923002400_20.05.2021.csv
2,Geneigte Zuschauer an den heimischen Fernsehgeräten!,*,0,Domestic,Domestic,Domestic,19230_Zusatzpunkt_4_AfD_Neumann_ID1923002400_20.05.2021.csv
3,"Der vorliegende Antrag der FDP ist ein Versuch, Vertrauen für den Tourismus zurückzugewinnen.",Domestic Commerce,0,Domestic,Domestic,Domestic,19230_Zusatzpunkt_4_AfD_Neumann_ID1923002400_20.05.2021.csv
4,Er ist aller Ehren wert.,Domestic Commerce,0,Domestic,Domestic,Domestic,19230_Zusatzpunkt_4_AfD_Neumann_ID1923002400_20.05.2021.csv
5,Aber warum haben wir dieses Vertrauen überhaupt erst verloren?,Domestic Commerce,0,Domestic,Domestic,Domestic,19230_Zusatzpunkt_4_AfD_Neumann_ID1923002400_20.05.2021.csv
6,Warum antworten immer mehr Deutsche mit Unverständnis auf die Maßnahmen dieser Regierung?,Domestic Commerce,0,Domestic,Domestic,Domestic,19230_Zusatzpunkt_4_AfD_Neumann_ID1923002400_20.05.2021.csv
7,Ganz einfach: Die Regierung hat die Unterstützung des deutschen Volkes verloren.,Domestic Commerce,0,Domestic,Domestic,Domestic,19230_Zusatzpunkt_4_AfD_Neumann_ID1923002400_20.05.2021.csv
8,"Zu Ostern durften die ersten Urlauber unser Land verlassen, ich betone: durften!",Domestic Commerce,0,Domestic,Domestic,Domestic,19230_Zusatzpunkt_4_AfD_Neumann_ID1923002400_20.05.2021.csv
9,Der Abgeordnete und Genosse Professor Dr.,Domestic Commerce,0,Domestic,Domestic,Domestic,19230_Zusatzpunkt_4_AfD_Neumann_ID1923002400_20.05.2021.csv
10,"Lauterbach von der SPD versuchte sogar, den Bürgern dies zu verleiden, und sagte der spanischen Regierung eine gewisse Schummelei nach, wie aus den Medien zu erfahren war.",Domestic Commerce,0,Domestic,Domestic,Domestic,19230_Zusatzpunkt_4_AfD_Neumann_ID1923002400_20.05.2021.csv
11,"Dabei zeigten die Verantwortlichen auf den Balearen, wie Tourismus auch in Zeiten von Corona möglich ist.",Domestic Commerce,0,Domestic,Domestic,Domestic,19230_Zusatzpunkt_4_AfD_Neumann_ID1923002400_20.05.2021.csv
12,Die Hygienemaßnahmen wurden entsprechend den Bedürfnissen angepasst.,Domestic Commerce,0,Domestic,Domestic,Domestic,19230_Zusatzpunkt_4_AfD_Neumann_ID1923002400_20.05.2021.csv
13,"Es waren sogar Schulen geöffnet, und die Gäste aus Deutschland wurden mit großer Freude empfangen.",Domestic Commerce,0,Domestic,Domestic,Domestic,19230_Zusatzpunkt_4_AfD_Neumann_ID1923002400_20.05.2021.csv
14,Zur gleichen Zeit verkroch sich unsere Regierung aus reiner Furcht in ihre Berliner Amtsstuben.,Domestic Commerce,0,Domestic,Domestic,Domestic,19230_Zusatzpunkt_4_AfD_Neumann_ID1923002400_20.05.2021.csv
15,Die deutsche Tourismuswirtschaft mit 3 Millionen Beschäftigten hat seit Langem sinnvolle Konzepte für die Öffnung des Tourismus erarbeitet.,Domestic Commerce,0,Domestic,Domestic,Domestic,19230_Zusatzpunkt_4_AfD_Neumann_ID1923002400_20.05.2021.csv
16,Wenig davon ist in die Politik eingeflossen.,Domestic Commerce,0,Domestic,Domestic,Domestic,19230_Zusatzpunkt_4_AfD_Neumann_ID1923002400_20.05.2021.csv
17,Hören wir an dieser Stelle doch endlich einmal auf die Vertreter der Praxis!,Domestic Commerce,0,Domestic,Domestic,Domestic,19230_Zusatzpunkt_4_AfD_Neumann_ID1923002400_20.05.2021.csv
18,"Sie arbeiten jeden Tag für das Wohl ihrer Gäste
und wissen, was nötig ist, um diese zu schützen.",Domestic Commerce,0,Domestic,Domestic,Domestic,19230_Zusatzpunkt_4_AfD_Neumann_ID1923002400_20.05.2021.csv
19,"Die Bürger in unserem Land wollen ihre Freiheit zurück – die Freiheit, ihren Aufenthaltsort selbst zu bestimmen, ohne Bevormundung aus Berlin.",Civil Rights,0,Domestic,Domestic,Domestic,19230_Zusatzpunkt_4_AfD_Neumann_ID1923002400_20.05.2021.csv
20,"Wertgeschätzte Kollegen, möchten Sie nicht auch den Bürgern unseres Landes ihre Freiheit wiedergeben?",Civil Rights,0,Domestic,Domestic,Domestic,19230_Zusatzpunkt_4_AfD_Neumann_ID1923002400_20.05.2021.csv
21,"Liebe Kollegen der FDP, das Grundübel haben Sie bereits richtig erkannt: Das Infektionsschutzgesetz dieser Regierung zerstört Vertrauen.",Civil Rights,0,Domestic,Domestic,Domestic,19230_Zusatzpunkt_4_AfD_Neumann_ID1923002400_20.05.2021.csv
22,"Nur, Ihr Wunsch nach einem bundesweiten Öffnungskonzept wird ein Wunsch bleiben, und das wissen Sie.",Civil Rights,0,Domestic,Domestic,Domestic,19230_Zusatzpunkt_4_AfD_Neumann_ID1923002400_20.05.2021.csv
23,Bund und Länder haben auch in der Not nicht zueinandergefunden.,Civil Rights,0,Domestic,Domestic,Domestic,19230_Zusatzpunkt_4_AfD_Neumann_ID1923002400_20.05.2021.csv
24,"Der Öffnungswettbewerb ist schon längst im Gange, wie wir tagtäglich in allen Medien sehen können.",Civil Rights,0,Domestic,Domestic,Domestic,19230_Zusatzpunkt_4_AfD_Neumann_ID1923002400_20.05.2021.csv
25,Pfingsten steht vor der Tür.,Civil Rights,0,Domestic,Domestic,Domestic,19230_Zusatzpunkt_4_AfD_Neumann_ID1923002400_20.05.2021.csv
26,Unsere Familien wollen in den Sommerurlaub; sie planen schon.,Civil Rights,0,Domestic,Domestic,Domestic,19230_Zusatzpunkt_4_AfD_Neumann_ID1923002400_20.05.2021.csv
27,Helfen wir ihnen endlich dabei!,Civil Rights,0,Domestic,Domestic,Domestic,19230_Zusatzpunkt_4_AfD_Neumann_ID1923002400_20.05.2021.csv
28,Geben Sie den Menschen in Deutschland ihre Freiheit zurück!,Civil Rights,0,Domestic,Domestic,Domestic,19230_Zusatzpunkt_4_AfD_Neumann_ID1923002400_20.05.2021.csv
29,Es lebe unser schönes Urlaubsland Deutschland!,Civil Rights,0,Domestic,Domestic,Domestic,19230_Zusatzpunkt_4_AfD_Neumann_ID1923002400_20.05.2021.csv
30,Ich danke Ihnen fürs aktive Zuhören.,*,0,Domestic,Domestic,Domestic,19230_Zusatzpunkt_4_AfD_Neumann_ID1923002400_20.05.2021.csv
31,"Danke schön, Christoph Neumann.",*,0,Domestic,Domestic,Domestic,19230_Zusatzpunkt_4_AfD_Neumann_ID1923002400_20.05.2021.csv
32,Nächster Redner: für die SPD-Fraktion Bernd Rützel.,*,0,Domestic,Domestic,Domestic,19230_Zusatzpunkt_4_AfD_Neumann_ID1923002400_20.05.2021.csv
