,text,label_gold,segment_id,label_bert,label_parlbert,label_svm,speech_id
0,Sehr geehrte Frau Präsidentin!,*,0,Civil,Civil,Civil,19234_Tagesordnungspunkt_43_FDP_Bauer_ID1923404600_11.06.2021.csv
1,Sehr geehrte Frau Ministerin!,*,0,Civil,Civil,Civil,19234_Tagesordnungspunkt_43_FDP_Bauer_ID1923404600_11.06.2021.csv
2,Liebe Kolleginnen und Kollegen!,*,0,Civil,Civil,Civil,19234_Tagesordnungspunkt_43_FDP_Bauer_ID1923404600_11.06.2021.csv
3,Wir leben in einer immer komplexer werdenden Welt.,Civil Rights,0,Civil,Civil,Civil,19234_Tagesordnungspunkt_43_FDP_Bauer_ID1923404600_11.06.2021.csv
4,"Wenn wir dieser auch in Zukunft erfolgreich begegnen wollen, brauchen wir unterschiedliche Perspektiven und gemischte Teams für die besten Lösungen.",Civil Rights,0,Civil,Civil,Civil,19234_Tagesordnungspunkt_43_FDP_Bauer_ID1923404600_11.06.2021.csv
5,"Daher teilen wir Ihr Ziel, künftig mehr Frauen für Führungspositionen und Vorstände gewinnen zu können.",Civil Rights,0,Civil,Civil,Civil,19234_Tagesordnungspunkt_43_FDP_Bauer_ID1923404600_11.06.2021.csv
6,"Aber für uns Freie Demokraten ist auch klar: Ein echter, nachhaltiger und innovativer Wandel gelingt nur miteinander.",Civil Rights,0,Civil,Civil,Civil,19234_Tagesordnungspunkt_43_FDP_Bauer_ID1923404600_11.06.2021.csv
7,Statt einer Quote brauchen wir überzeugtes Handeln.,Civil Rights,0,Civil,Civil,Civil,19234_Tagesordnungspunkt_43_FDP_Bauer_ID1923404600_11.06.2021.csv
8,Unser Ansatz will ermöglichen.,Civil Rights,0,Civil,Civil,Civil,19234_Tagesordnungspunkt_43_FDP_Bauer_ID1923404600_11.06.2021.csv
9,"Er ist zukunftsfähig, berücksichtigt die unternehmerische Freiheit und die Interessen meiner Generation und die der folgenden.",Civil Rights,0,Civil,Civil,Civil,19234_Tagesordnungspunkt_43_FDP_Bauer_ID1923404600_11.06.2021.csv
10,Wir und sie sind die Arbeits- und Führungskräfte von morgen.,Civil Rights,0,Civil,Civil,Civil,19234_Tagesordnungspunkt_43_FDP_Bauer_ID1923404600_11.06.2021.csv
11,Fragen wir uns also: Wie wollen wir in Zukunft leben und arbeiten?,Civil Rights,0,Civil,Civil,Civil,19234_Tagesordnungspunkt_43_FDP_Bauer_ID1923404600_11.06.2021.csv
12,Was tun die Unternehmen im Wettbewerb um die besten Köpfe?,Civil Rights,0,Civil,Civil,Civil,19234_Tagesordnungspunkt_43_FDP_Bauer_ID1923404600_11.06.2021.csv
13,Und welche Rahmenbedingungen fördern Vielfalt und Vereinbarkeit?,Civil Rights,0,Civil,Civil,Civil,19234_Tagesordnungspunkt_43_FDP_Bauer_ID1923404600_11.06.2021.csv
14,"Damit meine ich Beruf und Privatleben ganz allgemein, ob Hobby, Ehrenamt oder die eigene Familie, sprich: Kinder oder pflegebedürftige Angehörige.",Civil Rights,1,Civil,Labor,Civil,19234_Tagesordnungspunkt_43_FDP_Bauer_ID1923404600_11.06.2021.csv
15,Und natürlich wünschen sich das Männer genauso wie Frauen.,Civil Rights,1,Civil,Labor,Civil,19234_Tagesordnungspunkt_43_FDP_Bauer_ID1923404600_11.06.2021.csv
16,"Deshalb wollen wir Entscheidungsfreiheit für beide und in beide Richtungen: Frauen, die Mütter sind, sollen auch Karriere machen können, und Männer, die in Führungspositionen sind, sollen Zeit für die Familie haben können.",Civil Rights,1,Civil,Labor,Civil,19234_Tagesordnungspunkt_43_FDP_Bauer_ID1923404600_11.06.2021.csv
17,"Frauen nehmen Männern nichts weg – nein, ganz im Gegenteil: Wir alle profitieren davon, meine Damen und Herren.",Civil Rights,1,Civil,Labor,Civil,19234_Tagesordnungspunkt_43_FDP_Bauer_ID1923404600_11.06.2021.csv
18,"Deshalb freue ich mich ganz besonders, dass die familienbedingten Auszeiten für Führungskräfte nun im Gesetz verankert werden.",Civil Rights,1,Civil,Labor,Civil,19234_Tagesordnungspunkt_43_FDP_Bauer_ID1923404600_11.06.2021.csv
19,"Das großartige Engagement von #StayOnBoard – Verena, du bist heute bei uns – und unser Antrag tragen jetzt Früchte.",Civil Rights,1,Civil,Labor,Civil,19234_Tagesordnungspunkt_43_FDP_Bauer_ID1923404600_11.06.2021.csv
20,"Wie viel wir gemeinsam erreichen können, liebe Bundesregierung, das sehen wir, wenn Sie gute Anträge der Opposition in die Tat umsetzen.",Civil Rights,1,Civil,Labor,Civil,19234_Tagesordnungspunkt_43_FDP_Bauer_ID1923404600_11.06.2021.csv
21,Führungskräfte haben eine enorme Strahlkraft ins eigene Unternehmen und gegenüber den Stakeholdern.,Civil Rights,1,Civil,Labor,Civil,19234_Tagesordnungspunkt_43_FDP_Bauer_ID1923404600_11.06.2021.csv
22,Genau diese Vorbilder braucht unser Land.,Civil Rights,1,Civil,Labor,Civil,19234_Tagesordnungspunkt_43_FDP_Bauer_ID1923404600_11.06.2021.csv
23,Zugleich liegt eine große Chance in mehr Flexibilität.,Civil Rights,1,Civil,Labor,Civil,19234_Tagesordnungspunkt_43_FDP_Bauer_ID1923404600_11.06.2021.csv
24,"Wir brauchen endlich eine Reform des Arbeitszeitgesetzes für mobiles Arbeiten, aber auch neue Modelle wie Jobsharing und Topsharing.",Civil Rights,1,Civil,Labor,Civil,19234_Tagesordnungspunkt_43_FDP_Bauer_ID1923404600_11.06.2021.csv
25,Wir brauchen Talentmanagement und Diversitymanagement von Anfang an und auf allen Ebenen.,Civil Rights,1,Civil,Labor,Civil,19234_Tagesordnungspunkt_43_FDP_Bauer_ID1923404600_11.06.2021.csv
26,"Darüber hinaus brauchen wir Arbeitgeber und Vorgesetzte, die dieses moderne Rollenverständnis in die Tat umsetzen und aktiv fördern.",Civil Rights,1,Civil,Labor,Civil,19234_Tagesordnungspunkt_43_FDP_Bauer_ID1923404600_11.06.2021.csv
27,Nur so können wir den Kulturwandel einleiten und erreichen nachhaltige Veränderungen.,Civil Rights,1,Civil,Labor,Civil,19234_Tagesordnungspunkt_43_FDP_Bauer_ID1923404600_11.06.2021.csv
28,"Und nein, lieber Herr Weinberg, liebe Union, wir haben das Ende dieses Kulturwandels noch nicht erreicht.",Civil Rights,1,Civil,Labor,Civil,19234_Tagesordnungspunkt_43_FDP_Bauer_ID1923404600_11.06.2021.csv
29,"Das haben wir erst, wenn Frauen ohne Quoten und Männer mit längerer Elternzeit bis ganz nach oben in die Führungsetagen vordringen können.",Civil Rights,1,Civil,Labor,Civil,19234_Tagesordnungspunkt_43_FDP_Bauer_ID1923404600_11.06.2021.csv
30,"Dafür macht sich die FDP, die Fortschrittspartei, stark.",Civil Rights,1,Civil,Labor,Civil,19234_Tagesordnungspunkt_43_FDP_Bauer_ID1923404600_11.06.2021.csv
31,Vielen Dank.,*,1,Civil,Labor,Civil,19234_Tagesordnungspunkt_43_FDP_Bauer_ID1923404600_11.06.2021.csv
32,Vielen Dank. – Das Wort geht an die Fraktion Die Linke mit Doris Achelwilm.,*,1,Civil,Labor,Civil,19234_Tagesordnungspunkt_43_FDP_Bauer_ID1923404600_11.06.2021.csv
