,text,label_gold,segment_id,label_bert,label_parlbert,label_svm,speech_id
0,Frau Präsidentin!,*,0,Government,Government,Government,19234_Tagesordnungspunkt_43_none_Lambrecht_ID1923404300_11.06.2021.csv
1,Meine sehr geehrten Damen und Herren!,*,0,Government,Government,Government,19234_Tagesordnungspunkt_43_none_Lambrecht_ID1923404300_11.06.2021.csv
2,"Das ist voraussichtlich meine letzte Rede als Bundestagsabgeordnete, weil ich mich nach 23 Jahren Mitgliedschaft im Deutschen Bundestag dazu entschieden habe, nicht erneut anzutreten.",*,0,Government,Government,Government,19234_Tagesordnungspunkt_43_none_Lambrecht_ID1923404300_11.06.2021.csv
3,Deswegen ist bei dieser Rede ein bisschen Wehmut dabei.,*,0,Government,Government,Government,19234_Tagesordnungspunkt_43_none_Lambrecht_ID1923404300_11.06.2021.csv
4,"Aber ich muss sagen: Ich bin meiner Fraktion sehr, sehr dankbar, dass ich ausgerechnet zu diesem wichtigen Thema meine letzte Rede hier im Deutschen Bundestag halten darf,
einem Thema, bei dem wir deutlich machen: Wir durchstoßen erneut eine gläserne Decke, durch die qualifizierte Frauen davon abgehalten wurden, in Führungspositionen zu kommen.",Civil Rights,0,Government,Government,Government,19234_Tagesordnungspunkt_43_none_Lambrecht_ID1923404300_11.06.2021.csv
5,"Wir verschaffen dem Grundsatz, dass bei der Besetzung von Positionen die Qualifikation das Alleinentscheidende sein muss – und eben nicht das Geschlecht –, weiter Durchbruch, meine Damen und
Es hört sich so einfach an und es hört sich auch so selbstverständlich an, dass die Qualifikation das Allesentscheidende ist, aber das war ein harter Kampf.",Civil Rights,0,Government,Government,Government,19234_Tagesordnungspunkt_43_none_Lambrecht_ID1923404300_11.06.2021.csv
6,"Entschuldigen Sie, Frau Ministerin. – Darf ich um etwas mehr Ruhe und Anstand bitten. – Danke.",*,1,Civil,Civil,International,19234_Tagesordnungspunkt_43_none_Lambrecht_ID1923404300_11.06.2021.csv
7,"Das hört sich so einfach und so selbstverständlich an, aber ich kann Ihnen aus diesen 23 Jahren berichten, dass das ein harter Kampf war.",Civil Rights,1,Civil,Civil,International,19234_Tagesordnungspunkt_43_none_Lambrecht_ID1923404300_11.06.2021.csv
8,"In meiner ersten Legislaturperiode waren wir im Jahr 2001 schon mal fast davor, eine Quote für Aufsichtsräte zu beschließen – noch nicht mal das war damals der Fall –, und dann gab es ganz viele Stimmen aus der Wirtschaft, die gesagt haben: Das braucht ihr nicht gesetzlich zu regeln; so eine Quote brauchen wir nicht.",Civil Rights,1,Civil,Civil,International,19234_Tagesordnungspunkt_43_none_Lambrecht_ID1923404300_11.06.2021.csv
9,"Das machen wir schon aus eigenem Interesse, weil wir die vielen gut qualifizierten Frauen in unseren Unternehmen haben wollen. – Wir haben uns damals davon überzeugen lassen.",Civil Rights,1,Civil,Civil,International,19234_Tagesordnungspunkt_43_none_Lambrecht_ID1923404300_11.06.2021.csv
10,"Danach ist lange, lange nichts passiert.",Civil Rights,1,Civil,Civil,International,19234_Tagesordnungspunkt_43_none_Lambrecht_ID1923404300_11.06.2021.csv
11,"Deswegen haben wir dann im Jahr 2015 die Quote für Aufsichtsräte beschlossen, ein ganz wichtiger Schritt.",Civil Rights,1,Civil,Civil,International,19234_Tagesordnungspunkt_43_none_Lambrecht_ID1923404300_11.06.2021.csv
12,Heute gehen wir mit der Quote in Vorständen einen Schritt weiter.,Civil Rights,1,Civil,Civil,International,19234_Tagesordnungspunkt_43_none_Lambrecht_ID1923404300_11.06.2021.csv
13,Es ist ein ganz wichtiges Signal an Frauen: Euch steht alles offen.,Civil Rights,1,Civil,Civil,International,19234_Tagesordnungspunkt_43_none_Lambrecht_ID1923404300_11.06.2021.csv
14,Ihr könnt jeden Beruf ergreifen.,Civil Rights,1,Civil,Civil,International,19234_Tagesordnungspunkt_43_none_Lambrecht_ID1923404300_11.06.2021.csv
15,"Euch steht die Welt offen, wenn ihr entsprechend qualifiziert seid.",Civil Rights,1,Civil,Civil,International,19234_Tagesordnungspunkt_43_none_Lambrecht_ID1923404300_11.06.2021.csv
16,Nutzt die Chance!,Civil Rights,1,Civil,Civil,International,19234_Tagesordnungspunkt_43_none_Lambrecht_ID1923404300_11.06.2021.csv
17,"– Das ist ein wichtiges Signal, das ich auch gerne von dieser Stelle aus senden möchte.",Civil Rights,1,Civil,Civil,International,19234_Tagesordnungspunkt_43_none_Lambrecht_ID1923404300_11.06.2021.csv
18,"Das alleine reicht aber nicht, sondern es ist noch viel Arbeit zu leisten, dass dann auch die Bezahlung stimmt, damit es dann nicht wieder daran hapert und Unterschiede gemacht werden.",Civil Rights,1,Civil,Civil,International,19234_Tagesordnungspunkt_43_none_Lambrecht_ID1923404300_11.06.2021.csv
19,Auch hier muss der Grundsatz gelten: Die Qualifikation und nicht das Geschlecht entscheidet.,Civil Rights,1,Civil,Civil,International,19234_Tagesordnungspunkt_43_none_Lambrecht_ID1923404300_11.06.2021.csv
20,Da haben Sie für die Zukunft noch richtig viel zu tun.,Civil Rights,1,Civil,Civil,International,19234_Tagesordnungspunkt_43_none_Lambrecht_ID1923404300_11.06.2021.csv
21,"Wir sind noch lange nicht da, wo wir eigentlich schon längst sein sollten.",Civil Rights,1,Civil,Civil,International,19234_Tagesordnungspunkt_43_none_Lambrecht_ID1923404300_11.06.2021.csv
22,"Dafür wünsche ich Ihnen allen alles Gute, viel Erfolg und genauso konstruktive Verhandlungen, wie ich sie in diesen 23 Jahren erleben durfte.",*,1,Civil,Civil,International,19234_Tagesordnungspunkt_43_none_Lambrecht_ID1923404300_11.06.2021.csv
23,"Es waren immer gute Verhandlungen.
– In den meisten Fällen waren sie konstruktiv, und in den meisten Fällen ist man auch fair mit mir umgegangen.",*,1,Civil,Civil,International,19234_Tagesordnungspunkt_43_none_Lambrecht_ID1923404300_11.06.2021.csv
24,"Ich wiederum hoffe, dass ich ebenfalls fair mit all denjenigen umgegangen bin, die mit mir verhandelt haben.",*,1,Civil,Civil,International,19234_Tagesordnungspunkt_43_none_Lambrecht_ID1923404300_11.06.2021.csv
25,"Ich weiß, ich kann manchmal sehr beharrlich sein und immer wieder mit dem gleichen Thema kommen.",*,1,Civil,Civil,International,19234_Tagesordnungspunkt_43_none_Lambrecht_ID1923404300_11.06.2021.csv
26,"Das nervt vielleicht manchmal, aber es ist auch notwendig, denn nur Beharrlichkeit führt zum Ziel.",*,1,Civil,Civil,International,19234_Tagesordnungspunkt_43_none_Lambrecht_ID1923404300_11.06.2021.csv
27,Das kann man gerade auch bei diesem Thema sehen.,*,1,Civil,Civil,International,19234_Tagesordnungspunkt_43_none_Lambrecht_ID1923404300_11.06.2021.csv
28,"Sollte ich dennoch jemandem mal auf den Fuß getreten sein, dann bitte ich dafür um Entschuldigung.",*,1,Civil,Civil,International,19234_Tagesordnungspunkt_43_none_Lambrecht_ID1923404300_11.06.2021.csv
29,"Es war nie persönlich gedacht, sondern hatte etwas damit zu tun, dass ich für diese Themen brenne.",*,1,Civil,Civil,International,19234_Tagesordnungspunkt_43_none_Lambrecht_ID1923404300_11.06.2021.csv
30,"Präsidentin Pau hat vorhin aufgefordert, bei den letzten Reden nicht allzu viele Dankesworte zu verlieren.",*,2,Government,Government,Civil,19234_Tagesordnungspunkt_43_none_Lambrecht_ID1923404300_11.06.2021.csv
31,Ich sage Danke an alle.,*,2,Government,Government,Civil,19234_Tagesordnungspunkt_43_none_Lambrecht_ID1923404300_11.06.2021.csv
32,Das werde ich ganz vielen auch noch persönlich sagen.,*,2,Government,Government,Civil,19234_Tagesordnungspunkt_43_none_Lambrecht_ID1923404300_11.06.2021.csv
33,Ich möchte mich mit einem Satz aus einem Lied der wunderbaren Trude Herr verabschieden: „Niemals geht man so ganz“.,*,2,Government,Government,Civil,19234_Tagesordnungspunkt_43_none_Lambrecht_ID1923404300_11.06.2021.csv
34,Vielen Dank.,*,2,Government,Government,Civil,19234_Tagesordnungspunkt_43_none_Lambrecht_ID1923404300_11.06.2021.csv
35,"Herzlichen Dank, liebe Frau Ministerin.",*,2,Government,Government,Civil,19234_Tagesordnungspunkt_43_none_Lambrecht_ID1923404300_11.06.2021.csv
36,"Alles Gute, auch von unserer Seite aus.",*,2,Government,Government,Civil,19234_Tagesordnungspunkt_43_none_Lambrecht_ID1923404300_11.06.2021.csv
37,Bis Oktober halten wir hier stramm die Stellung. – Ich gebe das Wort an Mariana Harder-Kühnel,*,2,Government,Government,Civil,19234_Tagesordnungspunkt_43_none_Lambrecht_ID1923404300_11.06.2021.csv
