,text,label_gold,segment_id,label_bert,label_parlbert,label_svm,speech_id
0,Sehr geehrte Frau Präsidentin!,*,0,Government,Domestic,Transportation,19230_Zusatzpunkt_4_SPD_Ruetzel_ID1923002500_20.05.2021.csv
1,Liebe Kolleginnen!,*,0,Government,Domestic,Transportation,19230_Zusatzpunkt_4_SPD_Ruetzel_ID1923002500_20.05.2021.csv
2,Liebe Kollegen!,*,0,Government,Domestic,Transportation,19230_Zusatzpunkt_4_SPD_Ruetzel_ID1923002500_20.05.2021.csv
3,Ganz besonders: Liebe Gabriele Hiller-Ohm!,*,0,Government,Domestic,Transportation,19230_Zusatzpunkt_4_SPD_Ruetzel_ID1923002500_20.05.2021.csv
4,"Auch wenn wir nicht wissen, ob das heute deine letzte Rede zum Tourismus war – die Legislaturperiode dauert ja noch ein paar Monate –, so will ich aber die Möglichkeit nutzen, dir für 19 Jahre hier im Deutschen Bundestag im Bereich Tourismus zu danken.",Domestic Commerce,0,Government,Domestic,Transportation,19230_Zusatzpunkt_4_SPD_Ruetzel_ID1923002500_20.05.2021.csv
5,"Du hast hier viel gearbeitet, viel bewegt, hast hier einen guten Namen und gute Verbindungen.",Domestic Commerce,0,Government,Domestic,Transportation,19230_Zusatzpunkt_4_SPD_Ruetzel_ID1923002500_20.05.2021.csv
6,"Das ist der Unterschied zu plakativen Anträgen oder zu Reden, wie wir sie gerade eben gehört haben.",Domestic Commerce,0,Government,Domestic,Transportation,19230_Zusatzpunkt_4_SPD_Ruetzel_ID1923002500_20.05.2021.csv
7,"Vielen Dank, liebe Gabriele, für deine Arbeit!",Domestic Commerce,0,Government,Domestic,Transportation,19230_Zusatzpunkt_4_SPD_Ruetzel_ID1923002500_20.05.2021.csv
8,"Ich bin aber froh, dass die FDP es uns ermöglicht, zu dieser Stunde und auch in diesem Umfang über den Neustart zu reden.",Health,0,Government,Domestic,Transportation,19230_Zusatzpunkt_4_SPD_Ruetzel_ID1923002500_20.05.2021.csv
9,"Jeder von uns lechzt doch danach, wieder rauszukönnen, wieder all das zu genießen, was uns so lieb war.",Health,0,Government,Domestic,Transportation,19230_Zusatzpunkt_4_SPD_Ruetzel_ID1923002500_20.05.2021.csv
10,"Auch wenn wir jetzt sehen, dass die Coronazahlen deutlich sinken, dass die Situation auf den Intensivstationen sich leicht, aber stetig entspannt, wenn wir sehen, dass die Impfungen an Fahrt aufnehmen, und wenn wir uns alle auf einen schönen Sommer freuen – nächste Woche machen die Freibäder auf –, ist es trotzdem wichtig, jetzt mit Maß und Verstand vorzugehen.",Health,0,Government,Domestic,Transportation,19230_Zusatzpunkt_4_SPD_Ruetzel_ID1923002500_20.05.2021.csv
11,"Ermöglichen, was möglich ist, und dabei trotzdem vorsichtig und umsichtig zu bleiben, das muss jetzt gelten.",Domestic Commerce,0,Government,Domestic,Transportation,19230_Zusatzpunkt_4_SPD_Ruetzel_ID1923002500_20.05.2021.csv
12,"Wir haben hier mit der Bundesnotbremse zwar einen bundeseinheitlichen Rahmen geschaffen, aber ich sage auch: Es gibt nach wie vor einen großen Flickenteppich.",Domestic Commerce,0,Government,Domestic,Transportation,19230_Zusatzpunkt_4_SPD_Ruetzel_ID1923002500_20.05.2021.csv
13,Die Länder können sich oftmals nicht einigen und warten mit der Koordinierung zu lange.,Domestic Commerce,0,Government,Domestic,Transportation,19230_Zusatzpunkt_4_SPD_Ruetzel_ID1923002500_20.05.2021.csv
14,"Das ist verantwortungslos, das ist bizarr, das hilft der Reisebranche nicht und ist für viele Reisende auch nicht nachvollziehbar.",Domestic Commerce,0,Government,Domestic,Transportation,19230_Zusatzpunkt_4_SPD_Ruetzel_ID1923002500_20.05.2021.csv
15,Ich will ein Beispiel aus meinem Wahlkreis in Unterfranken nennen.,Domestic Commerce,0,Government,Domestic,Transportation,19230_Zusatzpunkt_4_SPD_Ruetzel_ID1923002500_20.05.2021.csv
16,Wir liegen ganz nah an der hessischen Landesgrenze.,Domestic Commerce,0,Government,Domestic,Transportation,19230_Zusatzpunkt_4_SPD_Ruetzel_ID1923002500_20.05.2021.csv
17,"Ab Pfingstmontag, also ab nächster Woche, werden in Bayern wieder verschiedene Angebote zugelassen.",Domestic Commerce,0,Government,Domestic,Transportation,19230_Zusatzpunkt_4_SPD_Ruetzel_ID1923002500_20.05.2021.csv
18,Reisebusse zum Beispiel dürfen dann wieder fahren.,Domestic Commerce,0,Government,Domestic,Transportation,19230_Zusatzpunkt_4_SPD_Ruetzel_ID1923002500_20.05.2021.csv
19,Seit gestern ist ein Papier der Bayerischen Staatsregierung im Umlauf.,Domestic Commerce,0,Government,Domestic,Transportation,19230_Zusatzpunkt_4_SPD_Ruetzel_ID1923002500_20.05.2021.csv
20,"Es nennt sich „Rahmenkonzept“ und regelt die Bedingungen, unter denen touristische Dienstleistungen vom kommenden Montag an wieder angeboten werden dürfen.",Domestic Commerce,0,Government,Domestic,Transportation,19230_Zusatzpunkt_4_SPD_Ruetzel_ID1923002500_20.05.2021.csv
21,Ich will dieses Papier einmal freundlich zusammenfassen: Es ist kompliziert.,Domestic Commerce,0,Government,Domestic,Transportation,19230_Zusatzpunkt_4_SPD_Ruetzel_ID1923002500_20.05.2021.csv
22,"Es ist kompliziert, weil die Regelungen natürlich unterschiedlich sind und weil der bayerische Ministerpräsident die Zügel gerne kurzhält.",Domestic Commerce,0,Government,Domestic,Transportation,19230_Zusatzpunkt_4_SPD_Ruetzel_ID1923002500_20.05.2021.csv
23,"Deswegen hatten gerade Busunternehmer aus meinem Wahlkreis die Idee, schnell über die Grenze nach Hessen und um ganz Bayern herum zum Beispiel nach Italien zu fahren.",Domestic Commerce,0,Government,Domestic,Transportation,19230_Zusatzpunkt_4_SPD_Ruetzel_ID1923002500_20.05.2021.csv
24,"Das ist schwierig, und das versteht auch niemand.",Domestic Commerce,0,Government,Domestic,Transportation,19230_Zusatzpunkt_4_SPD_Ruetzel_ID1923002500_20.05.2021.csv
25,"Die Leute denken ja, wir sind verrückt.",Domestic Commerce,0,Government,Domestic,Transportation,19230_Zusatzpunkt_4_SPD_Ruetzel_ID1923002500_20.05.2021.csv
26,Deswegen brauchen wir Planungssicherheit.,Domestic Commerce,0,Government,Domestic,Transportation,19230_Zusatzpunkt_4_SPD_Ruetzel_ID1923002500_20.05.2021.csv
27,"Was wir anbieten können und bereits geregelt haben, ist eine Orientierung an den Infektionszahlen.",Domestic Commerce,0,Government,Domestic,Transportation,19230_Zusatzpunkt_4_SPD_Ruetzel_ID1923002500_20.05.2021.csv
28,"Was wir nicht anbieten können – das muss man auch deutlich sagen –, sind Aussagen über die weitere Entwicklung der Infektionszahlen.",Domestic Commerce,0,Government,Domestic,Transportation,19230_Zusatzpunkt_4_SPD_Ruetzel_ID1923002500_20.05.2021.csv
29,"Es gibt Prognosen, die bei der Orientierung helfen; aber ob sie verlässlich sind und wie die Situation im Juni, im Juli, im August oder im September ist, weiß hier niemand.
– Ja, das ist so.",Domestic Commerce,0,Government,Domestic,Transportation,19230_Zusatzpunkt_4_SPD_Ruetzel_ID1923002500_20.05.2021.csv
30,"Sie bilden sich das vielleicht ein, aber niemand weiß, wie es sein wird.",Domestic Commerce,0,Government,Domestic,Transportation,19230_Zusatzpunkt_4_SPD_Ruetzel_ID1923002500_20.05.2021.csv
31,Deswegen müssen Versprechen seriös sein.,Domestic Commerce,0,Government,Domestic,Transportation,19230_Zusatzpunkt_4_SPD_Ruetzel_ID1923002500_20.05.2021.csv
32,"Es wurde hier schon angesprochen, dass sich das Reisen aber auch verändert.",Domestic Commerce,0,Government,Domestic,Transportation,19230_Zusatzpunkt_4_SPD_Ruetzel_ID1923002500_20.05.2021.csv
33,"Die Leute wollen mehr Sicherheit: Sicherheit, dass Krankenhäuser in der Nähe sind, Sicherheit, dass man auch wieder zurückkommt, Sicherheit, dass man umbuchen kann, dass man flexibel sein kann.",Domestic Commerce,0,Government,Domestic,Transportation,19230_Zusatzpunkt_4_SPD_Ruetzel_ID1923002500_20.05.2021.csv
34,"Das Thema Nachtzüge, wofür ich als Eisenbahner besonders dankbar bin, ist ein wichtiges Thema – die Kollegin Kassner hat es hier angesprochen –, genauso wie Radwege und Nachhaltigkeit.",Domestic Commerce,0,Government,Domestic,Transportation,19230_Zusatzpunkt_4_SPD_Ruetzel_ID1923002500_20.05.2021.csv
35,"Ich will mit einem Zitat, welches Alexander von Humboldt zugeschrieben wird, enden.",Domestic Commerce,0,Government,Domestic,Transportation,19230_Zusatzpunkt_4_SPD_Ruetzel_ID1923002500_20.05.2021.csv
36,"Er soll gesagt haben: „Die gefährlichste Weltanschauung ist die Weltanschauung derer, die die Welt nie angeschaut haben.“ Deswegen: Reisen ist wichtig und bildet.",Domestic Commerce,0,Government,Domestic,Transportation,19230_Zusatzpunkt_4_SPD_Ruetzel_ID1923002500_20.05.2021.csv
37,"Es ist auch nicht schlecht – das sage ich als Eisenbahner –, wenn man manchmal das Flugzeug benutzt.",Domestic Commerce,0,Government,Domestic,Transportation,19230_Zusatzpunkt_4_SPD_Ruetzel_ID1923002500_20.05.2021.csv
38,Vielen Dank.,*,0,Government,Domestic,Transportation,19230_Zusatzpunkt_4_SPD_Ruetzel_ID1923002500_20.05.2021.csv
39,"Vielen Dank, Bernd Rützel. – Der nächste Redner: für die FDP-Fraktion Roman Müller-Böhm.",*,0,Government,Domestic,Transportation,19230_Zusatzpunkt_4_SPD_Ruetzel_ID1923002500_20.05.2021.csv
