,text,label_gold,segment_id,label_bert,label_parlbert,label_svm,speech_id
0,Vielen Dank. – Frau Präsidentin!,*,0,Civil,Civil,Civil,19234_Tagesordnungspunkt_43_GRUENE_Schauws_ID1923404800_11.06.2021.csv
1,Meine Damen und Herren!,*,0,Civil,Civil,Civil,19234_Tagesordnungspunkt_43_GRUENE_Schauws_ID1923404800_11.06.2021.csv
2,"Frau Ministerin, auch von meiner Fraktion alles Gute für Sie und Ihre Zukunft.",*,0,Civil,Civil,Civil,19234_Tagesordnungspunkt_43_GRUENE_Schauws_ID1923404800_11.06.2021.csv
3,Danke für die gute Zusammenarbeit!,*,0,Civil,Civil,Civil,19234_Tagesordnungspunkt_43_GRUENE_Schauws_ID1923404800_11.06.2021.csv
4,"Kurz vor Ende der Wahlperiode ringt sich die Koalition dazu durch, das Führungspositionen-Gesetz II zur Abstimmung zu bringen.",Civil Rights,0,Civil,Civil,Civil,19234_Tagesordnungspunkt_43_GRUENE_Schauws_ID1923404800_11.06.2021.csv
5,Das war knapp.,Civil Rights,0,Civil,Civil,Civil,19234_Tagesordnungspunkt_43_GRUENE_Schauws_ID1923404800_11.06.2021.csv
6,Der vorliegende Gesetzentwurf wurde durch weitere Kompromisse nochmals abgeschwächt.,Civil Rights,0,Civil,Civil,Civil,19234_Tagesordnungspunkt_43_GRUENE_Schauws_ID1923404800_11.06.2021.csv
7,"Das, liebe CDU/CSU-Fraktion, gleicht einem Unterbietungswettbewerb zur Frage, wie wenig Frauenförderung in einem Gesetz stecken kann.",Civil Rights,0,Civil,Civil,Civil,19234_Tagesordnungspunkt_43_GRUENE_Schauws_ID1923404800_11.06.2021.csv
8,"Um es klar zu sagen: Mit der neuen Gesetzesfassung wird es in den Vorständen keine echte Quote geben, sondern nur eine Mindestbeteiligung von einer Frau pro Vorstand, egal wie groß der Vorstand ist.",Civil Rights,0,Civil,Civil,Civil,19234_Tagesordnungspunkt_43_GRUENE_Schauws_ID1923404800_11.06.2021.csv
9,Reine Männervorstände bleiben so weiterhin möglich.,Civil Rights,0,Civil,Civil,Civil,19234_Tagesordnungspunkt_43_GRUENE_Schauws_ID1923404800_11.06.2021.csv
10,Auch die Übergangsfristen wurden noch mal verlängert.,Civil Rights,0,Civil,Civil,Civil,19234_Tagesordnungspunkt_43_GRUENE_Schauws_ID1923404800_11.06.2021.csv
11,"Welches Signal wollen Sie damit eigentlich an die vielen Frauen im Land senden, die endlich gleiche Chancen wollen?",Civil Rights,0,Civil,Civil,Civil,19234_Tagesordnungspunkt_43_GRUENE_Schauws_ID1923404800_11.06.2021.csv
12,Es ist höchste Zeit für eine Modernisierung unserer Wirtschaft.,Civil Rights,0,Civil,Civil,Civil,19234_Tagesordnungspunkt_43_GRUENE_Schauws_ID1923404800_11.06.2021.csv
13,"Wenn alle Talente berücksichtigt werden und Vielfalt in den Führungsetagen abgebildet wird, sind die Entscheidungen ausgewogener.",Civil Rights,0,Civil,Civil,Civil,19234_Tagesordnungspunkt_43_GRUENE_Schauws_ID1923404800_11.06.2021.csv
14,"Diversität ist ein Gewinn, und #StayOnBoard ist auch einer.",Civil Rights,0,Civil,Civil,Civil,19234_Tagesordnungspunkt_43_GRUENE_Schauws_ID1923404800_11.06.2021.csv
15,Deutschland hinkt um Jahrzehnte hinterher.,Civil Rights,0,Civil,Civil,Civil,19234_Tagesordnungspunkt_43_GRUENE_Schauws_ID1923404800_11.06.2021.csv
16,Ein echter Kulturwandel in Chefetagen ist überfällig.,Civil Rights,0,Civil,Civil,Civil,19234_Tagesordnungspunkt_43_GRUENE_Schauws_ID1923404800_11.06.2021.csv
17,"Liebe Kolleginnen und Kollegen, dass wie in den vergangenen Monaten die Lage und Nöte der Frauen viel zu spät in den Blick genommen wurden, lag auch daran, dass in den Entscheidungspositionen noch immer überwiegend Männer sitzen, auch hier im Bundestag.",Civil Rights,0,Civil,Civil,Civil,19234_Tagesordnungspunkt_43_GRUENE_Schauws_ID1923404800_11.06.2021.csv
18,"Wer entscheidet, ist eben nicht egal.",Civil Rights,0,Civil,Civil,Civil,19234_Tagesordnungspunkt_43_GRUENE_Schauws_ID1923404800_11.06.2021.csv
19,Wir wollen den Kulturwandel jetzt.,Civil Rights,0,Civil,Civil,Civil,19234_Tagesordnungspunkt_43_GRUENE_Schauws_ID1923404800_11.06.2021.csv
20,Dafür braucht es die kritische Masse von mindestens einem Drittel Frauen.,Civil Rights,0,Civil,Civil,Civil,19234_Tagesordnungspunkt_43_GRUENE_Schauws_ID1923404800_11.06.2021.csv
21,Das zeigt die Forschung sehr klar.,Civil Rights,0,Civil,Civil,Civil,19234_Tagesordnungspunkt_43_GRUENE_Schauws_ID1923404800_11.06.2021.csv
22,Das bestätigen auch die Erfahrungen von Vorstandsfrauen.,Civil Rights,0,Civil,Civil,Civil,19234_Tagesordnungspunkt_43_GRUENE_Schauws_ID1923404800_11.06.2021.csv
23,"Wir haben in der Vergangenheit leider schon zu häufig gesehen, dass eine Frau alleine es nicht richten kann, die männlich geprägte Kultur zu durchbrechen.",Civil Rights,0,Civil,Civil,Civil,19234_Tagesordnungspunkt_43_GRUENE_Schauws_ID1923404800_11.06.2021.csv
24,Darum haben wir Grünen einen konkreten eigenen Vorschlag formuliert.,Civil Rights,0,Civil,Civil,Civil,19234_Tagesordnungspunkt_43_GRUENE_Schauws_ID1923404800_11.06.2021.csv
25,Wir fordern in unserem Antrag eine feste Quote von mindestens 33 Prozent für alle börsennotierten und mitbestimmten Unternehmensvorstände.,Civil Rights,0,Civil,Civil,Civil,19234_Tagesordnungspunkt_43_GRUENE_Schauws_ID1923404800_11.06.2021.csv
26,Die Quote soll auf dem Weg zur paritätischen Repräsentanz ab dem Jahr 2025 auf 40 Prozent ansteigen.,Civil Rights,0,Civil,Civil,Civil,19234_Tagesordnungspunkt_43_GRUENE_Schauws_ID1923404800_11.06.2021.csv
27,"Wir Grünen wollen zudem, dass die Unternehmen verbindliche Pläne für alle, auch für die unteren Führungsebenen, aufstellen.",Civil Rights,0,Civil,Civil,Civil,19234_Tagesordnungspunkt_43_GRUENE_Schauws_ID1923404800_11.06.2021.csv
28,"Denn faire Chancen müssen alle Frauen bekommen, egal auf welcher Stufe der Karriere sie sich befinden.",Civil Rights,0,Civil,Civil,Civil,19234_Tagesordnungspunkt_43_GRUENE_Schauws_ID1923404800_11.06.2021.csv
29,"Liebe Kolleginnen und Kollegen, abschließend noch ein Wort zu den Aufsichtsräten.",Civil Rights,0,Civil,Civil,Civil,19234_Tagesordnungspunkt_43_GRUENE_Schauws_ID1923404800_11.06.2021.csv
30,Warum sind Sie hier so zaghaft?,Civil Rights,0,Civil,Civil,Civil,19234_Tagesordnungspunkt_43_GRUENE_Schauws_ID1923404800_11.06.2021.csv
31,"Die Quote für Aufsichtsräte wirkt, die Unternehmen kennen diese Quote, und sie haben mit einer Ausweitung gerechnet.",Civil Rights,0,Civil,Civil,Civil,19234_Tagesordnungspunkt_43_GRUENE_Schauws_ID1923404800_11.06.2021.csv
32,"Das ist genau der Zeitpunkt, endlich diese Ausweitung auf den Weg zu bringen; denn bislang ist nur eine Gruppe von gut 100 Unternehmen betroffen.",Civil Rights,0,Civil,Civil,Civil,19234_Tagesordnungspunkt_43_GRUENE_Schauws_ID1923404800_11.06.2021.csv
33,Wir wollen in der nächsten Legislatur eine Ausweitung auf mehr Unternehmen und eine Erhöhung auf 40 Prozent erreichen.,Civil Rights,0,Civil,Civil,Civil,19234_Tagesordnungspunkt_43_GRUENE_Schauws_ID1923404800_11.06.2021.csv
34,Der Weg für eine moderne Wirtschaftspolitik muss geebnet werden; denn das ist jetzt dran.,Civil Rights,0,Civil,Civil,Civil,19234_Tagesordnungspunkt_43_GRUENE_Schauws_ID1923404800_11.06.2021.csv
35,Vielen Dank.,*,1,Government,Government,Government,19234_Tagesordnungspunkt_43_GRUENE_Schauws_ID1923404800_11.06.2021.csv
36,Herzlichen Dank. – Das Wort geht an Katja Mast von der SPD-Fraktion.,*,1,Government,Government,Government,19234_Tagesordnungspunkt_43_GRUENE_Schauws_ID1923404800_11.06.2021.csv
