,text,label_gold,segment_id,label_bert,label_parlbert,label_svm,speech_id
0,Sehr geehrte Frau Präsidentin!,*,0,Civil,Civil,Civil,19234_Tagesordnungspunkt_43_CDU_CSU_Launert_ID1923405100_11.06.2021.csv
1,Liebe Kolleginnen und Kollegen!,*,0,Civil,Civil,Civil,19234_Tagesordnungspunkt_43_CDU_CSU_Launert_ID1923405100_11.06.2021.csv
2,Sehr geehrte Damen und Herren!,*,0,Civil,Civil,Civil,19234_Tagesordnungspunkt_43_CDU_CSU_Launert_ID1923405100_11.06.2021.csv
3,"„Wir haben uns ja wirklich bemüht, aber trotz aller Anstrengungen konnten wir leider keine passende Bewerberin finden.“ „Wir würden ja gerne mehr Frauen in unsere Führungsetage holen; aber leider gibt es nicht ausreichend qualifizierte Bewerberinnen, deren Profile auf diese Stellen passen.“ – Ich glaube, das sind Sätze, die wir jetzt viel zu oft und viel zu lange gehört haben, und ich hoffe, dass damit endlich Schluss ist.",Civil Rights,0,Civil,Civil,Civil,19234_Tagesordnungspunkt_43_CDU_CSU_Launert_ID1923405100_11.06.2021.csv
4,"Die Zeit der Ausreden ist
Denn – auch wenn es immer wieder behauptet wird –: Es gibt sie, die qualifizierten, motivierten, engagierten Frauen, die gerne in Spitzenpositionen wollen und die da auch hingehören; es gibt sie.",Civil Rights,0,Civil,Civil,Civil,19234_Tagesordnungspunkt_43_CDU_CSU_Launert_ID1923405100_11.06.2021.csv
5,"Man muss sie nur suchen, fördern, aufbauen.",Civil Rights,1,Civil,Civil,International,19234_Tagesordnungspunkt_43_CDU_CSU_Launert_ID1923405100_11.06.2021.csv
6,Vor einigen Jahren haben wir den ersten Schritt gemacht mit dem Führungspositionen-Gesetz I.,Civil Rights,1,Civil,Civil,International,19234_Tagesordnungspunkt_43_CDU_CSU_Launert_ID1923405100_11.06.2021.csv
7,"In einem Rechtsstaat hat im Rahmen der Verhältnismäßigkeit den Vorrang aber immer erst das mildere Mittel, wenn es geeignet ist.",Civil Rights,1,Civil,Civil,International,19234_Tagesordnungspunkt_43_CDU_CSU_Launert_ID1923405100_11.06.2021.csv
8,"So haben wir uns darauf eingelassen und haben den Unternehmen vertraut, dass man es freiwillig hinkriegt.",Civil Rights,1,Civil,Civil,International,19234_Tagesordnungspunkt_43_CDU_CSU_Launert_ID1923405100_11.06.2021.csv
9,"Wir nehmen Rücksicht auf die Unternehmen – immer wieder –, weil auch sie eine Grundrechtsposition haben.",Civil Rights,1,Civil,Civil,International,19234_Tagesordnungspunkt_43_CDU_CSU_Launert_ID1923405100_11.06.2021.csv
10,"Aber wir haben auch den Auftrag aus der Verfassung, auf die tatsächliche Durchsetzung der Gleichberechtigung hinzuwirken, und leider hat dieser freiwillige Weg nicht geklappt.",Civil Rights,1,Civil,Civil,International,19234_Tagesordnungspunkt_43_CDU_CSU_Launert_ID1923405100_11.06.2021.csv
11,Besonders ärgerlich ist immer wieder dieser hohe Anteil an Quote null.,Civil Rights,1,Civil,Civil,International,19234_Tagesordnungspunkt_43_CDU_CSU_Launert_ID1923405100_11.06.2021.csv
12,"Nur Männer sagen: Nur Männer sind immer der qualifiziertere Weg; wir geben uns eine Quote null. – Deutlicher kann es nicht sein, dass es eine gläserne Decke gibt.",Civil Rights,1,Civil,Civil,International,19234_Tagesordnungspunkt_43_CDU_CSU_Launert_ID1923405100_11.06.2021.csv
13,Deshalb diese Durchbrechung.,Civil Rights,2,Civil,Civil,Government,19234_Tagesordnungspunkt_43_CDU_CSU_Launert_ID1923405100_11.06.2021.csv
14,"Es ist eine Durchbrechung, die dem einen nicht weit genug, dem anderen viel zu weit geht.",Civil Rights,2,Civil,Civil,Government,19234_Tagesordnungspunkt_43_CDU_CSU_Launert_ID1923405100_11.06.2021.csv
15,Ich habe nicht mehr viel Zeit; ich habe leider immer als letzte Rednerin der CSU sozusagen die „Arschkarte“ gezogen.,Civil Rights,2,Civil,Civil,Government,19234_Tagesordnungspunkt_43_CDU_CSU_Launert_ID1923405100_11.06.2021.csv
16,Aber ich möchte diese Ausdrücke nicht stehen lassen.,Civil Rights,2,Civil,Civil,Government,19234_Tagesordnungspunkt_43_CDU_CSU_Launert_ID1923405100_11.06.2021.csv
17,"Ich möchte hier nicht stehen lassen, dass man sagt: Und Unternehmen verpflichten untaugliches Personal. – Ich verstehe nicht, dass sich die Frauen nicht massenhaft unglaublich beleidigt fühlen von solch einem Ausdruck.",Civil Rights,2,Civil,Civil,Government,19234_Tagesordnungspunkt_43_CDU_CSU_Launert_ID1923405100_11.06.2021.csv
18,Das ist eine Frechheit!,Civil Rights,2,Civil,Civil,Government,19234_Tagesordnungspunkt_43_CDU_CSU_Launert_ID1923405100_11.06.2021.csv
19,„Untaugliches Personal“!,Civil Rights,2,Civil,Civil,Government,19234_Tagesordnungspunkt_43_CDU_CSU_Launert_ID1923405100_11.06.2021.csv
20,Die Unternehmen können Ihre eigenen Frauen fördern und qualifizieren.,Civil Rights,2,Civil,Civil,Government,19234_Tagesordnungspunkt_43_CDU_CSU_Launert_ID1923405100_11.06.2021.csv
21,Frauen sind nicht „untaugliches Personal“.,Civil Rights,3,Civil,Civil,Labor,19234_Tagesordnungspunkt_43_CDU_CSU_Launert_ID1923405100_11.06.2021.csv
22,"Ein weiterer Ausdruck: die Frau als Quotenfrau abstempeln. – Sie stempeln Frauen als Quotenfrau ab, Sie stempeln Ministerinnen als Quotenministerinnen ab.",Civil Rights,3,Civil,Civil,Labor,19234_Tagesordnungspunkt_43_CDU_CSU_Launert_ID1923405100_11.06.2021.csv
23,Wir brauchen Frauen.,Civil Rights,3,Civil,Civil,Labor,19234_Tagesordnungspunkt_43_CDU_CSU_Launert_ID1923405100_11.06.2021.csv
24,"Die machen ihren Job, und die machen ihn gut, und die bewähren sich in ihrem Job
und dürfen nicht abgestempelt werden als Quotenfrau.",Civil Rights,3,Civil,Civil,Labor,19234_Tagesordnungspunkt_43_CDU_CSU_Launert_ID1923405100_11.06.2021.csv
25,"Man kann eine andere Meinung haben zur Quote, das kann man – wenn für einen die Wirtschaft an erster Stelle steht und es einem nicht um einen Ausgleich zwischen den verschiedenen Verfassungsgütern geht.",Civil Rights,4,Civil,Civil,Government,19234_Tagesordnungspunkt_43_CDU_CSU_Launert_ID1923405100_11.06.2021.csv
26,Aber man sollte Frauen nicht dermaßen abstempeln.,Civil Rights,4,Civil,Civil,Government,19234_Tagesordnungspunkt_43_CDU_CSU_Launert_ID1923405100_11.06.2021.csv
27,Das fand ich schrecklich.,Civil Rights,4,Civil,Civil,Government,19234_Tagesordnungspunkt_43_CDU_CSU_Launert_ID1923405100_11.06.2021.csv
28,"Es hat mich zutiefst getroffen in einer der letzten ganz, ganz wichtigen Debatten in diesem Hause in dieser Legislaturperiode.",Civil Rights,4,Civil,Civil,Government,19234_Tagesordnungspunkt_43_CDU_CSU_Launert_ID1923405100_11.06.2021.csv
29,Schönen Tag.,*,4,Civil,Civil,Government,19234_Tagesordnungspunkt_43_CDU_CSU_Launert_ID1923405100_11.06.2021.csv
30,Herzlichen Dank. – Ich schließe die Aussprache.,*,4,Civil,Civil,Government,19234_Tagesordnungspunkt_43_CDU_CSU_Launert_ID1923405100_11.06.2021.csv
