,text,label_gold,segment_id,label_bert,label_parlbert,label_svm,speech_id
0,Sehr geehrter Herr Präsident!,*,0,Domestic,Domestic,Domestic,19230_Zusatzpunkt_4_FDP_Klinge_ID1923001700_20.05.2021.csv
1,Liebe Kolleginnen und Kollegen!,*,0,Domestic,Domestic,Domestic,19230_Zusatzpunkt_4_FDP_Klinge_ID1923001700_20.05.2021.csv
2,"Deutschland braucht einen Tapetenwechsel, und das so schnell wie möglich.",Domestic Commerce,0,Domestic,Domestic,Domestic,19230_Zusatzpunkt_4_FDP_Klinge_ID1923001700_20.05.2021.csv
3,"Nach über einem Jahr Pandemie mit massiven Einschränkungen, Besuchsverboten und kräfteraubendem Homeschooling sehnen sich Millionen von Menschen nach einem überfälligen Urlaub und einer überfälligen Auszeit.",Domestic Commerce,0,Domestic,Domestic,Domestic,19230_Zusatzpunkt_4_FDP_Klinge_ID1923001700_20.05.2021.csv
4,Genau dies wollen wir Freie Demoraten ihnen nun ermöglichen.,Domestic Commerce,0,Domestic,Domestic,Domestic,19230_Zusatzpunkt_4_FDP_Klinge_ID1923001700_20.05.2021.csv
5,Denn sicheres Reisen ist möglich.,Domestic Commerce,0,Domestic,Domestic,Domestic,19230_Zusatzpunkt_4_FDP_Klinge_ID1923001700_20.05.2021.csv
6,"Der heiß diskutierte Osterurlaub auf Mallorca hat doch gezeigt, dass verantwortungsvolles Reisen unter Einbeziehung aller notwendigen Schutzmaßnahmen absolut möglich ist und dass die Zahlen eben nicht ansteigen.",Domestic Commerce,0,Domestic,Domestic,Domestic,19230_Zusatzpunkt_4_FDP_Klinge_ID1923001700_20.05.2021.csv
7,"Was Mallorca schafft und was uns Österreich diese Woche vormacht, das kann Deutschland schon lange.",Domestic Commerce,0,Domestic,Domestic,Domestic,19230_Zusatzpunkt_4_FDP_Klinge_ID1923001700_20.05.2021.csv
8,"Daher fordern wir die Bundesregierung, die Große Koalition noch einmal auf, das Verbot von touristischen Übernachtungen in ganz Deutschland abzuschaffen.",Domestic Commerce,0,Domestic,Domestic,Domestic,19230_Zusatzpunkt_4_FDP_Klinge_ID1923001700_20.05.2021.csv
9,Wir als FDP haben das bereits vor Wochen hier beantragt.,Domestic Commerce,0,Domestic,Domestic,Domestic,19230_Zusatzpunkt_4_FDP_Klinge_ID1923001700_20.05.2021.csv
10,Passiert ist nichts.,Domestic Commerce,0,Domestic,Domestic,Domestic,19230_Zusatzpunkt_4_FDP_Klinge_ID1923001700_20.05.2021.csv
11,Werden Sie endlich tätig!,Domestic Commerce,0,Domestic,Domestic,Domestic,19230_Zusatzpunkt_4_FDP_Klinge_ID1923001700_20.05.2021.csv
12,"Damit Familien zu Pfingsten und im Sommer endlich auch wieder verreisen können, brauchen wir den Inlands- und den Auslandstourismus gleichermaßen.",Domestic Commerce,0,Domestic,Domestic,Domestic,19230_Zusatzpunkt_4_FDP_Klinge_ID1923001700_20.05.2021.csv
13,Vor allem aber brauchen wir wieder ein Stück Normalität.,Domestic Commerce,0,Domestic,Domestic,Domestic,19230_Zusatzpunkt_4_FDP_Klinge_ID1923001700_20.05.2021.csv
14,"Dazu können die besten Gastgeber der Welt, unsere mittelständischen Betriebe und ihre engagierten Mitarbeiterinnen und Mitarbeiter, einen ganz, ganz wichtigen Beitrag leisten.",Domestic Commerce,0,Domestic,Domestic,Domestic,19230_Zusatzpunkt_4_FDP_Klinge_ID1923001700_20.05.2021.csv
15,"Für den erfolgreichen Neustart der Branche, meine Damen und Herren, ist ein einheitlicher bundesweiter Öffnungsplan unerlässlich.",Domestic Commerce,0,Domestic,Domestic,Domestic,19230_Zusatzpunkt_4_FDP_Klinge_ID1923001700_20.05.2021.csv
16,Doch diesen bleibt uns Schwarz-Rot weiterhin schuldig.,Domestic Commerce,0,Domestic,Domestic,Domestic,19230_Zusatzpunkt_4_FDP_Klinge_ID1923001700_20.05.2021.csv
17,"Wer im November über Nacht ganze Wirtschaftszweige schließt, der muss doch nach sieben Monaten einen Plan haben, wie er diese wieder öffnet.",Domestic Commerce,0,Domestic,Domestic,Domestic,19230_Zusatzpunkt_4_FDP_Klinge_ID1923001700_20.05.2021.csv
18,"Wie das gelingen kann, meine Damen und Herren, haben wir als Bundestagsfraktion schon mehrfach hier im Deutschen Bundestag vorgestellt, so auch in unserem vorliegenden Antrag.",Domestic Commerce,0,Domestic,Domestic,Domestic,19230_Zusatzpunkt_4_FDP_Klinge_ID1923001700_20.05.2021.csv
19,Lassen Sie mich zwei Punkte herausgreifen.,Domestic Commerce,0,Domestic,Domestic,Domestic,19230_Zusatzpunkt_4_FDP_Klinge_ID1923001700_20.05.2021.csv
20,Erstens wollen wir Freien Demokraten ganz Deutschland zu einem Vorzeigeland für sicheres Reisen machen.,Domestic Commerce,0,Domestic,Domestic,Domestic,19230_Zusatzpunkt_4_FDP_Klinge_ID1923001700_20.05.2021.csv
21,"Die seit Wochen laufenden Modellprojekte – ich denke hier an Schleswig-Holstein – zeigen doch eindrucksvoll, wie es erfolgreich gelingen kann.",Domestic Commerce,0,Domestic,Domestic,Domestic,19230_Zusatzpunkt_4_FDP_Klinge_ID1923001700_20.05.2021.csv
22,Und genau dieses Prinzip wollen wir jetzt auf die gesamte Republik übertragen.,Domestic Commerce,0,Domestic,Domestic,Domestic,19230_Zusatzpunkt_4_FDP_Klinge_ID1923001700_20.05.2021.csv
23,"Einheitlichkeit ist dabei der Schlüssel zum Erfolg, damit wir nicht wieder einen föderalen Flickenteppich bekommen, der eine vernünftige Reiseplanung unmöglich macht.",Domestic Commerce,0,Domestic,Domestic,Domestic,19230_Zusatzpunkt_4_FDP_Klinge_ID1923001700_20.05.2021.csv
24,Die Ferien stehen vor der Tür.,Domestic Commerce,0,Domestic,Domestic,Domestic,19230_Zusatzpunkt_4_FDP_Klinge_ID1923001700_20.05.2021.csv
25,"Es reicht also nicht, sich mit diesem entscheidenden Thema erst am 10.",Domestic Commerce,0,Domestic,Domestic,Domestic,19230_Zusatzpunkt_4_FDP_Klinge_ID1923001700_20.05.2021.csv
26,"Juni, wie Sie das planen, liebe Koalition, zu beschäftigen.",Domestic Commerce,0,Domestic,Domestic,Domestic,19230_Zusatzpunkt_4_FDP_Klinge_ID1923001700_20.05.2021.csv
27,Es muss jetzt gehandelt werden!,Domestic Commerce,0,Domestic,Domestic,Domestic,19230_Zusatzpunkt_4_FDP_Klinge_ID1923001700_20.05.2021.csv
28,Wir müssen zweitens bei den Wirtschaftshilfen am Ball bleiben; denn die Pandemie wird uns doch weit über den 30.,Domestic Commerce,0,Domestic,Domestic,Domestic,19230_Zusatzpunkt_4_FDP_Klinge_ID1923001700_20.05.2021.csv
29,"Juni hinaus, wenn die Überbrückungshilfe III ausläuft, beschäftigen.",Domestic Commerce,0,Domestic,Domestic,Domestic,19230_Zusatzpunkt_4_FDP_Klinge_ID1923001700_20.05.2021.csv
30,Auch dazu finden Sie eine ganze Reihe von Ideen in unserem Antrag.,Domestic Commerce,0,Domestic,Domestic,Domestic,19230_Zusatzpunkt_4_FDP_Klinge_ID1923001700_20.05.2021.csv
31,"Besonders wichtig ist mir, dass wir nachliefern müssen.",Domestic Commerce,0,Domestic,Domestic,Domestic,19230_Zusatzpunkt_4_FDP_Klinge_ID1923001700_20.05.2021.csv
32,"Ich denke zum Beispiel an private Ferienhausbetreiber, die bislang leer ausgegangen sind, und an verbundene Unternehmen, zum Beispiel mittelständische Hotelketten.",Domestic Commerce,0,Domestic,Domestic,Domestic,19230_Zusatzpunkt_4_FDP_Klinge_ID1923001700_20.05.2021.csv
33,Diese kämpfen seit Monaten mit einer massiven Unterdeckung im hohen Millionenbetrag.,Domestic Commerce,0,Domestic,Domestic,Domestic,19230_Zusatzpunkt_4_FDP_Klinge_ID1923001700_20.05.2021.csv
34,Für sie brauchen wir unverzüglich eine angemessene Lösung.,Domestic Commerce,0,Domestic,Domestic,Domestic,19230_Zusatzpunkt_4_FDP_Klinge_ID1923001700_20.05.2021.csv
35,"Das Bundeswirtschaftsministerium hat laut Presseberichten jetzt einen Vorschlag dazu gemacht, der auf dem Tisch von Bundesfinanzminister Scholz liegt.",Domestic Commerce,0,Domestic,Domestic,Domestic,19230_Zusatzpunkt_4_FDP_Klinge_ID1923001700_20.05.2021.csv
36,"Sehr geehrter Herr Scholz, beweisen Sie endlich, dass noch ein Stück Sozialdemokrat in Ihnen steckt und Ihnen die Existenzen von Zehntausenden Hotelangestellten und deren Familien eben nicht vollends egal sind!",Domestic Commerce,0,Domestic,Domestic,Domestic,19230_Zusatzpunkt_4_FDP_Klinge_ID1923001700_20.05.2021.csv
37,Sorgen Sie für mehr Fairness bei den Coronahilfen!,Domestic Commerce,0,Domestic,Domestic,Domestic,19230_Zusatzpunkt_4_FDP_Klinge_ID1923001700_20.05.2021.csv
38,"Es kann doch nicht sein, dass Unternehmerinnen und Unternehmer in diesem Land, die mehr als 249 Arbeitsplätze schaffen, durch den Rost fallen.",Domestic Commerce,0,Domestic,Domestic,Domestic,19230_Zusatzpunkt_4_FDP_Klinge_ID1923001700_20.05.2021.csv
39,Sorgen Sie für mehr Fairness!,Domestic Commerce,0,Domestic,Domestic,Domestic,19230_Zusatzpunkt_4_FDP_Klinge_ID1923001700_20.05.2021.csv
40,Jetzt haben Sie die Chance dazu.,Domestic Commerce,0,Domestic,Domestic,Domestic,19230_Zusatzpunkt_4_FDP_Klinge_ID1923001700_20.05.2021.csv
41,"Meine Damen und Herren, über 240 000 mittelständische Tourismusbetriebe und ihre 3 Millionen Mitarbeiterinnen und Mitarbeiter sind bereit für den Neustart.",Domestic Commerce,0,Domestic,Domestic,Domestic,19230_Zusatzpunkt_4_FDP_Klinge_ID1923001700_20.05.2021.csv
42,"Diese Menschen haben in der Pandemie zum Schutz von uns allen, zum Schutz der Allgemeinheit massive wirtschaftliche und persönliche Opfer gebracht.",Domestic Commerce,0,Domestic,Domestic,Domestic,19230_Zusatzpunkt_4_FDP_Klinge_ID1923001700_20.05.2021.csv
43,"Dafür verdienen sie unseren aufrichtigen Dank und jetzt die Chance, in ganz Deutschland wieder mit der Arbeit loszulegen!",Domestic Commerce,0,Domestic,Domestic,Domestic,19230_Zusatzpunkt_4_FDP_Klinge_ID1923001700_20.05.2021.csv
44,"Paul Lehrieder, CDU/CSU, ist der nächste Redner.",*,0,Domestic,Domestic,Domestic,19230_Zusatzpunkt_4_FDP_Klinge_ID1923001700_20.05.2021.csv
