,text,label_gold,segment_id,label_bert,label_parlbert,label_svm,speech_id
0,Sehr geehrte Frau Präsidentin!,*,0,Domestic,Domestic,Domestic,19230_Zusatzpunkt_4_CDU_CSU_Donth_ID1923002900_20.05.2021.csv
1,Liebe Kolleginnen und Kollegen!,*,0,Domestic,Domestic,Domestic,19230_Zusatzpunkt_4_CDU_CSU_Donth_ID1923002900_20.05.2021.csv
2,"Ja, wir sehnen uns alle nach dem Neustart des Tourismus, und mittlerweile lassen die abklingende Pandemie und auch der Impffortschritt diese Hoffnung langsam wieder zur Realität werden.",Domestic Commerce,0,Domestic,Domestic,Domestic,19230_Zusatzpunkt_4_CDU_CSU_Donth_ID1923002900_20.05.2021.csv
3,"Dort, wo der Tourismus bereits wieder angelaufen ist, zum Beispiel in den Modellregionen im Norden, da brummt er auch schon wieder, und zwar ganz gewaltig.",Domestic Commerce,0,Domestic,Domestic,Domestic,19230_Zusatzpunkt_4_CDU_CSU_Donth_ID1923002900_20.05.2021.csv
4,"Wie der FDP-Antrag bestätigt: Es wird auch schon wieder kräftig gebucht, vor allem innerhalb Deutschlands.",Domestic Commerce,0,Domestic,Domestic,Domestic,19230_Zusatzpunkt_4_CDU_CSU_Donth_ID1923002900_20.05.2021.csv
5,Denn viele Menschen haben Deutschland als Urlaubsland neu entdeckt und den Urlaub im eigenen Land neu schätzen gelernt.,Domestic Commerce,0,Domestic,Domestic,Domestic,19230_Zusatzpunkt_4_CDU_CSU_Donth_ID1923002900_20.05.2021.csv
6,"Schließlich stellt sich hier eben nicht die Frage: Was mache ich, wenn ich krank werde?",Domestic Commerce,0,Domestic,Domestic,Domestic,19230_Zusatzpunkt_4_CDU_CSU_Donth_ID1923002900_20.05.2021.csv
7,Lasse ich mich ausfliegen?,Domestic Commerce,0,Domestic,Domestic,Domestic,19230_Zusatzpunkt_4_CDU_CSU_Donth_ID1923002900_20.05.2021.csv
8,Wo gibt es denn in der Nähe ein gutes Krankenhaus?,Domestic Commerce,0,Domestic,Domestic,Domestic,19230_Zusatzpunkt_4_CDU_CSU_Donth_ID1923002900_20.05.2021.csv
9,– Die Menschen sind urlaubshungrig; das geht uns doch ehrlicherweise allen so.,Domestic Commerce,0,Domestic,Domestic,Domestic,19230_Zusatzpunkt_4_CDU_CSU_Donth_ID1923002900_20.05.2021.csv
10,"Der Neustart – Herr Thomas Bareiß hat es schon angesprochen – wird ganz automatisch kommen, wenn die Länder der Reihe nach in den kommenden Tagen und Wochen ihre Urlaubsdestinationen wieder öffnen.",Domestic Commerce,0,Domestic,Domestic,Domestic,19230_Zusatzpunkt_4_CDU_CSU_Donth_ID1923002900_20.05.2021.csv
11,"Der FDP-Antrag liefert eine drei Seiten lange Zustandsbeschreibung, der ich großenteils nicht widersprechen will, lieber Marcel Klinge.",Domestic Commerce,0,Domestic,Domestic,Domestic,19230_Zusatzpunkt_4_CDU_CSU_Donth_ID1923002900_20.05.2021.csv
12,"Die Liste von möglichen Maßnahmen nach dieser Beschreibung umfasst am Ende aber nur sechs Punkte, von denen die allermeisten Ländersache sind.",Health,0,Domestic,Domestic,Domestic,19230_Zusatzpunkt_4_CDU_CSU_Donth_ID1923002900_20.05.2021.csv
13,"Da ist zum Beispiel die Forderung nach einem Öffnungskonzept, inklusive Regeln für Test- bzw.",Health,0,Domestic,Domestic,Domestic,19230_Zusatzpunkt_4_CDU_CSU_Donth_ID1923002900_20.05.2021.csv
14,"Impfnachweis, Hygienekonzept etc., oder die Aufhebung von Verboten touristischer Übernachtungen.",Health,0,Domestic,Domestic,Domestic,19230_Zusatzpunkt_4_CDU_CSU_Donth_ID1923002900_20.05.2021.csv
15,"Das sind gute Punkte, die aber in unserer Bundesrepublik nicht von uns hier geregelt werden, sondern von den Ländern.",Health,0,Domestic,Domestic,Domestic,19230_Zusatzpunkt_4_CDU_CSU_Donth_ID1923002900_20.05.2021.csv
16,"Das fordern Sie aber wiederholt, und wir erklären wiederholt gerne die Rechtslage, damit das geklärt ist.",Health,0,Domestic,Domestic,Domestic,19230_Zusatzpunkt_4_CDU_CSU_Donth_ID1923002900_20.05.2021.csv
17,Auch von den Grünen habe ich das heute wiederholt hören müssen.,Health,0,Domestic,Domestic,Domestic,19230_Zusatzpunkt_4_CDU_CSU_Donth_ID1923002900_20.05.2021.csv
18,Schließlich sind die Realitäten in puncto Pandemie bei mir auf der Schwäbischen Alb eben anders als bei Kollegin Brehmer im Harz oder bei der Kollegin Damerow auf Sylt.,Health,0,Domestic,Domestic,Domestic,19230_Zusatzpunkt_4_CDU_CSU_Donth_ID1923002900_20.05.2021.csv
19,"Natürlich nervt uns alle dieser Regelungsflickenteppich, vor allem auch die Unternehmen, die bundesweit tätig sind.",Health,0,Domestic,Domestic,Domestic,19230_Zusatzpunkt_4_CDU_CSU_Donth_ID1923002900_20.05.2021.csv
20,"Aber die unterschiedliche Lage in den verschiedenen Bundesländern erfordert auch im Tourismus unterschiedliche Herangehensweisen, und das ist auch richtig.",Domestic Commerce,0,Domestic,Domestic,Domestic,19230_Zusatzpunkt_4_CDU_CSU_Donth_ID1923002900_20.05.2021.csv
21,Das ist die Stärke unseres Föderalismus.,Domestic Commerce,0,Domestic,Domestic,Domestic,19230_Zusatzpunkt_4_CDU_CSU_Donth_ID1923002900_20.05.2021.csv
22,"So können wir im Süden von den norddeutschen Modellregionen lernen, wie auch die Sächsische Schweiz vielleicht vom Tübinger Konzept lernen kann.",Domestic Commerce,0,Domestic,Domestic,Domestic,19230_Zusatzpunkt_4_CDU_CSU_Donth_ID1923002900_20.05.2021.csv
23,Das kann aber nicht von Berlin aus verordnet werden.,Domestic Commerce,0,Domestic,Domestic,Domestic,19230_Zusatzpunkt_4_CDU_CSU_Donth_ID1923002900_20.05.2021.csv
24,Da habe ich sehr viel Vertrauen in die Landestourismusminister.,Domestic Commerce,0,Domestic,Domestic,Domestic,19230_Zusatzpunkt_4_CDU_CSU_Donth_ID1923002900_20.05.2021.csv
25,Laut Presseberichten hat sich das Interesse der Menschen an Urlaubsreisen seit April mehr als verdreifacht.,Domestic Commerce,0,Domestic,Domestic,Domestic,19230_Zusatzpunkt_4_CDU_CSU_Donth_ID1923002900_20.05.2021.csv
26,"Ferienwohnungen in Deutschland, aber auch in den europäischen Nachbarländern sind in diesem Jahr deutlich teurer als noch vor der Coronapandemie.",Domestic Commerce,0,Domestic,Domestic,Domestic,19230_Zusatzpunkt_4_CDU_CSU_Donth_ID1923002900_20.05.2021.csv
27,"Das beschert nun vielen Vermietern höhere Einnahmen, und das ist nichts Unanständiges, sondern das ist ein wichtiger und notwendiger Ausgleich für die Ausfälle in dieser Pandemiezeit.",Domestic Commerce,0,Domestic,Domestic,Domestic,19230_Zusatzpunkt_4_CDU_CSU_Donth_ID1923002900_20.05.2021.csv
28,"Der Startschuss wird nun schon am Wochenende in Schleswig- Holstein gegeben, wo im ganzen Land wieder Pfingsturlaub möglich sein wird.",Domestic Commerce,0,Domestic,Domestic,Domestic,19230_Zusatzpunkt_4_CDU_CSU_Donth_ID1923002900_20.05.2021.csv
29,In ersten Landkreisen in Baden-Württemberg sind Gastronomie und Hotels ebenfalls schon wieder offen.,Domestic Commerce,0,Domestic,Domestic,Domestic,19230_Zusatzpunkt_4_CDU_CSU_Donth_ID1923002900_20.05.2021.csv
30,Auch in Niedersachsen oder in Mecklenburg-Vorpommern kann man in Kürze wieder Urlaub machen.,Domestic Commerce,0,Domestic,Domestic,Domestic,19230_Zusatzpunkt_4_CDU_CSU_Donth_ID1923002900_20.05.2021.csv
31,"Die Öffnungen sind auf dem Weg – immer in Verbindung mit Hygiene- und Schutzkonzepten – alles natürlich mit der Devise: „Testen, testen, testen“ oder auch: „Impfen, impfen, impfen.“ Die Branche spricht neuerdings von den drei G: getestet, geimpft, genesen. – Denn es hilft der gesamten Tourismusbranche überhaupt nicht und wäre geradezu katastrophal, wenn auf Öffnungen und Lockerungen bald wieder ein Lockdown folgen müsste.",Health,0,Domestic,Domestic,Domestic,19230_Zusatzpunkt_4_CDU_CSU_Donth_ID1923002900_20.05.2021.csv
32,"Aber wir können und dürfen doch auch optimistisch sein: Heute sind schon rund 40 Prozent der Menschen im Land mindestens einmal geimpft, jeder Achte sogar schon vollständig.",Health,0,Domestic,Domestic,Domestic,19230_Zusatzpunkt_4_CDU_CSU_Donth_ID1923002900_20.05.2021.csv
33,Und es geht rasant weiter.,Health,0,Domestic,Domestic,Domestic,19230_Zusatzpunkt_4_CDU_CSU_Donth_ID1923002900_20.05.2021.csv
34,Das ermöglicht sicheres Reisen.,Health,0,Domestic,Domestic,Domestic,19230_Zusatzpunkt_4_CDU_CSU_Donth_ID1923002900_20.05.2021.csv
35,"Mit dem digitalen Impfpass – er wurde auch schon angesprochen –, den wir voraussichtlich schon im Juni verwenden werden können, wird der Nachweis sogar noch leichter als mit dem seitherigen gelben Impfbüchle.",Health,0,Domestic,Domestic,Domestic,19230_Zusatzpunkt_4_CDU_CSU_Donth_ID1923002900_20.05.2021.csv
36,Das sind also beste Voraussetzungen für einen guten Neustart des Tourismus in Deutschland nach einer sehr harten Zeit für die Branche.,Health,0,Domestic,Domestic,Domestic,19230_Zusatzpunkt_4_CDU_CSU_Donth_ID1923002900_20.05.2021.csv
37,"Die Freude bei uns allen auf Urlaub ist ungebrochen, auch bei unseren Mitbürgerinnen und Mitbürgern.",Health,0,Domestic,Domestic,Domestic,19230_Zusatzpunkt_4_CDU_CSU_Donth_ID1923002900_20.05.2021.csv
38,Deshalb müssen wir euren Antrag leider ablehnen.,Health,0,Domestic,Domestic,Domestic,19230_Zusatzpunkt_4_CDU_CSU_Donth_ID1923002900_20.05.2021.csv
39,Vielen Dank.,*,0,Domestic,Domestic,Domestic,19230_Zusatzpunkt_4_CDU_CSU_Donth_ID1923002900_20.05.2021.csv
40,"Vielen Dank, Michael Donth. – Frau Damerow, wollen Sie eine persönliche Erklärung abgeben?",*,0,Domestic,Domestic,Domestic,19230_Zusatzpunkt_4_CDU_CSU_Donth_ID1923002900_20.05.2021.csv
41,– Das wollen Sie nicht.,*,0,Domestic,Domestic,Domestic,19230_Zusatzpunkt_4_CDU_CSU_Donth_ID1923002900_20.05.2021.csv
42,"Sie sagen es ihm bilateral, dass Sylt nicht Nordfriesland ist?",*,0,Domestic,Domestic,Domestic,19230_Zusatzpunkt_4_CDU_CSU_Donth_ID1923002900_20.05.2021.csv
43,– Gut.,*,0,Domestic,Domestic,Domestic,19230_Zusatzpunkt_4_CDU_CSU_Donth_ID1923002900_20.05.2021.csv
44,Damit schließe ich die Aussprache.,*,0,Domestic,Domestic,Domestic,19230_Zusatzpunkt_4_CDU_CSU_Donth_ID1923002900_20.05.2021.csv
