,text,label_gold,segment_id,label_bert,label_parlbert,label_svm,speech_id
0,Sehr geehrte Frau Präsidentin!,*,0,Government,Government,Government,19234_Tagesordnungspunkt_43_CDU_CSU_Schoen_ID1923404500_11.06.2021.csv
1,Erst mal will ich auch seitens unserer Fraktion Ministerin Lambrecht alles Gute für ihre Zukunft wünschen.,*,0,Government,Government,Government,19234_Tagesordnungspunkt_43_CDU_CSU_Schoen_ID1923404500_11.06.2021.csv
2,"Vielen Dank für die Zusammenarbeit in den letzten vier Jahren, meistens in Ihrem Amt als Justizministerin, wo wir ja auch Überschneidungen hatten, und in den letzten Wochen auch als Familienministerin.",*,0,Government,Government,Government,19234_Tagesordnungspunkt_43_CDU_CSU_Schoen_ID1923404500_11.06.2021.csv
3,"Nehmen Sie die Grüße gerne auch an Franziska Giffey mit, von der wir uns im Hohen Haus leider nicht mehr verabschieden konnten.",*,0,Government,Government,Government,19234_Tagesordnungspunkt_43_CDU_CSU_Schoen_ID1923404500_11.06.2021.csv
4,Auch für sie alles Gute.,*,0,Government,Government,Government,19234_Tagesordnungspunkt_43_CDU_CSU_Schoen_ID1923404500_11.06.2021.csv
5,"Wir setzen heute ein sehr, sehr wichtiges Gesetz um.",Civil Rights,0,Government,Government,Government,19234_Tagesordnungspunkt_43_CDU_CSU_Schoen_ID1923404500_11.06.2021.csv
6,"Deshalb bin ich ein bisschen traurig, Frau Ministerin, dass Sie nicht darauf Bezug genommen haben, was wir an diesem Gesetz im parlamentarischen Verfahren noch geändert haben.",Civil Rights,0,Government,Government,Government,19234_Tagesordnungspunkt_43_CDU_CSU_Schoen_ID1923404500_11.06.2021.csv
7,Wir haben nämlich ein gutes Gesetz noch ein gutes Stück besser gemacht.,Civil Rights,0,Government,Government,Government,19234_Tagesordnungspunkt_43_CDU_CSU_Schoen_ID1923404500_11.06.2021.csv
8,"Es ist ja leider so: Wenn man Vorstand in einem Konzern, in einem Unternehmen oder in einem Start-up ist, schwanger wird und ein Kind bekommt, dann kann man nicht in Mutterschutz gehen.",Civil Rights,0,Government,Government,Government,19234_Tagesordnungspunkt_43_CDU_CSU_Schoen_ID1923404500_11.06.2021.csv
9,Ist das unfair?,Civil Rights,0,Government,Government,Government,19234_Tagesordnungspunkt_43_CDU_CSU_Schoen_ID1923404500_11.06.2021.csv
10,Ja.,Civil Rights,0,Government,Government,Government,19234_Tagesordnungspunkt_43_CDU_CSU_Schoen_ID1923404500_11.06.2021.csv
11,Denn diese Schutzfrist in den ersten Wochen braucht jedes Baby und jede Frau.,Civil Rights,0,Government,Government,Government,19234_Tagesordnungspunkt_43_CDU_CSU_Schoen_ID1923404500_11.06.2021.csv
12,Deshalb haben wir das in diesem Gesetzentwurf geändert.,Civil Rights,0,Government,Government,Government,19234_Tagesordnungspunkt_43_CDU_CSU_Schoen_ID1923404500_11.06.2021.csv
13,"Diese Änderung geht auf die Initiative #StayOnBoard zurück – ihre Mitbegründerin Verena Pausder ist heute auch hier –, mit der sich viele Frauen und Männer aus der Wirtschaft dafür eingesetzt haben, dass wir es ermöglichen, familienbedingte Auszeiten zu nehmen, für den Mutterschutz, aber zum Beispiel auch für die Pflege von Angehörigen.",Civil Rights,0,Government,Government,Government,19234_Tagesordnungspunkt_43_CDU_CSU_Schoen_ID1923404500_11.06.2021.csv
14,Das nutzt Frauen wie Männern in Konzernen.,Civil Rights,1,Civil,Social,Civil,19234_Tagesordnungspunkt_43_CDU_CSU_Schoen_ID1923404500_11.06.2021.csv
15,"Damit machen wir die Konzerne, die Unternehmen, auch die Start-ups familienfreundlicher.",Civil Rights,1,Civil,Social,Civil,19234_Tagesordnungspunkt_43_CDU_CSU_Schoen_ID1923404500_11.06.2021.csv
16,"Wir bringen damit einen kulturellen Wandel in den Unternehmen in Gang, den wir auch mit anderen Teilen dieses Gesetzes voranbringen wollen, zum Beispiel mit der Vorstandsquote, die wir nun zum ersten Mal auf den Weg bringen.",Civil Rights,1,Civil,Social,Civil,19234_Tagesordnungspunkt_43_CDU_CSU_Schoen_ID1923404500_11.06.2021.csv
17,"Diese gleichzeitigen Veränderungen von oben, von der Spitze, wie auch von unten – durch strukturelle Rahmenbedingungen, die wir mit der Politik schaffen, durch bessere Vereinbarkeit von Familie und Beruf – wirken zusammen und führen dazu, dass mehr Frauen in Führungspositionen kommen.",Civil Rights,1,Civil,Social,Civil,19234_Tagesordnungspunkt_43_CDU_CSU_Schoen_ID1923404500_11.06.2021.csv
18,"Das ist kein Selbstzweck, sondern es führt dazu, dass in Unternehmen bessere Entscheidungen getroffen werden, dass Unternehmen nachweislich erfolgreicher sind.",Civil Rights,1,Civil,Social,Civil,19234_Tagesordnungspunkt_43_CDU_CSU_Schoen_ID1923404500_11.06.2021.csv
19,"Und es zeigt gerade den jungen Frauen, den Mädchen: Man kann alles werden.",Civil Rights,1,Civil,Social,Civil,19234_Tagesordnungspunkt_43_CDU_CSU_Schoen_ID1923404500_11.06.2021.csv
20,"Man kann in Führungspositionen kommen, Führungspositionen auch mit Familie vereinbaren.",Civil Rights,1,Civil,Social,Civil,19234_Tagesordnungspunkt_43_CDU_CSU_Schoen_ID1923404500_11.06.2021.csv
21,"Auch Frauen führen große Konzerne gut und erfolgreich, nur sind es bisher noch zu wenige.",Civil Rights,1,Civil,Social,Civil,19234_Tagesordnungspunkt_43_CDU_CSU_Schoen_ID1923404500_11.06.2021.csv
22,Das wird sich in Zukunft ändern.,Civil Rights,1,Civil,Social,Civil,19234_Tagesordnungspunkt_43_CDU_CSU_Schoen_ID1923404500_11.06.2021.csv
23,"Ein Punkt, der uns ganz wichtig war, ist, dass wir als Staat mit gutem Beispiel vorangehen.",Civil Rights,1,Civil,Social,Civil,19234_Tagesordnungspunkt_43_CDU_CSU_Schoen_ID1923404500_11.06.2021.csv
24,"Deshalb bin ich Annette Widmann-Mauz so dankbar, dass sie als Vorsitzende der Frauenunion beim Thema „Krankenkassen, Krankenversicherungen, Sozialversicherungen“ den Finger in die Wunde gelegt hat.",Civil Rights,1,Civil,Social,Civil,19234_Tagesordnungspunkt_43_CDU_CSU_Schoen_ID1923404500_11.06.2021.csv
25,"Das ist nämlich ein Bereich, in dem sehr viele Frauen arbeiten, der für das Leben vieler Frauen verantwortlich ist, in dem aber besonders wenig Frauen in den Führungsetagen sind und in dem wir als Staat eine Verantwortung bei der Besetzung dieser Posten haben.",Civil Rights,1,Civil,Social,Civil,19234_Tagesordnungspunkt_43_CDU_CSU_Schoen_ID1923404500_11.06.2021.csv
26,Deshalb haben wir auf ihre Initiative hin diesen Punkt in unsere Gespräche mit dem Koalitionspartner eingebracht.,Civil Rights,1,Civil,Social,Civil,19234_Tagesordnungspunkt_43_CDU_CSU_Schoen_ID1923404500_11.06.2021.csv
27,In diesem Bereich machen wir viel strengere Vorgaben als bei der Wirtschaft.,Civil Rights,1,Civil,Social,Civil,19234_Tagesordnungspunkt_43_CDU_CSU_Schoen_ID1923404500_11.06.2021.csv
28,Hier gelten Quoten schon bei Vorständen mit zwei oder mehr Mitgliedern.,Civil Rights,1,Civil,Social,Civil,19234_Tagesordnungspunkt_43_CDU_CSU_Schoen_ID1923404500_11.06.2021.csv
29,Das finde ich richtig.,Civil Rights,1,Civil,Social,Civil,19234_Tagesordnungspunkt_43_CDU_CSU_Schoen_ID1923404500_11.06.2021.csv
30,"Da, wo der Staat Verantwortung trägt, hat er auch eine besondere Verantwortung, für mehr Frauen in Führungspositionen zu sorgen.",Civil Rights,1,Civil,Social,Civil,19234_Tagesordnungspunkt_43_CDU_CSU_Schoen_ID1923404500_11.06.2021.csv
31,Auch das machen wir mit diesem Gesetz.,Civil Rights,1,Civil,Social,Civil,19234_Tagesordnungspunkt_43_CDU_CSU_Schoen_ID1923404500_11.06.2021.csv
32,Deshalb: ein rundherum gutes Gesetz.,Civil Rights,1,Civil,Social,Civil,19234_Tagesordnungspunkt_43_CDU_CSU_Schoen_ID1923404500_11.06.2021.csv
33,"Ich freue mich, dass wir es heute verabschieden können.",Civil Rights,1,Civil,Social,Civil,19234_Tagesordnungspunkt_43_CDU_CSU_Schoen_ID1923404500_11.06.2021.csv
34,"Herzliches Dankeschön an alle, die daran mitgewirkt haben.",Civil Rights,1,Civil,Social,Civil,19234_Tagesordnungspunkt_43_CDU_CSU_Schoen_ID1923404500_11.06.2021.csv
35,Herzlichen Dank. – Das Wort geht an Nicole Bauer von der FDP-Fraktion.,*,1,Civil,Social,Civil,19234_Tagesordnungspunkt_43_CDU_CSU_Schoen_ID1923404500_11.06.2021.csv
