,text,label_gold,segment_id,label_bert,label_parlbert,label_svm,speech_id
0,Frau Präsidentin!,*,0,Civil,Civil,International,19234_Tagesordnungspunkt_43_LINKE_Achelwilm_ID1923404700_11.06.2021.csv
1,Liebe Kolleginnen und Kollegen!,*,0,Civil,Civil,International,19234_Tagesordnungspunkt_43_LINKE_Achelwilm_ID1923404700_11.06.2021.csv
2,"Das Führungspositionen-Gesetz von 2015 wird heute erneuert, damit Frauen bessere bzw. teilweise überhaupt Chancen haben, in die Vorstände und Aufsichtsräte deutscher Unternehmen zu kommen.",Civil Rights,0,Civil,Civil,International,19234_Tagesordnungspunkt_43_LINKE_Achelwilm_ID1923404700_11.06.2021.csv
3,Die Situation ist teilweise wirklich mittelalterlich.,Civil Rights,0,Civil,Civil,International,19234_Tagesordnungspunkt_43_LINKE_Achelwilm_ID1923404700_11.06.2021.csv
4,"Das Gesetz ist konsequenter als sein Vorgänger, was es auch sein muss, und es widerspricht falschen Glaubenssätzen wie denen, dass es Frauen an der nötigen Qualifikation fehlte, dass sie sich besser behaupten müssten oder dass sie durch Quoten übervorteilt würden.",Civil Rights,0,Civil,Civil,International,19234_Tagesordnungspunkt_43_LINKE_Achelwilm_ID1923404700_11.06.2021.csv
5,Für einen echten Meilenstein allerdings bleibt die Reichweite des Gesetzes aus unserer Sicht doch noch ein bisschen zu bescheiden.,Civil Rights,1,Civil,Civil,Civil,19234_Tagesordnungspunkt_43_LINKE_Achelwilm_ID1923404700_11.06.2021.csv
6,Die Privatwirtschaft muss das Führungspositionen-Gesetz überhaupt nicht fürchten.,Civil Rights,1,Civil,Civil,Civil,19234_Tagesordnungspunkt_43_LINKE_Achelwilm_ID1923404700_11.06.2021.csv
7,"Es betrifft bundesweit nur ein paar Dutzend Vorstände, die jetzt mindestens eine Frau nachbesetzen müssen, weil sonst nichts passiert.",Civil Rights,1,Civil,Civil,Civil,19234_Tagesordnungspunkt_43_LINKE_Achelwilm_ID1923404700_11.06.2021.csv
8,"Das ändert Selbstverständlichkeiten – für manche ein Tabubruch, aber ein überfälliger.",Civil Rights,1,Civil,Civil,Civil,19234_Tagesordnungspunkt_43_LINKE_Achelwilm_ID1923404700_11.06.2021.csv
9,Hier hätten wir uns einfach noch mehr Konsequenz gewünscht.,Civil Rights,1,Civil,Civil,Civil,19234_Tagesordnungspunkt_43_LINKE_Achelwilm_ID1923404700_11.06.2021.csv
10,"Zum Ausgleich von Lohnunterschieden braucht es größere Hebel, sicherlich.",Civil Rights,1,Civil,Civil,Civil,19234_Tagesordnungspunkt_43_LINKE_Achelwilm_ID1923404700_11.06.2021.csv
11,"Zum Vergleich: Unter den Spitzenverdienenden, wo sich der Lohnunterschied zwischen den Geschlechtern besonders niederschlägt, gibt es hierzulande fast 160 000 Männer und knapp 23 000 Frauen.",Civil Rights,1,Civil,Civil,Civil,19234_Tagesordnungspunkt_43_LINKE_Achelwilm_ID1923404700_11.06.2021.csv
12,"Nur, an dieser Schieflage wird das Führungspositionen-Gesetz erst mal sehr wenig ändern.",Civil Rights,1,Civil,Civil,Civil,19234_Tagesordnungspunkt_43_LINKE_Achelwilm_ID1923404700_11.06.2021.csv
13,Auch hier hätten wir uns mehr gewünscht.,Civil Rights,1,Civil,Civil,Civil,19234_Tagesordnungspunkt_43_LINKE_Achelwilm_ID1923404700_11.06.2021.csv
14,"Die Zielgrößenregelung, von der viel in den Medien zu lesen war, wurde verschärft.",Civil Rights,1,Civil,Civil,Civil,19234_Tagesordnungspunkt_43_LINKE_Achelwilm_ID1923404700_11.06.2021.csv
15,"Bislang konnten Unternehmen, die in Berichten geschlechtergerechte Zielgrößen nachweisen mussten, einfach „null“ angeben – Frauen nicht vorgesehen.",Civil Rights,1,Civil,Civil,Civil,19234_Tagesordnungspunkt_43_LINKE_Achelwilm_ID1923404700_11.06.2021.csv
16,Diese Haltung läuft so nicht mehr durch.,Civil Rights,1,Civil,Civil,Civil,19234_Tagesordnungspunkt_43_LINKE_Achelwilm_ID1923404700_11.06.2021.csv
17,Ausnahmen von der Regel müssen nun ernsthafter begründet und offengelegt werden.,Civil Rights,1,Civil,Civil,Civil,19234_Tagesordnungspunkt_43_LINKE_Achelwilm_ID1923404700_11.06.2021.csv
18,"Bei Pflichtverletzung drohen Bußgelder, was wir auch richtig finden.",Civil Rights,1,Civil,Civil,Civil,19234_Tagesordnungspunkt_43_LINKE_Achelwilm_ID1923404700_11.06.2021.csv
19,"Inwiefern aber die Einhaltung des Gesetzes angemessen überprüft und sanktioniert wird, das bleibt noch etwas zu vage.",Civil Rights,1,Civil,Civil,Civil,19234_Tagesordnungspunkt_43_LINKE_Achelwilm_ID1923404700_11.06.2021.csv
20,Bis heute sind die Vorstände börsennotierter Unternehmen zu fast 90 Prozent männlich.,Civil Rights,1,Civil,Civil,Civil,19234_Tagesordnungspunkt_43_LINKE_Achelwilm_ID1923404700_11.06.2021.csv
21,In Aufsichtsräten konnte diese Monokultur durch eine verbindliche 30-Prozent-Quotierung ein Stück weit aufgebrochen werden.,Civil Rights,1,Civil,Civil,Civil,19234_Tagesordnungspunkt_43_LINKE_Achelwilm_ID1923404700_11.06.2021.csv
22,"Nur dort, wo fest quotiert wird – so ist es einfach –, gibt es Bewegung über Schneckentempo und Stillstand hinaus.",Civil Rights,1,Civil,Civil,Civil,19234_Tagesordnungspunkt_43_LINKE_Achelwilm_ID1923404700_11.06.2021.csv
23,"Was nun für die Vorstände kommt, ist allerdings keine Quote, sondern eine Mindestbeteiligung – schon allein das Wort!",Civil Rights,1,Civil,Civil,Civil,19234_Tagesordnungspunkt_43_LINKE_Achelwilm_ID1923404700_11.06.2021.csv
24,– von einer Frau pro Vorstand ab drei Personen.,Civil Rights,1,Civil,Civil,Civil,19234_Tagesordnungspunkt_43_LINKE_Achelwilm_ID1923404700_11.06.2021.csv
25,"Egal wie groß das Gremium ist, eine Frau muss zur Not reichen.",Civil Rights,1,Civil,Civil,Civil,19234_Tagesordnungspunkt_43_LINKE_Achelwilm_ID1923404700_11.06.2021.csv
26,Das kann es nicht sein!,Civil Rights,1,Civil,Civil,Civil,19234_Tagesordnungspunkt_43_LINKE_Achelwilm_ID1923404700_11.06.2021.csv
27,"Auch die sinnvollerweise noch nachgearbeitete Regelung – vielen Dank auch von uns –, Vorstandstätigkeiten unter Mutterschutz zu stellen, hat eine Kehrseite, weil Väter mit Elternzeitansprüchen anders behandelt werden und das allgemein vermittelte Geschlechterbild doch eher traditionell ist.",Civil Rights,1,Civil,Civil,Civil,19234_Tagesordnungspunkt_43_LINKE_Achelwilm_ID1923404700_11.06.2021.csv
28,Insgesamt weist dieses Gesetz noch nicht ausreichend über die Gleichstellungspolitik dieser Legislaturperiode hinaus.,Civil Rights,1,Civil,Civil,Civil,19234_Tagesordnungspunkt_43_LINKE_Achelwilm_ID1923404700_11.06.2021.csv
29,"Die Aufgabe wurde bewältigt, aber es braucht noch stärkere Effekte, um Frauen tatsächlich gleichzustellen.",Civil Rights,1,Civil,Civil,Civil,19234_Tagesordnungspunkt_43_LINKE_Achelwilm_ID1923404700_11.06.2021.csv
30,"An der Wirkung und Ausstrahlung des Gesetzes muss noch weiter gearbeitet werden, auch wenn ich mir wirklich vorstellen kann, dass das alles schon reichlich Arbeit gemacht hat und das Maximum dessen war, was in dieser Legislaturperiode zu erreichen gewesen ist.",Civil Rights,1,Civil,Civil,Civil,19234_Tagesordnungspunkt_43_LINKE_Achelwilm_ID1923404700_11.06.2021.csv
31,Vielen Dank.,*,1,Civil,Civil,Civil,19234_Tagesordnungspunkt_43_LINKE_Achelwilm_ID1923404700_11.06.2021.csv
32,Danke sehr. – Das Wort geht an Ulle Schauws von der Fraktion Bündnis 90/Die Grünen.,*,1,Civil,Civil,Civil,19234_Tagesordnungspunkt_43_LINKE_Achelwilm_ID1923404700_11.06.2021.csv
