,text,label_gold,segment_id,label_bert,label_parlbert,label_svm,speech_id
0,Frau Präsidentin!,*,0,Domestic,Domestic,Labor,19230_Zusatzpunkt_4_SPD_Junge_ID1923002800_20.05.2021.csv
1,Liebe Kolleginnen und Kollegen!,*,0,Domestic,Domestic,Labor,19230_Zusatzpunkt_4_SPD_Junge_ID1923002800_20.05.2021.csv
2,"Lassen Sie mich zunächst vorausschicken, dass gerade die Unternehmen im Mittelstand, die den Tourismus in unserer Republik aufrechterhalten, unser aller Respekt verdient haben.",Domestic Commerce,0,Domestic,Domestic,Labor,19230_Zusatzpunkt_4_SPD_Junge_ID1923002800_20.05.2021.csv
3,"Wir als Bundesregierung und als Koalition haben eine ganze Menge auf den Weg gebracht, um ihnen zu helfen.",Domestic Commerce,0,Domestic,Domestic,Labor,19230_Zusatzpunkt_4_SPD_Junge_ID1923002800_20.05.2021.csv
4,Das scheint in der Debatte so ein bisschen aus dem Blick zu geraten.,Domestic Commerce,0,Domestic,Domestic,Labor,19230_Zusatzpunkt_4_SPD_Junge_ID1923002800_20.05.2021.csv
5,Wir haben Umsatzeinbrüche ausgeglichen.,Domestic Commerce,0,Domestic,Domestic,Labor,19230_Zusatzpunkt_4_SPD_Junge_ID1923002800_20.05.2021.csv
6,Wir haben Fixkostenerstattungen vorgenommen.,Domestic Commerce,0,Domestic,Domestic,Labor,19230_Zusatzpunkt_4_SPD_Junge_ID1923002800_20.05.2021.csv
7,Wir haben eine Mehrwertsteuerabsenkung vorgenommen.,Domestic Commerce,0,Domestic,Domestic,Labor,19230_Zusatzpunkt_4_SPD_Junge_ID1923002800_20.05.2021.csv
8,"Das alles hilft der Branche in einer Zeit, in der sie es dringend braucht.",Domestic Commerce,0,Domestic,Domestic,Labor,19230_Zusatzpunkt_4_SPD_Junge_ID1923002800_20.05.2021.csv
9,"Lieber Marcel Klinge, ich wünschte mir ein Stück weit mehr sozialdemokratische Gedankenweise bei euch in der Fraktion; denn dann würdet ihr natürlich zu Recht nicht die Unternehmen obenanstellen, sondern ihr würdet sie auf die gleiche Ebene heben wie die Arbeitnehmerinnen und Arbeitnehmer;
denn ohne die Arbeitnehmerinnen und Arbeitnehmer wäre dieses Zusammenspiel überhaupt nicht möglich.",Domestic Commerce,0,Domestic,Domestic,Labor,19230_Zusatzpunkt_4_SPD_Junge_ID1923002800_20.05.2021.csv
10,"Es ist insbesondere unserer Fraktion und Olaf Scholz zu verdanken, dass wir mit dem Kurzarbeitergeld, mit den Investitionen in Qualifikation und Ausbildung eine ganze Menge für die Tourismusbranche geleistet haben.",Domestic Commerce,0,Domestic,Domestic,Labor,19230_Zusatzpunkt_4_SPD_Junge_ID1923002800_20.05.2021.csv
11,"Ich will noch einmal hervorheben: Wenn wir über die Bundesnotbremse reden, dann reden wir über ein Instrument, das wirkt.",Domestic Commerce,0,Domestic,Domestic,Labor,19230_Zusatzpunkt_4_SPD_Junge_ID1923002800_20.05.2021.csv
12,Seit der Einführung sind die Inzidenzwerte um fast 100 Punkte gefallen.,Domestic Commerce,0,Domestic,Domestic,Labor,19230_Zusatzpunkt_4_SPD_Junge_ID1923002800_20.05.2021.csv
13,"Das zeigt, dass das den Menschen zugutekommt, der Wirtschaft, der Gastronomie und dem Tourismus.",Domestic Commerce,0,Domestic,Domestic,Labor,19230_Zusatzpunkt_4_SPD_Junge_ID1923002800_20.05.2021.csv
14,"Hier sage ich noch einmal: Herr Müller-Böhm, dass Sie sich dieser Maßnahme komplett enthalten haben.",Domestic Commerce,0,Domestic,Domestic,Labor,19230_Zusatzpunkt_4_SPD_Junge_ID1923002800_20.05.2021.csv
15,"Sie haben dagegengestimmt und damit einen Katalog an Maßnahmen abgelehnt, der am Ende dazu führt, dass wir in der Gesellschaft bessere Voraussetzungen haben, die auch die Wirtschaft braucht, um am Ende voranzukommen und entsprechend Lockerungen zu erfahren.",Domestic Commerce,0,Domestic,Domestic,Labor,19230_Zusatzpunkt_4_SPD_Junge_ID1923002800_20.05.2021.csv
16,"Herr Kollege, erlauben Sie eine Zwischenfrage oder ‑bemerkung von Herrn Hoffmann, FDP?",*,0,Domestic,Domestic,Labor,19230_Zusatzpunkt_4_SPD_Junge_ID1923002800_20.05.2021.csv
17,"Bitte, gerne.",*,1,Civil,Health,Civil,19230_Zusatzpunkt_4_SPD_Junge_ID1923002800_20.05.2021.csv
18,"Vielen Dank, Herr Kollege, dass Sie die Zwischenfrage zulassen.",*,1,Civil,Health,Civil,19230_Zusatzpunkt_4_SPD_Junge_ID1923002800_20.05.2021.csv
19,Ihre Redner von der SPD haben auch an die Vernunft und Sicherheit appelliert.,Domestic Commerce,1,Civil,Health,Civil,19230_Zusatzpunkt_4_SPD_Junge_ID1923002800_20.05.2021.csv
20,Aber ich empfinde da eine gewisse Wahrnehmungsstörung.,Domestic Commerce,1,Civil,Health,Civil,19230_Zusatzpunkt_4_SPD_Junge_ID1923002800_20.05.2021.csv
21,"Sie können das nicht empfinden, weil Sie vielleicht ein bisschen weiter weg von der Schweizer Grenze wohnen.",Domestic Commerce,1,Civil,Health,Civil,19230_Zusatzpunkt_4_SPD_Junge_ID1923002800_20.05.2021.csv
22,"Wenn Sie ein touristisches Reisebüro in Südbaden haben, dann kommen Ihnen Tränen in die Augen; denn in der Schweiz konnten Sie immer verreisen, zum Beispiel in Risikogebiete wie Ägypten.",Domestic Commerce,1,Civil,Health,Civil,19230_Zusatzpunkt_4_SPD_Junge_ID1923002800_20.05.2021.csv
23,Die Reisen konnten jederzeit verkauft werden; gar kein Problem.,Domestic Commerce,1,Civil,Health,Civil,19230_Zusatzpunkt_4_SPD_Junge_ID1923002800_20.05.2021.csv
24,Das war in Deutschland nicht möglich.,Domestic Commerce,1,Civil,Health,Civil,19230_Zusatzpunkt_4_SPD_Junge_ID1923002800_20.05.2021.csv
25,In der Schweiz haben auch alle Skilifte aufgehabt; die Hotels waren immer auf.,Domestic Commerce,1,Civil,Health,Civil,19230_Zusatzpunkt_4_SPD_Junge_ID1923002800_20.05.2021.csv
26,"Als die Bundesnotbremse, die Sie gerade gelobt haben, in Kraft getreten ist, hat die Schweiz alles aufgemacht.",Domestic Commerce,1,Civil,Health,Civil,19230_Zusatzpunkt_4_SPD_Junge_ID1923002800_20.05.2021.csv
27,"Wenn Sie jetzt die Inzidenzverläufe von beiden Staaten vergleichen, sehen Sie, dass sie genau dieselben sind.",Domestic Commerce,1,Civil,Health,Civil,19230_Zusatzpunkt_4_SPD_Junge_ID1923002800_20.05.2021.csv
28,Finden Sie hier einen Fehler?,Domestic Commerce,1,Civil,Health,Civil,19230_Zusatzpunkt_4_SPD_Junge_ID1923002800_20.05.2021.csv
29,Herr Kollege.,Domestic Commerce,1,Civil,Health,Civil,19230_Zusatzpunkt_4_SPD_Junge_ID1923002800_20.05.2021.csv
30,"Herr Hoffmann, ich will Ihnen entgegnen, dass die Maßnahmen, die wir zur Bekämpfung der Coronapandemie auf die Beine gestellt haben, aus meiner Sicht genau die richtigen sind.",Health,1,Civil,Health,Civil,19230_Zusatzpunkt_4_SPD_Junge_ID1923002800_20.05.2021.csv
31,"Ich halte es auch für klug, dass wir stets an den gleichen Parametern zur Beurteilung der Lage festgehalten haben.",Health,1,Civil,Health,Civil,19230_Zusatzpunkt_4_SPD_Junge_ID1923002800_20.05.2021.csv
32,"Wenn wir feststellen, dass nach Beschluss der Bundesnotbremse am 25.",Health,1,Civil,Health,Civil,19230_Zusatzpunkt_4_SPD_Junge_ID1923002800_20.05.2021.csv
33,"April der Inzidenzwert bei uns in der Republik bei 166 gelegen hat, dann muss man realisieren, dass wir bis heute die Inzidenz auf 68 senken konnten.",Health,1,Civil,Health,Civil,19230_Zusatzpunkt_4_SPD_Junge_ID1923002800_20.05.2021.csv
34,"Selbst wenn man unter dem Gesichtspunkt so argumentiert wie Sie, ist doch deutlich, dass sich die Absenkung des Inzidenzwertes auf irgendetwas zurückführen lassen muss, und das ist aus meiner Sicht die Bundesnotbremse.",Health,1,Civil,Health,Civil,19230_Zusatzpunkt_4_SPD_Junge_ID1923002800_20.05.2021.csv
35,Ich fahre in meiner Rede fort.,Health,1,Civil,Health,Civil,19230_Zusatzpunkt_4_SPD_Junge_ID1923002800_20.05.2021.csv
36,"Ich will zur Widersprüchlichkeit Ihres Antrags, lieber Marcel Klinge, anführen – Sie halten ja auch die freiheitlichen Rechte der Bürgerinnen und Bürger immer so weit hoch –,
dass wir am 6.",Civil Rights,1,Civil,Health,Civil,19230_Zusatzpunkt_4_SPD_Junge_ID1923002800_20.05.2021.csv
37,"Mai hier im Deutschen Bundestag alle die Möglichkeit hatten, darüber zu entscheiden, dass Geimpfte und Genesene von den Einschränkungen im Rahmen der Coronamaßnahmen ausgenommen werden können.",Civil Rights,1,Civil,Health,Civil,19230_Zusatzpunkt_4_SPD_Junge_ID1923002800_20.05.2021.csv
38,"Wir haben das beschlossen, weil wir sehen, dass wir ihnen damit ihre eingeschränkten Rechte zurückgeben.",Civil Rights,1,Civil,Health,Civil,19230_Zusatzpunkt_4_SPD_Junge_ID1923002800_20.05.2021.csv
39,"Wir haben an dieser Stelle natürlich auch die Wirtschaft im Blick, weil sich damit auch Perspektiven für die Marktteilnehmer bieten.",Civil Rights,1,Civil,Health,Civil,19230_Zusatzpunkt_4_SPD_Junge_ID1923002800_20.05.2021.csv
40,"Hier frage ich mich, warum Sie, wenn Ihnen das so wichtig ist, dort Ihre Stimme verwehrt haben.",Civil Rights,1,Civil,Health,Civil,19230_Zusatzpunkt_4_SPD_Junge_ID1923002800_20.05.2021.csv
41,"Ich will zu anderen Widersprüchlichkeiten in Ihrem Antrag gar nichts sagen, weil mir da ein Stück weit die Zeit davonläuft.",Civil Rights,1,Civil,Health,Civil,19230_Zusatzpunkt_4_SPD_Junge_ID1923002800_20.05.2021.csv
42,"Ich möchte aber noch auf einen Zusammenhang hinweisen, der hier nach meinem Dafürhalten viel zu kurz gekommen ist: Wir alle sind uns doch darüber im Klaren – hoffentlich –, dass wir über eine verlässliche und vor allen Dingen dauerhafte Rückkehr zur Normalität nur dann reden können, wenn wir die Inzidenzwerte in allen Bereichen unserer Gesellschaft dauerhaft zurückfahren können.",Health,1,Civil,Health,Civil,19230_Zusatzpunkt_4_SPD_Junge_ID1923002800_20.05.2021.csv
43,Das liegt doch als Erkenntnis klar auf dem Tisch.,Health,1,Civil,Health,Civil,19230_Zusatzpunkt_4_SPD_Junge_ID1923002800_20.05.2021.csv
44,"Vor diesem Hintergrund kann es aus meiner Sicht nur darum gehen, dass wir mit aller Macht und mit aller Kraft, die wir haben, die Impfkampagne, die jetzt in den Ländern angelaufen ist und gut läuft, aufrechterhalten.",Health,1,Civil,Health,Civil,19230_Zusatzpunkt_4_SPD_Junge_ID1923002800_20.05.2021.csv
45,"Daher möchte ich Jens Spahn darum bitten, dass er alles Mögliche dafür tut, genügend Impfstoff bereitzustellen, damit wir mit einer hohen Durchimpfungsrate genau die Fortschritte erreichen, um am Ende wirklich zu verlässlichen und dauerhaften Lockerungen zu kommen.",Health,1,Civil,Health,Civil,19230_Zusatzpunkt_4_SPD_Junge_ID1923002800_20.05.2021.csv
46,Einen letzten Hinweis möchte ich geben.,Domestic Commerce,1,Civil,Health,Civil,19230_Zusatzpunkt_4_SPD_Junge_ID1923002800_20.05.2021.csv
47,"Ich glaube, gerade für die Tourismusbranche – das wurde hier schon angesprochen – ist ein fälschungssicherer digitaler Impfausweis von höchster Not.",Domestic Commerce,1,Civil,Health,Civil,19230_Zusatzpunkt_4_SPD_Junge_ID1923002800_20.05.2021.csv
48,"Hier fordere ich Jens Spahn auch auf, noch bevor wir eine europaweite Möglichkeit der digitalen Erfassung des Impfstatus haben, in Deutschland eine fälschungssichere Möglichkeit einzuführen.",Domestic Commerce,1,Civil,Health,Civil,19230_Zusatzpunkt_4_SPD_Junge_ID1923002800_20.05.2021.csv
49,"Das hilft der Tourismusbranche, das hilft dem Einzelhandel, und vor allen Dingen ist es so, dass es die Ordnungsämter in den Kommunen entlastet, weil die sonst mit der Überprüfung alleingelassen werden.",Domestic Commerce,1,Civil,Health,Civil,19230_Zusatzpunkt_4_SPD_Junge_ID1923002800_20.05.2021.csv
50,Vielen Dank.,*,1,Civil,Health,Civil,19230_Zusatzpunkt_4_SPD_Junge_ID1923002800_20.05.2021.csv
51,"Vielen Dank, Frank Junge. – Der letzte Redner in dieser Debatte: Michael Donth für die CDU/CSU-Fraktion.",*,1,Civil,Health,Civil,19230_Zusatzpunkt_4_SPD_Junge_ID1923002800_20.05.2021.csv
