,text,label_gold,segment_id,label_bert,label_parlbert,label_svm,speech_id
0,Frau Präsidentin!,*,0,Domestic,Domestic,International,19230_Zusatzpunkt_4_none_Bareiss_ID1923002300_20.05.2021.csv
1,Meine sehr verehrten Damen und Herren!,*,0,Domestic,Domestic,International,19230_Zusatzpunkt_4_none_Bareiss_ID1923002300_20.05.2021.csv
2,"Zu Beginn meiner Rede ist es mir wichtig, zu sagen, dass die deutsche Tourismus- und Reisebranche in dieser Pandemie einen einzigartigen und auch harten Einschnitt ertragen muss und damit auch einen herausragenden Beitrag zur Bekämpfung dieser Pandemie geleistet hat.",Health,0,Domestic,Domestic,International,19230_Zusatzpunkt_4_none_Bareiss_ID1923002300_20.05.2021.csv
3,"Deshalb noch einmal den 3 Millionen dort Beschäftigten ein ganz, ganz besonderes Dankeschön für ihren Beitrag für diese Pandemiebekämpfung!",Health,0,Domestic,Domestic,International,19230_Zusatzpunkt_4_none_Bareiss_ID1923002300_20.05.2021.csv
4,"Der Einschnitt, den die Beschäftigten erleben mussten, ist deshalb so bitter, weil wir in den letzten Jahren im Tourismus erfolgreich waren.",Domestic Commerce,0,Domestic,Domestic,International,19230_Zusatzpunkt_4_none_Bareiss_ID1923002300_20.05.2021.csv
5,Wir hatten die letzten Jahre eine unglaubliche Beliebtheit.,Domestic Commerce,0,Domestic,Domestic,International,19230_Zusatzpunkt_4_none_Bareiss_ID1923002300_20.05.2021.csv
6,Wir waren fünfmal in Folge die beliebteste Marke in der Welt und hatten damit auch enorm viele Gäste.,Domestic Commerce,0,Domestic,Domestic,International,19230_Zusatzpunkt_4_none_Bareiss_ID1923002300_20.05.2021.csv
7,"Wir waren Marktführer im Kulturbereich, bei Städtereisen, Geschäftsreisen, Kongressen und auch Messen.",Domestic Commerce,0,Domestic,Domestic,International,19230_Zusatzpunkt_4_none_Bareiss_ID1923002300_20.05.2021.csv
8,Überall dort waren wir spitze in Europa und teilweise auch weltweit.,Domestic Commerce,0,Domestic,Domestic,International,19230_Zusatzpunkt_4_none_Bareiss_ID1923002300_20.05.2021.csv
9,"Dass das so bleibt und dass wir auch nach der Pandemie weiterhin so erfolgreich sind, daran möchten wir gemeinsam arbeiten.",Domestic Commerce,0,Domestic,Domestic,International,19230_Zusatzpunkt_4_none_Bareiss_ID1923002300_20.05.2021.csv
10,"Das ist, glaube ich, auch etwas, was uns im Tourismusausschuss gemeinsam immer getragen hat.",Domestic Commerce,0,Domestic,Domestic,International,19230_Zusatzpunkt_4_none_Bareiss_ID1923002300_20.05.2021.csv
11,"Deshalb auch noch einmal danke schön an alle Fraktionen, die dazu beigetragen haben!",Domestic Commerce,0,Domestic,Domestic,International,19230_Zusatzpunkt_4_none_Bareiss_ID1923002300_20.05.2021.csv
12,"Vielen Dank Ihnen, Frau Hiller-Ohm, stellvertretend für alle.",Domestic Commerce,0,Domestic,Domestic,International,19230_Zusatzpunkt_4_none_Bareiss_ID1923002300_20.05.2021.csv
13,Sie werden jetzt aufhören.,Domestic Commerce,0,Domestic,Domestic,International,19230_Zusatzpunkt_4_none_Bareiss_ID1923002300_20.05.2021.csv
14,"Ihnen noch einmal ein ganz, ganz großes Dankeschön für die Arbeit der letzten Jahre, die Sie für den Tourismus geleistet haben!",Domestic Commerce,0,Domestic,Domestic,International,19230_Zusatzpunkt_4_none_Bareiss_ID1923002300_20.05.2021.csv
15,Wir haben viel getan in der Bundesregierung.,Domestic Commerce,0,Domestic,Domestic,International,19230_Zusatzpunkt_4_none_Bareiss_ID1923002300_20.05.2021.csv
16,Wir haben die Strukturerhaltung vorangetrieben.,Domestic Commerce,0,Domestic,Domestic,International,19230_Zusatzpunkt_4_none_Bareiss_ID1923002300_20.05.2021.csv
17,"Wir haben versucht, auch dort zu helfen, wo Hilfe ganz dringend notwendig war.",Domestic Commerce,0,Domestic,Domestic,International,19230_Zusatzpunkt_4_none_Bareiss_ID1923002300_20.05.2021.csv
18,"Die Überbrückungshilfe III: 100 Prozent Fixkostenerstattung, 6,4 Milliarden Euro ausgezahlt. 3,2 Milliarden Euro gingen direkt in die Tourismusbranche.",Domestic Commerce,0,Domestic,Domestic,International,19230_Zusatzpunkt_4_none_Bareiss_ID1923002300_20.05.2021.csv
19,"November- und Dezemberhilfe: ein wichtiges Hilfspaket mit einer Erstattung von bis zu 75 Prozent des Umsatzes des Vorjahresmonats, einer Auszahlungsquote von 94 Prozent und 11,5 Milliarden Euro an Geldern.",Domestic Commerce,0,Domestic,Domestic,International,19230_Zusatzpunkt_4_none_Bareiss_ID1923002300_20.05.2021.csv
20,Sie gingen größtenteils in die Tourismusbranche.,Domestic Commerce,0,Domestic,Domestic,International,19230_Zusatzpunkt_4_none_Bareiss_ID1923002300_20.05.2021.csv
21,"Auch erwähnt wurden bereits die Kurzarbeitergelder, insgesamt 30 Milliarden Euro.",Domestic Commerce,0,Domestic,Domestic,International,19230_Zusatzpunkt_4_none_Bareiss_ID1923002300_20.05.2021.csv
22,Davon ging auch ein Großteil in die Tourismusbranche.,Domestic Commerce,0,Domestic,Domestic,International,19230_Zusatzpunkt_4_none_Bareiss_ID1923002300_20.05.2021.csv
23,"Das zeigt: Wir haben enorm vieles gemacht und haben gezeigt, dass wir die Branche und die Mitarbeiter nicht im Stich lassen, meine Damen und Herren.",Domestic Commerce,0,Domestic,Domestic,International,19230_Zusatzpunkt_4_none_Bareiss_ID1923002300_20.05.2021.csv
24,"Jetzt geht es darum, aus der Krise wieder sicher herauszukommen, vor allem sicher und nachhaltig die Unternehmen zu begleiten.",Domestic Commerce,0,Domestic,Domestic,International,19230_Zusatzpunkt_4_none_Bareiss_ID1923002300_20.05.2021.csv
25,"Ich glaube, dass das wichtigste Thema ist, dass wir impfen und testen und damit Sicherheit für jeden Reisenden schaffen.",Health,0,Domestic,Domestic,International,19230_Zusatzpunkt_4_none_Bareiss_ID1923002300_20.05.2021.csv
26,"Ich bin froh und dankbar, dass wir bereits 37 Prozent der Menschen in Deutschland mit der Erstimpfung versorgen konnten. 9 Millionen Menschen haben schon die Zweitimpfung erhalten.",Health,0,Domestic,Domestic,International,19230_Zusatzpunkt_4_none_Bareiss_ID1923002300_20.05.2021.csv
27,Wir haben bundesweit eine zuverlässige Teststrategie.,Health,0,Domestic,Domestic,International,19230_Zusatzpunkt_4_none_Bareiss_ID1923002300_20.05.2021.csv
28,"Auch das zeigt, dass wir vor Ort Sicherheit schaffen können.",Health,0,Domestic,Domestic,International,19230_Zusatzpunkt_4_none_Bareiss_ID1923002300_20.05.2021.csv
29,"Ich glaube, das Wichtigste ist überhaupt, dass wir auch in dieser Pandemie erlebt haben, dass die Menschen vor Ort Verantwortung übernehmen können und auch vor Ort genau wissen, was sie tun.",Health,0,Domestic,Domestic,International,19230_Zusatzpunkt_4_none_Bareiss_ID1923002300_20.05.2021.csv
30,"Deshalb haben wir großes Vertrauen, dass auch hier Enormes geleistet wird.",Health,0,Domestic,Domestic,International,19230_Zusatzpunkt_4_none_Bareiss_ID1923002300_20.05.2021.csv
31,"Ich freue mich, dass wir in dieser Woche und auch nächste Woche im übrigen Teil der Bundesländer wieder öffnen können.",Health,0,Domestic,Domestic,International,19230_Zusatzpunkt_4_none_Bareiss_ID1923002300_20.05.2021.csv
32,"Cafés, Biergärten, Restaurants und Bars, Kneipen, Gaststätten werden wieder öffnen.",Domestic Commerce,0,Domestic,Domestic,International,19230_Zusatzpunkt_4_none_Bareiss_ID1923002300_20.05.2021.csv
33,Das ist ein ganz wichtiges Signal für die Branche und für die Mitarbeiter.,Domestic Commerce,0,Domestic,Domestic,International,19230_Zusatzpunkt_4_none_Bareiss_ID1923002300_20.05.2021.csv
34,"Wir brauchen keine Pläne, wir brauchen keine großen Modelle.",Domestic Commerce,0,Domestic,Domestic,International,19230_Zusatzpunkt_4_none_Bareiss_ID1923002300_20.05.2021.csv
35,Wir müssen jetzt wieder öffnen.,Domestic Commerce,0,Domestic,Domestic,International,19230_Zusatzpunkt_4_none_Bareiss_ID1923002300_20.05.2021.csv
36,Das ist das wichtigste Signal für alle in dieser Branche.,Domestic Commerce,0,Domestic,Domestic,International,19230_Zusatzpunkt_4_none_Bareiss_ID1923002300_20.05.2021.csv
37,"Urlaub in Hotels, in Pensionen und Ferienwohnungen sind in vielen Bundesländern zwar mit Auflagen, aber an Pfingsten und nach Pfingsten wieder machbar.",Domestic Commerce,0,Domestic,Domestic,International,19230_Zusatzpunkt_4_none_Bareiss_ID1923002300_20.05.2021.csv
38,"Auch das ist, glaube ich, ein ganz wichtiges Signal, das sehr große Hoffnung gibt.",Domestic Commerce,0,Domestic,Domestic,International,19230_Zusatzpunkt_4_none_Bareiss_ID1923002300_20.05.2021.csv
39,"Wir ermöglichen Reisen nicht nur in Deutschland, sondern auch europaweit und haben dazu vieles die letzten Wochen beigetragen: bundeseinheitliche Regelungen für Geimpfte und Genesene, flächendeckende Teststrategie, eine neue und auch unbürokratische Einreiseverordnung ohne Quarantäne, sondern mit einer ganz klaren Strategie mit Testen im Vordergrund.",Domestic Commerce,0,Domestic,Domestic,International,19230_Zusatzpunkt_4_none_Bareiss_ID1923002300_20.05.2021.csv
40,Auch aus einem Risikogebiet kann man dann ohne Quarantäne nach Deutschland einreisen.,Domestic Commerce,0,Domestic,Domestic,International,19230_Zusatzpunkt_4_none_Bareiss_ID1923002300_20.05.2021.csv
41,"Die sichere Grundlage für die Zukunft wird der digitale Coronaimpfpass sein, der ab Juni bereitsteht und dann für alle wieder sicheres Reisen in ganz Europa möglich macht.",Domestic Commerce,0,Domestic,Domestic,International,19230_Zusatzpunkt_4_none_Bareiss_ID1923002300_20.05.2021.csv
42,"Meine Damen und Herren, in den letzten Monaten haben wir, glaube ich, sehr schmerzhaft erfahren, wie wichtig es für uns ist, Menschen zu begegnen, Feste zu besuchen, Restaurants zu besuchen, Urlaub zu machen, zu reisen, Neues zu erleben, wieder rauszukommen.",Domestic Commerce,0,Domestic,Domestic,International,19230_Zusatzpunkt_4_none_Bareiss_ID1923002300_20.05.2021.csv
43,"Ich bin davon überzeugt: Der Wunsch nach Reisen und danach, wieder Neues zu erleben, ist so groß wie noch nie.",Domestic Commerce,0,Domestic,Domestic,International,19230_Zusatzpunkt_4_none_Bareiss_ID1923002300_20.05.2021.csv
44,"Deshalb bin ich auch davon überzeugt, dass wir vor einem großartigen Sommer, vor einem großartigen zweiten Halbjahr in diesem Jahr stehen und dass die deutsche Tourismusbranche mit 3 Millionen Beschäftigten wieder viele neue Gäste begrüßen darf.",Domestic Commerce,0,Domestic,Domestic,International,19230_Zusatzpunkt_4_none_Bareiss_ID1923002300_20.05.2021.csv
45,"Deshalb freue ich mich, dass wir gemeinsam in diese starke Saison starten können.",Domestic Commerce,0,Domestic,Domestic,International,19230_Zusatzpunkt_4_none_Bareiss_ID1923002300_20.05.2021.csv
46,Vielen Dank.,*,0,Domestic,Domestic,International,19230_Zusatzpunkt_4_none_Bareiss_ID1923002300_20.05.2021.csv
47,"Vielen Dank, Thomas Bareiß. – Nächster Redner: für die AfD-Fraktion Christoph Neumann.",*,0,Domestic,Domestic,International,19230_Zusatzpunkt_4_none_Bareiss_ID1923002300_20.05.2021.csv
