,text,label_gold,segment_id,label_bert,label_parlbert,label_svm,speech_id
0,Sehr geehrte Frau Präsidentin!,*,0,Civil,Civil,Civil,19234_Tagesordnungspunkt_43_AfD_Harder-Kuehnel_ID1923404400_11.06.2021.csv
1,Sehr geehrte Damen und Herren!,*,0,Civil,Civil,Civil,19234_Tagesordnungspunkt_43_AfD_Harder-Kuehnel_ID1923404400_11.06.2021.csv
2,Die Bundestagswahl wirft ihre Schatten voraus.,Civil Rights,0,Civil,Civil,Civil,19234_Tagesordnungspunkt_43_AfD_Harder-Kuehnel_ID1923404400_11.06.2021.csv
3,"In einem der letzten Gesetzentwürfe dieser Legislaturperiode soll den Vorständen von Unternehmen vorgeschrieben werden, wie sie künftig besetzt sein müssen.",Civil Rights,0,Civil,Civil,Civil,19234_Tagesordnungspunkt_43_AfD_Harder-Kuehnel_ID1923404400_11.06.2021.csv
4,"Ist der Vorstand eines börsennotierten Unternehmens mit mehr als drei Mitgliedern besetzt, muss mindestens eines davon eine Frau sein.",Civil Rights,0,Civil,Civil,Civil,19234_Tagesordnungspunkt_43_AfD_Harder-Kuehnel_ID1923404400_11.06.2021.csv
5,"Damit greift die GroKo nicht nur erneut schamlos in die unternehmerische Freiheit ein, sondern ebnet einmal mehr den Weg in Richtung Sozialismus.",Civil Rights,0,Civil,Civil,Civil,19234_Tagesordnungspunkt_43_AfD_Harder-Kuehnel_ID1923404400_11.06.2021.csv
6,"Das entscheidende Merkmal, die Qualifikation, spielt künftig keine Rolle mehr.",Civil Rights,0,Civil,Civil,Civil,19234_Tagesordnungspunkt_43_AfD_Harder-Kuehnel_ID1923404400_11.06.2021.csv
7,Einzig das Geschlecht entscheidet über die Besetzung der Unternehmensführung.,Civil Rights,0,Civil,Civil,Civil,19234_Tagesordnungspunkt_43_AfD_Harder-Kuehnel_ID1923404400_11.06.2021.csv
8,Eine Stärkung des Wirtschaftsstandortes Deutschland ist durch solche Eingriffe kaum zu erwarten.,Civil Rights,0,Civil,Civil,Civil,19234_Tagesordnungspunkt_43_AfD_Harder-Kuehnel_ID1923404400_11.06.2021.csv
9,"Dass ausgerechnet die Union dabei mitmacht, ist auch keine Überraschung.",Civil Rights,0,Civil,Civil,Civil,19234_Tagesordnungspunkt_43_AfD_Harder-Kuehnel_ID1923404400_11.06.2021.csv
10,Sie biedert sich damit ihrem zukünftigen Koalitionspartner an; denn schließlich haben sich die Grünen laut Wahlprogramm die Etablierung einer feministischen Regierung zum Ziel gesetzt.,Civil Rights,0,Civil,Civil,Civil,19234_Tagesordnungspunkt_43_AfD_Harder-Kuehnel_ID1923404400_11.06.2021.csv
11,"Zum wiederholten Male wird deutlich: Wer Schwarz wählt, der bekommt Grün.",Civil Rights,0,Civil,Civil,Civil,19234_Tagesordnungspunkt_43_AfD_Harder-Kuehnel_ID1923404400_11.06.2021.csv
12,"Wer dagegen Freiheit statt Bevormundung will, der sollte Blau wählen, meine Damen und Herren.",Civil Rights,0,Civil,Civil,Civil,19234_Tagesordnungspunkt_43_AfD_Harder-Kuehnel_ID1923404400_11.06.2021.csv
13,Frauenquoten sind ein Mittel des Zwangs.,Civil Rights,0,Civil,Civil,Civil,19234_Tagesordnungspunkt_43_AfD_Harder-Kuehnel_ID1923404400_11.06.2021.csv
14,"Sie greifen zutiefst in die grundrechtlich garantierte Eigentumsfreiheit des Artikels 14, in die Berufsfreiheit in Artikel 12 sowie in die Gleichberechtigung von Mann und Frau in Artikel 3 Absatz 2 Satz 2 Grundgesetz ein.",Civil Rights,0,Civil,Civil,Civil,19234_Tagesordnungspunkt_43_AfD_Harder-Kuehnel_ID1923404400_11.06.2021.csv
15,Namhafte Staatsrechtler lehnen sie daher ab.,Civil Rights,0,Civil,Civil,Civil,19234_Tagesordnungspunkt_43_AfD_Harder-Kuehnel_ID1923404400_11.06.2021.csv
16,"Es lässt sich verfassungsrechtlich einfach nicht rechtfertigen, Unternehmen in Bereichen, in denen es keine ausreichend qualifizierten Frauen gibt, zu verpflichten, untaugliches Personal einzustellen.",Civil Rights,0,Civil,Civil,Civil,19234_Tagesordnungspunkt_43_AfD_Harder-Kuehnel_ID1923404400_11.06.2021.csv
17,"Man sieht, die ganze Debatte um Frauenquoten stiftet nur Chaos und Widersprüche, und sie ist darauf ausgerichtet, grundlegende Rechtsprinzipien wie die Vertragsfreiheit und die Privatautonomie zugunsten einer feministischen Planwirtschaft abzuschaffen; denn um nichts anderes handelt es sich hier.",Civil Rights,0,Civil,Civil,Civil,19234_Tagesordnungspunkt_43_AfD_Harder-Kuehnel_ID1923404400_11.06.2021.csv
18,Quotenregelungen und Sanktionen bei Nichtbefolgung sind mit den Prinzipien der Marktwirtschaft und einer freiheitlichen Gesellschaft nicht zu vereinbaren.,Civil Rights,0,Civil,Civil,Civil,19234_Tagesordnungspunkt_43_AfD_Harder-Kuehnel_ID1923404400_11.06.2021.csv
19,"Eigentlich müsste ja hier auch die FDP aufbegehren, die sich ja die unternehmerische Freiheit ans Revers geheftet hat.",Civil Rights,0,Civil,Civil,Civil,19234_Tagesordnungspunkt_43_AfD_Harder-Kuehnel_ID1923404400_11.06.2021.csv
20,"Aber was Sie, liebe Freie Demokraten, in Ihrem Antrag fordern, das lässt einem wirklich die Kinnlade herunterfallen.",Civil Rights,0,Civil,Civil,Civil,19234_Tagesordnungspunkt_43_AfD_Harder-Kuehnel_ID1923404400_11.06.2021.csv
21,Sie schlagen ein Verbot von Arbeitsmeetings nach 16 Uhr vor.,Civil Rights,0,Civil,Civil,Civil,19234_Tagesordnungspunkt_43_AfD_Harder-Kuehnel_ID1923404400_11.06.2021.csv
22,"Sie streben mehr Geschlechtervielfalt in Führungsetagen an, und Sie fantasieren von Diversity als Erfolgsfaktor.",Civil Rights,0,Civil,Civil,Civil,19234_Tagesordnungspunkt_43_AfD_Harder-Kuehnel_ID1923404400_11.06.2021.csv
23,Das ist Anpassung an den kulturmarxistischen Zeitgeist.,Civil Rights,0,Civil,Civil,Civil,19234_Tagesordnungspunkt_43_AfD_Harder-Kuehnel_ID1923404400_11.06.2021.csv
24,"Dass man Frauen auch ganz ohne Zwang, ganz ohne Ultrafeminismus, ganz ohne Genderismus in Führungsetagen bringen kann, zeigt übrigens das angeblich ach so reaktionär-konservative, ach so erzkatholische Polen.",Civil Rights,1,Civil,Civil,Civil,19234_Tagesordnungspunkt_43_AfD_Harder-Kuehnel_ID1923404400_11.06.2021.csv
25,Dort werden Mütter und Hausfrauen nicht von einem linken Mainstream zu Menschen zweiter Klasse degradiert.,Civil Rights,1,Civil,Civil,Civil,19234_Tagesordnungspunkt_43_AfD_Harder-Kuehnel_ID1923404400_11.06.2021.csv
26,"Dort wird nicht durch einen übergriffigen Staat propagiert, welche Rollen Mann und Frau in Familie und Beruf zu spielen haben.",Civil Rights,1,Civil,Civil,Civil,19234_Tagesordnungspunkt_43_AfD_Harder-Kuehnel_ID1923404400_11.06.2021.csv
27,"Das Ergebnis: In Polen liegt der Anteil der Frauen in Führungspositionen bei 44 Prozent,
im bunt-diversen Deutschland hingegen nur bei 28 Prozent.",Civil Rights,1,Civil,Civil,Civil,19234_Tagesordnungspunkt_43_AfD_Harder-Kuehnel_ID1923404400_11.06.2021.csv
28,"Wenn Sie also schon möglichst viele Frauen in Vorstandspositionen bringen wollen, dann nehmen Sie doch bitte frauenpolitischen Nachhilfeunterricht bei unserem östlichen Nachbarn!",Civil Rights,1,Civil,Civil,Civil,19234_Tagesordnungspunkt_43_AfD_Harder-Kuehnel_ID1923404400_11.06.2021.csv
29,"Aber auf keinen Fall sollte man, wie vorliegend, auf Mittel des Zwangs setzen.",Civil Rights,2,Civil,Civil,International,19234_Tagesordnungspunkt_43_AfD_Harder-Kuehnel_ID1923404400_11.06.2021.csv
30,Frauenquoten sind ein solches Mittel.,Civil Rights,2,Civil,Civil,International,19234_Tagesordnungspunkt_43_AfD_Harder-Kuehnel_ID1923404400_11.06.2021.csv
31,Frauenquoten produzieren Quotenfrauen.,Civil Rights,2,Civil,Civil,International,19234_Tagesordnungspunkt_43_AfD_Harder-Kuehnel_ID1923404400_11.06.2021.csv
32,Glauben Sie mir: Keine Frau will als bloße Quotenfrau abgestempelt werden.,Civil Rights,2,Civil,Civil,International,19234_Tagesordnungspunkt_43_AfD_Harder-Kuehnel_ID1923404400_11.06.2021.csv
33,Wir von der AfD sagen ganz klar: Starke Frauen brauchen keine Quoten.,Civil Rights,2,Civil,Civil,International,19234_Tagesordnungspunkt_43_AfD_Harder-Kuehnel_ID1923404400_11.06.2021.csv
34,Vielen Dank.,*,2,Civil,Civil,International,19234_Tagesordnungspunkt_43_AfD_Harder-Kuehnel_ID1923404400_11.06.2021.csv
35,Das Wort geht an die CDU/CSU-Fraktion mit Nadine Schön.,*,2,Civil,Civil,International,19234_Tagesordnungspunkt_43_AfD_Harder-Kuehnel_ID1923404400_11.06.2021.csv
