,text,label_gold,segment_id,label_bert,label_parlbert,label_svm,speech_id
0,"Vielen Dank, Frau Präsidentin, für diese Werbeminute für meinen Wahlkreis. – Mein Wahlkreis ist Nordfriesland – Dithmarschen Nord.",*,0,Government,Government,Transportation,19230_Zusatzpunkt_4_CDU_CSU_Damerow_ID1923003000_20.05.2021.csv
1,Ich selbst lebe auf dem nordfriesischen Festland in Leck.,*,0,Government,Government,Transportation,19230_Zusatzpunkt_4_CDU_CSU_Damerow_ID1923003000_20.05.2021.csv
2,"Zum Kreis Nordfriesland gehören die Inseln Sylt, Föhr, Amrum und Pellworm nebst aller Halligen; das ist der gesamte Kreis Nordfriesland.
– Nein, die Insel Helgoland gehört zum Kreis Pinneberg. – Wir sind Schleswig-Holsteiner, und wir schaffen dieses etwas Komplizierte ganz leicht, und wir erklären es auch immer wieder sehr gerne.",*,0,Government,Government,Transportation,19230_Zusatzpunkt_4_CDU_CSU_Damerow_ID1923003000_20.05.2021.csv
3,Vielen Dank.,*,0,Government,Government,Transportation,19230_Zusatzpunkt_4_CDU_CSU_Damerow_ID1923003000_20.05.2021.csv
