,text,label_gold,segment_id,label_bert,label_parlbert,label_svm,speech_id
0,Sehr geehrte Frau Präsidentin!,*,0,Civil,Civil,Civil,19234_Tagesordnungspunkt_43_SPD_Mast_ID1923404900_11.06.2021.csv
1,Werte Kolleginnen und Kollegen!,*,0,Civil,Civil,Civil,19234_Tagesordnungspunkt_43_SPD_Mast_ID1923404900_11.06.2021.csv
2,Meine sehr verehrten Damen und Herren!,*,0,Civil,Civil,Civil,19234_Tagesordnungspunkt_43_SPD_Mast_ID1923404900_11.06.2021.csv
3,"Frauen kommen überallhin. – Das gilt in der Theorie, aber nicht in der Praxis, und zwar, besonders wenn es um Führungspositionen geht, und das, obwohl Frauen im Schnitt bessere Abschlüsse machen als Männer.",Civil Rights,0,Civil,Civil,Civil,19234_Tagesordnungspunkt_43_SPD_Mast_ID1923404900_11.06.2021.csv
4,An der Qualifikation liegt es also nicht.,Civil Rights,0,Civil,Civil,Civil,19234_Tagesordnungspunkt_43_SPD_Mast_ID1923404900_11.06.2021.csv
5,Deshalb liegt es an anderen Dingen: an Strukturen und Netzwerken.,Civil Rights,0,Civil,Civil,Civil,19234_Tagesordnungspunkt_43_SPD_Mast_ID1923404900_11.06.2021.csv
6,"Das nennt man gläserne Decke – sieht man nicht, gibt es aber.",Civil Rights,0,Civil,Civil,Civil,19234_Tagesordnungspunkt_43_SPD_Mast_ID1923404900_11.06.2021.csv
7,"Viele sagen: Frauen bekommen Kinder, und es mangelt an der Vereinbarkeit von Familie und Beruf.",Civil Rights,0,Civil,Civil,Civil,19234_Tagesordnungspunkt_43_SPD_Mast_ID1923404900_11.06.2021.csv
8,Manche sagen sogar: Die Frauen sind selbst schuld. – Das ist alles einfach nur Quatsch.,Civil Rights,0,Civil,Civil,Civil,19234_Tagesordnungspunkt_43_SPD_Mast_ID1923404900_11.06.2021.csv
9,"Hauptverantwortlich sind die Strukturen, und genau deshalb ändern wir heute die Strukturen per Gesetz.",Civil Rights,0,Civil,Civil,Civil,19234_Tagesordnungspunkt_43_SPD_Mast_ID1923404900_11.06.2021.csv
10,Zu lange hat die Wirtschaft gesagt: Das ändern wir selbst.,Civil Rights,0,Civil,Civil,Civil,19234_Tagesordnungspunkt_43_SPD_Mast_ID1923404900_11.06.2021.csv
11,Es ist nichts passiert; denn sonst wären mehr als 12 Prozent Frauen in Vorständen der DAX-Unternehmen.,Civil Rights,0,Civil,Civil,Civil,19234_Tagesordnungspunkt_43_SPD_Mast_ID1923404900_11.06.2021.csv
12,"Das ist auch deshalb fatal, weil Unternehmen mit Frauen in Vorständen wirtschaftlich erfolgreicher sind.",Civil Rights,0,Civil,Civil,Civil,19234_Tagesordnungspunkt_43_SPD_Mast_ID1923404900_11.06.2021.csv
13,"Also muss politisch gesteuert werden, und deshalb führen wir heute die erste Mindestquotenregelung für die Vorstände in der Wirtschaft ein.",Civil Rights,0,Civil,Civil,Civil,19234_Tagesordnungspunkt_43_SPD_Mast_ID1923404900_11.06.2021.csv
14,"Das ist ein historischer Erfolg, den wir künftig ausbauen können.",Civil Rights,0,Civil,Civil,Civil,19234_Tagesordnungspunkt_43_SPD_Mast_ID1923404900_11.06.2021.csv
15,Und wieso historisch?,Civil Rights,0,Civil,Civil,Civil,19234_Tagesordnungspunkt_43_SPD_Mast_ID1923404900_11.06.2021.csv
16,– Erstens weil wir Jahrzehnte dafür gekämpft haben.,Civil Rights,0,Civil,Civil,Civil,19234_Tagesordnungspunkt_43_SPD_Mast_ID1923404900_11.06.2021.csv
17,"Mit „wir“ meine ich nicht nur Frauen und Männer, sondern auch die vielen Verbündeten in Politik, Wirtschaft und Gesellschaft und natürlich auch meine Partei, die SPD.",Civil Rights,0,Civil,Civil,Civil,19234_Tagesordnungspunkt_43_SPD_Mast_ID1923404900_11.06.2021.csv
18,Zweitens weil von einer Quote in der Wirtschaft nichts im Koalitionsvertrag steht.,Civil Rights,0,Civil,Civil,Civil,19234_Tagesordnungspunkt_43_SPD_Mast_ID1923404900_11.06.2021.csv
19,"Im Wahlprogramm von CDU/CSU stand lediglich, dass sie konkret im öffentlichen Dienst etwas ändern wollen, kein Wort von der Wirtschaft und den Vorständen.",Civil Rights,0,Civil,Civil,Civil,19234_Tagesordnungspunkt_43_SPD_Mast_ID1923404900_11.06.2021.csv
20,"Und weil ich ebenso wie Caren Marks und Sönke Rix bei den Koalitionsverhandlungen dabei war, weiß ich: Es gab in den Koalitionsverhandlungen null Spielraum.",Civil Rights,0,Civil,Civil,Civil,19234_Tagesordnungspunkt_43_SPD_Mast_ID1923404900_11.06.2021.csv
21,"Drittens weil unsere Ministerinnen Franziska Giffey und Christine Lambrecht mit Klarheit, Beharrlichkeit und viel Unterstützung am Ball geblieben sind.",Civil Rights,1,Civil,Civil,Civil,19234_Tagesordnungspunkt_43_SPD_Mast_ID1923404900_11.06.2021.csv
22,Eins ist klar: Ohne SPD in dieser Bundesregierung gäbe es diese Vorstandsquote heute nicht.,Civil Rights,1,Civil,Civil,Civil,19234_Tagesordnungspunkt_43_SPD_Mast_ID1923404900_11.06.2021.csv
23,"Ach ja, und dann höre ich leider viel zu oft, das helfe nur wenigen, nur Spitzenmanagerinnen.",Civil Rights,1,Civil,Civil,Civil,19234_Tagesordnungspunkt_43_SPD_Mast_ID1923404900_11.06.2021.csv
24,"Das ist völlig falsch und auch Quatsch; denn wer Frauen in Vorständen braucht, muss einen Kulturwandel einläuten: Konkrete Frauenförderung auf allen Ebenen im Unternehmen.",Civil Rights,1,Civil,Civil,Civil,19234_Tagesordnungspunkt_43_SPD_Mast_ID1923404900_11.06.2021.csv
25,Wir machen noch viel mehr mit diesem Gesetz.,Civil Rights,1,Civil,Civil,Civil,19234_Tagesordnungspunkt_43_SPD_Mast_ID1923404900_11.06.2021.csv
26,Das ist in dieser Debatte schon zur Sprache gekommen.,Civil Rights,1,Civil,Civil,Civil,19234_Tagesordnungspunkt_43_SPD_Mast_ID1923404900_11.06.2021.csv
27,Und deshalb: Das Führungspositionen-Gesetz II ist ein historischer Meilenstein.,Civil Rights,1,Civil,Civil,Civil,19234_Tagesordnungspunkt_43_SPD_Mast_ID1923404900_11.06.2021.csv
28,Die Mindestquote in Vorständen ist da.,Civil Rights,2,Government,Domestic,Civil,19234_Tagesordnungspunkt_43_SPD_Mast_ID1923404900_11.06.2021.csv
29,"Wir als SPD werden weitermachen: mit Klarheit, Beharrlichkeit und der Unterstützung aus der Gesellschaft.",Civil Rights,2,Government,Domestic,Civil,19234_Tagesordnungspunkt_43_SPD_Mast_ID1923404900_11.06.2021.csv
30,Ich freue mich darauf.,Civil Rights,2,Government,Domestic,Civil,19234_Tagesordnungspunkt_43_SPD_Mast_ID1923404900_11.06.2021.csv
31,Denn unser Ziel ist fifty-fifty und muss es sein.,Civil Rights,2,Government,Domestic,Civil,19234_Tagesordnungspunkt_43_SPD_Mast_ID1923404900_11.06.2021.csv
32,"Das ist nicht nur eine Frage der Gerechtigkeit; nein, das ist auch gut für unsere Unternehmen und die gesamte deutsche Wirtschaft.",Civil Rights,2,Government,Domestic,Civil,19234_Tagesordnungspunkt_43_SPD_Mast_ID1923404900_11.06.2021.csv
33,Vielen Dank. – Das Wort geht an Professor Dr.,*,2,Government,Domestic,Civil,19234_Tagesordnungspunkt_43_SPD_Mast_ID1923404900_11.06.2021.csv
34,Heribert Hirte von der CDU/CSU-Fraktion.,*,2,Government,Domestic,Civil,19234_Tagesordnungspunkt_43_SPD_Mast_ID1923404900_11.06.2021.csv
