,text,label_gold,segment_id,label_bert,label_parlbert,label_svm,speech_id
0,Sehr geehrter Herr Präsident!,*,0,Government,Government,Civil,19230_Zusatzpunkt_4_AfD_Muenzenmaier_ID1923001900_20.05.2021.csv
1,Meine Damen und Herren!,*,0,Government,Government,Civil,19230_Zusatzpunkt_4_AfD_Muenzenmaier_ID1923001900_20.05.2021.csv
2,"Im vorliegenden Antrag tut die FDP wieder einmal das, was sie am besten kann: das Aneinanderreihen von wohlklingenden Worthülsen und das Vorgaukeln einer Oppositionsposition.",Domestic Commerce,0,Government,Government,Civil,19230_Zusatzpunkt_4_AfD_Muenzenmaier_ID1923001900_20.05.2021.csv
3,"Liebe Kollegen, nur damit wir uns nicht falsch verstehen: Ich begrüße es ausdrücklich, wenn Sie sich für einen Neustart der Tourismusbranche aussprechen, und ich begrüße auch ausdrücklich, dass Sie in Ihrem vorliegenden Antrag einige sinnvolle Maßnahmen nennen.",Domestic Commerce,0,Government,Government,Civil,19230_Zusatzpunkt_4_AfD_Muenzenmaier_ID1923001900_20.05.2021.csv
4,Aber können Sie denn einmal im Leben eine Sache wirklich grundsätzlich angehen?,Domestic Commerce,0,Government,Government,Civil,19230_Zusatzpunkt_4_AfD_Muenzenmaier_ID1923001900_20.05.2021.csv
5,"Die Tourismusbranche liegt am Boden, ist seit Monaten im Lockdown, weiß überhaupt nicht mehr weiter, und Ihnen fällt dazu ein, dass jetzt touristische Übernachtungen für „Geimpfte und Genese“ erlaubt werden sollen.",Domestic Commerce,0,Government,Government,Civil,19230_Zusatzpunkt_4_AfD_Muenzenmaier_ID1923001900_20.05.2021.csv
6,Ist das schon alles?,Domestic Commerce,0,Government,Government,Civil,19230_Zusatzpunkt_4_AfD_Muenzenmaier_ID1923001900_20.05.2021.csv
7,"Das ist ein Miniaturschräubchen, an dem Sie hier drehen.
– Herr Dr.",Domestic Commerce,0,Government,Government,Civil,19230_Zusatzpunkt_4_AfD_Muenzenmaier_ID1923001900_20.05.2021.csv
8,"Klinge, Sie standen gerade hier und haben gesagt: Wir wollen, dass die Hotels für alle wieder aufmachen. – Dann habe ich in Ihren Antrag geguckt.",Domestic Commerce,0,Government,Government,Civil,19230_Zusatzpunkt_4_AfD_Muenzenmaier_ID1923001900_20.05.2021.csv
9,Da steht das aber nicht drin.,Domestic Commerce,0,Government,Government,Civil,19230_Zusatzpunkt_4_AfD_Muenzenmaier_ID1923001900_20.05.2021.csv
10,"Also entweder haben Sie hier Mist erzählt, oder Sie haben vergessen, es in Ihren Antrag zu schreiben.",Domestic Commerce,0,Government,Government,Civil,19230_Zusatzpunkt_4_AfD_Muenzenmaier_ID1923001900_20.05.2021.csv
11,"Beides dient nicht dazu, eine gute Oppositionsarbeit zu machen, Herr Dr.",Domestic Commerce,0,Government,Government,Civil,19230_Zusatzpunkt_4_AfD_Muenzenmaier_ID1923001900_20.05.2021.csv
12,Klinge.,Domestic Commerce,0,Government,Government,Civil,19230_Zusatzpunkt_4_AfD_Muenzenmaier_ID1923001900_20.05.2021.csv
13,"Sie beschäftigen sich also wieder einmal mit den Krümeln, die die Bundesregierung vom Tisch fallen lässt.",Health,0,Government,Government,Civil,19230_Zusatzpunkt_4_AfD_Muenzenmaier_ID1923001900_20.05.2021.csv
14,Dann ist die FDP dabei und kümmert sich drum.,Health,0,Government,Government,Civil,19230_Zusatzpunkt_4_AfD_Muenzenmaier_ID1923001900_20.05.2021.csv
15,"Aber Sie sind nicht grundsätzlich dafür da, Politik zu ändern.",Health,0,Government,Government,Civil,19230_Zusatzpunkt_4_AfD_Muenzenmaier_ID1923001900_20.05.2021.csv
16,"Wo ist denn Ihr Widerstand gegen das Infektionsschutzgesetz, den Sie groß angekündigt haben?",Health,0,Government,Government,Civil,19230_Zusatzpunkt_4_AfD_Muenzenmaier_ID1923001900_20.05.2021.csv
17,"Sie haben in den Medien getönt: Verfassungsbeschwerde, Verfassungsbeschwerde!",Health,0,Government,Government,Civil,19230_Zusatzpunkt_4_AfD_Muenzenmaier_ID1923001900_20.05.2021.csv
18,"Aber wenn es drauf ankommt, kneifen Sie.",Health,0,Government,Government,Civil,19230_Zusatzpunkt_4_AfD_Muenzenmaier_ID1923001900_20.05.2021.csv
19,Sie haben sich einer Normenkontrollklage der Opposition verweigert; da wollten Sie nicht mitmachen.,Health,0,Government,Government,Civil,19230_Zusatzpunkt_4_AfD_Muenzenmaier_ID1923001900_20.05.2021.csv
20,"Und jetzt kommt in Ihrem Antrag der Gipfel der Scheinheiligkeit.
– Hören Sie zu, Herr Dr.",Health,0,Government,Government,Civil,19230_Zusatzpunkt_4_AfD_Muenzenmaier_ID1923001900_20.05.2021.csv
21,"Klinge. – Während Sie sich in den Talkshows der Republik als wackerer Kämpfer gegen die unsinnige Ausgangssperre inszenieren, schreiben Sie im vorliegenden Antrag – ich zitiere mit Erlaubnis des Präsidenten –: „Fahrten vom oder zum Flughafen, Bahnhof oder Hafen bei nächtlicher oder morgendlicher gebundener Abreise- oder Ankunftszeit“ sind „von der nächtlichen Ausgangssperre auszunehmen“.",Health,0,Government,Government,Civil,19230_Zusatzpunkt_4_AfD_Muenzenmaier_ID1923001900_20.05.2021.csv
22,"Jetzt wollen Sie die nächtliche Ausgangssperre als Opposition gar nicht mehr kippen,
sondern sind zufrieden mit einem halbgaren Kompromiss und akzeptieren ein wahrscheinlich rechtswidriges Handeln dieser Bundesregierung.",Health,0,Government,Government,Civil,19230_Zusatzpunkt_4_AfD_Muenzenmaier_ID1923001900_20.05.2021.csv
23,"Meine Damen und Herren an den Bildschirmen, es zeigt sich wieder einmal: Es gibt keine Partei in Deutschland, bei der Anspruch und Wirklichkeit dermaßen auseinanderklaffen wie bei der FDP.",Health,0,Government,Government,Civil,19230_Zusatzpunkt_4_AfD_Muenzenmaier_ID1923001900_20.05.2021.csv
24,"Die FDP redet groß von Freiheit, von Opposition, von Bürgerrechten oder vom Neustart der Tourismuswirtschaft, aber ihr Handeln beschränkt sich immer nur auf Floskeln, auf Ankündigungen oder, wie hier vorliegend, auf Minimalforderungen.",Domestic Commerce,0,Government,Government,Civil,19230_Zusatzpunkt_4_AfD_Muenzenmaier_ID1923001900_20.05.2021.csv
25,"Sie haben das Rückgrat eines gelben Gummibärchens, meine Damen und Herren, und Sie sind bereit, alles dafür zu tun, um endlich wieder an die Fleischtöpfe der Regierungsbeteiligung zurückzukehren.",Domestic Commerce,0,Government,Government,Civil,19230_Zusatzpunkt_4_AfD_Muenzenmaier_ID1923001900_20.05.2021.csv
26,"Wir als AfD-Fraktion stehen stattdessen für einen grundsätzlichen Kurswechsel in der Coronapolitik, von dem insbesondere die Tourismuswirtschaft ausführlich und massiv profitieren würde.",Domestic Commerce,0,Government,Government,Civil,19230_Zusatzpunkt_4_AfD_Muenzenmaier_ID1923001900_20.05.2021.csv
27,"Wir wollen die sinnlose Ausgangssperre aufheben, wir wollen Gastronomie, Hotels, Pensionen wieder öffnen, und wir fordern die Bundesregierung dazu auf, den Menschen ihre Freiheit zurückzugeben.",Domestic Commerce,0,Government,Government,Civil,19230_Zusatzpunkt_4_AfD_Muenzenmaier_ID1923001900_20.05.2021.csv
28,Die Tourismusbranche ist nämlich kein Treiber der Pandemie.,Domestic Commerce,0,Government,Government,Civil,19230_Zusatzpunkt_4_AfD_Muenzenmaier_ID1923001900_20.05.2021.csv
29,"Es gibt keine Erkenntnisse zu nennenswerten Infektionen in Restaurants oder Hotels, und es ist schlicht und ergreifend Unsinn, dass ich mit meiner eigenen Familie zwar in der Stadtwohnung, aber nicht im Ferienhaus sein darf.",Domestic Commerce,0,Government,Government,Civil,19230_Zusatzpunkt_4_AfD_Muenzenmaier_ID1923001900_20.05.2021.csv
30,"Und es ist schlicht und ergreifend Unsinn, dass negativ getestete Personen nur auf der Terrasse, aber nicht im Innenraum eines Restaurants sitzen dürfen, und es ist schlicht und ergreifend Unsinn, dass bei einem Ansteckungsrisiko im Freien von 0,01 Prozent die Außengastronomie nicht für jedermann geöffnet ist.",Domestic Commerce,0,Government,Government,Civil,19230_Zusatzpunkt_4_AfD_Muenzenmaier_ID1923001900_20.05.2021.csv
31,"Wir als AfD-Fraktion möchten diesen Unsinn beenden, und ich kann Sie, liebe FDP-Abgeordneten, nur einmal mehr dazu auffordern: Entwickeln Sie endlich den „German Mut“, den Sie immer so gerne im Mund führen, und nehmen Sie Ihren Auftrag als Oppositionspartei endlich ernst.",Domestic Commerce,0,Government,Government,Civil,19230_Zusatzpunkt_4_AfD_Muenzenmaier_ID1923001900_20.05.2021.csv
32,Ich danke Ihnen für Ihre Aufmerksamkeit.,*,0,Government,Government,Civil,19230_Zusatzpunkt_4_AfD_Muenzenmaier_ID1923001900_20.05.2021.csv
