,text,label_gold,segment_id,label_bert,label_parlbert,label_svm,speech_id
0,Herr Präsident!,*,0,Domestic,Domestic,Domestic,19230_Zusatzpunkt_4_GRUENE_Tressel_ID1923002200_20.05.2021.csv
1,Liebe Kolleginnen und Kollegen!,*,0,Domestic,Domestic,Domestic,19230_Zusatzpunkt_4_GRUENE_Tressel_ID1923002200_20.05.2021.csv
2,"Liebe Gabi Hiller-Ohm, ich glaube, dass es diese Debatte auf jeden Fall wert ist, dass wir sie heute an dieser Stelle führen, und ich bin der FDP deswegen auch dankbar, dass sie diesen Antrag hier vorgelegt hat.",Domestic Commerce,0,Domestic,Domestic,Domestic,19230_Zusatzpunkt_4_GRUENE_Tressel_ID1923002200_20.05.2021.csv
3,"Tourismus, liebe Kolleginnen und Kollegen, ist ein wichtiger Faktor in unseren Regionen.",Domestic Commerce,0,Domestic,Domestic,Domestic,19230_Zusatzpunkt_4_GRUENE_Tressel_ID1923002200_20.05.2021.csv
4,"Tourismus schafft Arbeit in Städten, in ländlichen Räumen, und er schafft wirtschaftliche Entwicklung.",Domestic Commerce,0,Domestic,Domestic,Domestic,19230_Zusatzpunkt_4_GRUENE_Tressel_ID1923002200_20.05.2021.csv
5,"Und was wir nicht vergessen dürfen: In vielen Regionen sichert er nicht nur Prosperität, sondern auch verkehrliche Erschließung, Handwerksbetriebe, daseinsvorsorgende Infrastruktur und vieles mehr.",Domestic Commerce,0,Domestic,Domestic,Domestic,19230_Zusatzpunkt_4_GRUENE_Tressel_ID1923002200_20.05.2021.csv
6,Das kann man gar nicht oft genug sagen.,Domestic Commerce,0,Domestic,Domestic,Domestic,19230_Zusatzpunkt_4_GRUENE_Tressel_ID1923002200_20.05.2021.csv
7,"Trotzdem ist das gerade in der Vergangenheit ein politisches Thema gewesen, das vielfach unter dem Wahrnehmungsradar gelaufen ist.",Domestic Commerce,0,Domestic,Domestic,Domestic,19230_Zusatzpunkt_4_GRUENE_Tressel_ID1923002200_20.05.2021.csv
8,"Deswegen ist es genau richtig, dass wir heute darüber diskutieren, wie wir die Folgen der Pandemie für diese wichtige Branche minimieren und wie wir gleichzeitig einen neuen Aufbruch für die Branche wagen können.",Domestic Commerce,0,Domestic,Domestic,Domestic,19230_Zusatzpunkt_4_GRUENE_Tressel_ID1923002200_20.05.2021.csv
9,"Aber, liebe Kolleginnen und Kollegen, so sehr ich mich darüber freue, dass wir heute darüber debattieren, so sehr müssen wir natürlich auch besorgt sein, dass wir nach 15 Monaten Pandemie an einigen Punkten immer noch wie am ersten Tag über grundlegende Fragen zur Erhaltung der Tourismuswirtschaft in diesem Land diskutieren müssen.",Domestic Commerce,0,Domestic,Domestic,Domestic,19230_Zusatzpunkt_4_GRUENE_Tressel_ID1923002200_20.05.2021.csv
10,"Ja, die Bundesregierung hat viel gemacht: Kurzarbeitergeld, Überbrückungshilfen.",Domestic Commerce,0,Domestic,Domestic,Domestic,19230_Zusatzpunkt_4_GRUENE_Tressel_ID1923002200_20.05.2021.csv
11,"Aber nach den allernotwendigsten lebenserhaltenden Maßnahmen muss es jetzt darum gehen, einen Plan zu entwickeln, wie der Patient wieder langfristig stabil wird, liebe Kolleginnen und Kollegen.",Domestic Commerce,0,Domestic,Domestic,Domestic,19230_Zusatzpunkt_4_GRUENE_Tressel_ID1923002200_20.05.2021.csv
12,"Die nationale Tourismusstrategie, die dafür extrem wichtig wäre und die ja fast das einzig größere tourismuspolitische Projekt – wenn man das so nennen möchte – dieser Koalition in dieser Wahlperiode war, haben Sie nicht auf die Zielgerade bekommen, was Sie mit Corona und den Folgen der Pandemie begründen, liebe Kolleginnen und Kollegen von der Koalition.",Domestic Commerce,0,Domestic,Domestic,Domestic,19230_Zusatzpunkt_4_GRUENE_Tressel_ID1923002200_20.05.2021.csv
13,"Genau jetzt wäre es aber hilfreich, mit dieser Strategie eine Grundlage zu haben: Wie gehen wir vor?",Domestic Commerce,0,Domestic,Domestic,Domestic,19230_Zusatzpunkt_4_GRUENE_Tressel_ID1923002200_20.05.2021.csv
14,Wie entwickeln wir den Tourismusstandort Deutschland nach der Krise weiter?,Domestic Commerce,0,Domestic,Domestic,Domestic,19230_Zusatzpunkt_4_GRUENE_Tressel_ID1923002200_20.05.2021.csv
15,Wo müssen wir stützen?,Domestic Commerce,0,Domestic,Domestic,Domestic,19230_Zusatzpunkt_4_GRUENE_Tressel_ID1923002200_20.05.2021.csv
16,Wo müssen wir justieren?,Domestic Commerce,0,Domestic,Domestic,Domestic,19230_Zusatzpunkt_4_GRUENE_Tressel_ID1923002200_20.05.2021.csv
17,Und vor allem: Was können wir aus dem Koordinationswirrwarr dieser Krise für die Tourismuspolitik von Bund und Ländern lernen?,Domestic Commerce,0,Domestic,Domestic,Domestic,19230_Zusatzpunkt_4_GRUENE_Tressel_ID1923002200_20.05.2021.csv
18,"Entgegen dem, was du gesagt hast, liebe Kollegin Gabi Hiller-Ohm, sehen wir doch gerade wieder, dass jedes der Bundesländer einen anderen Ansatz für diesen Neustart verfolgt.",Domestic Commerce,0,Domestic,Domestic,Domestic,19230_Zusatzpunkt_4_GRUENE_Tressel_ID1923002200_20.05.2021.csv
19,"Deswegen fehlt eine abgestimmte Strategie, und das wird in den entscheidenden nächsten Monaten mutmaßlich, zumindest in ernstzunehmender Tiefe, so bleiben.",Domestic Commerce,0,Domestic,Domestic,Domestic,19230_Zusatzpunkt_4_GRUENE_Tressel_ID1923002200_20.05.2021.csv
20,"Das ist eine Fehlleistung dieser Regierungskoalition, liebe Kolleginnen und Kollegen.",Domestic Commerce,0,Domestic,Domestic,Domestic,19230_Zusatzpunkt_4_GRUENE_Tressel_ID1923002200_20.05.2021.csv
21,Eines muss uns doch klar sein: Trotz der finanziellen Hilfe zehrt diese Krise an den Grundlagen des Tourismusstandortes Deutschland.,Domestic Commerce,0,Domestic,Domestic,Domestic,19230_Zusatzpunkt_4_GRUENE_Tressel_ID1923002200_20.05.2021.csv
22,Viele sind in ihrer Existenz bedroht; Kerstin Kassner hat es gesagt.,Domestic Commerce,0,Domestic,Domestic,Domestic,19230_Zusatzpunkt_4_GRUENE_Tressel_ID1923002200_20.05.2021.csv
23,"Wir dürfen uns nichts vormachen: Ohne konkreten Plan, ohne Perspektive werden wir Unternehmen, werden wir Leistungserbringer in den Regionen verlieren, und dieser Strukturverlust ist für viele Regionen schwer zu kompensieren.",Domestic Commerce,0,Domestic,Domestic,Domestic,19230_Zusatzpunkt_4_GRUENE_Tressel_ID1923002200_20.05.2021.csv
24,Deswegen muss die avisierte Hilfe jetzt gut fließen.,Domestic Commerce,0,Domestic,Domestic,Domestic,19230_Zusatzpunkt_4_GRUENE_Tressel_ID1923002200_20.05.2021.csv
25,Wir müssen auch über einen Wiederaufbaufonds gerade für kleine und mittlere Unternehmen der Tourismuswirtschaft nachdenken.,Domestic Commerce,0,Domestic,Domestic,Domestic,19230_Zusatzpunkt_4_GRUENE_Tressel_ID1923002200_20.05.2021.csv
26,"Die Kolleginnen und Kollegen haben es gesagt: Das Kompetenzwirrwarr, das sich in den vergangenen Monaten als riesiges Problem erwiesen hat, müssen wir angehen.",Domestic Commerce,0,Domestic,Domestic,Domestic,19230_Zusatzpunkt_4_GRUENE_Tressel_ID1923002200_20.05.2021.csv
27,"Der Föderalismus hat sich gerade für die Tourismusindustrie, für die Tourismuswirtschaft in dieser Krise nicht von seiner besten Seite gezeigt.",Domestic Commerce,0,Domestic,Domestic,Domestic,19230_Zusatzpunkt_4_GRUENE_Tressel_ID1923002200_20.05.2021.csv
28,"Kompetenzgerangel, Abstimmungsschwierigkeiten und teilweise auch Abstimmungsverweigerung kann man vielleicht in normalen Zeiten machen.",Domestic Commerce,0,Domestic,Domestic,Domestic,19230_Zusatzpunkt_4_GRUENE_Tressel_ID1923002200_20.05.2021.csv
29,Das kann man aber nicht in einer so tiefen Krise machen.,Domestic Commerce,0,Domestic,Domestic,Domestic,19230_Zusatzpunkt_4_GRUENE_Tressel_ID1923002200_20.05.2021.csv
30,"Das untergräbt auch die Akzeptanz von Coronamaßnahmen bei den Reisenden und in der Branche, für die wir auch kämpfen, weil wir diese Pandemie endlich hinter uns lassen wollen, liebe Kolleginnen und Kollegen.",Domestic Commerce,0,Domestic,Domestic,Domestic,19230_Zusatzpunkt_4_GRUENE_Tressel_ID1923002200_20.05.2021.csv
31,Deshalb brauchen wir mehr tourismuspolitische Koordination zwischen den Bundesländern und auch auf der europäischen Ebene.,Domestic Commerce,0,Domestic,Domestic,Domestic,19230_Zusatzpunkt_4_GRUENE_Tressel_ID1923002200_20.05.2021.csv
32,"Es kann doch nicht sein, dass wir nach 15 schmerzhaften und auch lehrreichen Monaten immer noch nicht in der Lage sind, ein bundeseinheitliches Vorgehen für den Neustart zu definieren mit klaren Regeln, wann wo was mit welchem Konzept geht.",Domestic Commerce,0,Domestic,Domestic,Domestic,19230_Zusatzpunkt_4_GRUENE_Tressel_ID1923002200_20.05.2021.csv
33,"Die Kolleginnen und Kollegen haben es gesagt: Die Ferien stehen vor der Tür, nicht nur die Pfingstferien, sondern auch bald die Sommerferien. – Wenn Sie mit den Menschen sprechen, dann hören Sie da draußen viel Konfusion.",Domestic Commerce,0,Domestic,Domestic,Domestic,19230_Zusatzpunkt_4_GRUENE_Tressel_ID1923002200_20.05.2021.csv
34,"Niemand blickt mehr durch, wo man hinfahren kann und welche Bedingungen man erfüllen muss, um ein paar Tage Urlaub in diesem Land zu machen.",Domestic Commerce,0,Domestic,Domestic,Domestic,19230_Zusatzpunkt_4_GRUENE_Tressel_ID1923002200_20.05.2021.csv
35,"Da braucht es mehr Klarheit, und es braucht auch mehr Gemeinsamkeit im Interesse der Menschen und des Reiselandes Deutschland.",Domestic Commerce,0,Domestic,Domestic,Domestic,19230_Zusatzpunkt_4_GRUENE_Tressel_ID1923002200_20.05.2021.csv
36,"Voraussetzung für Öffnungen war aus unserer Sicht immer, dass wir die Kontrolle über die Pandemie zurückerlangen.",Domestic Commerce,0,Domestic,Domestic,Domestic,19230_Zusatzpunkt_4_GRUENE_Tressel_ID1923002200_20.05.2021.csv
37,Dabei sind wir jetzt endlich auf einem guten Weg.,Domestic Commerce,0,Domestic,Domestic,Domestic,19230_Zusatzpunkt_4_GRUENE_Tressel_ID1923002200_20.05.2021.csv
38,"Deswegen braucht es da jetzt tatsächlich auch einen verlässlichen Plan, unter welchen Voraussetzungen was wie möglich sein wird.",Domestic Commerce,0,Domestic,Domestic,Domestic,19230_Zusatzpunkt_4_GRUENE_Tressel_ID1923002200_20.05.2021.csv
39,"Im letzten Jahr wäre die Zeit gewesen, diesen Plan vorzubereiten und auf den Weg zu bringen.",Domestic Commerce,0,Domestic,Domestic,Domestic,19230_Zusatzpunkt_4_GRUENE_Tressel_ID1923002200_20.05.2021.csv
40,"Dass wir und auch die Bundesregierung und die Landesregierungen es nicht getan haben, fällt uns jetzt leider auf die Füße.",Domestic Commerce,0,Domestic,Domestic,Domestic,19230_Zusatzpunkt_4_GRUENE_Tressel_ID1923002200_20.05.2021.csv
41,"Liebe Kolleginnen und Kollegen, die Krise hat die Tourismuswirtschaft hart getroffen.",Domestic Commerce,0,Domestic,Domestic,Domestic,19230_Zusatzpunkt_4_GRUENE_Tressel_ID1923002200_20.05.2021.csv
42,Deswegen müssen wir die Chance für einen Neustart konsequent nutzen.,Domestic Commerce,0,Domestic,Domestic,Domestic,19230_Zusatzpunkt_4_GRUENE_Tressel_ID1923002200_20.05.2021.csv
43,"Vielleicht haben wir jetzt quasi im Neustart auch die Möglichkeit, die Branche, die Regionen resilienter gegen derartige Krisen zu machen.",Domestic Commerce,0,Domestic,Domestic,Domestic,19230_Zusatzpunkt_4_GRUENE_Tressel_ID1923002200_20.05.2021.csv
44,"Nachhaltigkeit, Digitalisierung, Sicherheit und nicht zuletzt der Schutz von Unternehmen und Arbeitsplätzen im Tourismus müssen jetzt auf nationaler und auch auf europäischer Ebene auf die Agenda.",Domestic Commerce,0,Domestic,Domestic,Domestic,19230_Zusatzpunkt_4_GRUENE_Tressel_ID1923002200_20.05.2021.csv
45,Die EU plant eine Europäische Tourismusagenda 2050.,Domestic Commerce,0,Domestic,Domestic,Domestic,19230_Zusatzpunkt_4_GRUENE_Tressel_ID1923002200_20.05.2021.csv
46,Das ist ein Anfang.,Domestic Commerce,0,Domestic,Domestic,Domestic,19230_Zusatzpunkt_4_GRUENE_Tressel_ID1923002200_20.05.2021.csv
47,"Aber wenn ich mir den langen Zeitraum ansehe, dann ist mir der, offen gestanden, zu lang.",Domestic Commerce,0,Domestic,Domestic,Domestic,19230_Zusatzpunkt_4_GRUENE_Tressel_ID1923002200_20.05.2021.csv
48,Die Förderpolitik wird eine entscheidende Rolle spielen.,Domestic Commerce,0,Domestic,Domestic,Domestic,19230_Zusatzpunkt_4_GRUENE_Tressel_ID1923002200_20.05.2021.csv
49,"Wir müssen jetzt gemeinsam dafür sorgen, dass, wie angekündigt, EU-Mittel tatsächlich in die Neuaufstellung unserer Tourismusdestinationen fließen.",Domestic Commerce,0,Domestic,Domestic,Domestic,19230_Zusatzpunkt_4_GRUENE_Tressel_ID1923002200_20.05.2021.csv
50,"Liebe Kolleginnen und Kollegen, wenn wir Strukturen erhalten und vor allem nicht eine ganze Generation von jungen, gut ausgebildeten Touristikern verlieren wollen, dann brauchen wir gerade jetzt kein Durcheinander, sondern ein koordiniertes Vorgehen.",Domestic Commerce,0,Domestic,Domestic,Domestic,19230_Zusatzpunkt_4_GRUENE_Tressel_ID1923002200_20.05.2021.csv
51,"Wir müssen der Tourismuswirtschaft helfen, diese Krise zu überwinden, auch weil wir damit Existenzen sichern und Regionen attraktiv halten, und wir müssen dafür sorgen, dass wir Chancen nutzen, die sich jetzt aus dieser Krise ergeben.",Domestic Commerce,0,Domestic,Domestic,Domestic,19230_Zusatzpunkt_4_GRUENE_Tressel_ID1923002200_20.05.2021.csv
52,Herzlichen Dank.,*,0,Domestic,Domestic,Domestic,19230_Zusatzpunkt_4_GRUENE_Tressel_ID1923002200_20.05.2021.csv
53,"Vielen Dank, Markus Tressel. – Guten Morgen, liebe Kolleginnen und Kollegen!",*,0,Domestic,Domestic,Domestic,19230_Zusatzpunkt_4_GRUENE_Tressel_ID1923002200_20.05.2021.csv
54,Geht es Ihnen gut?,*,0,Domestic,Domestic,Domestic,19230_Zusatzpunkt_4_GRUENE_Tressel_ID1923002200_20.05.2021.csv
55,– Dann ist es recht.,*,0,Domestic,Domestic,Domestic,19230_Zusatzpunkt_4_GRUENE_Tressel_ID1923002200_20.05.2021.csv
56,Nächster Redner: für die Bundesregierung der Parlamentarische Staatssekretär Thomas Bareiß.,*,0,Domestic,Domestic,Domestic,19230_Zusatzpunkt_4_GRUENE_Tressel_ID1923002200_20.05.2021.csv
