,text,label_gold,segment_id,label_bert,label_parlbert,label_svm,speech_id
0,Sehr geehrter Herr Präsident!,*,0,Domestic,Domestic,Domestic,19230_Zusatzpunkt_4_CDU_CSU_Lehrieder_ID1923001800_20.05.2021.csv
1,Liebe Kolleginnen!,*,0,Domestic,Domestic,Domestic,19230_Zusatzpunkt_4_CDU_CSU_Lehrieder_ID1923001800_20.05.2021.csv
2,Liebe Kollegen!,*,0,Domestic,Domestic,Domestic,19230_Zusatzpunkt_4_CDU_CSU_Lehrieder_ID1923001800_20.05.2021.csv
3,Ich darf mit einem Lob an die FDP anfangen.,Domestic Commerce,0,Domestic,Domestic,Domestic,19230_Zusatzpunkt_4_CDU_CSU_Lehrieder_ID1923001800_20.05.2021.csv
4,"Sehr geehrter Kollege Klinge, herzlichen Dank, dass Sie mit der Aufsetzung dieses Tagesordnungspunktes ermöglicht haben, in der Kernzeitdebatte auf die Wichtigkeit des Tourismus hinzuweisen.",Domestic Commerce,0,Domestic,Domestic,Domestic,19230_Zusatzpunkt_4_CDU_CSU_Lehrieder_ID1923001800_20.05.2021.csv
5,"Dafür kann ich Danke sagen, aber damit hört es auch schon wieder auf.",Domestic Commerce,0,Domestic,Domestic,Domestic,19230_Zusatzpunkt_4_CDU_CSU_Lehrieder_ID1923001800_20.05.2021.csv
6,"Sehr geehrte Damen und Herren, ich freue mich sehr über die Gelegenheit, heute über die Situation der deutschen Tourismuswirtschaft sprechen zu können.",Domestic Commerce,0,Domestic,Domestic,Domestic,19230_Zusatzpunkt_4_CDU_CSU_Lehrieder_ID1923001800_20.05.2021.csv
7,"Nach vielen Monaten Durststrecke mit Betriebsschließungen, ‑einschränkungen und Reisebeschränkungen geht es endlich wieder aufwärts mit der Branche, einer Branche mit immerhin etwa 3 Millionen Beschäftigten.",Domestic Commerce,0,Domestic,Domestic,Domestic,19230_Zusatzpunkt_4_CDU_CSU_Lehrieder_ID1923001800_20.05.2021.csv
8,"Wir sehen starke Zuwächse bei den Buchungen von Auslandsreisen, jetzt, wo wir die Quarantäneauflagen dafür faktisch fast abgeschafft und durch eine Testpflicht ersetzt haben.",Domestic Commerce,0,Domestic,Domestic,Domestic,19230_Zusatzpunkt_4_CDU_CSU_Lehrieder_ID1923001800_20.05.2021.csv
9,"Dadurch, dass bei Reiserückkehrern die Quarantäne entfällt und sie durch eine Testpflicht ersetzt worden ist, wird den Menschen wieder ermöglicht, zu reisen.",Domestic Commerce,0,Domestic,Domestic,Domestic,19230_Zusatzpunkt_4_CDU_CSU_Lehrieder_ID1923001800_20.05.2021.csv
10,Auch in Deutschland lassen die rückläufigen Infektionszahlen immer mehr Öffnungen zu.,Domestic Commerce,0,Domestic,Domestic,Domestic,19230_Zusatzpunkt_4_CDU_CSU_Lehrieder_ID1923001800_20.05.2021.csv
11,"Es ist nicht ganz so, wie Sie ausgeführt haben, Herr Kollege Klinge; denn mehr und mehr Länder öffnen.",Domestic Commerce,0,Domestic,Domestic,Domestic,19230_Zusatzpunkt_4_CDU_CSU_Lehrieder_ID1923001800_20.05.2021.csv
12,"Immer mehr Bundesländer erlauben nicht nur die Außen- und teilweise auch die Innengastronomie, sondern auch touristische Reisen und Hotelübernachtungen.",Domestic Commerce,0,Domestic,Domestic,Domestic,19230_Zusatzpunkt_4_CDU_CSU_Lehrieder_ID1923001800_20.05.2021.csv
13,"Nicht nur an der deutschen Nord- und Ostseeküste, auch im beliebtesten deutschen Urlaubsland, in Bayern, können ab morgen Hotels, Pensionen, Ferienwohnungen, Campingplätze und Jugendherbergen in Regionen mit einer stabilen Inzidenz unter 100 wieder für Touristen öffnen.",Domestic Commerce,0,Domestic,Domestic,Domestic,19230_Zusatzpunkt_4_CDU_CSU_Lehrieder_ID1923001800_20.05.2021.csv
14,"Das gilt auch für Freizeiteinrichtungen, Seilbahnen, die Fluss- und Seenschifffahrt, für den Kulturbereich und Sportveranstaltungen.",Domestic Commerce,0,Domestic,Domestic,Domestic,19230_Zusatzpunkt_4_CDU_CSU_Lehrieder_ID1923001800_20.05.2021.csv
15,"Damit ist in vielen bayerischen Regionen jetzt ein Pfingsturlaub möglich, schneller, als man das vor wenigen Wochen noch für möglich gehalten hat.",Domestic Commerce,0,Domestic,Domestic,Domestic,19230_Zusatzpunkt_4_CDU_CSU_Lehrieder_ID1923001800_20.05.2021.csv
16,"Sehr geehrter Herr Kollege Klinge, Sie haben völlig zu Recht das Modellprojekt Schleswig-Holstein angesprochen.",Domestic Commerce,0,Domestic,Domestic,Domestic,19230_Zusatzpunkt_4_CDU_CSU_Lehrieder_ID1923001800_20.05.2021.csv
17,In vielen Regionen funktioniert so etwas.,Domestic Commerce,0,Domestic,Domestic,Domestic,19230_Zusatzpunkt_4_CDU_CSU_Lehrieder_ID1923001800_20.05.2021.csv
18,"Jawohl, wir haben es in den letzten Monaten auf die Reihe bekommen, den Schutz der Bevölkerung, den Schutz von Leib und Leben unserer Mitbürgerinnen und Mitbürger einerseits und den Erhalt dieser Branche andererseits in ein ausgewogenes, gut austariertes Verhältnis zu setzen.",Domestic Commerce,0,Domestic,Domestic,Domestic,19230_Zusatzpunkt_4_CDU_CSU_Lehrieder_ID1923001800_20.05.2021.csv
19,"Für die im nächsten Monat beginnenden Sommerferien können deutsche Urlaubsgebiete auf eine gute Saison hoffen, zumal wir jetzt bei den Impfungen Riesenfortschritte machen.",Domestic Commerce,0,Domestic,Domestic,Domestic,19230_Zusatzpunkt_4_CDU_CSU_Lehrieder_ID1923001800_20.05.2021.csv
20,"Auch wenn klar ist, dass Urlaub weiterhin einigen Coronarestriktionen unterliegen wird – wir müssen immer noch vorsichtig sein: das Virus ist noch da, Herr Klinge – und es noch ein weiter Weg ist, bis wir einigermaßen zur früheren Normalität zurückfinden: Wir freuen uns über diese ermutigenden Hoffnungszeichen für die Tourismusmuswirtschaft und für den Deutschlandtourismus.",Domestic Commerce,0,Domestic,Domestic,Domestic,19230_Zusatzpunkt_4_CDU_CSU_Lehrieder_ID1923001800_20.05.2021.csv
21,"Jetzt zahlt sich aus, dass wir unserer Tourismusbranche eine massive staatliche Unterstützung gegeben haben, um die uns andere Länder in Europa und weltweit beneiden.",Domestic Commerce,0,Domestic,Domestic,Domestic,19230_Zusatzpunkt_4_CDU_CSU_Lehrieder_ID1923001800_20.05.2021.csv
22,"Ja, Herr Kollege Klinge, es ist besser, gut zu regieren als nicht zu regieren.",Domestic Commerce,0,Domestic,Domestic,Domestic,19230_Zusatzpunkt_4_CDU_CSU_Lehrieder_ID1923001800_20.05.2021.csv
23,"Wir haben das Vertrauen dieser Branche in den letzten Monaten zurückgewinnen können.
– Bitte stellen Sie eine Frage, dann habe ich etwas mehr Redezeit. – Wir als CDU/CSU-Bundestagsfraktion haben seit Beginn der Coronapandemie auf schnelle Hilfen für die Tourismusbranche gedrängt und viel erreicht.
– Ja, die SPD hat auch mitgewirkt.",Domestic Commerce,0,Domestic,Domestic,Domestic,19230_Zusatzpunkt_4_CDU_CSU_Lehrieder_ID1923001800_20.05.2021.csv
24,"Das war natürlich segensreich, Herr Kollege Rützel; das will ich nicht verhehlen.",Domestic Commerce,0,Domestic,Domestic,Domestic,19230_Zusatzpunkt_4_CDU_CSU_Lehrieder_ID1923001800_20.05.2021.csv
25,Ihr habt da nichts falsch gemacht.,Domestic Commerce,0,Domestic,Domestic,Domestic,19230_Zusatzpunkt_4_CDU_CSU_Lehrieder_ID1923001800_20.05.2021.csv
26,Ihr habt uns gut unterstützt.,Domestic Commerce,0,Domestic,Domestic,Domestic,19230_Zusatzpunkt_4_CDU_CSU_Lehrieder_ID1923001800_20.05.2021.csv
27,"Durch eine Vielzahl von branchenübergreifenden Maßnahmen wie dem erleichterten Zugang zum Kurzarbeitergeld und branchenspezifischen Regelungen etwa bei den Überbrückungshilfen haben wir dazu beigetragen, dass viele in ihrer Existenz bedrohte Unternehmen eine Überlebensperspektive bekommen haben.",Domestic Commerce,0,Domestic,Domestic,Domestic,19230_Zusatzpunkt_4_CDU_CSU_Lehrieder_ID1923001800_20.05.2021.csv
28,"Diese Unternehmen können jetzt langsam endlich wieder aus eigener Kraft ihr Einkommen erwirtschaften – etwas, was die Branche will.",Domestic Commerce,0,Domestic,Domestic,Domestic,19230_Zusatzpunkt_4_CDU_CSU_Lehrieder_ID1923001800_20.05.2021.csv
29,"Wir haben dabei immer wieder Nachbesserungen vorgenommen, uns intensiv mit Detailkritik beschäftigt und versucht, die sich bei vielen Einzelfragen ergebenden Probleme schnellstmöglich zu lösen.",Domestic Commerce,0,Domestic,Domestic,Domestic,19230_Zusatzpunkt_4_CDU_CSU_Lehrieder_ID1923001800_20.05.2021.csv
30,"Ja, hier gebührt es, auch einmal Dank zu sagen.",Domestic Commerce,0,Domestic,Domestic,Domestic,19230_Zusatzpunkt_4_CDU_CSU_Lehrieder_ID1923001800_20.05.2021.csv
31,"Vor allem unserem Wirtschaftsminister Peter Altmaier und dem Tourismusbeauftragten der Bundesregierung, Thomas Bareiß, herzlichen Dank für die Unterstützung und ihr offenes Ohr.",Domestic Commerce,0,Domestic,Domestic,Domestic,19230_Zusatzpunkt_4_CDU_CSU_Lehrieder_ID1923001800_20.05.2021.csv
32,Sie haben in direktem Kontakt mit der Branche gestanden und haben einiges an Verbesserungen erreicht.,Domestic Commerce,0,Domestic,Domestic,Domestic,19230_Zusatzpunkt_4_CDU_CSU_Lehrieder_ID1923001800_20.05.2021.csv
33,Ich denke beispielsweise an die Förderfähigkeit von Provisionen für Reisebüros oder von Gewinnmargen für die Reiseveranstalter bei der Überbrückungshilfe I.,Domestic Commerce,0,Domestic,Domestic,Domestic,19230_Zusatzpunkt_4_CDU_CSU_Lehrieder_ID1923001800_20.05.2021.csv
34,Wir haben für die Branche passgenaue Lösungen gemeinsam mit dem Wirtschaftsministerium gefunden.,Domestic Commerce,0,Domestic,Domestic,Domestic,19230_Zusatzpunkt_4_CDU_CSU_Lehrieder_ID1923001800_20.05.2021.csv
35,Dafür ein herzliches Wort des Dankes!,Domestic Commerce,0,Domestic,Domestic,Domestic,19230_Zusatzpunkt_4_CDU_CSU_Lehrieder_ID1923001800_20.05.2021.csv
36,"Thomas Bareiß wird gleich wahrscheinlich noch einiges ergänzen können und aktuelle Zahlen nennen, wie und in welchem enormen Umfang die Bundesregierung und allen voran das Wirtschaftsministerium die von der Coronakrise massiv getroffene Tourismuswirtschaft unterstützt hat.",Domestic Commerce,0,Domestic,Domestic,Domestic,19230_Zusatzpunkt_4_CDU_CSU_Lehrieder_ID1923001800_20.05.2021.csv
37,"Die Branche hat sich nicht nur mit umfassenden Hygienekonzepten vorbildlich auf die neue Situation eingestellt, sondern die Zeit vielfach auch für Investitionen und Fortbildungen ihrer Mitarbeiter genutzt.",Domestic Commerce,0,Domestic,Domestic,Domestic,19230_Zusatzpunkt_4_CDU_CSU_Lehrieder_ID1923001800_20.05.2021.csv
38,"Ich bin mir sicher, dass wir in einigen Bereichen sogar gestärkt aus dieser Krise hervorgehen können: Erstens gehe ich davon aus, dass Deutschland weltweit weiterhin und sogar zunehmend als besonders sicheres Reiseziel angesehen wird und wir von einem wieder anlaufenden internationalen Reiseverkehr profitieren können, Stichwort „Incoming-Tourismus“.",Domestic Commerce,0,Domestic,Domestic,Domestic,19230_Zusatzpunkt_4_CDU_CSU_Lehrieder_ID1923001800_20.05.2021.csv
39,"Zweitens hat sich gezeigt, welche Vorteile organisierte Reisen in Krisenfällen bieten.",Domestic Commerce,0,Domestic,Domestic,Domestic,19230_Zusatzpunkt_4_CDU_CSU_Lehrieder_ID1923001800_20.05.2021.csv
40,Da sind wir mit unseren Reisebüros und vielfältigen Reiseveranstaltern in Deutschland hervorragend aufgestellt und sogar weltweit führend.,Domestic Commerce,0,Domestic,Domestic,Domestic,19230_Zusatzpunkt_4_CDU_CSU_Lehrieder_ID1923001800_20.05.2021.csv
41,"Drittens werden durch Auslandsreisen viele Arbeitsplätze auch bei uns gesichert bzw. geschaffen, auch bei Verkehrsunternehmen.",Domestic Commerce,0,Domestic,Domestic,Domestic,19230_Zusatzpunkt_4_CDU_CSU_Lehrieder_ID1923001800_20.05.2021.csv
42,"Und ja, ich werde nicht müde, darauf hinzuweisen, dass auch der entwicklungspolitische Aspekt von touristischen Reisen gerade in Entwicklungs- und Schwellenländern ganz wichtig ist.",Domestic Commerce,0,Domestic,Domestic,Domestic,19230_Zusatzpunkt_4_CDU_CSU_Lehrieder_ID1923001800_20.05.2021.csv
43,"In diesen Ländern, in denen es kein Kurzarbeitergeld, in denen es keine staatliche Unterstützung gibt, leben viele Menschen mit ihren Familien vom Tourismus.",Domestic Commerce,0,Domestic,Domestic,Domestic,19230_Zusatzpunkt_4_CDU_CSU_Lehrieder_ID1923001800_20.05.2021.csv
44,"Ich hoffe, dass es uns gelingt, den weltweiten Tourismus wieder auf die Beine zu bekommen.",Domestic Commerce,0,Domestic,Domestic,Domestic,19230_Zusatzpunkt_4_CDU_CSU_Lehrieder_ID1923001800_20.05.2021.csv
45,"Das wird aber nur klappen – das werden die Gesundheitspolitiker bestätigen –, wenn es uns gelingt, das Coronavirus weltweit in den Griff zu bekommen.",Domestic Commerce,0,Domestic,Domestic,Domestic,19230_Zusatzpunkt_4_CDU_CSU_Lehrieder_ID1923001800_20.05.2021.csv
46,Da haben wir noch einen langen Weg vor uns.,Domestic Commerce,0,Domestic,Domestic,Domestic,19230_Zusatzpunkt_4_CDU_CSU_Lehrieder_ID1923001800_20.05.2021.csv
47,"Wir haben, wie schon gesagt, noch viel zu tun.",Domestic Commerce,0,Domestic,Domestic,Domestic,19230_Zusatzpunkt_4_CDU_CSU_Lehrieder_ID1923001800_20.05.2021.csv
48,"Ein Dank nochmals an die FDP, dass sie diesen Punkt aufgesetzt hat.",Domestic Commerce,0,Domestic,Domestic,Domestic,19230_Zusatzpunkt_4_CDU_CSU_Lehrieder_ID1923001800_20.05.2021.csv
49,Gottes Segen!,*,0,Domestic,Domestic,Domestic,19230_Zusatzpunkt_4_CDU_CSU_Lehrieder_ID1923001800_20.05.2021.csv
50,Herzlichen Dank.,*,0,Domestic,Domestic,Domestic,19230_Zusatzpunkt_4_CDU_CSU_Lehrieder_ID1923001800_20.05.2021.csv
51,"Sebastian Münzenmaier, AfD, ist der nächste Redner.",*,0,Domestic,Domestic,Domestic,19230_Zusatzpunkt_4_CDU_CSU_Lehrieder_ID1923001800_20.05.2021.csv
