,text,label_gold,segment_id,label_bert,label_parlbert,label_svm,speech_id
0,Frau Präsidentin!,*,0,Government,Social,Law,19234_Tagesordnungspunkt_43_CDU_CSU_Hirte_ID1923405000_11.06.2021.csv
1,Liebe Kolleginnen und Kollegen!,*,0,Government,Social,Law,19234_Tagesordnungspunkt_43_CDU_CSU_Hirte_ID1923405000_11.06.2021.csv
2,"#stayonboard, bleib dabei, in Führungsposition mit Familie.",Civil Rights,0,Government,Social,Law,19234_Tagesordnungspunkt_43_CDU_CSU_Hirte_ID1923405000_11.06.2021.csv
3,"Das ist der zentrale Punkt, den wir auch in dem Gesetzgebungsverfahren geändert haben und wo wir ein bisschen, so hatte ich das Gefühl, die beiden Ministerinnen zum Jagen tragen mussten.",Civil Rights,0,Government,Social,Law,19234_Tagesordnungspunkt_43_CDU_CSU_Hirte_ID1923405000_11.06.2021.csv
4,Worum ging es?,Civil Rights,0,Government,Social,Law,19234_Tagesordnungspunkt_43_CDU_CSU_Hirte_ID1923405000_11.06.2021.csv
5,Oder worum geht es?,Civil Rights,0,Government,Social,Law,19234_Tagesordnungspunkt_43_CDU_CSU_Hirte_ID1923405000_11.06.2021.csv
6,"Drei Punkte möchte ich hervorheben – Nadine Schön hat es eben schon angesprochen –:
Der erste Punkt.",Civil Rights,0,Government,Social,Law,19234_Tagesordnungspunkt_43_CDU_CSU_Hirte_ID1923405000_11.06.2021.csv
7,"Vorstände sind keine Arbeitnehmer, und deshalb mussten wir den Mutterschutz auf Vorstände erstrecken.",Civil Rights,0,Government,Social,Law,19234_Tagesordnungspunkt_43_CDU_CSU_Hirte_ID1923405000_11.06.2021.csv
8,Hier gibt es jetzt einen gesetzlichen Anspruch.,Civil Rights,0,Government,Social,Law,19234_Tagesordnungspunkt_43_CDU_CSU_Hirte_ID1923405000_11.06.2021.csv
9,Der zweite Punkt.,Civil Rights,0,Government,Social,Law,19234_Tagesordnungspunkt_43_CDU_CSU_Hirte_ID1923405000_11.06.2021.csv
10,"Es geht um Familie, es geht um die typischen Lebenssituationen in der Familie: Schwangerschaft, Geburt, Pflegebedürftigkeit, Krankheit.",Civil Rights,0,Government,Social,Law,19234_Tagesordnungspunkt_43_CDU_CSU_Hirte_ID1923405000_11.06.2021.csv
11,"Für diese Zeiten führen wir einen Anspruch ein, der nur noch durch wichtige Unternehmensgründe in den ersten drei Monaten infrage gestellt werden kann – ein riesiger Schritt nach vorne.",Civil Rights,0,Government,Social,Law,19234_Tagesordnungspunkt_43_CDU_CSU_Hirte_ID1923405000_11.06.2021.csv
12,"Und für bis zu zwölf Monate führen wir eine Ermessenslösung ein, bei der gesagt werden kann: Auch da kann noch etwas für die Kompatibilität von Familie und Beruf getan werden.",Civil Rights,0,Government,Social,Law,19234_Tagesordnungspunkt_43_CDU_CSU_Hirte_ID1923405000_11.06.2021.csv
13,"Wir gehen hier einen ganz großen Schritt
Ich möchte Verena Pausder, die oben auf der Tribüne sitzt und die auch ich begrüßen möchte, herzlich dafür danken, dass sie diese Initiative öffentlich groß unterstützt hat.",Civil Rights,0,Government,Social,Law,19234_Tagesordnungspunkt_43_CDU_CSU_Hirte_ID1923405000_11.06.2021.csv
14,"Denn ich glaube, sonst hätten wir die breite Unterstützung des Hauses in diesem Punkte nicht gehabt.",Civil Rights,1,Government,Government,Civil,19234_Tagesordnungspunkt_43_CDU_CSU_Hirte_ID1923405000_11.06.2021.csv
15,Herzlichen Dank!,Civil Rights,1,Government,Government,Civil,19234_Tagesordnungspunkt_43_CDU_CSU_Hirte_ID1923405000_11.06.2021.csv
16,Natürlich geht auch mein Dank an die Ministerinnen; denn die gesetzestechnische Umsetzung auch dieses Ergänzungspunktes war nicht ganz einfach. – Alles Gute für die Zukunft auch bei dieser Gelegenheit!,Civil Rights,1,Government,Government,Civil,19234_Tagesordnungspunkt_43_CDU_CSU_Hirte_ID1923405000_11.06.2021.csv
17,"Lassen Sie mich drei Punkte nennen:
Der erste Punkt.",Civil Rights,2,Domestic,Domestic,Government,19234_Tagesordnungspunkt_43_CDU_CSU_Hirte_ID1923405000_11.06.2021.csv
18,"Es ist von vielen Praktikern aus dem Bereich der Unternehmensberatung gesagt worden: Das braucht es alles nicht; das kann man vertraglich regeln. – Aber es ist natürlich ein Unterschied, ob man eine gesetzliche Regelung hat, von der man ausgeht und die man dann modifiziert – auch für die durchaus regelungsnotwendigen Fälle, wo man sagt, man bleibt vielleicht teilweise dem Unternehmen erhalten –, oder ob man die Regelung erst erkämpfen muss.",Civil Rights,2,Domestic,Domestic,Government,19234_Tagesordnungspunkt_43_CDU_CSU_Hirte_ID1923405000_11.06.2021.csv
19,Der zweite Punkt.,Civil Rights,2,Domestic,Domestic,Government,19234_Tagesordnungspunkt_43_CDU_CSU_Hirte_ID1923405000_11.06.2021.csv
20,Wir haben auch über die Frage nachgedacht: Braucht man eine solche Regelung auch für Aufsichtsräte?,Civil Rights,2,Domestic,Domestic,Government,19234_Tagesordnungspunkt_43_CDU_CSU_Hirte_ID1923405000_11.06.2021.csv
21,"– Da haben wir gesagt: Nein, das braucht man nicht, weil Aktivitäten in Aufsichtsräten typischerweise Nebentätigkeiten sind.",Civil Rights,2,Domestic,Domestic,Government,19234_Tagesordnungspunkt_43_CDU_CSU_Hirte_ID1923405000_11.06.2021.csv
22,"Der dritte Punkt, über den wir nachgedacht haben, ist: Könnte man nicht eine Regelung des Ruhens einführen?",Civil Rights,2,Domestic,Domestic,Government,19234_Tagesordnungspunkt_43_CDU_CSU_Hirte_ID1923405000_11.06.2021.csv
23,"– Da haben die Gesellschaftsrechtler aus dem Hause auch mich am Ende überzeugt: Wir sollten in der Systematik, die wir haben, bleiben: Widerruf der Bestellung und Neubestellung.",Civil Rights,2,Domestic,Domestic,Government,19234_Tagesordnungspunkt_43_CDU_CSU_Hirte_ID1923405000_11.06.2021.csv
24,"Das ist das, was wir gemacht haben: Ein gutes Gesetz!",Civil Rights,2,Domestic,Domestic,Government,19234_Tagesordnungspunkt_43_CDU_CSU_Hirte_ID1923405000_11.06.2021.csv
25,Und dafür bitte ich um Zustimmung.,Civil Rights,2,Domestic,Domestic,Government,19234_Tagesordnungspunkt_43_CDU_CSU_Hirte_ID1923405000_11.06.2021.csv
26,Herzlichen Dank.,*,2,Domestic,Domestic,Government,19234_Tagesordnungspunkt_43_CDU_CSU_Hirte_ID1923405000_11.06.2021.csv
27,Vielen Dank. – Zum Abschluss der Debatte hören wir Dr.,*,2,Domestic,Domestic,Government,19234_Tagesordnungspunkt_43_CDU_CSU_Hirte_ID1923405000_11.06.2021.csv
28,Silke Launert von der CDU/CSU-Fraktion.,*,2,Domestic,Domestic,Government,19234_Tagesordnungspunkt_43_CDU_CSU_Hirte_ID1923405000_11.06.2021.csv
