,text,label_gold,segment_id,label_bert,label_parlbert,label_svm,speech_id
0,Sehr geehrter Herr Präsident!,*,0,Domestic,Domestic,Domestic,19230_Zusatzpunkt_4_SPD_Hiller-Ohm_ID1923002000_20.05.2021.csv
1,Meine Damen und Herren!,*,0,Domestic,Domestic,Domestic,19230_Zusatzpunkt_4_SPD_Hiller-Ohm_ID1923002000_20.05.2021.csv
2,Liebe Kolleginnen und Kollegen!,*,0,Domestic,Domestic,Domestic,19230_Zusatzpunkt_4_SPD_Hiller-Ohm_ID1923002000_20.05.2021.csv
3,Lieber Marcel Klinge!,*,0,Domestic,Domestic,Domestic,19230_Zusatzpunkt_4_SPD_Hiller-Ohm_ID1923002000_20.05.2021.csv
4,"Als tourismuspolitische Sprecherin der SPD-Fraktion freue ich mich, dass wir heute, kurz vor Ende der Sitzungswochen, noch einmal Gelegenheit haben, hier im Bundestag über Tourismus und Tourismuspolitik zu debattieren.",Domestic Commerce,0,Domestic,Domestic,Domestic,19230_Zusatzpunkt_4_SPD_Hiller-Ohm_ID1923002000_20.05.2021.csv
5,Dies war und ist durch den vorliegenden FDP-Antrag möglich.,Domestic Commerce,0,Domestic,Domestic,Domestic,19230_Zusatzpunkt_4_SPD_Hiller-Ohm_ID1923002000_20.05.2021.csv
6,Die FDP fordert einen bundesweit einheitlichen Neustart für die Tourismus- und Reisebranche.,Domestic Commerce,0,Domestic,Domestic,Domestic,19230_Zusatzpunkt_4_SPD_Hiller-Ohm_ID1923002000_20.05.2021.csv
7,"Liebe Kolleginnen und Kollegen, ich frage: Passt dieser Antrag aber auch in diese exponierte Debattenzeit?",Domestic Commerce,0,Domestic,Domestic,Domestic,19230_Zusatzpunkt_4_SPD_Hiller-Ohm_ID1923002000_20.05.2021.csv
8,Ich sage: Nein.,Domestic Commerce,0,Domestic,Domestic,Domestic,19230_Zusatzpunkt_4_SPD_Hiller-Ohm_ID1923002000_20.05.2021.csv
9,"Denn der Antrag kommt erstens zu spät, er ist zweitens überflüssig, und er ist drittens auch noch unglaubwürdig.",Domestic Commerce,0,Domestic,Domestic,Domestic,19230_Zusatzpunkt_4_SPD_Hiller-Ohm_ID1923002000_20.05.2021.csv
10,Erstens.,Domestic Commerce,0,Domestic,Domestic,Domestic,19230_Zusatzpunkt_4_SPD_Hiller-Ohm_ID1923002000_20.05.2021.csv
11,Der Antrag kommt zu spät.,Domestic Commerce,0,Domestic,Domestic,Domestic,19230_Zusatzpunkt_4_SPD_Hiller-Ohm_ID1923002000_20.05.2021.csv
12,Der Tourismus nimmt ja – wohlgemerkt: ohne den FDP-Antrag – bereits wieder Fahrt auf.,Domestic Commerce,0,Domestic,Domestic,Domestic,19230_Zusatzpunkt_4_SPD_Hiller-Ohm_ID1923002000_20.05.2021.csv
13,Die Infektionszahlen gehen bundesweit zurück.,Domestic Commerce,0,Domestic,Domestic,Domestic,19230_Zusatzpunkt_4_SPD_Hiller-Ohm_ID1923002000_20.05.2021.csv
14,"Das, liebe Kolleginnen und Kollegen, haben wir aber mitnichten der FDP und schon gar nicht der AfD zu verdanken.",Domestic Commerce,0,Domestic,Domestic,Domestic,19230_Zusatzpunkt_4_SPD_Hiller-Ohm_ID1923002000_20.05.2021.csv
15,"Nein, ganz im Gegenteil.",Domestic Commerce,0,Domestic,Domestic,Domestic,19230_Zusatzpunkt_4_SPD_Hiller-Ohm_ID1923002000_20.05.2021.csv
16,"Ginge es nach der FDP, dann hätten Hotels und Gaststätten und auch sämtliche Fitnessstudios in Deutschland unabhängig von hohen Inzidenzen geöffnet.",Domestic Commerce,0,Domestic,Domestic,Domestic,19230_Zusatzpunkt_4_SPD_Hiller-Ohm_ID1923002000_20.05.2021.csv
17,"Nein, liebe Kolleginnen und Kollegen, es waren Impfungen, Tests, Hygieneregeln, die beschlossene Bundesnotbremse und eine starke solidarische Disziplin unzähliger Menschen, die die dritte Coronawelle gebrochen haben.",Health,0,Domestic,Domestic,Domestic,19230_Zusatzpunkt_4_SPD_Hiller-Ohm_ID1923002000_20.05.2021.csv
18,Dafür sage ich Danke!,Health,0,Domestic,Domestic,Domestic,19230_Zusatzpunkt_4_SPD_Hiller-Ohm_ID1923002000_20.05.2021.csv
19,In fast allen Bundesländern konnten und können so und nur deshalb Beschränkungen wieder zurückgenommen werden.,Health,0,Domestic,Domestic,Domestic,19230_Zusatzpunkt_4_SPD_Hiller-Ohm_ID1923002000_20.05.2021.csv
20,"Liebe Kolleginnen und Kollegen, es zeigt sich wieder einmal: Es geht der FDP keineswegs um das Wohl unserer gesamten Gesellschaft.",Health,0,Domestic,Domestic,Domestic,19230_Zusatzpunkt_4_SPD_Hiller-Ohm_ID1923002000_20.05.2021.csv
21,"Nein, sie macht glasklare Klientelpolitik und springt stets nur nach der Wurst, die ihr die Wirtschaft vor die Nase hält.",Health,0,Domestic,Domestic,Domestic,19230_Zusatzpunkt_4_SPD_Hiller-Ohm_ID1923002000_20.05.2021.csv
22,Zweitens.,Domestic Commerce,0,Domestic,Domestic,Domestic,19230_Zusatzpunkt_4_SPD_Hiller-Ohm_ID1923002000_20.05.2021.csv
23,Der Antrag ist überflüssig.,Domestic Commerce,0,Domestic,Domestic,Domestic,19230_Zusatzpunkt_4_SPD_Hiller-Ohm_ID1923002000_20.05.2021.csv
24,Es gibt ja bereits seit Monaten einen Öffnungsplan für die Wirtschaft.,Domestic Commerce,0,Domestic,Domestic,Domestic,19230_Zusatzpunkt_4_SPD_Hiller-Ohm_ID1923002000_20.05.2021.csv
25,"Seit März haben wir den Fünf-Stufen-Plan, der Öffnungsschritte für alle Bundesländer vorsieht.",Domestic Commerce,0,Domestic,Domestic,Domestic,19230_Zusatzpunkt_4_SPD_Hiller-Ohm_ID1923002000_20.05.2021.csv
26,"Um es für Sie, liebe Kolleginnen und Kollegen der FDP, noch einmal auf den Punkt zu bringen: Ab einem Inzidenzwert von 100 greift die Bundesnotbremse.",Domestic Commerce,0,Domestic,Domestic,Domestic,19230_Zusatzpunkt_4_SPD_Hiller-Ohm_ID1923002000_20.05.2021.csv
27,Bei Inzidenzen zwischen 50 und 100 können die Bundesländer öffnen.,Domestic Commerce,0,Domestic,Domestic,Domestic,19230_Zusatzpunkt_4_SPD_Hiller-Ohm_ID1923002000_20.05.2021.csv
28,Auch die Gastronomie kann dann draußen wieder Tische aufstellen und Gäste empfangen.,Domestic Commerce,0,Domestic,Domestic,Domestic,19230_Zusatzpunkt_4_SPD_Hiller-Ohm_ID1923002000_20.05.2021.csv
29,Ab Inzidenzen unter 50 sind Freizeitveranstaltungen im Außenbereich möglich und weitere Lockerungen im Gastgewerbe.,Domestic Commerce,0,Domestic,Domestic,Domestic,19230_Zusatzpunkt_4_SPD_Hiller-Ohm_ID1923002000_20.05.2021.csv
30,Seit April gibt es zudem die ersten Modellregionen.,Domestic Commerce,0,Domestic,Domestic,Domestic,19230_Zusatzpunkt_4_SPD_Hiller-Ohm_ID1923002000_20.05.2021.csv
31,"In Regionen mit niedrigen Inzidenzen können unter Hygieneauflagen und mit wissenschaftlicher Begleitung Öffnungen vorgenommen werden. – Ich fasse zusammen: Sie fordern bundesweit harmonisierte Regeln – haben wir –, bei In- und Auslandsreisen zu testen – machen wir –, transparente Kommunikation – geschieht bereits.",Domestic Commerce,0,Domestic,Domestic,Domestic,19230_Zusatzpunkt_4_SPD_Hiller-Ohm_ID1923002000_20.05.2021.csv
32,Schauen Sie zum Beispiel einmal im Tourismus-Wegweiser nach.,Domestic Commerce,0,Domestic,Domestic,Domestic,19230_Zusatzpunkt_4_SPD_Hiller-Ohm_ID1923002000_20.05.2021.csv
33,Ich komme zum dritten Punkt.,Domestic Commerce,0,Domestic,Domestic,Domestic,19230_Zusatzpunkt_4_SPD_Hiller-Ohm_ID1923002000_20.05.2021.csv
34,Der FDP-Antrag ist nicht nur überholt und überflüssig; er ist darüber hinaus hochgradig unglaubwürdig.,Domestic Commerce,0,Domestic,Domestic,Domestic,19230_Zusatzpunkt_4_SPD_Hiller-Ohm_ID1923002000_20.05.2021.csv
35,"Heute fordern Sie, liebe Kolleginnen und Kollegen der FDP, bundeseinheitliche Standards.",Domestic Commerce,0,Domestic,Domestic,Domestic,19230_Zusatzpunkt_4_SPD_Hiller-Ohm_ID1923002000_20.05.2021.csv
36,Da staune ich aber; denn gerade noch haben Sie ein bundeseinheitliches Vorgehen abgelehnt.,Health,0,Domestic,Domestic,Domestic,19230_Zusatzpunkt_4_SPD_Hiller-Ohm_ID1923002000_20.05.2021.csv
37,"Die Bundesnotbremse, mit der bundeseinheitlich geregelt wird, was in der Coronapandemie geschieht, wenn die Infektionszahlen über 100 klettern, haben Sie abgelehnt.",Health,0,Domestic,Domestic,Domestic,19230_Zusatzpunkt_4_SPD_Hiller-Ohm_ID1923002000_20.05.2021.csv
38,"Und nicht nur das, Sie klagen sogar dagegen.",Health,0,Domestic,Domestic,Domestic,19230_Zusatzpunkt_4_SPD_Hiller-Ohm_ID1923002000_20.05.2021.csv
39,Ihre Argumentation vor dem Bundesverfassungsgericht: Mit der Bundesnotbremse werde nicht genügend auf die regionalen Gegebenheiten vor Ort eingegangen.,Health,0,Domestic,Domestic,Domestic,19230_Zusatzpunkt_4_SPD_Hiller-Ohm_ID1923002000_20.05.2021.csv
40,"Na, prima!",Health,0,Domestic,Domestic,Domestic,19230_Zusatzpunkt_4_SPD_Hiller-Ohm_ID1923002000_20.05.2021.csv
41,"Sie schnappen nach der Wurst, egal aus welcher Richtung sie kommt.",Health,0,Domestic,Domestic,Domestic,19230_Zusatzpunkt_4_SPD_Hiller-Ohm_ID1923002000_20.05.2021.csv
42,"So, Ihr Lieben, da dies voraussichtlich meine letzte Rede als tourismuspolitische Sprecherin ist – ich trete ja nicht wieder an –, halte ich mich mit meiner Kritik zurück und bedanke mich stattdessen bei Ihnen, liebe Kolleginnen und Kollegen, für die jahrelange kollegiale Zusammenarbeit im Tourismusausschuss.",*,0,Domestic,Domestic,Domestic,19230_Zusatzpunkt_4_SPD_Hiller-Ohm_ID1923002000_20.05.2021.csv
43,"Mein herzlicher Dank geht ebenso an das Team im Wirtschaftsministerium, an das Ausschusssekretariat und an alle Mitarbeiterinnen und Mitarbeiter in den Fraktions- und Abgeordnetenbüros und an alle, die ich jetzt nicht aufgezählt habe, die aber auch einen Dank verdient hätten.",*,0,Domestic,Domestic,Domestic,19230_Zusatzpunkt_4_SPD_Hiller-Ohm_ID1923002000_20.05.2021.csv
44,Ich sage Danke für diese tolle Zeit!,*,1,Government,Government,Government,19230_Zusatzpunkt_4_SPD_Hiller-Ohm_ID1923002000_20.05.2021.csv
45,Danke.,*,1,Government,Government,Government,19230_Zusatzpunkt_4_SPD_Hiller-Ohm_ID1923002000_20.05.2021.csv
46,"Frau Kollegin Hiller-Ohm, ich finde es zwar ein bisschen voreilig, jetzt schon zu sagen, dass man in der verbleibenden Zeit – der Bundestag wird noch bis Ende Oktober im Amt sein – keine Rede mehr halten wird.",*,1,Government,Government,Government,19230_Zusatzpunkt_4_SPD_Hiller-Ohm_ID1923002000_20.05.2021.csv
47,"Ja, der Bundestag endet mit dem Zusammentritt des neu zu wählenden Bundestages.",*,1,Government,Government,Government,19230_Zusatzpunkt_4_SPD_Hiller-Ohm_ID1923002000_20.05.2021.csv
48,"Und ob Sie bis dahin nicht noch mal reden, wissen wir nicht.",*,1,Government,Government,Government,19230_Zusatzpunkt_4_SPD_Hiller-Ohm_ID1923002000_20.05.2021.csv
49,"Es wäre ja schade, wenn wir Ihre Stimme nicht mehr hören würden.",*,1,Government,Government,Government,19230_Zusatzpunkt_4_SPD_Hiller-Ohm_ID1923002000_20.05.2021.csv
50,"Aber für den Fall, dass es so ist, möchte ich Ihnen für Ihre Arbeit im Rahmen Ihres Mandats in dieser Zeit herzlich danken und Ihnen im Namen des ganzen Hauses alles Gute für Ihre weitere Zukunft wünschen.",*,1,Government,Government,Government,19230_Zusatzpunkt_4_SPD_Hiller-Ohm_ID1923002000_20.05.2021.csv
51,"Jetzt erteile ich das Wort der Kollegin Kerstin Kassner, Die Linke.",*,1,Government,Government,Government,19230_Zusatzpunkt_4_SPD_Hiller-Ohm_ID1923002000_20.05.2021.csv
