,text,label_gold,segment_id,label_bert,label_parlbert,label_svm,speech_id
0,Sehr geehrter Herr Präsident!,*,0,Domestic,Domestic,Domestic,19230_Zusatzpunkt_4_LINKE_Kassner_ID1923002100_20.05.2021.csv
1,Liebe Kolleginnen und Kollegen!,*,0,Domestic,Domestic,Domestic,19230_Zusatzpunkt_4_LINKE_Kassner_ID1923002100_20.05.2021.csv
2,Liebe Reisewillige draußen an den Bildschirmen!,Domestic Commerce,0,Domestic,Domestic,Domestic,19230_Zusatzpunkt_4_LINKE_Kassner_ID1923002100_20.05.2021.csv
3,"Ich bin, anders als meine Vorredner, der FDP sehr dankbar für diesen Antrag.",Domestic Commerce,0,Domestic,Domestic,Domestic,19230_Zusatzpunkt_4_LINKE_Kassner_ID1923002100_20.05.2021.csv
4,"Er bietet uns doch die Möglichkeit, dass wir uns mit einer sehr gebeutelten Branche solidarisch erklären.",Domestic Commerce,0,Domestic,Domestic,Domestic,19230_Zusatzpunkt_4_LINKE_Kassner_ID1923002100_20.05.2021.csv
5,"Und es lohnt sich auch, über die Vorschläge zu diskutieren, die die Kollegen der FDP-Fraktion gemacht haben.",Domestic Commerce,0,Domestic,Domestic,Domestic,19230_Zusatzpunkt_4_LINKE_Kassner_ID1923002100_20.05.2021.csv
6,"Viele davon finden unsere Unterstützung, aber nicht alle, zum Beispiel der Verlustrücktrag.",Domestic Commerce,0,Domestic,Domestic,Domestic,19230_Zusatzpunkt_4_LINKE_Kassner_ID1923002100_20.05.2021.csv
7,"Ich muss Ihnen das erklären: Das bedeutet, dass Steuern, die auf Gewinne aus weit zurückliegenden Jahren gezahlt wurden, den Unternehmen zurückerstattet werden.",Domestic Commerce,0,Domestic,Domestic,Domestic,19230_Zusatzpunkt_4_LINKE_Kassner_ID1923002100_20.05.2021.csv
8,"Das könnte manchem helfen, ist aber sehr ungerecht, weil neu gegründete Unternehmen oder Unternehmen, die gerade investiert haben, von dieser Möglichkeit nicht profitieren werden.",Domestic Commerce,0,Domestic,Domestic,Domestic,19230_Zusatzpunkt_4_LINKE_Kassner_ID1923002100_20.05.2021.csv
9,"Wir erinnern uns an die vielen Soloselbstständigen, die wirklich jeden Tag um ihr Überleben ringen.",Domestic Commerce,0,Domestic,Domestic,Domestic,19230_Zusatzpunkt_4_LINKE_Kassner_ID1923002100_20.05.2021.csv
10,Auch denen ist damit nicht geholfen.,Domestic Commerce,0,Domestic,Domestic,Domestic,19230_Zusatzpunkt_4_LINKE_Kassner_ID1923002100_20.05.2021.csv
11,"Aber meine Kritik sollte sich nicht an eine andere Fraktion richten, sondern ganz klar und deutlich an diese Regierung.",Domestic Commerce,0,Domestic,Domestic,Domestic,19230_Zusatzpunkt_4_LINKE_Kassner_ID1923002100_20.05.2021.csv
12,"Denn was hat diese Regierung getan, um der gebeutelten Branche zu helfen?",Domestic Commerce,0,Domestic,Domestic,Domestic,19230_Zusatzpunkt_4_LINKE_Kassner_ID1923002100_20.05.2021.csv
13,Wir befinden uns in einem großen Chaos; wir haben einen Flickenteppich.,Domestic Commerce,0,Domestic,Domestic,Domestic,19230_Zusatzpunkt_4_LINKE_Kassner_ID1923002100_20.05.2021.csv
14,"Fragen Sie doch mal Ihre Freunde, Nachbarn, Verwandten, wo sie Pfingsten hinfahren könnten.",Domestic Commerce,0,Domestic,Domestic,Domestic,19230_Zusatzpunkt_4_LINKE_Kassner_ID1923002100_20.05.2021.csv
15,Sie wissen das nicht.,Domestic Commerce,0,Domestic,Domestic,Domestic,19230_Zusatzpunkt_4_LINKE_Kassner_ID1923002100_20.05.2021.csv
16,Das bedeutet eine enorme Recherchearbeit.,Domestic Commerce,0,Domestic,Domestic,Domestic,19230_Zusatzpunkt_4_LINKE_Kassner_ID1923002100_20.05.2021.csv
17,Und genau die Koordinierung dieser unterschiedlichen Situationen hätte unsere Bundesregierung leisten müssen.,Domestic Commerce,0,Domestic,Domestic,Domestic,19230_Zusatzpunkt_4_LINKE_Kassner_ID1923002100_20.05.2021.csv
18,Und noch etwas anderes muss sie leisten: die Koordinierung der Überbrückungshilfen.,Domestic Commerce,0,Domestic,Domestic,Domestic,19230_Zusatzpunkt_4_LINKE_Kassner_ID1923002100_20.05.2021.csv
19,Dort gibt es im Moment eine von Unterschieden geprägte Situation.,Domestic Commerce,0,Domestic,Domestic,Domestic,19230_Zusatzpunkt_4_LINKE_Kassner_ID1923002100_20.05.2021.csv
20,Die einzelnen Bundesländer haben 80 bis minimal 64 Prozent der Überbrückungshilfen ausgereicht.,Domestic Commerce,0,Domestic,Domestic,Domestic,19230_Zusatzpunkt_4_LINKE_Kassner_ID1923002100_20.05.2021.csv
21,Da könnte man sagen: 80 Prozent ist ja schon viel.,Domestic Commerce,0,Domestic,Domestic,Domestic,19230_Zusatzpunkt_4_LINKE_Kassner_ID1923002100_20.05.2021.csv
22,"Aber das heißt, dass jedes fünfte bis jedes dritte Unternehmen in diesem Land auf Überbrückungshilfe wartet.",Domestic Commerce,0,Domestic,Domestic,Domestic,19230_Zusatzpunkt_4_LINKE_Kassner_ID1923002100_20.05.2021.csv
23,"Stellen Sie sich mal vor, wie viele schlaflose Nächte das für die Menschen, die davon betroffen sind, bedeutet!",Domestic Commerce,0,Domestic,Domestic,Domestic,19230_Zusatzpunkt_4_LINKE_Kassner_ID1923002100_20.05.2021.csv
24,Das kann nicht angehen.,Domestic Commerce,0,Domestic,Domestic,Domestic,19230_Zusatzpunkt_4_LINKE_Kassner_ID1923002100_20.05.2021.csv
25,"Etwas anderes, das mir großen Kopfschmerz bereitet: Wie geht es mit der Anzeigepflicht von Insolvenzen weiter?",Domestic Commerce,0,Domestic,Domestic,Domestic,19230_Zusatzpunkt_4_LINKE_Kassner_ID1923002100_20.05.2021.csv
26,Der 30.,Domestic Commerce,0,Domestic,Domestic,Domestic,19230_Zusatzpunkt_4_LINKE_Kassner_ID1923002100_20.05.2021.csv
27,"April ist der letzte Tag, bis zu dem die Insolvenzanzeigepflicht ausgesetzt ist.",Domestic Commerce,0,Domestic,Domestic,Domestic,19230_Zusatzpunkt_4_LINKE_Kassner_ID1923002100_20.05.2021.csv
28,Meine Forderung: Diese Regelung muss verlängert werden!,Domestic Commerce,0,Domestic,Domestic,Domestic,19230_Zusatzpunkt_4_LINKE_Kassner_ID1923002100_20.05.2021.csv
29,"Denn anders, als uns gesagt wurde, nämlich dass es keine oder nicht viele Insolvenzen gibt, bestätigt das Statistische Bundesamt, das schon vom Jahr 2019 auf das Jahr 2020 die Zahl der eröffneten Insolvenzen bei Reisebüros deutlich gestiegen ist, nämlich von 34 auf 75, und bei Reiseveranstaltern von 23 auf 40, sich also etwa verdoppelt hat.",Domestic Commerce,0,Domestic,Domestic,Domestic,19230_Zusatzpunkt_4_LINKE_Kassner_ID1923002100_20.05.2021.csv
30,Was wird sich da erst in diesem Jahr zeigen?,Domestic Commerce,0,Domestic,Domestic,Domestic,19230_Zusatzpunkt_4_LINKE_Kassner_ID1923002100_20.05.2021.csv
31,"Man sollte also unbedingt noch mal überlegen, ob man hier den richtigen Weg gegangen ist.",Domestic Commerce,0,Domestic,Domestic,Domestic,19230_Zusatzpunkt_4_LINKE_Kassner_ID1923002100_20.05.2021.csv
32,"Ein Weg aus der Krise – das wissen wir alle – ist Impfen, Impfen, Impfen.",Health,0,Domestic,Domestic,Domestic,19230_Zusatzpunkt_4_LINKE_Kassner_ID1923002100_20.05.2021.csv
33,"Es geht langsam vorwärts, für meine Begriffe viel zu spät.",Health,0,Domestic,Domestic,Domestic,19230_Zusatzpunkt_4_LINKE_Kassner_ID1923002100_20.05.2021.csv
34,"Aber was man nicht macht, ist, dass man schon Vorsorge dafür trifft, dass es den Europäischen Impfpass geben wird, dass in den Arztpraxen Schnittstellen vorgehalten werden, entsprechende Software aufgebaut wird, dass man mit einem Druck auf den Knopf diesen Impfpass bespielt und jedem Menschen das dann per App beispielsweise wieder auf sein Handy spielt.",Health,0,Domestic,Domestic,Domestic,19230_Zusatzpunkt_4_LINKE_Kassner_ID1923002100_20.05.2021.csv
35,Dann hätte man ganz schnell diesen bürokratischen Wahnsinn gestoppt.,Health,0,Domestic,Domestic,Domestic,19230_Zusatzpunkt_4_LINKE_Kassner_ID1923002100_20.05.2021.csv
36,Nun will ich aber nicht nur meckern.,Health,0,Domestic,Domestic,Domestic,19230_Zusatzpunkt_4_LINKE_Kassner_ID1923002100_20.05.2021.csv
37,"Ich will auch mal sagen – ich habe mir nämlich Gedanken gemacht –, was ich, wenn ich jetzt Verantwortung tragen würde, machen würde: Was kann man tun?",Health,0,Domestic,Domestic,Domestic,19230_Zusatzpunkt_4_LINKE_Kassner_ID1923002100_20.05.2021.csv
38,Also: Ich hätte viel mehr Modellvorhaben zugelassen.,Domestic Commerce,0,Domestic,Domestic,Domestic,19230_Zusatzpunkt_4_LINKE_Kassner_ID1923002100_20.05.2021.csv
39,Bei mir auf Hiddensee würde es schon ein Modellvorhaben geben.,Domestic Commerce,0,Domestic,Domestic,Domestic,19230_Zusatzpunkt_4_LINKE_Kassner_ID1923002100_20.05.2021.csv
40,"Ich hoffe darauf, dass Vorpommern-Rügen schon früher einen Modellversuch starten kann, als es für Mecklenburg-Vorpommern geplant ist.",Domestic Commerce,0,Domestic,Domestic,Domestic,19230_Zusatzpunkt_4_LINKE_Kassner_ID1923002100_20.05.2021.csv
41,Man munkelt jetzt: statt 14.,Domestic Commerce,0,Domestic,Domestic,Domestic,19230_Zusatzpunkt_4_LINKE_Kassner_ID1923002100_20.05.2021.csv
42,Juni ab 1.,Domestic Commerce,0,Domestic,Domestic,Domestic,19230_Zusatzpunkt_4_LINKE_Kassner_ID1923002100_20.05.2021.csv
43,"Juni. – Na gut, der Branche hilft jeder Tag.",Domestic Commerce,0,Domestic,Domestic,Domestic,19230_Zusatzpunkt_4_LINKE_Kassner_ID1923002100_20.05.2021.csv
44,"Ich hätte auch mehr in Forschung und Entwicklung investiert, weil es neue Trends gibt – sie müssen wir aufgreifen, ihnen müssen wir uns stärker stellen –, beispielsweise eine andere Mobilität, damit man zukünftig nicht mehr so viel mit dem Flugzeug fliegt, vor allem innerdeutsch und innereuropäisch nicht.",Transportation,0,Domestic,Domestic,Domestic,19230_Zusatzpunkt_4_LINKE_Kassner_ID1923002100_20.05.2021.csv
45,Deswegen sind neue Möglichkeiten des Reisens ganz wichtig.,Transportation,0,Domestic,Domestic,Domestic,19230_Zusatzpunkt_4_LINKE_Kassner_ID1923002100_20.05.2021.csv
46,"So sollten wir beispielsweise mit dem Zug – vielleicht auch noch mehr mit Nachtzügen –
die Verknüpfungen zwischen europäischen Metropolen verstärken.",Transportation,0,Domestic,Domestic,Domestic,19230_Zusatzpunkt_4_LINKE_Kassner_ID1923002100_20.05.2021.csv
47,Das wären Lösungsansätze.,Transportation,0,Domestic,Domestic,Domestic,19230_Zusatzpunkt_4_LINKE_Kassner_ID1923002100_20.05.2021.csv
48,Auch das Rad ist ein toller Mobilitätstreiber.,Transportation,0,Domestic,Domestic,Domestic,19230_Zusatzpunkt_4_LINKE_Kassner_ID1923002100_20.05.2021.csv
49,Die Menschen fahren Fahrrad.,Transportation,0,Domestic,Domestic,Domestic,19230_Zusatzpunkt_4_LINKE_Kassner_ID1923002100_20.05.2021.csv
50,"Wir brauchen eine andere Infrastruktur, um dies gewährleisten zu können.",Transportation,0,Domestic,Domestic,Domestic,19230_Zusatzpunkt_4_LINKE_Kassner_ID1923002100_20.05.2021.csv
51,"Aber ich wünsche mir auch, dass wir an die junge Generation denken, die ganz besonders gebeutelt ist.",Transportation,0,Domestic,Domestic,Domestic,19230_Zusatzpunkt_4_LINKE_Kassner_ID1923002100_20.05.2021.csv
52,"Meine Forderung ist, Bildung und Reisen zu verbinden.",Education,0,Domestic,Domestic,Domestic,19230_Zusatzpunkt_4_LINKE_Kassner_ID1923002100_20.05.2021.csv
53,"Mit Bildung an einem anderen Ort bestünde jetzt doch die Gelegenheit,
dass wir der jungen Generation, die so viel mitgemacht hat, die Möglichkeit einräumen, das Reisen mit dem Lernen zu verbinden.",Education,0,Domestic,Domestic,Domestic,19230_Zusatzpunkt_4_LINKE_Kassner_ID1923002100_20.05.2021.csv
54,Wagen wir da Neues!,Education,0,Domestic,Domestic,Domestic,19230_Zusatzpunkt_4_LINKE_Kassner_ID1923002100_20.05.2021.csv
55,"Ich glaube, es ist ganz wichtig, dass wir hier in eine andere Zukunft gehen.",Education,0,Domestic,Domestic,Domestic,19230_Zusatzpunkt_4_LINKE_Kassner_ID1923002100_20.05.2021.csv
56,"Ich wünsche mir, dass der Tourismus prominenter bei uns im Bundestag verankert ist, auch in der Bundesregierung.",Domestic Commerce,0,Domestic,Domestic,Domestic,19230_Zusatzpunkt_4_LINKE_Kassner_ID1923002100_20.05.2021.csv
57,"Und ich wünsche mir, dass wir uns an die Erarbeitung eines Gesetzes für den Tourismus machen.",Domestic Commerce,0,Domestic,Domestic,Domestic,19230_Zusatzpunkt_4_LINKE_Kassner_ID1923002100_20.05.2021.csv
58,"Wir sind es dieser Branche, die 3 Millionen Beschäftigte hat, einfach schuldig, dass wir hier mehr tun.",Domestic Commerce,0,Domestic,Domestic,Domestic,19230_Zusatzpunkt_4_LINKE_Kassner_ID1923002100_20.05.2021.csv
59,Ich danke Ihnen.,*,0,Domestic,Domestic,Domestic,19230_Zusatzpunkt_4_LINKE_Kassner_ID1923002100_20.05.2021.csv
60,"Markus Tressel, Bündnis 90/Die Grünen, ist der nächste Redner.",*,0,Domestic,Domestic,Domestic,19230_Zusatzpunkt_4_LINKE_Kassner_ID1923002100_20.05.2021.csv
